tempo,front_wing,rear_wing,on_throttle,off_trottle,front_camber,rear_camber,front_toe,rear_toe,front_suspension,rear_suspension,front_anti_roll_bar,rear_anti_roll_bar,front_suspension_height,rear_suspension_height,brake_pressure,brake_bias,engine_braking,rl_tyre_pressure,rr_tyre_pressure,fl_tyre_pressure,fr_tyre_pressure,ballast,fuel_load
74.833,12,12,30,55,-3.4000000953674316,-1.899999976158142,0.04000000283122063,0.15000000596046448,37,19,15,8,25,49,97,58,50,21.5,21.5,24.3,24.3,6,30.0
75.354,12,12,30,55,-3.4000000953674316,-1.899999976158142,0.04000000283122063,0.15000000596046448,37,19,15,8,25,49,97,58,50,21.5,21.5,24.3,24.3,6,30.0
75.857,12,12,30,55,-3.4000000953674316,-1.899999976158142,0.04000000283122063,0.15000000596046448,37,19,15,8,25,49,97,58,50,21.5,21.5,24.3,24.3,6,30.0
76.359,12,12,30,55,-3.4000000953674316,-1.899999976158142,0.04000000283122063,0.15000000596046448,37,19,15,8,25,49,97,58,50,21.5,21.5,24.3,24.3,6,30.0
76.857,12,12,30,55,-3.4000000953674316,-1.899999976158142,0.04000000283122063,0.15000000596046448,37,19,15,8,25,49,97,58,50,21.5,21.5,24.3,24.3,6,30.0
77.335,12,12,30,55,-3.4000000953674316,-1.899999976158142,0.04000000283122063,0.15000000596046448,37,19,15,8,25,49,97,58,50,21.5,21.5,24.3,24.3,6,30.0
77.847,12,12,30,55,-3.4000000953674316,-1.899999976158142,0.04000000283122063,0.15000000596046448,37,19,15,8,25,49,97,58,50,21.5,21.5,24.3,24.3,6,30.0
78.341,12,12,30,55,-3.4000000953674316,-1.899999976158142,0.04000000283122063,0.15000000596046448,37,19,15,8,25,49,97,58,50,21.5,21.5,24.3,24.3,6,30.0
78.856,12,12,30,55,-3.4000000953674316,-1.899999976158142,0.04000000283122063,0.15000000596046448,37,19,15,8,25,49,97,58,50,21.5,21.5,24.3,24.3,6,30.0
79.333,12,12,30,55,-3.4000000953674316,-1.899999976158142,0.04000000283122063,0.15000000596046448,37,19,15,8,25,49,97,58,50,21.5,21.5,24.3,24.3,6,30.0
79.849,12,12,30,55,-3.4000000953674316,-1.899999976158142,0.04000000283122063,0.15000000596046448,37,19,15,8,25,49,97,58,50,21.5,21.5,24.3,24.3,6,30.0
80.341,12,12,30,55,-3.4000000953674316,-1.899999976158142,0.04000000283122063,0.15000000596046448,37,19,15,8,25,49,97,58,50,21.5,21.5,24.3,24.3,6,30.0
80.855,12,12,30,55,-3.4000000953674316,-1.899999976158142,0.04000000283122063,0.15000000596046448,37,19,15,8,25,49,97,58,50,21.5,21.5,24.3,24.3,6,30.0
81.336,12,12,30,55,-3.4000000953674316,-1.899999976158142,0.04000000283122063,0.15000000596046448,37,19,15,8,25,49,97,58,50,21.5,21.5,24.3,24.3,6,30.0
81.848,12,12,30,55,-3.4000000953674316,-1.899999976158142,0.04000000283122063,0.15000000596046448,37,19,15,8,25,49,97,58,50,21.5,21.5,24.3,24.3,6,30.0
82.357,12,12,30,55,-3.4000000953674316,-1.899999976158142,0.04000000283122063,0.15000000596046448,37,19,15,8,25,49,97,58,50,21.5,21.5,24.3,24.3,6,30.0
82.853,12,12,30,55,-3.4000000953674316,-1.899999976158142,0.04000000283122063,0.15000000596046448,37,19,15,8,25,49,97,58,50,21.5,21.5,24.3,24.3,6,30.0
83.354,12,12,30,55,-3.4000000953674316,-1.899999976158142,0.04000000283122063,0.15000000596046448,37,19,15,8,25,49,97,58,50,21.5,21.5,24.3,24.3,6,30.0
83.838,12,12,30,55,-3.4000000953674316,-1.899999976158142,0.04000000283122063,0.15000000596046448,37,19,15,8,25,49,97,58,50,21.5,21.5,24.3,24.3,6,30.0
84.334,12,12,30,55,-3.4000000953674316,-1.899999976158142,0.04000000283122063,0.15000000596046448,37,19,15,8,25,49,97,58,50,21.5,21.5,24.3,24.3,6,30.0
84.855,12,12,30,55,-3.4000000953674316,-1.899999976158142,0.04000000283122063,0.15000000596046448,37,19,15,8,25,49,97,58,50,21.5,21.5,24.3,24.3,6,30.0
85.345,12,12,30,55,-3.4000000953674316,-1.899999976158142,0.04000000283122063,0.15000000596046448,37,19,15,8,25,49,97,58,50,21.5,21.5,24.3,24.3,6,30.0
85.835,12,12,30,55,-3.4000000953674316,-1.899999976158142,0.04000000283122063,0.15000000596046448,37,19,15,8,25,49,97,58,50,21.5,21.5,24.3,24.3,6,30.0
86.349,12,12,30,55,-3.4000000953674316,-1.899999976158142,0.04000000283122063,0.15000000596046448,37,19,15,8,25,49,97,58,50,21.5,21.5,24.3,24.3,6,30.0
86.835,12,12,30,55,-3.4000000953674316,-1.899999976158142,0.04000000283122063,0.15000000596046448,37,19,15,8,25,49,97,58,50,21.5,21.5,24.3,24.3,6,30.0
87.337,12,12,30,55,-3.4000000953674316,-1.899999976158142,0.04000000283122063,0.15000000596046448,37,19,15,8,25,49,97,58,50,21.5,21.5,24.3,24.3,6,30.0
87.851,12,12,30,55,-3.4000000953674316,-1.899999976158142,0.04000000283122063,0.15000000596046448,37,19,15,8,25,49,97,58,50,21.5,21.5,24.3,24.3,6,30.0
88.358,12,12,30,55,-3.4000000953674316,-1.899999976158142,0.04000000283122063,0.15000000596046448,37,19,15,8,25,49,97,58,50,21.5,21.5,24.3,24.3,6,30.0
88.835,12,12,30,55,-3.4000000953674316,-1.899999976158142,0.04000000283122063,0.15000000596046448,37,19,15,8,25,49,97,58,50,21.5,21.5,24.3,24.3,6,30.0
89.355,12,12,30,55,-3.4000000953674316,-1.899999976158142,0.04000000283122063,0.15000000596046448,37,19,15,8,25,49,97,58,50,21.5,21.5,24.3,24.3,6,30.0
89.856,12,12,30,55,-3.4000000953674316,-1.899999976158142,0.04000000283122063,0.15000000596046448,37,19,15,8,25,49,97,58,50,21.5,21.5,24.3,24.3,6,30.0
90.337,12,12,30,55,-3.4000000953674316,-1.899999976158142,0.04000000283122063,0.15000000596046448,37,19,15,8,25,49,97,58,50,21.5,21.5,24.3,24.3,6,30.0
90.855,12,12,30,55,-3.4000000953674316,-1.899999976158142,0.04000000283122063,0.15000000596046448,37,19,15,8,25,49,97,58,50,21.5,21.5,24.3,24.3,6,30.0
91.353,12,12,30,55,-3.4000000953674316,-1.899999976158142,0.04000000283122063,0.15000000596046448,37,19,15,8,25,49,97,58,50,21.5,21.5,24.3,24.3,6,30.0
91.841,12,12,30,55,-3.4000000953674316,-1.899999976158142,0.04000000283122063,0.15000000596046448,37,19,15,8,25,49,97,58,50,21.5,21.5,24.3,24.3,6,30.0
92.343,12,12,30,55,-3.4000000953674316,-1.899999976158142,0.04000000283122063,0.15000000596046448,37,19,15,8,25,49,97,58,50,21.5,21.5,24.3,24.3,6,30.0
92.849,12,12,30,55,-3.4000000953674316,-1.899999976158142,0.04000000283122063,0.15000000596046448,37,19,15,8,25,49,97,58,50,21.5,21.5,24.3,24.3,6,30.0
93.34,12,12,30,55,-3.4000000953674316,-1.899999976158142,0.04000000283122063,0.15000000596046448,37,19,15,8,25,49,97,58,50,21.5,21.5,24.3,24.3,6,30.0
93.854,12,12,30,55,-3.4000000953674316,-1.899999976158142,0.04000000283122063,0.15000000596046448,37,19,15,8,25,49,97,58,50,21.5,21.5,24.3,24.3,6,30.0
94.348,12,12,30,55,-3.4000000953674316,-1.899999976158142,0.04000000283122063,0.15000000596046448,37,19,15,8,25,49,97,58,50,21.5,21.5,24.3,24.3,6,30.0
94.851,12,12,30,55,-3.4000000953674316,-1.899999976158142,0.04000000283122063,0.15000000596046448,37,19,15,8,25,49,97,58,50,21.5,21.5,24.3,24.3,6,30.0
95.345,12,12,30,55,-3.4000000953674316,-1.899999976158142,0.04000000283122063,0.15000000596046448,37,19,15,8,25,49,97,58,50,21.5,21.5,24.3,24.3,6,30.0
95.844,12,12,30,55,-3.4000000953674316,-1.899999976158142,0.04000000283122063,0.15000000596046448,37,19,15,8,25,49,97,58,50,21.5,21.5,24.3,24.3,6,30.0
96.35,12,12,30,55,-3.4000000953674316,-1.899999976158142,0.04000000283122063,0.15000000596046448,37,19,15,8,25,49,97,58,50,21.5,21.5,24.3,24.3,6,30.0
96.847,12,12,30,55,-3.4000000953674316,-1.899999976158142,0.04000000283122063,0.15000000596046448,37,19,15,8,25,49,97,58,50,21.5,21.5,24.3,24.3,6,30.0
97.355,12,12,30,55,-3.4000000953674316,-1.899999976158142,0.04000000283122063,0.15000000596046448,37,19,15,8,25,49,97,58,50,21.5,21.5,24.3,24.3,6,30.0
97.837,12,12,30,55,-3.4000000953674316,-1.899999976158142,0.04000000283122063,0.15000000596046448,37,19,15,8,25,49,97,58,50,21.5,21.5,24.3,24.3,6,30.0
98.35,12,12,30,55,-3.4000000953674316,-1.899999976158142,0.04000000283122063,0.15000000596046448,37,19,15,8,25,49,97,58,50,21.5,21.5,24.3,24.3,6,30.0
98.854,12,12,30,55,-3.4000000953674316,-1.899999976158142,0.04000000283122063,0.15000000596046448,37,19,15,8,25,49,97,58,50,21.5,21.5,24.3,24.3,6,30.0
99.338,12,12,30,55,-3.4000000953674316,-1.899999976158142,0.04000000283122063,0.15000000596046448,37,19,15,8,25,49,97,58,50,21.5,21.5,24.3,24.3,6,30.0
99.836,12,12,30,55,-3.4000000953674316,-1.899999976158142,0.04000000283122063,0.15000000596046448,37,19,15,8,25,49,97,58,50,21.5,21.5,24.3,24.3,6,30.0
100.336,12,12,30,55,-3.4000000953674316,-1.899999976158142,0.04000000283122063,0.15000000596046448,37,19,15,8,25,49,97,58,50,21.5,21.5,24.3,24.3,6,30.0
100.859,12,12,30,55,-3.4000000953674316,-1.899999976158142,0.04000000283122063,0.15000000596046448,37,19,15,8,25,49,97,58,50,21.5,21.5,24.3,24.3,6,30.0
101.334,12,12,30,55,-3.4000000953674316,-1.899999976158142,0.04000000283122063,0.15000000596046448,37,19,15,8,25,49,97,58,50,21.5,21.5,24.3,24.3,6,30.0
101.834,12,12,30,55,-3.4000000953674316,-1.899999976158142,0.04000000283122063,0.15000000596046448,37,19,15,8,25,49,97,58,50,21.5,21.5,24.3,24.3,6,30.0
102.354,12,12,30,55,-3.4000000953674316,-1.899999976158142,0.04000000283122063,0.15000000596046448,37,19,15,8,25,49,97,58,50,21.5,21.5,24.3,24.3,6,30.0
102.856,12,12,30,55,-3.4000000953674316,-1.899999976158142,0.04000000283122063,0.15000000596046448,37,19,15,8,25,49,97,58,50,21.5,21.5,24.3,24.3,6,30.0
103.355,12,12,30,55,-3.4000000953674316,-1.899999976158142,0.04000000283122063,0.15000000596046448,37,19,15,8,25,49,97,58,50,21.5,21.5,24.3,24.3,6,30.0
103.834,12,12,30,55,-3.4000000953674316,-1.899999976158142,0.04000000283122063,0.15000000596046448,37,19,15,8,25,49,97,58,50,21.5,21.5,24.3,24.3,6,30.0
104.342,12,12,30,55,-3.4000000953674316,-1.899999976158142,0.04000000283122063,0.15000000596046448,37,19,15,8,25,49,97,58,50,21.5,21.5,24.3,24.3,6,30.0
104.833,12,12,30,55,-3.4000000953674316,-1.899999976158142,0.04000000283122063,0.15000000596046448,37,19,15,8,25,49,97,58,50,21.5,21.5,24.3,24.3,6,30.0
105.359,12,12,30,55,-3.4000000953674316,-1.899999976158142,0.04000000283122063,0.15000000596046448,37,19,15,8,25,49,97,58,50,21.5,21.5,24.3,24.3,6,30.0
105.836,12,12,30,55,-3.4000000953674316,-1.899999976158142,0.04000000283122063,0.15000000596046448,37,19,15,8,25,49,97,58,50,21.5,21.5,24.3,24.3,6,30.0
106.354,12,12,30,55,-3.4000000953674316,-1.899999976158142,0.04000000283122063,0.15000000596046448,37,19,15,8,25,49,97,58,50,21.5,21.5,24.3,24.3,6,30.0
106.851,12,12,30,55,-3.4000000953674316,-1.899999976158142,0.04000000283122063,0.15000000596046448,37,19,15,8,25,49,97,58,50,21.5,21.5,24.3,24.3,6,30.0
107.344,12,12,30,55,-3.4000000953674316,-1.899999976158142,0.04000000283122063,0.15000000596046448,37,19,15,8,25,49,97,58,50,21.5,21.5,24.3,24.3,6,30.0
107.859,12,12,30,55,-3.4000000953674316,-1.899999976158142,0.04000000283122063,0.15000000596046448,37,19,15,8,25,49,97,58,50,21.5,21.5,24.3,24.3,6,30.0
108.348,12,12,30,55,-3.4000000953674316,-1.899999976158142,0.04000000283122063,0.15000000596046448,37,19,15,8,25,49,97,58,50,21.5,21.5,24.3,24.3,6,30.0
108.835,12,12,30,55,-3.4000000953674316,-1.899999976158142,0.04000000283122063,0.15000000596046448,37,19,15,8,25,49,97,58,50,21.5,21.5,24.3,24.3,6,30.0
109.343,12,12,30,55,-3.4000000953674316,-1.899999976158142,0.04000000283122063,0.15000000596046448,37,19,15,8,25,49,97,58,50,21.5,21.5,24.3,24.3,6,30.0
109.852,12,12,30,55,-3.4000000953674316,-1.899999976158142,0.04000000283122063,0.15000000596046448,37,19,15,8,25,49,97,58,50,21.5,21.5,24.3,24.3,6,30.0
110.344,12,12,30,55,-3.4000000953674316,-1.899999976158142,0.04000000283122063,0.15000000596046448,37,19,15,8,25,49,97,58,50,21.5,21.5,24.3,24.3,6,30.0
110.837,12,12,30,55,-3.4000000953674316,-1.899999976158142,0.04000000283122063,0.15000000596046448,37,19,15,8,25,49,97,58,50,21.5,21.5,24.3,24.3,6,30.0
111.339,12,12,30,55,-3.4000000953674316,-1.899999976158142,0.04000000283122063,0.15000000596046448,37,19,15,8,25,49,97,58,50,21.5,21.5,24.3,24.3,6,30.0
111.842,12,12,30,55,-3.4000000953674316,-1.899999976158142,0.04000000283122063,0.15000000596046448,37,19,15,8,25,49,97,58,50,21.5,21.5,24.3,24.3,6,30.0
112.354,12,12,30,55,-3.4000000953674316,-1.899999976158142,0.04000000283122063,0.15000000596046448,37,19,15,8,25,49,97,58,50,21.5,21.5,24.3,24.3,6,30.0
112.855,12,12,30,55,-3.4000000953674316,-1.899999976158142,0.04000000283122063,0.15000000596046448,37,19,15,8,25,49,97,58,50,21.5,21.5,24.3,24.3,6,30.0
113.345,12,12,30,55,-3.4000000953674316,-1.899999976158142,0.04000000283122063,0.15000000596046448,37,19,15,8,25,49,97,58,50,21.5,21.5,24.3,24.3,6,30.0
113.856,12,12,30,55,-3.4000000953674316,-1.899999976158142,0.04000000283122063,0.15000000596046448,37,19,15,8,25,49,97,58,50,21.5,21.5,24.3,24.3,6,30.0
114.344,12,12,30,55,-3.4000000953674316,-1.899999976158142,0.04000000283122063,0.15000000596046448,37,19,15,8,25,49,97,58,50,21.5,21.5,24.3,24.3,6,30.0
114.856,12,12,30,55,-3.4000000953674316,-1.899999976158142,0.04000000283122063,0.15000000596046448,37,19,15,8,25,49,97,58,50,21.5,21.5,24.3,24.3,6,30.0
115.336,12,12,30,55,-3.4000000953674316,-1.899999976158142,0.04000000283122063,0.15000000596046448,37,19,15,8,25,49,97,58,50,21.5,21.5,24.3,24.3,6,30.0
115.848,12,12,30,55,-3.4000000953674316,-1.899999976158142,0.04000000283122063,0.15000000596046448,37,19,15,8,25,49,97,58,50,21.5,21.5,24.3,24.3,6,30.0
116.346,12,12,30,55,-3.4000000953674316,-1.899999976158142,0.04000000283122063,0.15000000596046448,37,19,15,8,25,49,97,58,50,21.5,21.5,24.3,24.3,6,30.0
116.855,12,12,30,55,-3.4000000953674316,-1.899999976158142,0.04000000283122063,0.15000000596046448,37,19,15,8,25,49,97,58,50,21.5,21.5,24.3,24.3,6,30.0
117.334,12,12,30,55,-3.4000000953674316,-1.899999976158142,0.04000000283122063,0.15000000596046448,37,19,15,8,25,49,97,58,50,21.5,21.5,24.3,24.3,6,30.0
117.84,12,12,30,55,-3.4000000953674316,-1.899999976158142,0.04000000283122063,0.15000000596046448,37,19,15,8,25,49,97,58,50,21.5,21.5,24.3,24.3,6,30.0
118.346,12,12,30,55,-3.4000000953674316,-1.899999976158142,0.04000000283122063,0.15000000596046448,37,19,15,8,25,49,97,58,50,21.5,21.5,24.3,24.3,6,30.0
118.855,12,12,30,55,-3.4000000953674316,-1.899999976158142,0.04000000283122063,0.15000000596046448,37,19,15,8,25,49,97,58,50,21.5,21.5,24.3,24.3,6,30.0
119.336,12,12,30,55,-3.4000000953674316,-1.899999976158142,0.04000000283122063,0.15000000596046448,37,19,15,8,25,49,97,58,50,21.5,21.5,24.3,24.3,6,30.0
119.842,12,12,30,55,-3.4000000953674316,-1.899999976158142,0.04000000283122063,0.15000000596046448,37,19,15,8,25,49,97,58,50,21.5,21.5,24.3,24.3,6,30.0
120.348,12,12,30,55,-3.4000000953674316,-1.899999976158142,0.04000000283122063,0.15000000596046448,37,19,15,8,25,49,97,58,50,21.5,21.5,24.3,24.3,6,30.0
120.844,12,12,30,55,-3.4000000953674316,-1.899999976158142,0.04000000283122063,0.15000000596046448,37,19,15,8,25,49,97,58,50,21.5,21.5,24.3,24.3,6,30.0
121.344,12,12,30,55,-3.4000000953674316,-1.899999976158142,0.04000000283122063,0.15000000596046448,37,19,15,8,25,49,97,58,50,21.5,21.5,24.3,24.3,6,30.0
121.838,12,12,30,55,-3.4000000953674316,-1.899999976158142,0.04000000283122063,0.15000000596046448,37,19,15,8,25,49,97,58,50,21.5,21.5,24.3,24.3,6,30.0
122.347,12,12,30,55,-3.4000000953674316,-1.899999976158142,0.04000000283122063,0.15000000596046448,37,19,15,8,25,49,97,58,50,21.5,21.5,24.3,24.3,6,30.0
122.844,12,12,30,55,-3.4000000953674316,-1.899999976158142,0.04000000283122063,0.15000000596046448,37,19,15,8,25,49,97,58,50,21.5,21.5,24.3,24.3,6,30.0
123.346,12,12,30,55,-3.4000000953674316,-1.899999976158142,0.04000000283122063,0.15000000596046448,37,19,15,8,25,49,97,58,50,21.5,21.5,24.3,24.3,6,30.0
123.839,12,12,30,55,-3.4000000953674316,-1.899999976158142,0.04000000283122063,0.15000000596046448,37,19,15,8,25,49,97,58,50,21.5,21.5,24.3,24.3,6,30.0
124.341,12,12,30,55,-3.4000000953674316,-1.899999976158142,0.04000000283122063,0.15000000596046448,37,19,15,8,25,49,97,58,50,21.5,21.5,24.3,24.3,6,30.0
124.854,12,12,30,55,-3.4000000953674316,-1.899999976158142,0.04000000283122063,0.15000000596046448,37,19,15,8,25,49,97,58,50,21.5,21.5,24.3,24.3,6,30.0
125.339,12,12,30,55,-3.4000000953674316,-1.899999976158142,0.04000000283122063,0.15000000596046448,37,19,15,8,25,49,97,58,50,21.5,21.5,24.3,24.3,6,30.0
125.849,12,12,30,55,-3.4000000953674316,-1.899999976158142,0.04000000283122063,0.15000000596046448,37,19,15,8,25,49,97,58,50,21.5,21.5,24.3,24.3,6,30.0
126.353,12,12,30,55,-3.4000000953674316,-1.899999976158142,0.04000000283122063,0.15000000596046448,37,19,15,8,25,49,97,58,50,21.5,21.5,24.3,24.3,6,30.0
126.847,12,12,30,55,-3.4000000953674316,-1.899999976158142,0.04000000283122063,0.15000000596046448,37,19,15,8,25,49,97,58,50,21.5,21.5,24.3,24.3,6,30.0
127.333,12,12,30,55,-3.4000000953674316,-1.899999976158142,0.04000000283122063,0.15000000596046448,37,19,15,8,25,49,97,58,50,21.5,21.5,24.3,24.3,6,30.0
127.837,12,12,30,55,-3.4000000953674316,-1.899999976158142,0.04000000283122063,0.15000000596046448,37,19,15,8,25,49,97,58,50,21.5,21.5,24.3,24.3,6,30.0
128.339,12,12,30,55,-3.4000000953674316,-1.899999976158142,0.04000000283122063,0.15000000596046448,37,19,15,8,25,49,97,58,50,21.5,21.5,24.3,24.3,6,30.0
128.836,12,12,30,55,-3.4000000953674316,-1.899999976158142,0.04000000283122063,0.15000000596046448,37,19,15,8,25,49,97,58,50,21.5,21.5,24.3,24.3,6,30.0
129.348,12,12,30,55,-3.4000000953674316,-1.899999976158142,0.04000000283122063,0.15000000596046448,37,19,15,8,25,49,97,58,50,21.5,21.5,24.3,24.3,6,30.0
129.844,12,12,30,55,-3.4000000953674316,-1.899999976158142,0.04000000283122063,0.15000000596046448,37,19,15,8,25,49,97,58,50,21.5,21.5,24.3,24.3,6,30.0
130.343,12,12,30,55,-3.4000000953674316,-1.899999976158142,0.04000000283122063,0.15000000596046448,37,19,15,8,25,49,97,58,50,21.5,21.5,24.3,24.3,6,30.0
130.835,12,12,30,55,-3.4000000953674316,-1.899999976158142,0.04000000283122063,0.15000000596046448,37,19,15,8,25,49,97,58,50,21.5,21.5,24.3,24.3,6,30.0
131.336,12,12,30,55,-3.4000000953674316,-1.899999976158142,0.04000000283122063,0.15000000596046448,37,19,15,8,25,49,97,58,50,21.5,21.5,24.3,24.3,6,30.0
131.841,12,12,30,55,-3.4000000953674316,-1.899999976158142,0.04000000283122063,0.15000000596046448,37,19,15,8,25,49,97,58,50,21.5,21.5,24.3,24.3,6,30.0
132.338,12,12,30,55,-3.4000000953674316,-1.899999976158142,0.04000000283122063,0.15000000596046448,37,19,15,8,25,49,97,58,50,21.5,21.5,24.3,24.3,6,30.0
132.843,12,12,30,55,-3.4000000953674316,-1.899999976158142,0.04000000283122063,0.15000000596046448,37,19,15,8,25,49,97,58,50,21.5,21.5,24.3,24.3,6,30.0
133.35,12,12,30,55,-3.4000000953674316,-1.899999976158142,0.04000000283122063,0.15000000596046448,37,19,15,8,25,49,97,58,50,21.5,21.5,24.3,24.3,6,30.0
133.84,12,12,30,55,-3.4000000953674316,-1.899999976158142,0.04000000283122063,0.15000000596046448,37,19,15,8,25,49,97,58,50,21.5,21.5,24.3,24.3,6,30.0
134.349,12,12,30,55,-3.4000000953674316,-1.899999976158142,0.04000000283122063,0.15000000596046448,37,19,15,8,25,49,97,58,50,21.5,21.5,24.3,24.3,6,30.0
134.854,12,12,30,55,-3.4000000953674316,-1.899999976158142,0.04000000283122063,0.15000000596046448,37,19,15,8,25,49,97,58,50,21.5,21.5,24.3,24.3,6,30.0
135.339,12,12,30,55,-3.4000000953674316,-1.899999976158142,0.04000000283122063,0.15000000596046448,37,19,15,8,25,49,97,58,50,21.5,21.5,24.3,24.3,6,30.0
135.843,12,12,30,55,-3.4000000953674316,-1.899999976158142,0.04000000283122063,0.15000000596046448,37,19,15,8,25,49,97,58,50,21.5,21.5,24.3,24.3,6,30.0
136.334,12,12,30,55,-3.4000000953674316,-1.899999976158142,0.04000000283122063,0.15000000596046448,37,19,15,8,25,49,97,58,50,21.5,21.5,24.3,24.3,6,30.0
136.835,12,12,30,55,-3.4000000953674316,-1.899999976158142,0.04000000283122063,0.15000000596046448,37,19,15,8,25,49,97,58,50,21.5,21.5,24.3,24.3,6,30.0
137.334,12,12,30,55,-3.4000000953674316,-1.899999976158142,0.04000000283122063,0.15000000596046448,37,19,15,8,25,49,97,58,50,21.5,21.5,24.3,24.3,6,30.0
137.845,12,12,30,55,-3.4000000953674316,-1.899999976158142,0.04000000283122063,0.15000000596046448,37,19,15,8,25,49,97,58,50,21.5,21.5,24.3,24.3,6,30.0
138.352,12,12,30,55,-3.4000000953674316,-1.899999976158142,0.04000000283122063,0.15000000596046448,37,19,15,8,25,49,97,58,50,21.5,21.5,24.3,24.3,6,30.0
138.842,12,12,30,55,-3.4000000953674316,-1.899999976158142,0.04000000283122063,0.15000000596046448,37,19,15,8,25,49,97,58,50,21.5,21.5,24.3,24.3,6,30.0
139.351,12,12,30,55,-3.4000000953674316,-1.899999976158142,0.04000000283122063,0.15000000596046448,37,19,15,8,25,49,97,58,50,21.5,21.5,24.3,24.3,6,30.0
139.853,12,12,30,55,-3.4000000953674316,-1.899999976158142,0.04000000283122063,0.15000000596046448,37,19,15,8,25,49,97,58,50,21.5,21.5,24.3,24.3,6,30.0
140.353,12,12,30,55,-3.4000000953674316,-1.899999976158142,0.04000000283122063,0.15000000596046448,37,19,15,8,25,49,97,58,50,21.5,21.5,24.3,24.3,6,30.0
140.838,12,12,30,55,-3.4000000953674316,-1.899999976158142,0.04000000283122063,0.15000000596046448,37,19,15,8,25,49,97,58,50,21.5,21.5,24.3,24.3,6,30.0
141.343,12,12,30,55,-3.4000000953674316,-1.899999976158142,0.04000000283122063,0.15000000596046448,37,19,15,8,25,49,97,58,50,21.5,21.5,24.3,24.3,6,30.0
141.853,12,12,30,55,-3.4000000953674316,-1.899999976158142,0.04000000283122063,0.15000000596046448,37,19,15,8,25,49,97,58,50,21.5,21.5,24.3,24.3,6,30.0
142.334,12,12,30,55,-3.4000000953674316,-1.899999976158142,0.04000000283122063,0.15000000596046448,37,19,15,8,25,49,97,58,50,21.5,21.5,24.3,24.3,6,30.0
142.852,12,12,30,55,-3.4000000953674316,-1.899999976158142,0.04000000283122063,0.15000000596046448,37,19,15,8,25,49,97,58,50,21.5,21.5,24.3,24.3,6,30.0
143.354,12,12,30,55,-3.4000000953674316,-1.899999976158142,0.04000000283122063,0.15000000596046448,37,19,15,8,25,49,97,58,50,21.5,21.5,24.3,24.3,6,30.0
143.855,12,12,30,55,-3.4000000953674316,-1.899999976158142,0.04000000283122063,0.15000000596046448,37,19,15,8,25,49,97,58,50,21.5,21.5,24.3,24.3,6,30.0
144.341,12,12,30,55,-3.4000000953674316,-1.899999976158142,0.04000000283122063,0.15000000596046448,37,19,15,8,25,49,97,58,50,21.5,21.5,24.3,24.3,6,30.0
144.838,12,12,30,55,-3.4000000953674316,-1.899999976158142,0.04000000283122063,0.15000000596046448,37,19,15,8,25,49,97,58,50,21.5,21.5,24.3,24.3,6,30.0
145.335,12,12,30,55,-3.4000000953674316,-1.899999976158142,0.04000000283122063,0.15000000596046448,37,19,15,8,25,49,97,58,50,21.5,21.5,24.3,24.3,6,30.0
145.833,12,12,30,55,-3.4000000953674316,-1.899999976158142,0.04000000283122063,0.15000000596046448,37,19,15,8,25,49,97,58,50,21.5,21.5,24.3,24.3,6,30.0
146.35,12,12,30,55,-3.4000000953674316,-1.899999976158142,0.04000000283122063,0.15000000596046448,37,19,15,8,25,49,97,58,50,21.5,21.5,24.3,24.3,6,30.0
146.833,12,12,30,55,-3.4000000953674316,-1.899999976158142,0.04000000283122063,0.15000000596046448,37,19,15,8,25,49,97,58,50,21.5,21.5,24.3,24.3,6,30.0
147.349,12,12,30,55,-3.4000000953674316,-1.899999976158142,0.04000000283122063,0.15000000596046448,37,19,15,8,25,49,97,58,50,21.5,21.5,24.3,24.3,6,30.0
147.843,12,12,30,55,-3.4000000953674316,-1.899999976158142,0.04000000283122063,0.15000000596046448,37,19,15,8,25,49,97,58,50,21.5,21.5,24.3,24.3,6,30.0
148.341,12,12,30,55,-3.4000000953674316,-1.899999976158142,0.04000000283122063,0.15000000596046448,37,19,15,8,25,49,97,58,50,21.5,21.5,24.3,24.3,6,30.0
148.837,12,12,30,55,-3.4000000953674316,-1.899999976158142,0.04000000283122063,0.15000000596046448,37,19,15,8,25,49,97,58,50,21.5,21.5,24.3,24.3,6,30.0
149.335,12,12,30,55,-3.4000000953674316,-1.899999976158142,0.04000000283122063,0.15000000596046448,37,19,15,8,25,49,97,58,50,21.5,21.5,24.3,24.3,6,30.0
149.845,12,12,30,55,-3.4000000953674316,-1.899999976158142,0.04000000283122063,0.15000000596046448,37,19,15,8,25,49,97,58,50,21.5,21.5,24.3,24.3,6,30.0
150.356,12,12,30,55,-3.4000000953674316,-1.899999976158142,0.04000000283122063,0.15000000596046448,37,19,15,8,25,49,97,58,50,21.5,21.5,24.3,24.3,6,30.0
150.855,12,12,30,55,-3.4000000953674316,-1.899999976158142,0.04000000283122063,0.15000000596046448,37,19,15,8,25,49,97,58,50,21.5,21.5,24.3,24.3,6,30.0
151.348,12,12,30,55,-3.4000000953674316,-1.899999976158142,0.04000000283122063,0.15000000596046448,37,19,15,8,25,49,97,58,50,21.5,21.5,24.3,24.3,6,30.0
151.838,12,12,30,55,-3.4000000953674316,-1.899999976158142,0.04000000283122063,0.15000000596046448,37,19,15,8,25,49,97,58,50,21.5,21.5,24.3,24.3,6,30.0
152.34,12,12,30,55,-3.4000000953674316,-1.899999976158142,0.04000000283122063,0.15000000596046448,37,19,15,8,25,49,97,58,50,21.5,21.5,24.3,24.3,6,30.0
152.848,12,12,30,55,-3.4000000953674316,-1.899999976158142,0.04000000283122063,0.15000000596046448,37,19,15,8,25,49,97,58,50,21.5,21.5,24.3,24.3,6,30.0
153.337,12,12,30,55,-3.4000000953674316,-1.899999976158142,0.04000000283122063,0.15000000596046448,37,19,15,8,25,49,97,58,50,21.5,21.5,24.3,24.3,6,30.0
153.854,12,12,30,55,-3.4000000953674316,-1.899999976158142,0.04000000283122063,0.15000000596046448,37,19,15,8,25,49,97,58,50,21.5,21.5,24.3,24.3,6,30.0
154.342,12,12,30,55,-3.4000000953674316,-1.899999976158142,0.04000000283122063,0.15000000596046448,37,19,15,8,25,49,97,58,50,21.5,21.5,24.3,24.3,6,30.0
154.85,12,12,30,55,-3.4000000953674316,-1.899999976158142,0.04000000283122063,0.15000000596046448,37,19,15,8,25,49,97,58,50,21.5,21.5,24.3,24.3,6,30.0
155.335,12,12,30,55,-3.4000000953674316,-1.899999976158142,0.04000000283122063,0.15000000596046448,37,19,15,8,25,49,97,58,50,21.5,21.5,24.3,24.3,6,30.0
155.834,12,12,30,55,-3.4000000953674316,-1.899999976158142,0.04000000283122063,0.15000000596046448,37,19,15,8,25,49,97,58,50,21.5,21.5,24.3,24.3,6,30.0
156.338,12,12,30,55,-3.4000000953674316,-1.899999976158142,0.04000000283122063,0.15000000596046448,37,19,15,8,25,49,97,58,50,21.5,21.5,24.3,24.3,6,30.0
156.839,12,12,30,55,-3.4000000953674316,-1.899999976158142,0.04000000283122063,0.15000000596046448,37,19,15,8,25,49,97,58,50,21.5,21.5,24.3,24.3,6,30.0
157.344,12,12,30,55,-3.4000000953674316,-1.899999976158142,0.04000000283122063,0.15000000596046448,37,19,15,8,25,49,97,58,50,21.5,21.5,24.3,24.3,6,30.0
157.841,12,12,30,55,-3.4000000953674316,-1.899999976158142,0.04000000283122063,0.15000000596046448,37,19,15,8,25,49,97,58,50,21.5,21.5,24.3,24.3,6,30.0
158.351,12,12,30,55,-3.4000000953674316,-1.899999976158142,0.04000000283122063,0.15000000596046448,37,19,15,8,25,49,97,58,50,21.5,21.5,24.3,24.3,6,30.0
158.853,12,12,30,55,-3.4000000953674316,-1.899999976158142,0.04000000283122063,0.15000000596046448,37,19,15,8,25,49,97,58,50,21.5,21.5,24.3,24.3,6,30.0
159.339,12,12,30,55,-3.4000000953674316,-1.899999976158142,0.04000000283122063,0.15000000596046448,37,19,15,8,25,49,97,58,50,21.5,21.5,24.3,24.3,6,30.0
159.845,12,12,30,55,-3.4000000953674316,-1.899999976158142,0.04000000283122063,0.15000000596046448,37,19,15,8,25,49,97,58,50,21.5,21.5,24.3,24.3,6,30.0
160.351,12,12,30,55,-3.4000000953674316,-1.899999976158142,0.04000000283122063,0.15000000596046448,37,19,15,8,25,49,97,58,50,21.5,21.5,24.3,24.3,6,30.0
160.843,12,12,30,55,-3.4000000953674316,-1.899999976158142,0.04000000283122063,0.15000000596046448,37,19,15,8,25,49,97,58,50,21.5,21.5,24.3,24.3,6,30.0
161.349,12,12,30,55,-3.4000000953674316,-1.899999976158142,0.04000000283122063,0.15000000596046448,37,19,15,8,25,49,97,58,50,21.5,21.5,24.3,24.3,6,30.0
161.85,12,12,30,55,-3.4000000953674316,-1.899999976158142,0.04000000283122063,0.15000000596046448,37,19,15,8,25,49,97,58,50,21.5,21.5,24.3,24.3,6,30.0
162.333,12,12,30,55,-3.4000000953674316,-1.899999976158142,0.04000000283122063,0.15000000596046448,37,19,15,8,25,49,97,58,50,21.5,21.5,24.3,24.3,6,30.0
162.836,12,12,30,55,-3.4000000953674316,-1.899999976158142,0.04000000283122063,0.15000000596046448,37,19,15,8,25,49,97,58,50,21.5,21.5,24.3,24.3,6,30.0
163.343,12,12,30,55,-3.4000000953674316,-1.899999976158142,0.04000000283122063,0.15000000596046448,37,19,15,8,25,49,97,58,50,21.5,21.5,24.3,24.3,6,30.0
163.839,12,12,30,55,-3.4000000953674316,-1.899999976158142,0.04000000283122063,0.15000000596046448,37,19,15,8,25,49,97,58,50,21.5,21.5,24.3,24.3,6,30.0
164.342,12,12,30,55,-3.4000000953674316,-1.899999976158142,0.04000000283122063,0.15000000596046448,37,19,15,8,25,49,97,58,50,21.5,21.5,24.3,24.3,6,30.0
164.844,12,12,30,55,-3.4000000953674316,-1.899999976158142,0.04000000283122063,0.15000000596046448,37,19,15,8,25,49,97,58,50,21.5,21.5,24.3,24.3,6,30.0
165.346,12,12,30,55,-3.4000000953674316,-1.899999976158142,0.04000000283122063,0.15000000596046448,37,19,15,8,25,49,97,58,50,21.5,21.5,24.3,24.3,6,30.0
165.855,12,12,30,55,-3.4000000953674316,-1.899999976158142,0.04000000283122063,0.15000000596046448,37,19,15,8,25,49,97,58,50,21.5,21.5,24.3,24.3,6,30.0
166.353,12,12,30,55,-3.4000000953674316,-1.899999976158142,0.04000000283122063,0.15000000596046448,37,19,15,8,25,49,97,58,50,21.5,21.5,24.3,24.3,6,30.0
166.855,12,12,30,55,-3.4000000953674316,-1.899999976158142,0.04000000283122063,0.15000000596046448,37,19,15,8,25,49,97,58,50,21.5,21.5,24.3,24.3,6,30.0
167.349,12,12,30,55,-3.4000000953674316,-1.899999976158142,0.04000000283122063,0.15000000596046448,37,19,15,8,25,49,97,58,50,21.5,21.5,24.3,24.3,6,30.0
167.836,12,12,30,55,-3.4000000953674316,-1.899999976158142,0.04000000283122063,0.15000000596046448,37,19,15,8,25,49,97,58,50,21.5,21.5,24.3,24.3,6,30.0
168.345,12,12,30,55,-3.4000000953674316,-1.899999976158142,0.04000000283122063,0.15000000596046448,37,19,15,8,25,49,97,58,50,21.5,21.5,24.3,24.3,6,30.0
168.85,12,12,30,55,-3.4000000953674316,-1.899999976158142,0.04000000283122063,0.15000000596046448,37,19,15,8,25,49,97,58,50,21.5,21.5,24.3,24.3,6,30.0
169.338,12,12,30,55,-3.4000000953674316,-1.899999976158142,0.04000000283122063,0.15000000596046448,37,19,15,8,25,49,97,58,50,21.5,21.5,24.3,24.3,6,30.0
169.845,12,12,30,55,-3.4000000953674316,-1.899999976158142,0.04000000283122063,0.15000000596046448,37,19,15,8,25,49,97,58,50,21.5,21.5,24.3,24.3,6,30.0
170.356,12,12,30,55,-3.4000000953674316,-1.899999976158142,0.04000000283122063,0.15000000596046448,37,19,15,8,25,49,97,58,50,21.5,21.5,24.3,24.3,6,30.0
170.851,12,12,30,55,-3.4000000953674316,-1.899999976158142,0.04000000283122063,0.15000000596046448,37,19,15,8,25,49,97,58,50,21.5,21.5,24.3,24.3,6,30.0
171.344,12,12,30,55,-3.4000000953674316,-1.899999976158142,0.04000000283122063,0.15000000596046448,37,19,15,8,25,49,97,58,50,21.5,21.5,24.3,24.3,6,30.0
171.835,12,12,30,55,-3.4000000953674316,-1.899999976158142,0.04000000283122063,0.15000000596046448,37,19,15,8,25,49,97,58,50,21.5,21.5,24.3,24.3,6,30.0
172.357,12,12,30,55,-3.4000000953674316,-1.899999976158142,0.04000000283122063,0.15000000596046448,37,19,15,8,25,49,97,58,50,21.5,21.5,24.3,24.3,6,30.0
172.853,12,12,30,55,-3.4000000953674316,-1.899999976158142,0.04000000283122063,0.15000000596046448,37,19,15,8,25,49,97,58,50,21.5,21.5,24.3,24.3,6,30.0
173.335,12,12,30,55,-3.4000000953674316,-1.899999976158142,0.04000000283122063,0.15000000596046448,37,19,15,8,25,49,97,58,50,21.5,21.5,24.3,24.3,6,30.0
173.846,12,12,30,55,-3.4000000953674316,-1.899999976158142,0.04000000283122063,0.15000000596046448,37,19,15,8,25,49,97,58,50,21.5,21.5,24.3,24.3,6,30.0
174.355,12,12,30,55,-3.4000000953674316,-1.899999976158142,0.04000000283122063,0.15000000596046448,37,19,15,8,25,49,97,58,50,21.5,21.5,24.3,24.3,6,30.0
174.852,12,12,30,55,-3.4000000953674316,-1.899999976158142,0.04000000283122063,0.15000000596046448,37,19,15,8,25,49,97,58,50,21.5,21.5,24.3,24.3,6,30.0
175.359,12,12,30,55,-3.4000000953674316,-1.899999976158142,0.04000000283122063,0.15000000596046448,37,19,15,8,25,49,97,58,50,21.5,21.5,24.3,24.3,6,30.0
175.854,12,12,30,55,-3.4000000953674316,-1.899999976158142,0.04000000283122063,0.15000000596046448,37,19,15,8,25,49,97,58,50,21.5,21.5,24.3,24.3,6,30.0
176.34,12,12,30,55,-3.4000000953674316,-1.899999976158142,0.04000000283122063,0.15000000596046448,37,19,15,8,25,49,97,58,50,21.5,21.5,24.3,24.3,6,30.0
176.843,12,12,30,55,-3.4000000953674316,-1.899999976158142,0.04000000283122063,0.15000000596046448,37,19,15,8,25,49,97,58,50,21.5,21.5,24.3,24.3,6,30.0
177.349,12,12,30,55,-3.4000000953674316,-1.899999976158142,0.04000000283122063,0.15000000596046448,37,19,15,8,25,49,97,58,50,21.5,21.5,24.3,24.3,6,30.0
177.847,12,12,30,55,-3.4000000953674316,-1.899999976158142,0.04000000283122063,0.15000000596046448,37,19,15,8,25,49,97,58,50,21.5,21.5,24.3,24.3,6,30.0
178.356,12,12,30,55,-3.4000000953674316,-1.899999976158142,0.04000000283122063,0.15000000596046448,37,19,15,8,25,49,97,58,50,21.5,21.5,24.3,24.3,6,30.0
178.852,12,12,30,55,-3.4000000953674316,-1.899999976158142,0.04000000283122063,0.15000000596046448,37,19,15,8,25,49,97,58,50,21.5,21.5,24.3,24.3,6,30.0
179.333,12,12,30,55,-3.4000000953674316,-1.899999976158142,0.04000000283122063,0.15000000596046448,37,19,15,8,25,49,97,58,50,21.5,21.5,24.3,24.3,6,30.0
179.834,12,12,30,55,-3.4000000953674316,-1.899999976158142,0.04000000283122063,0.15000000596046448,37,19,15,8,25,49,97,58,50,21.5,21.5,24.3,24.3,6,30.0
180.354,12,12,30,55,-3.4000000953674316,-1.899999976158142,0.04000000283122063,0.15000000596046448,37,19,15,8,25,49,97,58,50,21.5,21.5,24.3,24.3,6,30.0
180.858,12,12,30,55,-3.4000000953674316,-1.899999976158142,0.04000000283122063,0.15000000596046448,37,19,15,8,25,49,97,58,50,21.5,21.5,24.3,24.3,6,30.0
181.348,12,12,30,55,-3.4000000953674316,-1.899999976158142,0.04000000283122063,0.15000000596046448,37,19,15,8,25,49,97,58,50,21.5,21.5,24.3,24.3,6,30.0
181.836,12,12,30,55,-3.4000000953674316,-1.899999976158142,0.04000000283122063,0.15000000596046448,37,19,15,8,25,49,97,58,50,21.5,21.5,24.3,24.3,6,30.0
182.338,12,12,30,55,-3.4000000953674316,-1.899999976158142,0.04000000283122063,0.15000000596046448,37,19,15,8,25,49,97,58,50,21.5,21.5,24.3,24.3,6,30.0
182.852,12,12,30,55,-3.4000000953674316,-1.899999976158142,0.04000000283122063,0.15000000596046448,37,19,15,8,25,49,97,58,50,21.5,21.5,24.3,24.3,6,30.0
183.346,12,12,30,55,-3.4000000953674316,-1.899999976158142,0.04000000283122063,0.15000000596046448,37,19,15,8,25,49,97,58,50,21.5,21.5,24.3,24.3,6,30.0
183.835,12,12,30,55,-3.4000000953674316,-1.899999976158142,0.04000000283122063,0.15000000596046448,37,19,15,8,25,49,97,58,50,21.5,21.5,24.3,24.3,6,30.0
184.342,12,12,30,55,-3.4000000953674316,-1.899999976158142,0.04000000283122063,0.15000000596046448,37,19,15,8,25,49,97,58,50,21.5,21.5,24.3,24.3,6,30.0
184.834,12,12,30,55,-3.4000000953674316,-1.899999976158142,0.04000000283122063,0.15000000596046448,37,19,15,8,25,49,97,58,50,21.5,21.5,24.3,24.3,6,30.0
185.34,12,12,30,55,-3.4000000953674316,-1.899999976158142,0.04000000283122063,0.15000000596046448,37,19,15,8,25,49,97,58,50,21.5,21.5,24.3,24.3,6,30.0
185.858,12,12,30,55,-3.4000000953674316,-1.899999976158142,0.04000000283122063,0.15000000596046448,37,19,15,8,25,49,97,58,50,21.5,21.5,24.3,24.3,6,30.0
186.357,12,12,30,55,-3.4000000953674316,-1.899999976158142,0.04000000283122063,0.15000000596046448,37,19,15,8,25,49,97,58,50,21.5,21.5,24.3,24.3,6,30.0
186.852,12,12,30,55,-3.4000000953674316,-1.899999976158142,0.04000000283122063,0.15000000596046448,37,19,15,8,25,49,97,58,50,21.5,21.5,24.3,24.3,6,30.0
187.357,12,12,30,55,-3.4000000953674316,-1.899999976158142,0.04000000283122063,0.15000000596046448,37,19,15,8,25,49,97,58,50,21.5,21.5,24.3,24.3,6,30.0
187.846,12,12,30,55,-3.4000000953674316,-1.899999976158142,0.04000000283122063,0.15000000596046448,37,19,15,8,25,49,97,58,50,21.5,21.5,24.3,24.3,6,30.0
188.333,12,12,30,55,-3.4000000953674316,-1.899999976158142,0.04000000283122063,0.15000000596046448,37,19,15,8,25,49,97,58,50,21.5,21.5,24.3,24.3,6,30.0
188.846,12,12,30,55,-3.4000000953674316,-1.899999976158142,0.04000000283122063,0.15000000596046448,37,19,15,8,25,49,97,58,50,21.5,21.5,24.3,24.3,6,30.0
189.333,12,12,30,55,-3.4000000953674316,-1.899999976158142,0.04000000283122063,0.15000000596046448,37,19,15,8,25,49,97,58,50,21.5,21.5,24.3,24.3,6,30.0
189.843,10,12,90,55,-3.5,-2.0,0.020000001415610313,0.12000000476837158,37,10,15,10,25,46,100,58,50,21.5,21.5,24.3,24.3,6,10.0
190.358,10,12,90,55,-3.5,-2.0,0.020000001415610313,0.12000000476837158,37,10,15,10,25,46,100,58,50,21.5,21.5,24.3,24.3,6,10.0
190.838,10,12,90,55,-3.5,-2.0,0.020000001415610313,0.12000000476837158,37,10,15,10,25,46,100,58,50,21.5,21.5,24.3,24.3,6,10.0
191.355,10,12,90,55,-3.5,-2.0,0.020000001415610313,0.12000000476837158,37,10,15,10,25,46,100,58,50,21.5,21.5,24.3,24.3,6,10.0
191.835,10,12,90,55,-3.5,-2.0,0.020000001415610313,0.12000000476837158,37,10,15,10,25,46,100,58,50,21.5,21.5,24.3,24.3,6,10.0
192.353,10,12,90,55,-3.5,-2.0,0.020000001415610313,0.12000000476837158,37,10,15,10,25,46,100,58,50,21.5,21.5,24.3,24.3,6,10.0
192.834,10,12,90,55,-3.5,-2.0,0.020000001415610313,0.12000000476837158,37,10,15,10,25,46,100,58,50,21.5,21.5,24.3,24.3,6,10.0
193.352,10,12,90,55,-3.5,-2.0,0.020000001415610313,0.12000000476837158,37,10,15,10,25,46,100,58,50,21.5,21.5,24.3,24.3,6,10.0
193.857,10,12,90,55,-3.5,-2.0,0.020000001415610313,0.12000000476837158,37,10,15,10,25,46,100,58,50,21.5,21.5,24.3,24.3,6,10.0
194.344,10,12,90,55,-3.5,-2.0,0.020000001415610313,0.12000000476837158,37,10,15,10,25,46,100,58,50,21.5,21.5,24.3,24.3,6,10.0
194.856,10,12,90,55,-3.5,-2.0,0.020000001415610313,0.12000000476837158,37,10,15,10,25,46,100,58,50,21.5,21.5,24.3,24.3,6,10.0
195.341,10,12,90,55,-3.5,-2.0,0.020000001415610313,0.12000000476837158,37,10,15,10,25,46,100,58,50,21.5,21.5,24.3,24.3,6,10.0
195.856,10,12,90,55,-3.5,-2.0,0.020000001415610313,0.12000000476837158,37,10,15,10,25,46,100,58,50,21.5,21.5,24.3,24.3,6,10.0
196.359,10,12,90,55,-3.5,-2.0,0.020000001415610313,0.12000000476837158,37,10,15,10,25,46,100,58,50,21.5,21.5,24.3,24.3,6,10.0
196.855,10,12,90,55,-3.5,-2.0,0.020000001415610313,0.12000000476837158,37,10,15,10,25,46,100,58,50,21.5,21.5,24.3,24.3,6,10.0
197.335,10,12,90,55,-3.5,-2.0,0.020000001415610313,0.12000000476837158,37,10,15,10,25,46,100,58,50,21.5,21.5,24.3,24.3,6,10.0
197.848,10,12,90,55,-3.5,-2.0,0.020000001415610313,0.12000000476837158,37,10,15,10,25,46,100,58,50,21.5,21.5,24.3,24.3,6,10.0
198.333,10,12,90,55,-3.5,-2.0,0.020000001415610313,0.12000000476837158,37,10,15,10,25,46,100,58,50,21.5,21.5,24.3,24.3,6,10.0
198.847,10,12,90,55,-3.5,-2.0,0.020000001415610313,0.12000000476837158,37,10,15,10,25,46,100,58,50,21.5,21.5,24.3,24.3,6,10.0
199.334,10,12,90,55,-3.5,-2.0,0.020000001415610313,0.12000000476837158,37,10,15,10,25,46,100,58,50,21.5,21.5,24.3,24.3,6,10.0
199.84,10,12,90,55,-3.5,-2.0,0.020000001415610313,0.12000000476837158,37,10,15,10,25,46,100,58,50,21.5,21.5,24.3,24.3,6,10.0
200.358,10,12,90,55,-3.5,-2.0,0.020000001415610313,0.12000000476837158,37,10,15,10,25,46,100,58,50,21.5,21.5,24.3,24.3,6,10.0
200.834,10,12,90,55,-3.5,-2.0,0.020000001415610313,0.12000000476837158,37,10,15,10,25,46,100,58,50,21.5,21.5,24.3,24.3,6,10.0
201.352,10,12,90,55,-3.5,-2.0,0.020000001415610313,0.12000000476837158,37,10,15,10,25,46,100,58,50,21.5,21.5,24.3,24.3,6,10.0
201.855,10,12,90,55,-3.5,-2.0,0.020000001415610313,0.12000000476837158,37,10,15,10,25,46,100,58,50,21.5,21.5,24.3,24.3,6,10.0
202.354,10,12,90,55,-3.5,-2.0,0.020000001415610313,0.12000000476837158,37,10,15,10,25,46,100,58,50,21.5,21.5,24.3,24.3,6,10.0
202.84,10,12,90,55,-3.5,-2.0,0.020000001415610313,0.12000000476837158,37,10,15,10,25,46,100,58,50,21.5,21.5,24.3,24.3,6,10.0
203.334,10,12,90,55,-3.5,-2.0,0.020000001415610313,0.12000000476837158,37,10,15,10,25,46,100,58,50,21.5,21.5,24.3,24.3,6,10.0
204.001,10,12,90,55,-3.5,-2.0,0.020000001415610313,0.12000000476837158,37,10,15,10,25,46,100,58,50,21.5,21.5,24.3,24.3,6,10.0
204.339,10,12,90,55,-3.5,-2.0,0.020000001415610313,0.12000000476837158,37,10,15,10,25,46,100,58,50,21.5,21.5,24.3,24.3,6,10.0
204.84,10,12,90,55,-3.5,-2.0,0.020000001415610313,0.12000000476837158,37,10,15,10,25,46,100,58,50,21.5,21.5,24.3,24.3,6,10.0
205.342,12,12,30,55,-3.4000000953674316,-1.899999976158142,0.04000000283122063,0.15000000596046448,37,19,15,8,25,49,97,58,50,21.5,21.5,24.3,24.3,6,30.0
205.859,12,12,30,55,-3.4000000953674316,-1.899999976158142,0.04000000283122063,0.15000000596046448,37,19,15,8,25,49,97,58,50,21.5,21.5,24.3,24.3,6,30.0
206.337,12,12,30,55,-3.4000000953674316,-1.899999976158142,0.04000000283122063,0.15000000596046448,37,19,15,8,25,49,97,58,50,21.5,21.5,24.3,24.3,6,30.0
206.851,12,12,30,55,-3.4000000953674316,-1.899999976158142,0.04000000283122063,0.15000000596046448,37,19,15,8,25,49,97,58,50,21.5,21.5,24.3,24.3,6,30.0
207.358,12,12,30,55,-3.4000000953674316,-1.899999976158142,0.04000000283122063,0.15000000596046448,37,19,15,8,25,49,97,58,50,21.5,21.5,24.3,24.3,6,30.0
207.842,12,12,30,55,-3.4000000953674316,-1.899999976158142,0.04000000283122063,0.15000000596046448,37,19,15,8,25,49,97,58,50,21.5,21.5,24.3,24.3,6,30.0
208.351,12,12,30,55,-3.4000000953674316,-1.899999976158142,0.04000000283122063,0.15000000596046448,37,19,15,8,25,49,97,58,50,21.5,21.5,24.3,24.3,6,30.0
208.838,12,12,30,55,-3.4000000953674316,-1.899999976158142,0.04000000283122063,0.15000000596046448,37,19,15,8,25,49,97,58,50,21.5,21.5,24.3,24.3,6,30.0
209.35,12,12,30,55,-3.4000000953674316,-1.899999976158142,0.04000000283122063,0.15000000596046448,37,19,15,8,25,49,97,58,50,21.5,21.5,24.3,24.3,6,30.0
209.836,12,12,30,55,-3.4000000953674316,-1.899999976158142,0.04000000283122063,0.15000000596046448,37,19,15,8,25,49,97,58,50,21.5,21.5,24.3,24.3,6,30.0
210.344,12,12,30,55,-3.4000000953674316,-1.899999976158142,0.04000000283122063,0.15000000596046448,37,19,15,8,25,49,97,58,50,21.5,21.5,24.3,24.3,6,30.0
210.859,12,12,30,55,-3.4000000953674316,-1.899999976158142,0.04000000283122063,0.15000000596046448,37,19,15,8,25,49,97,58,50,21.5,21.5,24.3,24.3,6,30.0
211.341,12,12,30,55,-3.4000000953674316,-1.899999976158142,0.04000000283122063,0.15000000596046448,37,19,15,8,25,49,97,58,50,21.5,21.5,24.3,24.3,6,30.0
211.854,12,12,30,55,-3.4000000953674316,-1.899999976158142,0.04000000283122063,0.15000000596046448,37,19,15,8,25,49,97,58,50,21.5,21.5,24.3,24.3,6,30.0
212.334,12,12,30,55,-3.4000000953674316,-1.899999976158142,0.04000000283122063,0.15000000596046448,37,19,15,8,25,49,97,58,50,21.5,21.5,24.3,24.3,6,30.0
212.84,12,12,30,55,-3.4000000953674316,-1.899999976158142,0.04000000283122063,0.15000000596046448,37,19,15,8,25,49,97,58,50,21.5,21.5,24.3,24.3,6,30.0
213.339,12,12,30,55,-3.4000000953674316,-1.899999976158142,0.04000000283122063,0.15000000596046448,37,19,15,8,25,49,97,58,50,21.5,21.5,24.3,24.3,6,30.0
213.844,12,12,30,55,-3.4000000953674316,-1.899999976158142,0.04000000283122063,0.15000000596046448,37,19,15,8,25,49,97,58,50,21.5,21.5,24.3,24.3,6,30.0
214.353,12,12,30,55,-3.4000000953674316,-1.899999976158142,0.04000000283122063,0.15000000596046448,37,19,15,8,25,49,97,58,50,21.5,21.5,24.3,24.3,6,30.0
214.842,12,12,30,55,-3.4000000953674316,-1.899999976158142,0.04000000283122063,0.15000000596046448,37,19,15,8,25,49,97,58,50,21.5,21.5,24.3,24.3,6,30.0
215.342,12,12,30,55,-3.4000000953674316,-1.899999976158142,0.04000000283122063,0.15000000596046448,37,19,15,8,25,49,97,58,50,21.5,21.5,24.3,24.3,6,30.0
215.846,12,12,30,55,-3.4000000953674316,-1.899999976158142,0.04000000283122063,0.15000000596046448,37,19,15,8,25,49,97,58,50,21.5,21.5,24.3,24.3,6,30.0
216.351,12,12,30,55,-3.4000000953674316,-1.899999976158142,0.04000000283122063,0.15000000596046448,37,19,15,8,25,49,97,58,50,21.5,21.5,24.3,24.3,6,30.0
216.843,12,12,30,55,-3.4000000953674316,-1.899999976158142,0.04000000283122063,0.15000000596046448,37,19,15,8,25,49,97,58,50,21.5,21.5,24.3,24.3,6,30.0
217.354,12,12,30,55,-3.4000000953674316,-1.899999976158142,0.04000000283122063,0.15000000596046448,37,19,15,8,25,49,97,58,50,21.5,21.5,24.3,24.3,6,30.0
217.845,12,12,30,55,-3.4000000953674316,-1.899999976158142,0.04000000283122063,0.15000000596046448,37,19,15,8,25,49,97,58,50,21.5,21.5,24.3,24.3,6,30.0
218.353,12,12,30,55,-3.4000000953674316,-1.899999976158142,0.04000000283122063,0.15000000596046448,37,19,15,8,25,49,97,58,50,21.5,21.5,24.3,24.3,6,30.0
218.84,12,12,30,55,-3.4000000953674316,-1.899999976158142,0.04000000283122063,0.15000000596046448,37,19,15,8,25,49,97,58,50,21.5,21.5,24.3,24.3,6,30.0
219.355,12,12,30,55,-3.4000000953674316,-1.899999976158142,0.04000000283122063,0.15000000596046448,37,19,15,8,25,49,97,58,50,21.5,21.5,24.3,24.3,6,30.0
219.852,12,12,30,55,-3.4000000953674316,-1.899999976158142,0.04000000283122063,0.15000000596046448,37,19,15,8,25,49,97,58,50,21.5,21.5,24.3,24.3,6,30.0
220.353,12,12,30,55,-3.4000000953674316,-1.899999976158142,0.04000000283122063,0.15000000596046448,37,19,15,8,25,49,97,58,50,21.5,21.5,24.3,24.3,6,30.0
220.836,12,12,30,55,-3.4000000953674316,-1.899999976158142,0.04000000283122063,0.15000000596046448,37,19,15,8,25,49,97,58,50,21.5,21.5,24.3,24.3,6,30.0
221.345,12,12,30,55,-3.4000000953674316,-1.899999976158142,0.04000000283122063,0.15000000596046448,37,19,15,8,25,49,97,58,50,21.5,21.5,24.3,24.3,6,30.0
221.837,12,12,30,55,-3.4000000953674316,-1.899999976158142,0.04000000283122063,0.15000000596046448,37,19,15,8,25,49,97,58,50,21.5,21.5,24.3,24.3,6,30.0
222.336,12,12,30,55,-3.4000000953674316,-1.899999976158142,0.04000000283122063,0.15000000596046448,37,19,15,8,25,49,97,58,50,21.5,21.5,24.3,24.3,6,30.0
222.853,12,12,30,55,-3.4000000953674316,-1.899999976158142,0.04000000283122063,0.15000000596046448,37,19,15,8,25,49,97,58,50,21.5,21.5,24.3,24.3,6,30.0
223.345,12,12,30,55,-3.4000000953674316,-1.899999976158142,0.04000000283122063,0.15000000596046448,37,19,15,8,25,49,97,58,50,21.5,21.5,24.3,24.3,6,30.0
223.833,12,12,30,55,-3.4000000953674316,-1.899999976158142,0.04000000283122063,0.15000000596046448,37,19,15,8,25,49,97,58,50,21.5,21.5,24.3,24.3,6,30.0
224.348,12,12,30,55,-3.4000000953674316,-1.899999976158142,0.04000000283122063,0.15000000596046448,37,19,15,8,25,49,97,58,50,21.5,21.5,24.3,24.3,6,30.0
224.836,12,12,30,55,-3.4000000953674316,-1.899999976158142,0.04000000283122063,0.15000000596046448,37,19,15,8,25,49,97,58,50,21.5,21.5,24.3,24.3,6,30.0
225.355,12,12,30,55,-3.4000000953674316,-1.899999976158142,0.04000000283122063,0.15000000596046448,37,19,15,8,25,49,97,58,50,21.5,21.5,24.3,24.3,6,30.0
225.838,12,12,30,55,-3.4000000953674316,-1.899999976158142,0.04000000283122063,0.15000000596046448,37,19,15,8,25,49,97,58,50,21.5,21.5,24.3,24.3,6,30.0
226.353,12,12,30,55,-3.4000000953674316,-1.899999976158142,0.04000000283122063,0.15000000596046448,37,19,15,8,25,49,97,58,50,21.5,21.5,24.3,24.3,6,30.0
226.844,12,12,30,55,-3.4000000953674316,-1.899999976158142,0.04000000283122063,0.15000000596046448,37,19,15,8,25,49,97,58,50,21.5,21.5,24.3,24.3,6,30.0
227.357,12,12,30,55,-3.4000000953674316,-1.899999976158142,0.04000000283122063,0.15000000596046448,37,19,15,8,25,49,97,58,50,21.5,21.5,24.3,24.3,6,30.0
227.839,12,12,30,55,-3.4000000953674316,-1.899999976158142,0.04000000283122063,0.15000000596046448,37,19,15,8,25,49,97,58,50,21.5,21.5,24.3,24.3,6,30.0
228.334,12,12,30,55,-3.4000000953674316,-1.899999976158142,0.04000000283122063,0.15000000596046448,37,19,15,8,25,49,97,58,50,21.5,21.5,24.3,24.3,6,30.0
228.859,12,12,30,55,-3.4000000953674316,-1.899999976158142,0.04000000283122063,0.15000000596046448,37,19,15,8,25,49,97,58,50,21.5,21.5,24.3,24.3,6,30.0
229.357,12,12,30,55,-3.4000000953674316,-1.899999976158142,0.04000000283122063,0.15000000596046448,37,19,15,8,25,49,97,58,50,21.5,21.5,24.3,24.3,6,30.0
229.838,12,12,30,55,-3.4000000953674316,-1.899999976158142,0.04000000283122063,0.15000000596046448,37,19,15,8,25,49,97,58,50,21.5,21.5,24.3,24.3,6,30.0
230.335,12,12,30,55,-3.4000000953674316,-1.899999976158142,0.04000000283122063,0.15000000596046448,37,19,15,8,25,49,97,58,50,21.5,21.5,24.3,24.3,6,30.0
230.839,12,12,30,55,-3.4000000953674316,-1.899999976158142,0.04000000283122063,0.15000000596046448,37,19,15,8,25,49,97,58,50,21.5,21.5,24.3,24.3,6,30.0
231.349,12,12,30,55,-3.4000000953674316,-1.899999976158142,0.04000000283122063,0.15000000596046448,37,19,15,8,25,49,97,58,50,21.5,21.5,24.3,24.3,6,30.0
231.855,12,12,30,55,-3.4000000953674316,-1.899999976158142,0.04000000283122063,0.15000000596046448,37,19,15,8,25,49,97,58,50,21.5,21.5,24.3,24.3,6,30.0
232.343,12,12,30,55,-3.4000000953674316,-1.899999976158142,0.04000000283122063,0.15000000596046448,37,19,15,8,25,49,97,58,50,21.5,21.5,24.3,24.3,6,30.0
232.835,12,12,30,55,-3.4000000953674316,-1.899999976158142,0.04000000283122063,0.15000000596046448,37,19,15,8,25,49,97,58,50,21.5,21.5,24.3,24.3,6,30.0
233.344,12,12,30,55,-3.4000000953674316,-1.899999976158142,0.04000000283122063,0.15000000596046448,37,19,15,8,25,49,97,58,50,21.5,21.5,24.3,24.3,6,30.0
233.849,12,12,30,55,-3.4000000953674316,-1.899999976158142,0.04000000283122063,0.15000000596046448,37,19,15,8,25,49,97,58,50,21.5,21.5,24.3,24.3,6,30.0
234.337,12,12,30,55,-3.4000000953674316,-1.899999976158142,0.04000000283122063,0.15000000596046448,37,19,15,8,25,49,97,58,50,21.5,21.5,24.3,24.3,6,30.0
234.845,12,12,30,55,-3.4000000953674316,-1.899999976158142,0.04000000283122063,0.15000000596046448,37,19,15,8,25,49,97,58,50,21.5,21.5,24.3,24.3,6,30.0
235.354,12,12,30,55,-3.4000000953674316,-1.899999976158142,0.04000000283122063,0.15000000596046448,37,19,15,8,25,49,97,58,50,21.5,21.5,24.3,24.3,6,30.0
235.857,12,12,30,55,-3.4000000953674316,-1.899999976158142,0.04000000283122063,0.15000000596046448,37,19,15,8,25,49,97,58,50,21.5,21.5,24.3,24.3,6,30.0
236.344,12,12,30,55,-3.4000000953674316,-1.899999976158142,0.04000000283122063,0.15000000596046448,37,19,15,8,25,49,97,58,50,21.5,21.5,24.3,24.3,6,30.0
236.834,12,12,30,55,-3.4000000953674316,-1.899999976158142,0.04000000283122063,0.15000000596046448,37,19,15,8,25,49,97,58,50,21.5,21.5,24.3,24.3,6,30.0
237.333,12,12,30,55,-3.4000000953674316,-1.899999976158142,0.04000000283122063,0.15000000596046448,37,19,15,8,25,49,97,58,50,21.5,21.5,24.3,24.3,6,30.0
237.858,12,12,30,55,-3.4000000953674316,-1.899999976158142,0.04000000283122063,0.15000000596046448,37,19,15,8,25,49,97,58,50,21.5,21.5,24.3,24.3,6,30.0
238.353,12,12,30,55,-3.4000000953674316,-1.899999976158142,0.04000000283122063,0.15000000596046448,37,19,15,8,25,49,97,58,50,21.5,21.5,24.3,24.3,6,30.0
238.844,12,12,30,55,-3.4000000953674316,-1.899999976158142,0.04000000283122063,0.15000000596046448,37,19,15,8,25,49,97,58,50,21.5,21.5,24.3,24.3,6,30.0
239.334,12,12,30,55,-3.4000000953674316,-1.899999976158142,0.04000000283122063,0.15000000596046448,37,19,15,8,25,49,97,58,50,21.5,21.5,24.3,24.3,6,30.0
239.852,12,12,30,55,-3.4000000953674316,-1.899999976158142,0.04000000283122063,0.15000000596046448,37,19,15,8,25,49,97,58,50,21.5,21.5,24.3,24.3,6,30.0
240.337,12,12,30,55,-3.4000000953674316,-1.899999976158142,0.04000000283122063,0.15000000596046448,37,19,15,8,25,49,97,58,50,21.5,21.5,24.3,24.3,6,30.0
240.857,12,12,30,55,-3.4000000953674316,-1.899999976158142,0.04000000283122063,0.15000000596046448,37,19,15,8,25,49,97,58,50,21.5,21.5,24.3,24.3,6,30.0
241.339,12,12,30,55,-3.4000000953674316,-1.899999976158142,0.04000000283122063,0.15000000596046448,37,19,15,8,25,49,97,58,50,21.5,21.5,24.3,24.3,6,30.0
241.837,12,12,30,55,-3.4000000953674316,-1.899999976158142,0.04000000283122063,0.15000000596046448,37,19,15,8,25,49,97,58,50,21.5,21.5,24.3,24.3,6,30.0
242.335,12,12,30,55,-3.4000000953674316,-1.899999976158142,0.04000000283122063,0.15000000596046448,37,19,15,8,25,49,97,58,50,21.5,21.5,24.3,24.3,6,30.0
242.852,12,12,30,55,-3.4000000953674316,-1.899999976158142,0.04000000283122063,0.15000000596046448,37,19,15,8,25,49,97,58,50,21.5,21.5,24.3,24.3,6,30.0
243.342,12,12,30,55,-3.4000000953674316,-1.899999976158142,0.04000000283122063,0.15000000596046448,37,19,15,8,25,49,97,58,50,21.5,21.5,24.3,24.3,6,30.0
243.855,12,12,30,55,-3.4000000953674316,-1.899999976158142,0.04000000283122063,0.15000000596046448,37,19,15,8,25,49,97,58,50,21.5,21.5,24.3,24.3,6,30.0
244.35,12,12,30,55,-3.4000000953674316,-1.899999976158142,0.04000000283122063,0.15000000596046448,37,19,15,8,25,49,97,58,50,21.5,21.5,24.3,24.3,6,30.0
244.843,12,12,30,55,-3.4000000953674316,-1.899999976158142,0.04000000283122063,0.15000000596046448,37,19,15,8,25,49,97,58,50,21.5,21.5,24.3,24.3,6,30.0
245.355,12,12,30,55,-3.4000000953674316,-1.899999976158142,0.04000000283122063,0.15000000596046448,37,19,15,8,25,49,97,58,50,21.5,21.5,24.3,24.3,6,30.0
245.85,12,12,30,55,-3.4000000953674316,-1.899999976158142,0.04000000283122063,0.15000000596046448,37,19,15,8,25,49,97,58,50,21.5,21.5,24.3,24.3,6,30.0
246.341,12,12,30,55,-3.4000000953674316,-1.899999976158142,0.04000000283122063,0.15000000596046448,37,19,15,8,25,49,97,58,50,21.5,21.5,24.3,24.3,6,30.0
246.846,12,12,30,55,-3.4000000953674316,-1.899999976158142,0.04000000283122063,0.15000000596046448,37,19,15,8,25,49,97,58,50,21.5,21.5,24.3,24.3,6,30.0
247.338,12,12,30,55,-3.4000000953674316,-1.899999976158142,0.04000000283122063,0.15000000596046448,37,19,15,8,25,49,97,58,50,21.5,21.5,24.3,24.3,6,30.0
247.84,12,12,30,55,-3.4000000953674316,-1.899999976158142,0.04000000283122063,0.15000000596046448,37,19,15,8,25,49,97,58,50,21.5,21.5,24.3,24.3,6,30.0
248.344,12,12,30,55,-3.4000000953674316,-1.899999976158142,0.04000000283122063,0.15000000596046448,37,19,15,8,25,49,97,58,50,21.5,21.5,24.3,24.3,6,30.0
248.845,12,12,30,55,-3.4000000953674316,-1.899999976158142,0.04000000283122063,0.15000000596046448,37,19,15,8,25,49,97,58,50,21.5,21.5,24.3,24.3,6,30.0
249.354,12,12,30,55,-3.4000000953674316,-1.899999976158142,0.04000000283122063,0.15000000596046448,37,19,15,8,25,49,97,58,50,21.5,21.5,24.3,24.3,6,30.0
249.855,12,12,30,55,-3.4000000953674316,-1.899999976158142,0.04000000283122063,0.15000000596046448,37,19,15,8,25,49,97,58,50,21.5,21.5,24.3,24.3,6,30.0
250.35,12,12,30,55,-3.4000000953674316,-1.899999976158142,0.04000000283122063,0.15000000596046448,37,19,15,8,25,49,97,58,50,21.5,21.5,24.3,24.3,6,30.0
250.85,12,12,30,55,-3.4000000953674316,-1.899999976158142,0.04000000283122063,0.15000000596046448,37,19,15,8,25,49,97,58,50,21.5,21.5,24.3,24.3,6,30.0
251.335,12,12,30,55,-3.4000000953674316,-1.899999976158142,0.04000000283122063,0.15000000596046448,37,19,15,8,25,49,97,58,50,21.5,21.5,24.3,24.3,6,30.0
251.835,12,12,30,55,-3.4000000953674316,-1.899999976158142,0.04000000283122063,0.15000000596046448,37,19,15,8,25,49,97,58,50,21.5,21.5,24.3,24.3,6,30.0
252.352,12,12,30,55,-3.4000000953674316,-1.899999976158142,0.04000000283122063,0.15000000596046448,37,19,15,8,25,49,97,58,50,21.5,21.5,24.3,24.3,6,30.0
252.852,12,12,30,55,-3.4000000953674316,-1.899999976158142,0.04000000283122063,0.15000000596046448,37,19,15,8,25,49,97,58,50,21.5,21.5,24.3,24.3,6,30.0
253.35,12,12,30,55,-3.4000000953674316,-1.899999976158142,0.04000000283122063,0.15000000596046448,37,19,15,8,25,49,97,58,50,21.5,21.5,24.3,24.3,6,30.0
253.851,12,12,30,55,-3.4000000953674316,-1.899999976158142,0.04000000283122063,0.15000000596046448,37,19,15,8,25,49,97,58,50,21.5,21.5,24.3,24.3,6,30.0
254.354,12,12,30,55,-3.4000000953674316,-1.899999976158142,0.04000000283122063,0.15000000596046448,37,19,15,8,25,49,97,58,50,21.5,21.5,24.3,24.3,6,30.0
254.841,12,12,30,55,-3.4000000953674316,-1.899999976158142,0.04000000283122063,0.15000000596046448,37,19,15,8,25,49,97,58,50,21.5,21.5,24.3,24.3,6,30.0
255.341,12,12,30,55,-3.4000000953674316,-1.899999976158142,0.04000000283122063,0.15000000596046448,37,19,15,8,25,49,97,58,50,21.5,21.5,24.3,24.3,6,30.0
255.847,12,12,30,55,-3.4000000953674316,-1.899999976158142,0.04000000283122063,0.15000000596046448,37,19,15,8,25,49,97,58,50,21.5,21.5,24.3,24.3,6,30.0
256.34,12,12,30,55,-3.4000000953674316,-1.899999976158142,0.04000000283122063,0.15000000596046448,37,19,15,8,25,49,97,58,50,21.5,21.5,24.3,24.3,6,30.0
256.839,12,12,30,55,-3.4000000953674316,-1.899999976158142,0.04000000283122063,0.15000000596046448,37,19,15,8,25,49,97,58,50,21.5,21.5,24.3,24.3,6,30.0
257.348,12,12,30,55,-3.4000000953674316,-1.899999976158142,0.04000000283122063,0.15000000596046448,37,19,15,8,25,49,97,58,50,21.5,21.5,24.3,24.3,6,30.0
257.835,12,12,30,55,-3.4000000953674316,-1.899999976158142,0.04000000283122063,0.15000000596046448,37,19,15,8,25,49,97,58,50,21.5,21.5,24.3,24.3,6,30.0
258.35,12,12,30,55,-3.4000000953674316,-1.899999976158142,0.04000000283122063,0.15000000596046448,37,19,15,8,25,49,97,58,50,21.5,21.5,24.3,24.3,6,30.0
258.854,12,12,30,55,-3.4000000953674316,-1.899999976158142,0.04000000283122063,0.15000000596046448,37,19,15,8,25,49,97,58,50,21.5,21.5,24.3,24.3,6,30.0
259.348,12,12,30,55,-3.4000000953674316,-1.899999976158142,0.04000000283122063,0.15000000596046448,37,19,15,8,25,49,97,58,50,21.5,21.5,24.3,24.3,6,30.0
259.839,12,12,30,55,-3.4000000953674316,-1.899999976158142,0.04000000283122063,0.15000000596046448,37,19,15,8,25,49,97,58,50,21.5,21.5,24.3,24.3,6,30.0
260.356,12,12,30,55,-3.4000000953674316,-1.899999976158142,0.04000000283122063,0.15000000596046448,37,19,15,8,25,49,97,58,50,21.5,21.5,24.3,24.3,6,30.0
260.854,12,12,30,55,-3.4000000953674316,-1.899999976158142,0.04000000283122063,0.15000000596046448,37,19,15,8,25,49,97,58,50,21.5,21.5,24.3,24.3,6,30.0
261.348,12,12,30,55,-3.4000000953674316,-1.899999976158142,0.04000000283122063,0.15000000596046448,37,19,15,8,25,49,97,58,50,21.5,21.5,24.3,24.3,6,30.0
261.854,12,12,30,55,-3.4000000953674316,-1.899999976158142,0.04000000283122063,0.15000000596046448,37,19,15,8,25,49,97,58,50,21.5,21.5,24.3,24.3,6,30.0
262.344,12,12,30,55,-3.4000000953674316,-1.899999976158142,0.04000000283122063,0.15000000596046448,37,19,15,8,25,49,97,58,50,21.5,21.5,24.3,24.3,6,30.0
262.851,12,12,30,55,-3.4000000953674316,-1.899999976158142,0.04000000283122063,0.15000000596046448,37,19,15,8,25,49,97,58,50,21.5,21.5,24.3,24.3,6,30.0
263.349,12,12,30,55,-3.4000000953674316,-1.899999976158142,0.04000000283122063,0.15000000596046448,37,19,15,8,25,49,97,58,50,21.5,21.5,24.3,24.3,6,30.0
263.842,12,12,30,55,-3.4000000953674316,-1.899999976158142,0.04000000283122063,0.15000000596046448,37,19,15,8,25,49,97,58,50,21.5,21.5,24.3,24.3,6,30.0
264.349,12,12,30,55,-3.4000000953674316,-1.899999976158142,0.04000000283122063,0.15000000596046448,37,19,15,8,25,49,97,58,50,21.5,21.5,24.3,24.3,6,30.0
264.852,12,12,30,55,-3.4000000953674316,-1.899999976158142,0.04000000283122063,0.15000000596046448,37,19,15,8,25,49,97,58,50,21.5,21.5,24.3,24.3,6,30.0
265.341,12,12,30,55,-3.4000000953674316,-1.899999976158142,0.04000000283122063,0.15000000596046448,37,19,15,8,25,49,97,58,50,21.5,21.5,24.3,24.3,6,30.0
265.848,12,12,30,55,-3.4000000953674316,-1.899999976158142,0.04000000283122063,0.15000000596046448,37,19,15,8,25,49,97,58,50,21.5,21.5,24.3,24.3,6,30.0
266.354,12,12,30,55,-3.4000000953674316,-1.899999976158142,0.04000000283122063,0.15000000596046448,37,19,15,8,25,49,97,58,50,21.5,21.5,24.3,24.3,6,30.0
266.843,12,12,30,55,-3.4000000953674316,-1.899999976158142,0.04000000283122063,0.15000000596046448,37,19,15,8,25,49,97,58,50,21.5,21.5,24.3,24.3,6,30.0
267.339,12,12,30,55,-3.4000000953674316,-1.899999976158142,0.04000000283122063,0.15000000596046448,37,19,15,8,25,49,97,58,50,21.5,21.5,24.3,24.3,6,30.0
267.834,12,12,30,55,-3.4000000953674316,-1.899999976158142,0.04000000283122063,0.15000000596046448,37,19,15,8,25,49,97,58,50,21.5,21.5,24.3,24.3,6,30.0
268.35,12,12,30,55,-3.4000000953674316,-1.899999976158142,0.04000000283122063,0.15000000596046448,37,19,15,8,25,49,97,58,50,21.5,21.5,24.3,24.3,6,30.0
268.853,12,12,30,55,-3.4000000953674316,-1.899999976158142,0.04000000283122063,0.15000000596046448,37,19,15,8,25,49,97,58,50,21.5,21.5,24.3,24.3,6,30.0
269.343,12,12,30,55,-3.4000000953674316,-1.899999976158142,0.04000000283122063,0.15000000596046448,37,19,15,8,25,49,97,58,50,21.5,21.5,24.3,24.3,6,30.0
269.846,12,12,30,55,-3.4000000953674316,-1.899999976158142,0.04000000283122063,0.15000000596046448,37,19,15,8,25,49,97,58,50,21.5,21.5,24.3,24.3,6,30.0
270.35,12,12,30,55,-3.4000000953674316,-1.899999976158142,0.04000000283122063,0.15000000596046448,37,19,15,8,25,49,97,58,50,21.5,21.5,24.3,24.3,6,30.0
270.838,12,12,30,55,-3.4000000953674316,-1.899999976158142,0.04000000283122063,0.15000000596046448,37,19,15,8,25,49,97,58,50,21.5,21.5,24.3,24.3,6,30.0
271.348,12,12,30,55,-3.4000000953674316,-1.899999976158142,0.04000000283122063,0.15000000596046448,37,19,15,8,25,49,97,58,50,21.5,21.5,24.3,24.3,6,30.0
271.843,12,12,30,55,-3.4000000953674316,-1.899999976158142,0.04000000283122063,0.15000000596046448,37,19,15,8,25,49,97,58,50,21.5,21.5,24.3,24.3,6,30.0
272.352,12,12,30,55,-3.4000000953674316,-1.899999976158142,0.04000000283122063,0.15000000596046448,37,19,15,8,25,49,97,58,50,21.5,21.5,24.3,24.3,6,30.0
272.848,12,12,30,55,-3.4000000953674316,-1.899999976158142,0.04000000283122063,0.15000000596046448,37,19,15,8,25,49,97,58,50,21.5,21.5,24.3,24.3,6,30.0
273.342,12,12,30,55,-3.4000000953674316,-1.899999976158142,0.04000000283122063,0.15000000596046448,37,19,15,8,25,49,97,58,50,21.5,21.5,24.3,24.3,6,30.0
273.849,12,12,30,55,-3.4000000953674316,-1.899999976158142,0.04000000283122063,0.15000000596046448,37,19,15,8,25,49,97,58,50,21.5,21.5,24.3,24.3,6,30.0
274.333,12,12,30,55,-3.4000000953674316,-1.899999976158142,0.04000000283122063,0.15000000596046448,37,19,15,8,25,49,97,58,50,21.5,21.5,24.3,24.3,6,30.0
274.847,12,12,30,55,-3.4000000953674316,-1.899999976158142,0.04000000283122063,0.15000000596046448,37,19,15,8,25,49,97,58,50,21.5,21.5,24.3,24.3,6,30.0
275.337,12,12,30,55,-3.4000000953674316,-1.899999976158142,0.04000000283122063,0.15000000596046448,37,19,15,8,25,49,97,58,50,21.5,21.5,24.3,24.3,6,30.0
275.853,12,12,30,55,-3.4000000953674316,-1.899999976158142,0.04000000283122063,0.15000000596046448,37,19,15,8,25,49,97,58,50,21.5,21.5,24.3,24.3,6,30.0
276.347,12,12,30,55,-3.4000000953674316,-1.899999976158142,0.04000000283122063,0.15000000596046448,37,19,15,8,25,49,97,58,50,21.5,21.5,24.3,24.3,6,30.0
276.85,12,12,30,55,-3.4000000953674316,-1.899999976158142,0.04000000283122063,0.15000000596046448,37,19,15,8,25,49,97,58,50,21.5,21.5,24.3,24.3,6,30.0
277.338,12,12,30,55,-3.4000000953674316,-1.899999976158142,0.04000000283122063,0.15000000596046448,37,19,15,8,25,49,97,58,50,21.5,21.5,24.3,24.3,6,30.0
277.839,12,12,30,55,-3.4000000953674316,-1.899999976158142,0.04000000283122063,0.15000000596046448,37,19,15,8,25,49,97,58,50,21.5,21.5,24.3,24.3,6,30.0
278.341,12,12,30,55,-3.4000000953674316,-1.899999976158142,0.04000000283122063,0.15000000596046448,37,19,15,8,25,49,97,58,50,21.5,21.5,24.3,24.3,6,30.0
278.855,12,12,30,55,-3.4000000953674316,-1.899999976158142,0.04000000283122063,0.15000000596046448,37,19,15,8,25,49,97,58,50,21.5,21.5,24.3,24.3,6,30.0
279.335,12,12,30,55,-3.4000000953674316,-1.899999976158142,0.04000000283122063,0.15000000596046448,37,19,15,8,25,49,97,58,50,21.5,21.5,24.3,24.3,6,30.0
279.848,12,12,30,55,-3.4000000953674316,-1.899999976158142,0.04000000283122063,0.15000000596046448,37,19,15,8,25,49,97,58,50,21.5,21.5,24.3,24.3,6,30.0
280.344,12,12,30,55,-3.4000000953674316,-1.899999976158142,0.04000000283122063,0.15000000596046448,37,19,15,8,25,49,97,58,50,21.5,21.5,24.3,24.3,6,30.0
280.852,12,12,30,55,-3.4000000953674316,-1.899999976158142,0.04000000283122063,0.15000000596046448,37,19,15,8,25,49,97,58,50,21.5,21.5,24.3,24.3,6,30.0
281.348,12,12,30,55,-3.4000000953674316,-1.899999976158142,0.04000000283122063,0.15000000596046448,37,19,15,8,25,49,97,58,50,21.5,21.5,24.3,24.3,6,30.0
281.85,12,12,30,55,-3.4000000953674316,-1.899999976158142,0.04000000283122063,0.15000000596046448,37,19,15,8,25,49,97,58,50,21.5,21.5,24.3,24.3,6,30.0
282.337,12,12,30,55,-3.4000000953674316,-1.899999976158142,0.04000000283122063,0.15000000596046448,37,19,15,8,25,49,97,58,50,21.5,21.5,24.3,24.3,6,30.0
282.848,12,12,30,55,-3.4000000953674316,-1.899999976158142,0.04000000283122063,0.15000000596046448,37,19,15,8,25,49,97,58,50,21.5,21.5,24.3,24.3,6,30.0
283.354,12,12,30,55,-3.4000000953674316,-1.899999976158142,0.04000000283122063,0.15000000596046448,37,19,15,8,25,49,97,58,50,21.5,21.5,24.3,24.3,6,30.0
283.856,12,12,30,55,-3.4000000953674316,-1.899999976158142,0.04000000283122063,0.15000000596046448,37,19,15,8,25,49,97,58,50,21.5,21.5,24.3,24.3,6,30.0
284.334,12,12,30,55,-3.4000000953674316,-1.899999976158142,0.04000000283122063,0.15000000596046448,37,19,15,8,25,49,97,58,50,21.5,21.5,24.3,24.3,6,30.0
284.858,12,12,30,55,-3.4000000953674316,-1.899999976158142,0.04000000283122063,0.15000000596046448,37,19,15,8,25,49,97,58,50,21.5,21.5,24.3,24.3,6,30.0
285.333,12,12,30,55,-3.4000000953674316,-1.899999976158142,0.04000000283122063,0.15000000596046448,37,19,15,8,25,49,97,58,50,21.5,21.5,24.3,24.3,6,30.0
285.851,12,12,30,55,-3.4000000953674316,-1.899999976158142,0.04000000283122063,0.15000000596046448,37,19,15,8,25,49,97,58,50,21.5,21.5,24.3,24.3,6,30.0
286.351,12,12,30,55,-3.4000000953674316,-1.899999976158142,0.04000000283122063,0.15000000596046448,37,19,15,8,25,49,97,58,50,21.5,21.5,24.3,24.3,6,30.0
286.834,12,12,30,55,-3.4000000953674316,-1.899999976158142,0.04000000283122063,0.15000000596046448,37,19,15,8,25,49,97,58,50,21.5,21.5,24.3,24.3,6,30.0
287.36,12,12,30,55,-3.4000000953674316,-1.899999976158142,0.04000000283122063,0.15000000596046448,37,19,15,8,25,49,97,58,50,21.5,21.5,24.3,24.3,6,30.0
287.843,12,12,30,55,-3.4000000953674316,-1.899999976158142,0.04000000283122063,0.15000000596046448,37,19,15,8,25,49,97,58,50,21.5,21.5,24.3,24.3,6,30.0
288.333,12,12,30,55,-3.4000000953674316,-1.899999976158142,0.04000000283122063,0.15000000596046448,37,19,15,8,25,49,97,58,50,21.5,21.5,24.3,24.3,6,30.0
288.844,12,12,30,55,-3.4000000953674316,-1.899999976158142,0.04000000283122063,0.15000000596046448,37,19,15,8,25,49,97,58,50,21.5,21.5,24.3,24.3,6,30.0
289.34,12,12,30,55,-3.4000000953674316,-1.899999976158142,0.04000000283122063,0.15000000596046448,37,19,15,8,25,49,97,58,50,21.5,21.5,24.3,24.3,6,30.0
289.836,12,12,30,55,-3.4000000953674316,-1.899999976158142,0.04000000283122063,0.15000000596046448,37,19,15,8,25,49,97,58,50,21.5,21.5,24.3,24.3,6,30.0
290.344,12,12,30,55,-3.4000000953674316,-1.899999976158142,0.04000000283122063,0.15000000596046448,37,19,15,8,25,49,97,58,50,21.5,21.5,24.3,24.3,6,30.0
290.835,12,12,30,55,-3.4000000953674316,-1.899999976158142,0.04000000283122063,0.15000000596046448,37,19,15,8,25,49,97,58,50,21.5,21.5,24.3,24.3,6,30.0
291.339,12,12,30,55,-3.4000000953674316,-1.899999976158142,0.04000000283122063,0.15000000596046448,37,19,15,8,25,49,97,58,50,21.5,21.5,24.3,24.3,6,30.0
291.835,12,12,30,55,-3.4000000953674316,-1.899999976158142,0.04000000283122063,0.15000000596046448,37,19,15,8,25,49,97,58,50,21.5,21.5,24.3,24.3,6,30.0
292.347,12,12,30,55,-3.4000000953674316,-1.899999976158142,0.04000000283122063,0.15000000596046448,37,19,15,8,25,49,97,58,50,21.5,21.5,24.3,24.3,6,30.0
292.857,12,12,30,55,-3.4000000953674316,-1.899999976158142,0.04000000283122063,0.15000000596046448,37,19,15,8,25,49,97,58,50,21.5,21.5,24.3,24.3,6,30.0
293.334,12,12,30,55,-3.4000000953674316,-1.899999976158142,0.04000000283122063,0.15000000596046448,37,19,15,8,25,49,97,58,50,21.5,21.5,24.3,24.3,6,30.0
293.838,12,12,30,55,-3.4000000953674316,-1.899999976158142,0.04000000283122063,0.15000000596046448,37,19,15,8,25,49,97,58,50,21.5,21.5,24.3,24.3,6,30.0
294.338,12,12,30,55,-3.4000000953674316,-1.899999976158142,0.04000000283122063,0.15000000596046448,37,19,15,8,25,49,97,58,50,21.5,21.5,24.3,24.3,6,30.0
294.853,12,12,30,55,-3.4000000953674316,-1.899999976158142,0.04000000283122063,0.15000000596046448,37,19,15,8,25,49,97,58,50,21.5,21.5,24.3,24.3,6,30.0
295.353,12,12,30,55,-3.4000000953674316,-1.899999976158142,0.04000000283122063,0.15000000596046448,37,19,15,8,25,49,97,58,50,21.5,21.5,24.3,24.3,6,30.0
295.836,12,12,30,55,-3.4000000953674316,-1.899999976158142,0.04000000283122063,0.15000000596046448,37,19,15,8,25,49,97,58,50,21.5,21.5,24.3,24.3,6,30.0
296.339,12,12,30,55,-3.4000000953674316,-1.899999976158142,0.04000000283122063,0.15000000596046448,37,19,15,8,25,49,97,58,50,21.5,21.5,24.3,24.3,6,30.0
296.842,12,12,30,55,-3.4000000953674316,-1.899999976158142,0.04000000283122063,0.15000000596046448,37,19,15,8,25,49,97,58,50,21.5,21.5,24.3,24.3,6,30.0
297.333,12,12,30,55,-3.4000000953674316,-1.899999976158142,0.04000000283122063,0.15000000596046448,37,19,15,8,25,49,97,58,50,21.5,21.5,24.3,24.3,6,30.0
297.853,12,12,30,55,-3.4000000953674316,-1.899999976158142,0.04000000283122063,0.15000000596046448,37,19,15,8,25,49,97,58,50,21.5,21.5,24.3,24.3,6,30.0
298.335,12,12,30,55,-3.4000000953674316,-1.899999976158142,0.04000000283122063,0.15000000596046448,37,19,15,8,25,49,97,58,50,21.5,21.5,24.3,24.3,6,30.0
298.854,12,12,30,55,-3.4000000953674316,-1.899999976158142,0.04000000283122063,0.15000000596046448,37,19,15,8,25,49,97,58,50,21.5,21.5,24.3,24.3,6,30.0
299.341,12,12,30,55,-3.4000000953674316,-1.899999976158142,0.04000000283122063,0.15000000596046448,37,19,15,8,25,49,97,58,50,21.5,21.5,24.3,24.3,6,30.0
299.842,12,12,30,55,-3.4000000953674316,-1.899999976158142,0.04000000283122063,0.15000000596046448,37,19,15,8,25,49,97,58,50,21.5,21.5,24.3,24.3,6,30.0
300.342,12,12,30,55,-3.4000000953674316,-1.899999976158142,0.04000000283122063,0.15000000596046448,37,19,15,8,25,49,97,58,50,21.5,21.5,24.3,24.3,6,30.0
300.833,12,12,30,55,-3.4000000953674316,-1.899999976158142,0.04000000283122063,0.15000000596046448,37,19,15,8,25,49,97,58,50,21.5,21.5,24.3,24.3,6,30.0
301.354,12,12,30,55,-3.4000000953674316,-1.899999976158142,0.04000000283122063,0.15000000596046448,37,19,15,8,25,49,97,58,50,21.5,21.5,24.3,24.3,6,30.0
301.835,12,12,30,55,-3.4000000953674316,-1.899999976158142,0.04000000283122063,0.15000000596046448,37,19,15,8,25,49,97,58,50,21.5,21.5,24.3,24.3,6,30.0
302.336,12,12,30,55,-3.4000000953674316,-1.899999976158142,0.04000000283122063,0.15000000596046448,37,19,15,8,25,49,97,58,50,21.5,21.5,24.3,24.3,6,30.0
302.847,12,12,30,55,-3.4000000953674316,-1.899999976158142,0.04000000283122063,0.15000000596046448,37,19,15,8,25,49,97,58,50,21.5,21.5,24.3,24.3,6,30.0
303.345,12,12,30,55,-3.4000000953674316,-1.899999976158142,0.04000000283122063,0.15000000596046448,37,19,15,8,25,49,97,58,50,21.5,21.5,24.3,24.3,6,30.0
303.856,12,12,30,55,-3.4000000953674316,-1.899999976158142,0.04000000283122063,0.15000000596046448,37,19,15,8,25,49,97,58,50,21.5,21.5,24.3,24.3,6,30.0
304.341,12,12,30,55,-3.4000000953674316,-1.899999976158142,0.04000000283122063,0.15000000596046448,37,19,15,8,25,49,97,58,50,21.5,21.5,24.3,24.3,6,30.0
304.841,12,12,30,55,-3.4000000953674316,-1.899999976158142,0.04000000283122063,0.15000000596046448,37,19,15,8,25,49,97,58,50,21.5,21.5,24.3,24.3,6,30.0
305.346,12,12,30,55,-3.4000000953674316,-1.899999976158142,0.04000000283122063,0.15000000596046448,37,19,15,8,25,49,97,58,50,21.5,21.5,24.3,24.3,6,30.0
305.858,12,12,30,55,-3.4000000953674316,-1.899999976158142,0.04000000283122063,0.15000000596046448,37,19,15,8,25,49,97,58,50,21.5,21.5,24.3,24.3,6,30.0
306.338,12,12,30,55,-3.4000000953674316,-1.899999976158142,0.04000000283122063,0.15000000596046448,37,19,15,8,25,49,97,58,50,21.5,21.5,24.3,24.3,6,30.0
306.857,12,12,30,55,-3.4000000953674316,-1.899999976158142,0.04000000283122063,0.15000000596046448,37,19,15,8,25,49,97,58,50,21.5,21.5,24.3,24.3,6,30.0
307.34,12,12,30,55,-3.4000000953674316,-1.899999976158142,0.04000000283122063,0.15000000596046448,37,19,15,8,25,49,97,58,50,21.5,21.5,24.3,24.3,6,30.0
307.843,12,12,30,55,-3.4000000953674316,-1.899999976158142,0.04000000283122063,0.15000000596046448,37,19,15,8,25,49,97,58,50,21.5,21.5,24.3,24.3,6,30.0
308.357,12,12,30,55,-3.4000000953674316,-1.899999976158142,0.04000000283122063,0.15000000596046448,37,19,15,8,25,49,97,58,50,21.5,21.5,24.3,24.3,6,30.0
308.848,12,12,30,55,-3.4000000953674316,-1.899999976158142,0.04000000283122063,0.15000000596046448,37,19,15,8,25,49,97,58,50,21.5,21.5,24.3,24.3,6,30.0
309.348,12,12,30,55,-3.4000000953674316,-1.899999976158142,0.04000000283122063,0.15000000596046448,37,19,15,8,25,49,97,58,50,21.5,21.5,24.3,24.3,6,30.0
309.839,12,12,30,55,-3.4000000953674316,-1.899999976158142,0.04000000283122063,0.15000000596046448,37,19,15,8,25,49,97,58,50,21.5,21.5,24.3,24.3,6,30.0
310.354,12,12,30,55,-3.4000000953674316,-1.899999976158142,0.04000000283122063,0.15000000596046448,37,19,15,8,25,49,97,58,50,21.5,21.5,24.3,24.3,6,30.0
310.856,12,12,30,55,-3.4000000953674316,-1.899999976158142,0.04000000283122063,0.15000000596046448,37,19,15,8,25,49,97,58,50,21.5,21.5,24.3,24.3,6,30.0
311.357,12,12,30,55,-3.4000000953674316,-1.899999976158142,0.04000000283122063,0.15000000596046448,37,19,15,8,25,49,97,58,50,21.5,21.5,24.3,24.3,6,30.0
311.854,12,12,30,55,-3.4000000953674316,-1.899999976158142,0.04000000283122063,0.15000000596046448,37,19,15,8,25,49,97,58,50,21.5,21.5,24.3,24.3,6,30.0
312.349,12,12,30,55,-3.4000000953674316,-1.899999976158142,0.04000000283122063,0.15000000596046448,37,19,15,8,25,49,97,58,50,21.5,21.5,24.3,24.3,6,30.0
312.846,12,12,30,55,-3.4000000953674316,-1.899999976158142,0.04000000283122063,0.15000000596046448,37,19,15,8,25,49,97,58,50,21.5,21.5,24.3,24.3,6,30.0
313.345,12,12,30,55,-3.4000000953674316,-1.899999976158142,0.04000000283122063,0.15000000596046448,37,19,15,8,25,49,97,58,50,21.5,21.5,24.3,24.3,6,30.0
313.838,12,12,30,55,-3.4000000953674316,-1.899999976158142,0.04000000283122063,0.15000000596046448,37,19,15,8,25,49,97,58,50,21.5,21.5,24.3,24.3,6,30.0
314.342,12,12,30,55,-3.4000000953674316,-1.899999976158142,0.04000000283122063,0.15000000596046448,37,19,15,8,25,49,97,58,50,21.5,21.5,24.3,24.3,6,30.0
314.851,12,12,30,55,-3.4000000953674316,-1.899999976158142,0.04000000283122063,0.15000000596046448,37,19,15,8,25,49,97,58,50,21.5,21.5,24.3,24.3,6,30.0
315.345,12,12,30,55,-3.4000000953674316,-1.899999976158142,0.04000000283122063,0.15000000596046448,37,19,15,8,25,49,97,58,50,21.5,21.5,24.3,24.3,6,30.0
315.838,12,12,30,55,-3.4000000953674316,-1.899999976158142,0.04000000283122063,0.15000000596046448,37,19,15,8,25,49,97,58,50,21.5,21.5,24.3,24.3,6,30.0
316.352,12,12,30,55,-3.4000000953674316,-1.899999976158142,0.04000000283122063,0.15000000596046448,37,19,15,8,25,49,97,58,50,21.5,21.5,24.3,24.3,6,30.0
316.853,12,12,30,55,-3.4000000953674316,-1.899999976158142,0.04000000283122063,0.15000000596046448,37,19,15,8,25,49,97,58,50,21.5,21.5,24.3,24.3,6,30.0
317.343,12,12,30,55,-3.4000000953674316,-1.899999976158142,0.04000000283122063,0.15000000596046448,37,19,15,8,25,49,97,58,50,21.5,21.5,24.3,24.3,6,30.0
317.841,12,12,30,55,-3.4000000953674316,-1.899999976158142,0.04000000283122063,0.15000000596046448,37,19,15,8,25,49,97,58,50,21.5,21.5,24.3,24.3,6,30.0
318.347,12,12,30,55,-3.4000000953674316,-1.899999976158142,0.04000000283122063,0.15000000596046448,37,19,15,8,25,49,97,58,50,21.5,21.5,24.3,24.3,6,30.0
318.845,12,12,30,55,-3.4000000953674316,-1.899999976158142,0.04000000283122063,0.15000000596046448,37,19,15,8,25,49,97,58,50,21.5,21.5,24.3,24.3,6,30.0
319.355,12,12,30,55,-3.4000000953674316,-1.899999976158142,0.04000000283122063,0.15000000596046448,37,19,15,8,25,49,97,58,50,21.5,21.5,24.3,24.3,6,30.0
319.844,12,12,30,55,-3.4000000953674316,-1.899999976158142,0.04000000283122063,0.15000000596046448,37,19,15,8,25,49,97,58,50,21.5,21.5,24.3,24.3,6,30.0
320.348,12,12,30,55,-3.4000000953674316,-1.899999976158142,0.04000000283122063,0.15000000596046448,37,19,15,8,25,49,97,58,50,21.5,21.5,24.3,24.3,6,30.0
320.846,12,12,30,55,-3.4000000953674316,-1.899999976158142,0.04000000283122063,0.15000000596046448,37,19,15,8,25,49,97,58,50,21.5,21.5,24.3,24.3,6,30.0
321.345,12,12,30,55,-3.4000000953674316,-1.899999976158142,0.04000000283122063,0.15000000596046448,37,19,15,8,25,49,97,58,50,21.5,21.5,24.3,24.3,6,30.0
321.851,12,12,30,55,-3.4000000953674316,-1.899999976158142,0.04000000283122063,0.15000000596046448,37,19,15,8,25,49,97,58,50,21.5,21.5,24.3,24.3,6,30.0
322.348,12,12,30,55,-3.4000000953674316,-1.899999976158142,0.04000000283122063,0.15000000596046448,37,19,15,8,25,49,97,58,50,21.5,21.5,24.3,24.3,6,30.0
322.845,12,12,30,55,-3.4000000953674316,-1.899999976158142,0.04000000283122063,0.15000000596046448,37,19,15,8,25,49,97,58,50,21.5,21.5,24.3,24.3,6,30.0
323.346,12,12,30,55,-3.4000000953674316,-1.899999976158142,0.04000000283122063,0.15000000596046448,37,19,15,8,25,49,97,58,50,21.5,21.5,24.3,24.3,6,30.0
323.847,12,12,30,55,-3.4000000953674316,-1.899999976158142,0.04000000283122063,0.15000000596046448,37,19,15,8,25,49,97,58,50,21.5,21.5,24.3,24.3,6,30.0
324.344,12,12,30,55,-3.4000000953674316,-1.899999976158142,0.04000000283122063,0.15000000596046448,37,19,15,8,25,49,97,58,50,21.5,21.5,24.3,24.3,6,30.0
324.843,12,12,30,55,-3.4000000953674316,-1.899999976158142,0.04000000283122063,0.15000000596046448,37,19,15,8,25,49,97,58,50,21.5,21.5,24.3,24.3,6,30.0
325.334,12,12,30,55,-3.4000000953674316,-1.899999976158142,0.04000000283122063,0.15000000596046448,37,19,15,8,25,49,97,58,50,21.5,21.5,24.3,24.3,6,30.0
325.853,12,12,30,55,-3.4000000953674316,-1.899999976158142,0.04000000283122063,0.15000000596046448,37,19,15,8,25,49,97,58,50,21.5,21.5,24.3,24.3,6,30.0
326.341,12,12,30,55,-3.4000000953674316,-1.899999976158142,0.04000000283122063,0.15000000596046448,37,19,15,8,25,49,97,58,50,21.5,21.5,24.3,24.3,6,30.0
326.853,12,12,30,55,-3.4000000953674316,-1.899999976158142,0.04000000283122063,0.15000000596046448,37,19,15,8,25,49,97,58,50,21.5,21.5,24.3,24.3,6,30.0
327.342,12,12,30,55,-3.4000000953674316,-1.899999976158142,0.04000000283122063,0.15000000596046448,37,19,15,8,25,49,97,58,50,21.5,21.5,24.3,24.3,6,30.0
327.846,12,12,30,55,-3.4000000953674316,-1.899999976158142,0.04000000283122063,0.15000000596046448,37,19,15,8,25,49,97,58,50,21.5,21.5,24.3,24.3,6,30.0
328.346,12,12,30,55,-3.4000000953674316,-1.899999976158142,0.04000000283122063,0.15000000596046448,37,19,15,8,25,49,97,58,50,21.5,21.5,24.3,24.3,6,30.0
328.846,12,12,30,55,-3.4000000953674316,-1.899999976158142,0.04000000283122063,0.15000000596046448,37,19,15,8,25,49,97,58,50,21.5,21.5,24.3,24.3,6,30.0
329.343,12,12,30,55,-3.4000000953674316,-1.899999976158142,0.04000000283122063,0.15000000596046448,37,19,15,8,25,49,97,58,50,21.5,21.5,24.3,24.3,6,30.0
329.844,12,12,30,55,-3.4000000953674316,-1.899999976158142,0.04000000283122063,0.15000000596046448,37,19,15,8,25,49,97,58,50,21.5,21.5,24.3,24.3,6,30.0
330.333,12,12,30,55,-3.4000000953674316,-1.899999976158142,0.04000000283122063,0.15000000596046448,37,19,15,8,25,49,97,58,50,21.5,21.5,24.3,24.3,6,30.0
330.833,12,12,30,55,-3.4000000953674316,-1.899999976158142,0.04000000283122063,0.15000000596046448,37,19,15,8,25,49,97,58,50,21.5,21.5,24.3,24.3,6,30.0
331.35,12,12,30,55,-3.4000000953674316,-1.899999976158142,0.04000000283122063,0.15000000596046448,37,19,15,8,25,49,97,58,50,21.5,21.5,24.3,24.3,6,30.0
331.853,12,12,30,55,-3.4000000953674316,-1.899999976158142,0.04000000283122063,0.15000000596046448,37,19,15,8,25,49,97,58,50,21.5,21.5,24.3,24.3,6,30.0
332.344,12,12,30,55,-3.4000000953674316,-1.899999976158142,0.04000000283122063,0.15000000596046448,37,19,15,8,25,49,97,58,50,21.5,21.5,24.3,24.3,6,30.0
332.837,12,12,30,55,-3.4000000953674316,-1.899999976158142,0.04000000283122063,0.15000000596046448,37,19,15,8,25,49,97,58,50,21.5,21.5,24.3,24.3,6,30.0
333.358,12,12,30,55,-3.4000000953674316,-1.899999976158142,0.04000000283122063,0.15000000596046448,37,19,15,8,25,49,97,58,50,21.5,21.5,24.3,24.3,6,30.0
333.841,12,12,30,55,-3.4000000953674316,-1.899999976158142,0.04000000283122063,0.15000000596046448,37,19,15,8,25,49,97,58,50,21.5,21.5,24.3,24.3,6,30.0
334.343,12,12,30,55,-3.4000000953674316,-1.899999976158142,0.04000000283122063,0.15000000596046448,37,19,15,8,25,49,97,58,50,21.5,21.5,24.3,24.3,6,30.0
334.851,12,12,30,55,-3.4000000953674316,-1.899999976158142,0.04000000283122063,0.15000000596046448,37,19,15,8,25,49,97,58,50,21.5,21.5,24.3,24.3,6,30.0
335.353,12,12,30,55,-3.4000000953674316,-1.899999976158142,0.04000000283122063,0.15000000596046448,37,19,15,8,25,49,97,58,50,21.5,21.5,24.3,24.3,6,30.0
335.833,12,12,30,55,-3.4000000953674316,-1.899999976158142,0.04000000283122063,0.15000000596046448,37,19,15,8,25,49,97,58,50,21.5,21.5,24.3,24.3,6,30.0
336.354,12,12,30,55,-3.4000000953674316,-1.899999976158142,0.04000000283122063,0.15000000596046448,37,19,15,8,25,49,97,58,50,21.5,21.5,24.3,24.3,6,30.0
336.852,12,12,30,55,-3.4000000953674316,-1.899999976158142,0.04000000283122063,0.15000000596046448,37,19,15,8,25,49,97,58,50,21.5,21.5,24.3,24.3,6,30.0
337.336,12,12,30,55,-3.4000000953674316,-1.899999976158142,0.04000000283122063,0.15000000596046448,37,19,15,8,25,49,97,58,50,21.5,21.5,24.3,24.3,6,30.0
337.85,12,12,30,55,-3.4000000953674316,-1.899999976158142,0.04000000283122063,0.15000000596046448,37,19,15,8,25,49,97,58,50,21.5,21.5,24.3,24.3,6,30.0
338.353,12,12,30,55,-3.4000000953674316,-1.899999976158142,0.04000000283122063,0.15000000596046448,37,19,15,8,25,49,97,58,50,21.5,21.5,24.3,24.3,6,30.0
338.836,12,12,30,55,-3.4000000953674316,-1.899999976158142,0.04000000283122063,0.15000000596046448,37,19,15,8,25,49,97,58,50,21.5,21.5,24.3,24.3,6,30.0
339.352,12,12,30,55,-3.4000000953674316,-1.899999976158142,0.04000000283122063,0.15000000596046448,37,19,15,8,25,49,97,58,50,21.5,21.5,24.3,24.3,6,30.0
339.849,12,12,30,55,-3.4000000953674316,-1.899999976158142,0.04000000283122063,0.15000000596046448,37,19,15,8,25,49,97,58,50,21.5,21.5,24.3,24.3,6,30.0
340.354,12,12,30,55,-3.4000000953674316,-1.899999976158142,0.04000000283122063,0.15000000596046448,37,19,15,8,25,49,97,58,50,21.5,21.5,24.3,24.3,6,30.0
340.845,12,12,30,55,-3.4000000953674316,-1.899999976158142,0.04000000283122063,0.15000000596046448,37,19,15,8,25,49,97,58,50,21.5,21.5,24.3,24.3,6,30.0
341.353,12,12,30,55,-3.4000000953674316,-1.899999976158142,0.04000000283122063,0.15000000596046448,37,19,15,8,25,49,97,58,50,21.5,21.5,24.3,24.3,6,30.0
341.837,12,12,30,55,-3.4000000953674316,-1.899999976158142,0.04000000283122063,0.15000000596046448,37,19,15,8,25,49,97,58,50,21.5,21.5,24.3,24.3,6,30.0
342.336,12,12,30,55,-3.4000000953674316,-1.899999976158142,0.04000000283122063,0.15000000596046448,37,19,15,8,25,49,97,58,50,21.5,21.5,24.3,24.3,6,30.0
342.842,12,12,30,55,-3.4000000953674316,-1.899999976158142,0.04000000283122063,0.15000000596046448,37,19,15,8,25,49,97,58,50,21.5,21.5,24.3,24.3,6,30.0
343.349,12,12,30,55,-3.4000000953674316,-1.899999976158142,0.04000000283122063,0.15000000596046448,37,19,15,8,25,49,97,58,50,21.5,21.5,24.3,24.3,6,30.0
343.851,12,12,30,55,-3.4000000953674316,-1.899999976158142,0.04000000283122063,0.15000000596046448,37,19,15,8,25,49,97,58,50,21.5,21.5,24.3,24.3,6,30.0
344.355,12,12,30,55,-3.4000000953674316,-1.899999976158142,0.04000000283122063,0.15000000596046448,37,19,15,8,25,49,97,58,50,21.5,21.5,24.3,24.3,6,30.0
344.834,12,12,30,55,-3.4000000953674316,-1.899999976158142,0.04000000283122063,0.15000000596046448,37,19,15,8,25,49,97,58,50,21.5,21.5,24.3,24.3,6,30.0
345.339,12,12,30,55,-3.4000000953674316,-1.899999976158142,0.04000000283122063,0.15000000596046448,37,19,15,8,25,49,97,58,50,21.5,21.5,24.3,24.3,6,30.0
345.851,12,12,30,55,-3.4000000953674316,-1.899999976158142,0.04000000283122063,0.15000000596046448,37,19,15,8,25,49,97,58,50,21.5,21.5,24.3,24.3,6,30.0
346.35,12,12,30,55,-3.4000000953674316,-1.899999976158142,0.04000000283122063,0.15000000596046448,37,19,15,8,25,49,97,58,50,21.5,21.5,24.3,24.3,6,30.0
346.844,12,12,30,55,-3.4000000953674316,-1.899999976158142,0.04000000283122063,0.15000000596046448,37,19,15,8,25,49,97,58,50,21.5,21.5,24.3,24.3,6,30.0
347.337,12,12,30,55,-3.4000000953674316,-1.899999976158142,0.04000000283122063,0.15000000596046448,37,19,15,8,25,49,97,58,50,21.5,21.5,24.3,24.3,6,30.0
347.84,12,12,30,55,-3.4000000953674316,-1.899999976158142,0.04000000283122063,0.15000000596046448,37,19,15,8,25,49,97,58,50,21.5,21.5,24.3,24.3,6,30.0
348.346,12,12,30,55,-3.4000000953674316,-1.899999976158142,0.04000000283122063,0.15000000596046448,37,19,15,8,25,49,97,58,50,21.5,21.5,24.3,24.3,6,30.0
348.845,12,12,30,55,-3.4000000953674316,-1.899999976158142,0.04000000283122063,0.15000000596046448,37,19,15,8,25,49,97,58,50,21.5,21.5,24.3,24.3,6,30.0
349.333,12,12,30,55,-3.4000000953674316,-1.899999976158142,0.04000000283122063,0.15000000596046448,37,19,15,8,25,49,97,58,50,21.5,21.5,24.3,24.3,6,30.0
349.846,12,12,30,55,-3.4000000953674316,-1.899999976158142,0.04000000283122063,0.15000000596046448,37,19,15,8,25,49,97,58,50,21.5,21.5,24.3,24.3,6,30.0
350.348,12,12,30,55,-3.4000000953674316,-1.899999976158142,0.04000000283122063,0.15000000596046448,37,19,15,8,25,49,97,58,50,21.5,21.5,24.3,24.3,6,30.0
350.841,12,12,30,55,-3.4000000953674316,-1.899999976158142,0.04000000283122063,0.15000000596046448,37,19,15,8,25,49,97,58,50,21.5,21.5,24.3,24.3,6,30.0
351.341,12,12,30,55,-3.4000000953674316,-1.899999976158142,0.04000000283122063,0.15000000596046448,37,19,15,8,25,49,97,58,50,21.5,21.5,24.3,24.3,6,30.0
351.847,12,12,30,55,-3.4000000953674316,-1.899999976158142,0.04000000283122063,0.15000000596046448,37,19,15,8,25,49,97,58,50,21.5,21.5,24.3,24.3,6,30.0
352.349,12,12,30,55,-3.4000000953674316,-1.899999976158142,0.04000000283122063,0.15000000596046448,37,19,15,8,25,49,97,58,50,21.5,21.5,24.3,24.3,6,30.0
352.843,12,12,30,55,-3.4000000953674316,-1.899999976158142,0.04000000283122063,0.15000000596046448,37,19,15,8,25,49,97,58,50,21.5,21.5,24.3,24.3,6,30.0
353.337,12,12,30,55,-3.4000000953674316,-1.899999976158142,0.04000000283122063,0.15000000596046448,37,19,15,8,25,49,97,58,50,21.5,21.5,24.3,24.3,6,30.0
353.836,12,12,30,55,-3.4000000953674316,-1.899999976158142,0.04000000283122063,0.15000000596046448,37,19,15,8,25,49,97,58,50,21.5,21.5,24.3,24.3,6,30.0
354.347,12,12,30,55,-3.4000000953674316,-1.899999976158142,0.04000000283122063,0.15000000596046448,37,19,15,8,25,49,97,58,50,21.5,21.5,24.3,24.3,6,30.0
354.836,12,12,30,55,-3.4000000953674316,-1.899999976158142,0.04000000283122063,0.15000000596046448,37,19,15,8,25,49,97,58,50,21.5,21.5,24.3,24.3,6,30.0
355.334,12,12,30,55,-3.4000000953674316,-1.899999976158142,0.04000000283122063,0.15000000596046448,37,19,15,8,25,49,97,58,50,21.5,21.5,24.3,24.3,6,30.0
355.833,12,12,30,55,-3.4000000953674316,-1.899999976158142,0.04000000283122063,0.15000000596046448,37,19,15,8,25,49,97,58,50,21.5,21.5,24.3,24.3,6,30.0
356.34,12,12,30,55,-3.4000000953674316,-1.899999976158142,0.04000000283122063,0.15000000596046448,37,19,15,8,25,49,97,58,50,21.5,21.5,24.3,24.3,6,30.0
356.841,12,12,30,55,-3.4000000953674316,-1.899999976158142,0.04000000283122063,0.15000000596046448,37,19,15,8,25,49,97,58,50,21.5,21.5,24.3,24.3,6,30.0
357.346,12,12,30,55,-3.4000000953674316,-1.899999976158142,0.04000000283122063,0.15000000596046448,37,19,15,8,25,49,97,58,50,21.5,21.5,24.3,24.3,6,30.0
357.848,12,12,30,55,-3.4000000953674316,-1.899999976158142,0.04000000283122063,0.15000000596046448,37,19,15,8,25,49,97,58,50,21.5,21.5,24.3,24.3,6,30.0
358.344,12,12,30,55,-3.4000000953674316,-1.899999976158142,0.04000000283122063,0.15000000596046448,37,19,15,8,25,49,97,58,50,21.5,21.5,24.3,24.3,6,30.0
358.849,12,12,30,55,-3.4000000953674316,-1.899999976158142,0.04000000283122063,0.15000000596046448,37,19,15,8,25,49,97,58,50,21.5,21.5,24.3,24.3,6,30.0
359.337,12,12,30,55,-3.4000000953674316,-1.899999976158142,0.04000000283122063,0.15000000596046448,37,19,15,8,25,49,97,58,50,21.5,21.5,24.3,24.3,6,30.0
359.846,12,12,30,55,-3.4000000953674316,-1.899999976158142,0.04000000283122063,0.15000000596046448,37,19,15,8,25,49,97,58,50,21.5,21.5,24.3,24.3,6,30.0
360.334,12,12,30,55,-3.4000000953674316,-1.899999976158142,0.04000000283122063,0.15000000596046448,37,19,15,8,25,49,97,58,50,21.5,21.5,24.3,24.3,6,30.0
360.839,12,12,30,55,-3.4000000953674316,-1.899999976158142,0.04000000283122063,0.15000000596046448,37,19,15,8,25,49,97,58,50,21.5,21.5,24.3,24.3,6,30.0
361.338,12,12,30,55,-3.4000000953674316,-1.899999976158142,0.04000000283122063,0.15000000596046448,37,19,15,8,25,49,97,58,50,21.5,21.5,24.3,24.3,6,30.0
361.839,12,12,30,55,-3.4000000953674316,-1.899999976158142,0.04000000283122063,0.15000000596046448,37,19,15,8,25,49,97,58,50,21.5,21.5,24.3,24.3,6,30.0
362.354,12,12,30,55,-3.4000000953674316,-1.899999976158142,0.04000000283122063,0.15000000596046448,37,19,15,8,25,49,97,58,50,21.5,21.5,24.3,24.3,6,30.0
362.848,12,12,30,55,-3.4000000953674316,-1.899999976158142,0.04000000283122063,0.15000000596046448,37,19,15,8,25,49,97,58,50,21.5,21.5,24.3,24.3,6,30.0
363.354,12,12,30,55,-3.4000000953674316,-1.899999976158142,0.04000000283122063,0.15000000596046448,37,19,15,8,25,49,97,58,50,21.5,21.5,24.3,24.3,6,30.0
363.853,12,12,30,55,-3.4000000953674316,-1.899999976158142,0.04000000283122063,0.15000000596046448,37,19,15,8,25,49,97,58,50,21.5,21.5,24.3,24.3,6,30.0
364.336,12,12,30,55,-3.4000000953674316,-1.899999976158142,0.04000000283122063,0.15000000596046448,37,19,15,8,25,49,97,58,50,21.5,21.5,24.3,24.3,6,30.0
364.845,12,12,30,55,-3.4000000953674316,-1.899999976158142,0.04000000283122063,0.15000000596046448,37,19,15,8,25,49,97,58,50,21.5,21.5,24.3,24.3,6,30.0
365.346,12,12,30,55,-3.4000000953674316,-1.899999976158142,0.04000000283122063,0.15000000596046448,37,19,15,8,25,49,97,58,50,21.5,21.5,24.3,24.3,6,30.0
365.855,12,12,30,55,-3.4000000953674316,-1.899999976158142,0.04000000283122063,0.15000000596046448,37,19,15,8,25,49,97,58,50,21.5,21.5,24.3,24.3,6,30.0
366.353,12,12,30,55,-3.4000000953674316,-1.899999976158142,0.04000000283122063,0.15000000596046448,37,19,15,8,25,49,97,58,50,21.5,21.5,24.3,24.3,6,30.0
366.851,12,12,30,55,-3.4000000953674316,-1.899999976158142,0.04000000283122063,0.15000000596046448,37,19,15,8,25,49,97,58,50,21.5,21.5,24.3,24.3,6,30.0
367.342,12,12,30,55,-3.4000000953674316,-1.899999976158142,0.04000000283122063,0.15000000596046448,37,19,15,8,25,49,97,58,50,21.5,21.5,24.3,24.3,6,30.0
367.833,12,12,30,55,-3.4000000953674316,-1.899999976158142,0.04000000283122063,0.15000000596046448,37,19,15,8,25,49,97,58,50,21.5,21.5,24.3,24.3,6,30.0
368.348,12,12,30,55,-3.4000000953674316,-1.899999976158142,0.04000000283122063,0.15000000596046448,37,19,15,8,25,49,97,58,50,21.5,21.5,24.3,24.3,6,30.0
368.841,12,12,30,55,-3.4000000953674316,-1.899999976158142,0.04000000283122063,0.15000000596046448,37,19,15,8,25,49,97,58,50,21.5,21.5,24.3,24.3,6,30.0
369.334,12,12,30,55,-3.4000000953674316,-1.899999976158142,0.04000000283122063,0.15000000596046448,37,19,15,8,25,49,97,58,50,21.5,21.5,24.3,24.3,6,30.0
369.846,12,12,30,55,-3.4000000953674316,-1.899999976158142,0.04000000283122063,0.15000000596046448,37,19,15,8,25,49,97,58,50,21.5,21.5,24.3,24.3,6,30.0
370.345,12,12,30,55,-3.4000000953674316,-1.899999976158142,0.04000000283122063,0.15000000596046448,37,19,15,8,25,49,97,58,50,21.5,21.5,24.3,24.3,6,30.0
370.852,12,12,30,55,-3.4000000953674316,-1.899999976158142,0.04000000283122063,0.15000000596046448,37,19,15,8,25,49,97,58,50,21.5,21.5,24.3,24.3,6,30.0
371.345,12,12,30,55,-3.4000000953674316,-1.899999976158142,0.04000000283122063,0.15000000596046448,37,19,15,8,25,49,97,58,50,21.5,21.5,24.3,24.3,6,30.0
371.833,12,12,30,55,-3.4000000953674316,-1.899999976158142,0.04000000283122063,0.15000000596046448,37,19,15,8,25,49,97,58,50,21.5,21.5,24.3,24.3,6,30.0
372.344,12,12,30,55,-3.4000000953674316,-1.899999976158142,0.04000000283122063,0.15000000596046448,37,19,15,8,25,49,97,58,50,21.5,21.5,24.3,24.3,6,30.0
372.843,12,12,30,55,-3.4000000953674316,-1.899999976158142,0.04000000283122063,0.15000000596046448,37,19,15,8,25,49,97,58,50,21.5,21.5,24.3,24.3,6,30.0
373.35,12,12,30,55,-3.4000000953674316,-1.899999976158142,0.04000000283122063,0.15000000596046448,37,19,15,8,25,49,97,58,50,21.5,21.5,24.3,24.3,6,30.0
373.853,12,12,30,55,-3.4000000953674316,-1.899999976158142,0.04000000283122063,0.15000000596046448,37,19,15,8,25,49,97,58,50,21.5,21.5,24.3,24.3,6,30.0
374.352,12,12,30,55,-3.4000000953674316,-1.899999976158142,0.04000000283122063,0.15000000596046448,37,19,15,8,25,49,97,58,50,21.5,21.5,24.3,24.3,6,30.0
374.854,12,12,30,55,-3.4000000953674316,-1.899999976158142,0.04000000283122063,0.15000000596046448,37,19,15,8,25,49,97,58,50,21.5,21.5,24.3,24.3,6,30.0
375.343,12,12,30,55,-3.4000000953674316,-1.899999976158142,0.04000000283122063,0.15000000596046448,37,19,15,8,25,49,97,58,50,21.5,21.5,24.3,24.3,6,30.0
375.836,12,12,30,55,-3.4000000953674316,-1.899999976158142,0.04000000283122063,0.15000000596046448,37,19,15,8,25,49,97,58,50,21.5,21.5,24.3,24.3,6,30.0
376.352,12,12,30,55,-3.4000000953674316,-1.899999976158142,0.04000000283122063,0.15000000596046448,37,19,15,8,25,49,97,58,50,21.5,21.5,24.3,24.3,6,30.0
376.833,12,12,30,55,-3.4000000953674316,-1.899999976158142,0.04000000283122063,0.15000000596046448,37,19,15,8,25,49,97,58,50,21.5,21.5,24.3,24.3,6,30.0
377.345,12,12,30,55,-3.4000000953674316,-1.899999976158142,0.04000000283122063,0.15000000596046448,37,19,15,8,25,49,97,58,50,21.5,21.5,24.3,24.3,6,30.0
377.844,12,12,30,55,-3.4000000953674316,-1.899999976158142,0.04000000283122063,0.15000000596046448,37,19,15,8,25,49,97,58,50,21.5,21.5,24.3,24.3,6,30.0
378.359,12,12,30,55,-3.4000000953674316,-1.899999976158142,0.04000000283122063,0.15000000596046448,37,19,15,8,25,49,97,58,50,21.5,21.5,24.3,24.3,6,30.0
378.857,12,12,30,55,-3.4000000953674316,-1.899999976158142,0.04000000283122063,0.15000000596046448,37,19,15,8,25,49,97,58,50,21.5,21.5,24.3,24.3,6,30.0
379.347,12,12,30,55,-3.4000000953674316,-1.899999976158142,0.04000000283122063,0.15000000596046448,37,19,15,8,25,49,97,58,50,21.5,21.5,24.3,24.3,6,30.0
379.844,12,12,30,55,-3.4000000953674316,-1.899999976158142,0.04000000283122063,0.15000000596046448,37,19,15,8,25,49,97,58,50,21.5,21.5,24.3,24.3,6,30.0
380.349,12,12,30,55,-3.4000000953674316,-1.899999976158142,0.04000000283122063,0.15000000596046448,37,19,15,8,25,49,97,58,50,21.5,21.5,24.3,24.3,6,30.0
380.857,12,12,30,55,-3.4000000953674316,-1.899999976158142,0.04000000283122063,0.15000000596046448,37,19,15,8,25,49,97,58,50,21.5,21.5,24.3,24.3,6,30.0
381.356,12,12,30,55,-3.4000000953674316,-1.899999976158142,0.04000000283122063,0.15000000596046448,37,19,15,8,25,49,97,58,50,21.5,21.5,24.3,24.3,6,30.0
381.836,12,12,30,55,-3.4000000953674316,-1.899999976158142,0.04000000283122063,0.15000000596046448,37,19,15,8,25,49,97,58,50,21.5,21.5,24.3,24.3,6,30.0
382.338,12,12,30,55,-3.4000000953674316,-1.899999976158142,0.04000000283122063,0.15000000596046448,37,19,15,8,25,49,97,58,50,21.5,21.5,24.3,24.3,6,30.0
382.843,12,12,30,55,-3.4000000953674316,-1.899999976158142,0.04000000283122063,0.15000000596046448,37,19,15,8,25,49,97,58,50,21.5,21.5,24.3,24.3,6,30.0
383.347,12,12,30,55,-3.4000000953674316,-1.899999976158142,0.04000000283122063,0.15000000596046448,37,19,15,8,25,49,97,58,50,21.5,21.5,24.3,24.3,6,30.0
383.854,12,12,30,55,-3.4000000953674316,-1.899999976158142,0.04000000283122063,0.15000000596046448,37,19,15,8,25,49,97,58,50,21.5,21.5,24.3,24.3,6,30.0
384.341,12,12,30,55,-3.4000000953674316,-1.899999976158142,0.04000000283122063,0.15000000596046448,37,19,15,8,25,49,97,58,50,21.5,21.5,24.3,24.3,6,30.0
384.844,12,12,30,55,-3.4000000953674316,-1.899999976158142,0.04000000283122063,0.15000000596046448,37,19,15,8,25,49,97,58,50,21.5,21.5,24.3,24.3,6,30.0
385.352,12,12,30,55,-3.4000000953674316,-1.899999976158142,0.04000000283122063,0.15000000596046448,37,19,15,8,25,49,97,58,50,21.5,21.5,24.3,24.3,6,30.0
385.834,12,12,30,55,-3.4000000953674316,-1.899999976158142,0.04000000283122063,0.15000000596046448,37,19,15,8,25,49,97,58,50,21.5,21.5,24.3,24.3,6,30.0
386.342,12,12,30,55,-3.4000000953674316,-1.899999976158142,0.04000000283122063,0.15000000596046448,37,19,15,8,25,49,97,58,50,21.5,21.5,24.3,24.3,6,30.0
386.844,12,12,30,55,-3.4000000953674316,-1.899999976158142,0.04000000283122063,0.15000000596046448,37,19,15,8,25,49,97,58,50,21.5,21.5,24.3,24.3,6,30.0
387.339,12,12,30,55,-3.4000000953674316,-1.899999976158142,0.04000000283122063,0.15000000596046448,37,19,15,8,25,49,97,58,50,21.5,21.5,24.3,24.3,6,30.0
387.833,12,12,30,55,-3.4000000953674316,-1.899999976158142,0.04000000283122063,0.15000000596046448,37,19,15,8,25,49,97,58,50,21.5,21.5,24.3,24.3,6,30.0
388.355,12,12,30,55,-3.4000000953674316,-1.899999976158142,0.04000000283122063,0.15000000596046448,37,19,15,8,25,49,97,58,50,21.5,21.5,24.3,24.3,6,30.0
388.848,12,12,30,55,-3.4000000953674316,-1.899999976158142,0.04000000283122063,0.15000000596046448,37,19,15,8,25,49,97,58,50,21.5,21.5,24.3,24.3,6,30.0
389.352,12,12,30,55,-3.4000000953674316,-1.899999976158142,0.04000000283122063,0.15000000596046448,37,19,15,8,25,49,97,58,50,21.5,21.5,24.3,24.3,6,30.0
389.836,12,12,30,55,-3.4000000953674316,-1.899999976158142,0.04000000283122063,0.15000000596046448,37,19,15,8,25,49,97,58,50,21.5,21.5,24.3,24.3,6,30.0
390.334,12,12,30,55,-3.4000000953674316,-1.899999976158142,0.04000000283122063,0.15000000596046448,37,19,15,8,25,49,97,58,50,21.5,21.5,24.3,24.3,6,30.0
390.84,12,12,30,55,-3.4000000953674316,-1.899999976158142,0.04000000283122063,0.15000000596046448,37,19,15,8,25,49,97,58,50,21.5,21.5,24.3,24.3,6,30.0
391.347,12,12,30,55,-3.4000000953674316,-1.899999976158142,0.04000000283122063,0.15000000596046448,37,19,15,8,25,49,97,58,50,21.5,21.5,24.3,24.3,6,30.0
391.853,12,12,30,55,-3.4000000953674316,-1.899999976158142,0.04000000283122063,0.15000000596046448,37,19,15,8,25,49,97,58,50,21.5,21.5,24.3,24.3,6,30.0
392.344,12,12,30,55,-3.4000000953674316,-1.899999976158142,0.04000000283122063,0.15000000596046448,37,19,15,8,25,49,97,58,50,21.5,21.5,24.3,24.3,6,30.0
392.846,12,12,30,55,-3.4000000953674316,-1.899999976158142,0.04000000283122063,0.15000000596046448,37,19,15,8,25,49,97,58,50,21.5,21.5,24.3,24.3,6,30.0
393.355,12,12,30,55,-3.4000000953674316,-1.899999976158142,0.04000000283122063,0.15000000596046448,37,19,15,8,25,49,97,58,50,21.5,21.5,24.3,24.3,6,30.0
393.84,12,12,30,55,-3.4000000953674316,-1.899999976158142,0.04000000283122063,0.15000000596046448,37,19,15,8,25,49,97,58,50,21.5,21.5,24.3,24.3,6,30.0
394.335,12,12,30,55,-3.4000000953674316,-1.899999976158142,0.04000000283122063,0.15000000596046448,37,19,15,8,25,49,97,58,50,21.5,21.5,24.3,24.3,6,30.0
394.843,12,12,30,55,-3.4000000953674316,-1.899999976158142,0.04000000283122063,0.15000000596046448,37,19,15,8,25,49,97,58,50,21.5,21.5,24.3,24.3,6,30.0
395.337,12,12,30,55,-3.4000000953674316,-1.899999976158142,0.04000000283122063,0.15000000596046448,37,19,15,8,25,49,97,58,50,21.5,21.5,24.3,24.3,6,30.0
395.835,12,12,30,55,-3.4000000953674316,-1.899999976158142,0.04000000283122063,0.15000000596046448,37,19,15,8,25,49,97,58,50,21.5,21.5,24.3,24.3,6,30.0
396.344,12,12,30,55,-3.4000000953674316,-1.899999976158142,0.04000000283122063,0.15000000596046448,37,19,15,8,25,49,97,58,50,21.5,21.5,24.3,24.3,6,30.0
396.853,12,12,30,55,-3.4000000953674316,-1.899999976158142,0.04000000283122063,0.15000000596046448,37,19,15,8,25,49,97,58,50,21.5,21.5,24.3,24.3,6,30.0
397.345,12,12,30,55,-3.4000000953674316,-1.899999976158142,0.04000000283122063,0.15000000596046448,37,19,15,8,25,49,97,58,50,21.5,21.5,24.3,24.3,6,30.0
397.842,12,12,30,55,-3.4000000953674316,-1.899999976158142,0.04000000283122063,0.15000000596046448,37,19,15,8,25,49,97,58,50,21.5,21.5,24.3,24.3,6,30.0
398.334,12,12,30,55,-3.4000000953674316,-1.899999976158142,0.04000000283122063,0.15000000596046448,37,19,15,8,25,49,97,58,50,21.5,21.5,24.3,24.3,6,30.0
398.85,12,12,30,55,-3.4000000953674316,-1.899999976158142,0.04000000283122063,0.15000000596046448,37,19,15,8,25,49,97,58,50,21.5,21.5,24.3,24.3,6,30.0
399.335,12,12,30,55,-3.4000000953674316,-1.899999976158142,0.04000000283122063,0.15000000596046448,37,19,15,8,25,49,97,58,50,21.5,21.5,24.3,24.3,6,30.0
399.841,12,12,30,55,-3.4000000953674316,-1.899999976158142,0.04000000283122063,0.15000000596046448,37,19,15,8,25,49,97,58,50,21.5,21.5,24.3,24.3,6,30.0
400.344,12,12,30,55,-3.4000000953674316,-1.899999976158142,0.04000000283122063,0.15000000596046448,37,19,15,8,25,49,97,58,50,21.5,21.5,24.3,24.3,6,30.0
400.84,12,12,30,55,-3.4000000953674316,-1.899999976158142,0.04000000283122063,0.15000000596046448,37,19,15,8,25,49,97,58,50,21.5,21.5,24.3,24.3,6,30.0
401.343,12,12,30,55,-3.4000000953674316,-1.899999976158142,0.04000000283122063,0.15000000596046448,37,19,15,8,25,49,97,58,50,21.5,21.5,24.3,24.3,6,30.0
401.844,12,12,30,55,-3.4000000953674316,-1.899999976158142,0.04000000283122063,0.15000000596046448,37,19,15,8,25,49,97,58,50,21.5,21.5,24.3,24.3,6,30.0
402.343,12,12,30,55,-3.4000000953674316,-1.899999976158142,0.04000000283122063,0.15000000596046448,37,19,15,8,25,49,97,58,50,21.5,21.5,24.3,24.3,6,30.0
402.852,12,12,30,55,-3.4000000953674316,-1.899999976158142,0.04000000283122063,0.15000000596046448,37,19,15,8,25,49,97,58,50,21.5,21.5,24.3,24.3,6,30.0
403.351,12,12,30,55,-3.4000000953674316,-1.899999976158142,0.04000000283122063,0.15000000596046448,37,19,15,8,25,49,97,58,50,21.5,21.5,24.3,24.3,6,30.0
403.839,12,12,30,55,-3.4000000953674316,-1.899999976158142,0.04000000283122063,0.15000000596046448,37,19,15,8,25,49,97,58,50,21.5,21.5,24.3,24.3,6,30.0
404.351,12,12,30,55,-3.4000000953674316,-1.899999976158142,0.04000000283122063,0.15000000596046448,37,19,15,8,25,49,97,58,50,21.5,21.5,24.3,24.3,6,30.0
404.852,12,12,30,55,-3.4000000953674316,-1.899999976158142,0.04000000283122063,0.15000000596046448,37,19,15,8,25,49,97,58,50,21.5,21.5,24.3,24.3,6,30.0
405.342,12,12,30,55,-3.4000000953674316,-1.899999976158142,0.04000000283122063,0.15000000596046448,37,19,15,8,25,49,97,58,50,21.5,21.5,24.3,24.3,6,30.0
405.854,12,12,30,55,-3.4000000953674316,-1.899999976158142,0.04000000283122063,0.15000000596046448,37,19,15,8,25,49,97,58,50,21.5,21.5,24.3,24.3,6,30.0
406.345,12,12,30,55,-3.4000000953674316,-1.899999976158142,0.04000000283122063,0.15000000596046448,37,19,15,8,25,49,97,58,50,21.5,21.5,24.3,24.3,6,30.0
406.854,12,12,30,55,-3.4000000953674316,-1.899999976158142,0.04000000283122063,0.15000000596046448,37,19,15,8,25,49,97,58,50,21.5,21.5,24.3,24.3,6,30.0
407.343,12,12,30,55,-3.4000000953674316,-1.899999976158142,0.04000000283122063,0.15000000596046448,37,19,15,8,25,49,97,58,50,21.5,21.5,24.3,24.3,6,30.0
407.842,12,12,30,55,-3.4000000953674316,-1.899999976158142,0.04000000283122063,0.15000000596046448,37,19,15,8,25,49,97,58,50,21.5,21.5,24.3,24.3,6,30.0
408.352,12,12,30,55,-3.4000000953674316,-1.899999976158142,0.04000000283122063,0.15000000596046448,37,19,15,8,25,49,97,58,50,21.5,21.5,24.3,24.3,6,30.0
408.851,12,12,30,55,-3.4000000953674316,-1.899999976158142,0.04000000283122063,0.15000000596046448,37,19,15,8,25,49,97,58,50,21.5,21.5,24.3,24.3,6,30.0
409.34,12,12,30,55,-3.4000000953674316,-1.899999976158142,0.04000000283122063,0.15000000596046448,37,19,15,8,25,49,97,58,50,21.5,21.5,24.3,24.3,6,30.0
409.837,12,12,30,55,-3.4000000953674316,-1.899999976158142,0.04000000283122063,0.15000000596046448,37,19,15,8,25,49,97,58,50,21.5,21.5,24.3,24.3,6,30.0
410.347,12,12,30,55,-3.4000000953674316,-1.899999976158142,0.04000000283122063,0.15000000596046448,37,19,15,8,25,49,97,58,50,21.5,21.5,24.3,24.3,6,30.0
410.853,12,12,30,55,-3.4000000953674316,-1.899999976158142,0.04000000283122063,0.15000000596046448,37,19,15,8,25,49,97,58,50,21.5,21.5,24.3,24.3,6,30.0
411.347,12,12,30,55,-3.4000000953674316,-1.899999976158142,0.04000000283122063,0.15000000596046448,37,19,15,8,25,49,97,58,50,21.5,21.5,24.3,24.3,6,30.0
411.845,12,12,30,55,-3.4000000953674316,-1.899999976158142,0.04000000283122063,0.15000000596046448,37,19,15,8,25,49,97,58,50,21.5,21.5,24.3,24.3,6,30.0
412.34,12,12,30,55,-3.4000000953674316,-1.899999976158142,0.04000000283122063,0.15000000596046448,37,19,15,8,25,49,97,58,50,21.5,21.5,24.3,24.3,6,30.0
412.85,12,12,30,55,-3.4000000953674316,-1.899999976158142,0.04000000283122063,0.15000000596046448,37,19,15,8,25,49,97,58,50,21.5,21.5,24.3,24.3,6,30.0
413.346,12,12,30,55,-3.4000000953674316,-1.899999976158142,0.04000000283122063,0.15000000596046448,37,19,15,8,25,49,97,58,50,21.5,21.5,24.3,24.3,6,30.0
413.835,12,12,30,55,-3.4000000953674316,-1.899999976158142,0.04000000283122063,0.15000000596046448,37,19,15,8,25,49,97,58,50,21.5,21.5,24.3,24.3,6,30.0
414.346,12,12,30,55,-3.4000000953674316,-1.899999976158142,0.04000000283122063,0.15000000596046448,37,19,15,8,25,49,97,58,50,21.5,21.5,24.3,24.3,6,30.0
414.851,12,12,30,55,-3.4000000953674316,-1.899999976158142,0.04000000283122063,0.15000000596046448,37,19,15,8,25,49,97,58,50,21.5,21.5,24.3,24.3,6,30.0
415.343,12,12,30,55,-3.4000000953674316,-1.899999976158142,0.04000000283122063,0.15000000596046448,37,19,15,8,25,49,97,58,50,21.5,21.5,24.3,24.3,6,30.0
415.838,12,12,30,55,-3.4000000953674316,-1.899999976158142,0.04000000283122063,0.15000000596046448,37,19,15,8,25,49,97,58,50,21.5,21.5,24.3,24.3,6,30.0
416.342,12,12,30,55,-3.4000000953674316,-1.899999976158142,0.04000000283122063,0.15000000596046448,37,19,15,8,25,49,97,58,50,21.5,21.5,24.3,24.3,6,30.0
416.834,12,12,30,55,-3.4000000953674316,-1.899999976158142,0.04000000283122063,0.15000000596046448,37,19,15,8,25,49,97,58,50,21.5,21.5,24.3,24.3,6,30.0
417.344,12,12,30,55,-3.4000000953674316,-1.899999976158142,0.04000000283122063,0.15000000596046448,37,19,15,8,25,49,97,58,50,21.5,21.5,24.3,24.3,6,30.0
417.847,12,12,30,55,-3.4000000953674316,-1.899999976158142,0.04000000283122063,0.15000000596046448,37,19,15,8,25,49,97,58,50,21.5,21.5,24.3,24.3,6,30.0
418.347,12,12,30,55,-3.4000000953674316,-1.899999976158142,0.04000000283122063,0.15000000596046448,37,19,15,8,25,49,97,58,50,21.5,21.5,24.3,24.3,6,30.0
418.833,12,12,30,55,-3.4000000953674316,-1.899999976158142,0.04000000283122063,0.15000000596046448,37,19,15,8,25,49,97,58,50,21.5,21.5,24.3,24.3,6,30.0
419.354,12,12,30,55,-3.4000000953674316,-1.899999976158142,0.04000000283122063,0.15000000596046448,37,19,15,8,25,49,97,58,50,21.5,21.5,24.3,24.3,6,30.0
419.847,12,12,30,55,-3.4000000953674316,-1.899999976158142,0.04000000283122063,0.15000000596046448,37,19,15,8,25,49,97,58,50,21.5,21.5,24.3,24.3,6,30.0
420.353,12,12,30,55,-3.4000000953674316,-1.899999976158142,0.04000000283122063,0.15000000596046448,37,19,15,8,25,49,97,58,50,21.5,21.5,24.3,24.3,6,30.0
420.836,12,12,30,55,-3.4000000953674316,-1.899999976158142,0.04000000283122063,0.15000000596046448,37,19,15,8,25,49,97,58,50,21.5,21.5,24.3,24.3,6,30.0
421.335,12,12,30,55,-3.4000000953674316,-1.899999976158142,0.04000000283122063,0.15000000596046448,37,19,15,8,25,49,97,58,50,21.5,21.5,24.3,24.3,6,30.0
421.833,12,12,30,55,-3.4000000953674316,-1.899999976158142,0.04000000283122063,0.15000000596046448,37,19,15,8,25,49,97,58,50,21.5,21.5,24.3,24.3,6,30.0
422.355,12,12,30,55,-3.4000000953674316,-1.899999976158142,0.04000000283122063,0.15000000596046448,37,19,15,8,25,49,97,58,50,21.5,21.5,24.3,24.3,6,30.0
422.843,12,12,30,55,-3.4000000953674316,-1.899999976158142,0.04000000283122063,0.15000000596046448,37,19,15,8,25,49,97,58,50,21.5,21.5,24.3,24.3,6,30.0
423.357,12,12,30,55,-3.4000000953674316,-1.899999976158142,0.04000000283122063,0.15000000596046448,37,19,15,8,25,49,97,58,50,21.5,21.5,24.3,24.3,6,30.0
423.857,12,12,30,55,-3.4000000953674316,-1.899999976158142,0.04000000283122063,0.15000000596046448,37,19,15,8,25,49,97,58,50,21.5,21.5,24.3,24.3,6,30.0
424.35,12,12,30,55,-3.4000000953674316,-1.899999976158142,0.04000000283122063,0.15000000596046448,37,19,15,8,25,49,97,58,50,21.5,21.5,24.3,24.3,6,30.0
424.839,12,12,30,55,-3.4000000953674316,-1.899999976158142,0.04000000283122063,0.15000000596046448,37,19,15,8,25,49,97,58,50,21.5,21.5,24.3,24.3,6,30.0
425.342,12,12,30,55,-3.4000000953674316,-1.899999976158142,0.04000000283122063,0.15000000596046448,37,19,15,8,25,49,97,58,50,21.5,21.5,24.3,24.3,6,30.0
425.839,12,12,30,55,-3.4000000953674316,-1.899999976158142,0.04000000283122063,0.15000000596046448,37,19,15,8,25,49,97,58,50,21.5,21.5,24.3,24.3,6,30.0
426.337,12,12,30,55,-3.4000000953674316,-1.899999976158142,0.04000000283122063,0.15000000596046448,37,19,15,8,25,49,97,58,50,21.5,21.5,24.3,24.3,6,30.0
426.836,12,12,30,55,-3.4000000953674316,-1.899999976158142,0.04000000283122063,0.15000000596046448,37,19,15,8,25,49,97,58,50,21.5,21.5,24.3,24.3,6,30.0
427.343,12,12,30,55,-3.4000000953674316,-1.899999976158142,0.04000000283122063,0.15000000596046448,37,19,15,8,25,49,97,58,50,21.5,21.5,24.3,24.3,6,30.0
427.851,12,12,30,55,-3.4000000953674316,-1.899999976158142,0.04000000283122063,0.15000000596046448,37,19,15,8,25,49,97,58,50,21.5,21.5,24.3,24.3,6,30.0
428.334,12,12,30,55,-3.4000000953674316,-1.899999976158142,0.04000000283122063,0.15000000596046448,37,19,15,8,25,49,97,58,50,21.5,21.5,24.3,24.3,6,30.0
428.834,12,12,30,55,-3.4000000953674316,-1.899999976158142,0.04000000283122063,0.15000000596046448,37,19,15,8,25,49,97,58,50,21.5,21.5,24.3,24.3,6,30.0
429.35,12,12,30,55,-3.4000000953674316,-1.899999976158142,0.04000000283122063,0.15000000596046448,37,19,15,8,25,49,97,58,50,21.5,21.5,24.3,24.3,6,30.0
429.842,12,12,30,55,-3.4000000953674316,-1.899999976158142,0.04000000283122063,0.15000000596046448,37,19,15,8,25,49,97,58,50,21.5,21.5,24.3,24.3,6,30.0
430.358,12,12,30,55,-3.4000000953674316,-1.899999976158142,0.04000000283122063,0.15000000596046448,37,19,15,8,25,49,97,58,50,21.5,21.5,24.3,24.3,6,30.0
430.841,12,12,30,55,-3.4000000953674316,-1.899999976158142,0.04000000283122063,0.15000000596046448,37,19,15,8,25,49,97,58,50,21.5,21.5,24.3,24.3,6,30.0
431.344,12,12,30,55,-3.4000000953674316,-1.899999976158142,0.04000000283122063,0.15000000596046448,37,19,15,8,25,49,97,58,50,21.5,21.5,24.3,24.3,6,30.0
431.854,12,12,30,55,-3.4000000953674316,-1.899999976158142,0.04000000283122063,0.15000000596046448,37,19,15,8,25,49,97,58,50,21.5,21.5,24.3,24.3,6,30.0
432.343,12,12,30,55,-3.4000000953674316,-1.899999976158142,0.04000000283122063,0.15000000596046448,37,19,15,8,25,49,97,58,50,21.5,21.5,24.3,24.3,6,30.0
432.856,12,12,30,55,-3.4000000953674316,-1.899999976158142,0.04000000283122063,0.15000000596046448,37,19,15,8,25,49,97,58,50,21.5,21.5,24.3,24.3,6,30.0
433.353,12,12,30,55,-3.4000000953674316,-1.899999976158142,0.04000000283122063,0.15000000596046448,37,19,15,8,25,49,97,58,50,21.5,21.5,24.3,24.3,6,30.0
433.848,12,12,30,55,-3.4000000953674316,-1.899999976158142,0.04000000283122063,0.15000000596046448,37,19,15,8,25,49,97,58,50,21.5,21.5,24.3,24.3,6,30.0
434.333,12,12,30,55,-3.4000000953674316,-1.899999976158142,0.04000000283122063,0.15000000596046448,37,19,15,8,25,49,97,58,50,21.5,21.5,24.3,24.3,6,30.0
434.855,12,12,30,55,-3.4000000953674316,-1.899999976158142,0.04000000283122063,0.15000000596046448,37,19,15,8,25,49,97,58,50,21.5,21.5,24.3,24.3,6,30.0
435.346,12,12,30,55,-3.4000000953674316,-1.899999976158142,0.04000000283122063,0.15000000596046448,37,19,15,8,25,49,97,58,50,21.5,21.5,24.3,24.3,6,30.0
435.839,12,12,30,55,-3.4000000953674316,-1.899999976158142,0.04000000283122063,0.15000000596046448,37,19,15,8,25,49,97,58,50,21.5,21.5,24.3,24.3,6,30.0
436.346,12,12,30,55,-3.4000000953674316,-1.899999976158142,0.04000000283122063,0.15000000596046448,37,19,15,8,25,49,97,58,50,21.5,21.5,24.3,24.3,6,30.0
436.848,12,12,30,55,-3.4000000953674316,-1.899999976158142,0.04000000283122063,0.15000000596046448,37,19,15,8,25,49,97,58,50,21.5,21.5,24.3,24.3,6,30.0
437.346,12,12,30,55,-3.4000000953674316,-1.899999976158142,0.04000000283122063,0.15000000596046448,37,19,15,8,25,49,97,58,50,21.5,21.5,24.3,24.3,6,30.0
437.834,12,12,30,55,-3.4000000953674316,-1.899999976158142,0.04000000283122063,0.15000000596046448,37,19,15,8,25,49,97,58,50,21.5,21.5,24.3,24.3,6,30.0
438.341,12,12,30,55,-3.4000000953674316,-1.899999976158142,0.04000000283122063,0.15000000596046448,37,19,15,8,25,49,97,58,50,21.5,21.5,24.3,24.3,6,30.0
438.855,12,12,30,55,-3.4000000953674316,-1.899999976158142,0.04000000283122063,0.15000000596046448,37,19,15,8,25,49,97,58,50,21.5,21.5,24.3,24.3,6,30.0
439.353,12,12,30,55,-3.4000000953674316,-1.899999976158142,0.04000000283122063,0.15000000596046448,37,19,15,8,25,49,97,58,50,21.5,21.5,24.3,24.3,6,30.0
439.833,12,12,30,55,-3.4000000953674316,-1.899999976158142,0.04000000283122063,0.15000000596046448,37,19,15,8,25,49,97,58,50,21.5,21.5,24.3,24.3,6,30.0
440.347,12,12,30,55,-3.4000000953674316,-1.899999976158142,0.04000000283122063,0.15000000596046448,37,19,15,8,25,49,97,58,50,21.5,21.5,24.3,24.3,6,30.0
440.842,12,12,30,55,-3.4000000953674316,-1.899999976158142,0.04000000283122063,0.15000000596046448,37,19,15,8,25,49,97,58,50,21.5,21.5,24.3,24.3,6,30.0
441.354,12,12,30,55,-3.4000000953674316,-1.899999976158142,0.04000000283122063,0.15000000596046448,37,19,15,8,25,49,97,58,50,21.5,21.5,24.3,24.3,6,30.0
441.845,12,12,30,55,-3.4000000953674316,-1.899999976158142,0.04000000283122063,0.15000000596046448,37,19,15,8,25,49,97,58,50,21.5,21.5,24.3,24.3,6,30.0
442.354,12,12,30,55,-3.4000000953674316,-1.899999976158142,0.04000000283122063,0.15000000596046448,37,19,15,8,25,49,97,58,50,21.5,21.5,24.3,24.3,6,30.0
442.847,12,12,30,55,-3.4000000953674316,-1.899999976158142,0.04000000283122063,0.15000000596046448,37,19,15,8,25,49,97,58,50,21.5,21.5,24.3,24.3,6,30.0
443.337,12,12,30,55,-3.4000000953674316,-1.899999976158142,0.04000000283122063,0.15000000596046448,37,19,15,8,25,49,97,58,50,21.5,21.5,24.3,24.3,6,30.0
443.858,12,12,30,55,-3.4000000953674316,-1.899999976158142,0.04000000283122063,0.15000000596046448,37,19,15,8,25,49,97,58,50,21.5,21.5,24.3,24.3,6,30.0
444.345,12,12,30,55,-3.4000000953674316,-1.899999976158142,0.04000000283122063,0.15000000596046448,37,19,15,8,25,49,97,58,50,21.5,21.5,24.3,24.3,6,30.0
444.84,12,12,30,55,-3.4000000953674316,-1.899999976158142,0.04000000283122063,0.15000000596046448,37,19,15,8,25,49,97,58,50,21.5,21.5,24.3,24.3,6,30.0
445.348,12,12,30,55,-3.4000000953674316,-1.899999976158142,0.04000000283122063,0.15000000596046448,37,19,15,8,25,49,97,58,50,21.5,21.5,24.3,24.3,6,30.0
445.853,12,12,30,55,-3.4000000953674316,-1.899999976158142,0.04000000283122063,0.15000000596046448,37,19,15,8,25,49,97,58,50,21.5,21.5,24.3,24.3,6,30.0
446.341,12,12,30,55,-3.4000000953674316,-1.899999976158142,0.04000000283122063,0.15000000596046448,37,19,15,8,25,49,97,58,50,21.5,21.5,24.3,24.3,6,30.0
446.86,12,12,30,55,-3.4000000953674316,-1.899999976158142,0.04000000283122063,0.15000000596046448,37,19,15,8,25,49,97,58,50,21.5,21.5,24.3,24.3,6,30.0
447.357,12,12,30,55,-3.4000000953674316,-1.899999976158142,0.04000000283122063,0.15000000596046448,37,19,15,8,25,49,97,58,50,21.5,21.5,24.3,24.3,6,30.0
447.845,12,12,30,55,-3.4000000953674316,-1.899999976158142,0.04000000283122063,0.15000000596046448,37,19,15,8,25,49,97,58,50,21.5,21.5,24.3,24.3,6,30.0
448.333,12,12,30,55,-3.4000000953674316,-1.899999976158142,0.04000000283122063,0.15000000596046448,37,19,15,8,25,49,97,58,50,21.5,21.5,24.3,24.3,6,30.0
448.856,12,12,30,55,-3.4000000953674316,-1.899999976158142,0.04000000283122063,0.15000000596046448,37,19,15,8,25,49,97,58,50,21.5,21.5,24.3,24.3,6,30.0
449.338,12,12,30,55,-3.4000000953674316,-1.899999976158142,0.04000000283122063,0.15000000596046448,37,19,15,8,25,49,97,58,50,21.5,21.5,24.3,24.3,6,30.0
449.858,12,12,30,55,-3.4000000953674316,-1.899999976158142,0.04000000283122063,0.15000000596046448,37,19,15,8,25,49,97,58,50,21.5,21.5,24.3,24.3,6,30.0
450.353,12,12,30,55,-3.4000000953674316,-1.899999976158142,0.04000000283122063,0.15000000596046448,37,19,15,8,25,49,97,58,50,21.5,21.5,24.3,24.3,6,30.0
450.86,12,12,30,55,-3.4000000953674316,-1.899999976158142,0.04000000283122063,0.15000000596046448,37,19,15,8,25,49,97,58,50,21.5,21.5,24.3,24.3,6,30.0
451.348,12,12,30,55,-3.4000000953674316,-1.899999976158142,0.04000000283122063,0.15000000596046448,37,19,15,8,25,49,97,58,50,21.5,21.5,24.3,24.3,6,30.0
451.855,12,12,30,55,-3.4000000953674316,-1.899999976158142,0.04000000283122063,0.15000000596046448,37,19,15,8,25,49,97,58,50,21.5,21.5,24.3,24.3,6,30.0
452.353,12,12,30,55,-3.4000000953674316,-1.899999976158142,0.04000000283122063,0.15000000596046448,37,19,15,8,25,49,97,58,50,21.5,21.5,24.3,24.3,6,30.0
452.84,12,12,30,55,-3.4000000953674316,-1.899999976158142,0.04000000283122063,0.15000000596046448,37,19,15,8,25,49,97,58,50,21.5,21.5,24.3,24.3,6,30.0
453.347,12,12,30,55,-3.4000000953674316,-1.899999976158142,0.04000000283122063,0.15000000596046448,37,19,15,8,25,49,97,58,50,21.5,21.5,24.3,24.3,6,30.0
453.838,12,12,30,55,-3.4000000953674316,-1.899999976158142,0.04000000283122063,0.15000000596046448,37,19,15,8,25,49,97,58,50,21.5,21.5,24.3,24.3,6,30.0
454.337,12,12,30,55,-3.4000000953674316,-1.899999976158142,0.04000000283122063,0.15000000596046448,37,19,15,8,25,49,97,58,50,21.5,21.5,24.3,24.3,6,30.0
454.835,12,12,30,55,-3.4000000953674316,-1.899999976158142,0.04000000283122063,0.15000000596046448,37,19,15,8,25,49,97,58,50,21.5,21.5,24.3,24.3,6,30.0
455.353,12,12,30,55,-3.4000000953674316,-1.899999976158142,0.04000000283122063,0.15000000596046448,37,19,15,8,25,49,97,58,50,21.5,21.5,24.3,24.3,6,30.0
455.835,12,12,30,55,-3.4000000953674316,-1.899999976158142,0.04000000283122063,0.15000000596046448,37,19,15,8,25,49,97,58,50,21.5,21.5,24.3,24.3,6,30.0
456.349,12,12,30,55,-3.4000000953674316,-1.899999976158142,0.04000000283122063,0.15000000596046448,37,19,15,8,25,49,97,58,50,21.5,21.5,24.3,24.3,6,30.0
456.833,12,12,30,55,-3.4000000953674316,-1.899999976158142,0.04000000283122063,0.15000000596046448,37,19,15,8,25,49,97,58,50,21.5,21.5,24.3,24.3,6,30.0
457.345,12,12,30,55,-3.4000000953674316,-1.899999976158142,0.04000000283122063,0.15000000596046448,37,19,15,8,25,49,97,58,50,21.5,21.5,24.3,24.3,6,30.0
457.847,12,12,30,55,-3.4000000953674316,-1.899999976158142,0.04000000283122063,0.15000000596046448,37,19,15,8,25,49,97,58,50,21.5,21.5,24.3,24.3,6,30.0
458.333,12,12,30,55,-3.4000000953674316,-1.899999976158142,0.04000000283122063,0.15000000596046448,37,19,15,8,25,49,97,58,50,21.5,21.5,24.3,24.3,6,30.0
458.839,12,12,30,55,-3.4000000953674316,-1.899999976158142,0.04000000283122063,0.15000000596046448,37,19,15,8,25,49,97,58,50,21.5,21.5,24.3,24.3,6,30.0
459.342,12,12,30,55,-3.4000000953674316,-1.899999976158142,0.04000000283122063,0.15000000596046448,37,19,15,8,25,49,97,58,50,21.5,21.5,24.3,24.3,6,30.0
459.855,12,12,30,55,-3.4000000953674316,-1.899999976158142,0.04000000283122063,0.15000000596046448,37,19,15,8,25,49,97,58,50,21.5,21.5,24.3,24.3,6,30.0
460.351,12,12,30,55,-3.4000000953674316,-1.899999976158142,0.04000000283122063,0.15000000596046448,37,19,15,8,25,49,97,58,50,21.5,21.5,24.3,24.3,6,30.0
460.852,12,12,30,55,-3.4000000953674316,-1.899999976158142,0.04000000283122063,0.15000000596046448,37,19,15,8,25,49,97,58,50,21.5,21.5,24.3,24.3,6,30.0
461.34,12,12,30,55,-3.4000000953674316,-1.899999976158142,0.04000000283122063,0.15000000596046448,37,19,15,8,25,49,97,58,50,21.5,21.5,24.3,24.3,6,30.0
461.835,12,12,30,55,-3.4000000953674316,-1.899999976158142,0.04000000283122063,0.15000000596046448,37,19,15,8,25,49,97,58,50,21.5,21.5,24.3,24.3,6,30.0
462.334,12,12,30,55,-3.4000000953674316,-1.899999976158142,0.04000000283122063,0.15000000596046448,37,19,15,8,25,49,97,58,50,21.5,21.5,24.3,24.3,6,30.0
462.853,12,12,30,55,-3.4000000953674316,-1.899999976158142,0.04000000283122063,0.15000000596046448,37,19,15,8,25,49,97,58,50,21.5,21.5,24.3,24.3,6,30.0
463.35,12,12,30,55,-3.4000000953674316,-1.899999976158142,0.04000000283122063,0.15000000596046448,37,19,15,8,25,49,97,58,50,21.5,21.5,24.3,24.3,6,30.0
463.836,12,12,30,55,-3.4000000953674316,-1.899999976158142,0.04000000283122063,0.15000000596046448,37,19,15,8,25,49,97,58,50,21.5,21.5,24.3,24.3,6,30.0
464.351,12,12,30,55,-3.4000000953674316,-1.899999976158142,0.04000000283122063,0.15000000596046448,37,19,15,8,25,49,97,58,50,21.5,21.5,24.3,24.3,6,30.0
464.852,12,12,30,55,-3.4000000953674316,-1.899999976158142,0.04000000283122063,0.15000000596046448,37,19,15,8,25,49,97,58,50,21.5,21.5,24.3,24.3,6,30.0
465.348,12,12,30,55,-3.4000000953674316,-1.899999976158142,0.04000000283122063,0.15000000596046448,37,19,15,8,25,49,97,58,50,21.5,21.5,24.3,24.3,6,30.0
465.841,12,12,30,55,-3.4000000953674316,-1.899999976158142,0.04000000283122063,0.15000000596046448,37,19,15,8,25,49,97,58,50,21.5,21.5,24.3,24.3,6,30.0
466.338,12,12,30,55,-3.4000000953674316,-1.899999976158142,0.04000000283122063,0.15000000596046448,37,19,15,8,25,49,97,58,50,21.5,21.5,24.3,24.3,6,30.0
466.849,12,12,30,55,-3.4000000953674316,-1.899999976158142,0.04000000283122063,0.15000000596046448,37,19,15,8,25,49,97,58,50,21.5,21.5,24.3,24.3,6,30.0
467.341,12,12,30,55,-3.4000000953674316,-1.899999976158142,0.04000000283122063,0.15000000596046448,37,19,15,8,25,49,97,58,50,21.5,21.5,24.3,24.3,6,30.0
467.85,12,12,30,55,-3.4000000953674316,-1.899999976158142,0.04000000283122063,0.15000000596046448,37,19,15,8,25,49,97,58,50,21.5,21.5,24.3,24.3,6,30.0
468.335,12,12,30,55,-3.4000000953674316,-1.899999976158142,0.04000000283122063,0.15000000596046448,37,19,15,8,25,49,97,58,50,21.5,21.5,24.3,24.3,6,30.0
468.853,12,12,30,55,-3.4000000953674316,-1.899999976158142,0.04000000283122063,0.15000000596046448,37,19,15,8,25,49,97,58,50,21.5,21.5,24.3,24.3,6,30.0
469.352,12,12,30,55,-3.4000000953674316,-1.899999976158142,0.04000000283122063,0.15000000596046448,37,19,15,8,25,49,97,58,50,21.5,21.5,24.3,24.3,6,30.0
469.85,12,12,30,55,-3.4000000953674316,-1.899999976158142,0.04000000283122063,0.15000000596046448,37,19,15,8,25,49,97,58,50,21.5,21.5,24.3,24.3,6,30.0
470.347,12,12,30,55,-3.4000000953674316,-1.899999976158142,0.04000000283122063,0.15000000596046448,37,19,15,8,25,49,97,58,50,21.5,21.5,24.3,24.3,6,30.0
470.841,12,12,30,55,-3.4000000953674316,-1.899999976158142,0.04000000283122063,0.15000000596046448,37,19,15,8,25,49,97,58,50,21.5,21.5,24.3,24.3,6,30.0
471.34,12,12,30,55,-3.4000000953674316,-1.899999976158142,0.04000000283122063,0.15000000596046448,37,19,15,8,25,49,97,58,50,21.5,21.5,24.3,24.3,6,30.0
471.843,12,12,30,55,-3.4000000953674316,-1.899999976158142,0.04000000283122063,0.15000000596046448,37,19,15,8,25,49,97,58,50,21.5,21.5,24.3,24.3,6,30.0
472.341,12,12,30,55,-3.4000000953674316,-1.899999976158142,0.04000000283122063,0.15000000596046448,37,19,15,8,25,49,97,58,50,21.5,21.5,24.3,24.3,6,30.0
472.846,12,12,30,55,-3.4000000953674316,-1.899999976158142,0.04000000283122063,0.15000000596046448,37,19,15,8,25,49,97,58,50,21.5,21.5,24.3,24.3,6,30.0
473.334,12,12,30,55,-3.4000000953674316,-1.899999976158142,0.04000000283122063,0.15000000596046448,37,19,15,8,25,49,97,58,50,21.5,21.5,24.3,24.3,6,30.0
473.851,12,12,30,55,-3.4000000953674316,-1.899999976158142,0.04000000283122063,0.15000000596046448,37,19,15,8,25,49,97,58,50,21.5,21.5,24.3,24.3,6,30.0
474.349,12,12,30,55,-3.4000000953674316,-1.899999976158142,0.04000000283122063,0.15000000596046448,37,19,15,8,25,49,97,58,50,21.5,21.5,24.3,24.3,6,30.0
474.846,12,12,30,55,-3.4000000953674316,-1.899999976158142,0.04000000283122063,0.15000000596046448,37,19,15,8,25,49,97,58,50,21.5,21.5,24.3,24.3,6,30.0
475.355,12,12,30,55,-3.4000000953674316,-1.899999976158142,0.04000000283122063,0.15000000596046448,37,19,15,8,25,49,97,58,50,21.5,21.5,24.3,24.3,6,30.0
475.849,12,12,30,55,-3.4000000953674316,-1.899999976158142,0.04000000283122063,0.15000000596046448,37,19,15,8,25,49,97,58,50,21.5,21.5,24.3,24.3,6,30.0
476.351,12,12,30,55,-3.4000000953674316,-1.899999976158142,0.04000000283122063,0.15000000596046448,37,19,15,8,25,49,97,58,50,21.5,21.5,24.3,24.3,6,30.0
476.849,12,12,30,55,-3.4000000953674316,-1.899999976158142,0.04000000283122063,0.15000000596046448,37,19,15,8,25,49,97,58,50,21.5,21.5,24.3,24.3,6,30.0
477.347,12,12,30,55,-3.4000000953674316,-1.899999976158142,0.04000000283122063,0.15000000596046448,37,19,15,8,25,49,97,58,50,21.5,21.5,24.3,24.3,6,30.0
477.851,12,12,30,55,-3.4000000953674316,-1.899999976158142,0.04000000283122063,0.15000000596046448,37,19,15,8,25,49,97,58,50,21.5,21.5,24.3,24.3,6,30.0
478.341,12,12,30,55,-3.4000000953674316,-1.899999976158142,0.04000000283122063,0.15000000596046448,37,19,15,8,25,49,97,58,50,21.5,21.5,24.3,24.3,6,30.0
478.839,12,12,30,55,-3.4000000953674316,-1.899999976158142,0.04000000283122063,0.15000000596046448,37,19,15,8,25,49,97,58,50,21.5,21.5,24.3,24.3,6,30.0
479.35,12,12,30,55,-3.4000000953674316,-1.899999976158142,0.04000000283122063,0.15000000596046448,37,19,15,8,25,49,97,58,50,21.5,21.5,24.3,24.3,6,30.0
479.848,12,12,30,55,-3.4000000953674316,-1.899999976158142,0.04000000283122063,0.15000000596046448,37,19,15,8,25,49,97,58,50,21.5,21.5,24.3,24.3,6,30.0
480.353,12,12,30,55,-3.4000000953674316,-1.899999976158142,0.04000000283122063,0.15000000596046448,37,19,15,8,25,49,97,58,50,21.5,21.5,24.3,24.3,6,30.0
480.846,12,12,30,55,-3.4000000953674316,-1.899999976158142,0.04000000283122063,0.15000000596046448,37,19,15,8,25,49,97,58,50,21.5,21.5,24.3,24.3,6,30.0
481.337,12,12,30,55,-3.4000000953674316,-1.899999976158142,0.04000000283122063,0.15000000596046448,37,19,15,8,25,49,97,58,50,21.5,21.5,24.3,24.3,6,30.0
481.84,12,12,30,55,-3.4000000953674316,-1.899999976158142,0.04000000283122063,0.15000000596046448,37,19,15,8,25,49,97,58,50,21.5,21.5,24.3,24.3,6,30.0
482.346,12,12,30,55,-3.4000000953674316,-1.899999976158142,0.04000000283122063,0.15000000596046448,37,19,15,8,25,49,97,58,50,21.5,21.5,24.3,24.3,6,30.0
482.836,12,12,30,55,-3.4000000953674316,-1.899999976158142,0.04000000283122063,0.15000000596046448,37,19,15,8,25,49,97,58,50,21.5,21.5,24.3,24.3,6,30.0
483.344,12,12,30,55,-3.4000000953674316,-1.899999976158142,0.04000000283122063,0.15000000596046448,37,19,15,8,25,49,97,58,50,21.5,21.5,24.3,24.3,6,30.0
483.846,12,12,30,55,-3.4000000953674316,-1.899999976158142,0.04000000283122063,0.15000000596046448,37,19,15,8,25,49,97,58,50,21.5,21.5,24.3,24.3,6,30.0
484.349,12,12,30,55,-3.4000000953674316,-1.899999976158142,0.04000000283122063,0.15000000596046448,37,19,15,8,25,49,97,58,50,21.5,21.5,24.3,24.3,6,30.0
484.838,12,12,30,55,-3.4000000953674316,-1.899999976158142,0.04000000283122063,0.15000000596046448,37,19,15,8,25,49,97,58,50,21.5,21.5,24.3,24.3,6,30.0
485.336,12,12,30,55,-3.4000000953674316,-1.899999976158142,0.04000000283122063,0.15000000596046448,37,19,15,8,25,49,97,58,50,21.5,21.5,24.3,24.3,6,30.0
485.846,12,12,30,55,-3.4000000953674316,-1.899999976158142,0.04000000283122063,0.15000000596046448,37,19,15,8,25,49,97,58,50,21.5,21.5,24.3,24.3,6,30.0
486.336,12,12,30,55,-3.4000000953674316,-1.899999976158142,0.04000000283122063,0.15000000596046448,37,19,15,8,25,49,97,58,50,21.5,21.5,24.3,24.3,6,30.0
486.849,12,12,30,55,-3.4000000953674316,-1.899999976158142,0.04000000283122063,0.15000000596046448,37,19,15,8,25,49,97,58,50,21.5,21.5,24.3,24.3,6,30.0
487.351,12,12,30,55,-3.4000000953674316,-1.899999976158142,0.04000000283122063,0.15000000596046448,37,19,15,8,25,49,97,58,50,21.5,21.5,24.3,24.3,6,30.0
487.852,12,12,30,55,-3.4000000953674316,-1.899999976158142,0.04000000283122063,0.15000000596046448,37,19,15,8,25,49,97,58,50,21.5,21.5,24.3,24.3,6,30.0
488.352,12,12,30,55,-3.4000000953674316,-1.899999976158142,0.04000000283122063,0.15000000596046448,37,19,15,8,25,49,97,58,50,21.5,21.5,24.3,24.3,6,30.0
488.835,12,12,30,55,-3.4000000953674316,-1.899999976158142,0.04000000283122063,0.15000000596046448,37,19,15,8,25,49,97,58,50,21.5,21.5,24.3,24.3,6,30.0
489.352,12,12,30,55,-3.4000000953674316,-1.899999976158142,0.04000000283122063,0.15000000596046448,37,19,15,8,25,49,97,58,50,21.5,21.5,24.3,24.3,6,30.0
489.837,12,12,30,55,-3.4000000953674316,-1.899999976158142,0.04000000283122063,0.15000000596046448,37,19,15,8,25,49,97,58,50,21.5,21.5,24.3,24.3,6,30.0
490.337,12,12,30,55,-3.4000000953674316,-1.899999976158142,0.04000000283122063,0.15000000596046448,37,19,15,8,25,49,97,58,50,21.5,21.5,24.3,24.3,6,30.0
490.841,12,12,30,55,-3.4000000953674316,-1.899999976158142,0.04000000283122063,0.15000000596046448,37,19,15,8,25,49,97,58,50,21.5,21.5,24.3,24.3,6,30.0
491.341,12,12,30,55,-3.4000000953674316,-1.899999976158142,0.04000000283122063,0.15000000596046448,37,19,15,8,25,49,97,58,50,21.5,21.5,24.3,24.3,6,30.0
491.844,12,12,30,55,-3.4000000953674316,-1.899999976158142,0.04000000283122063,0.15000000596046448,37,19,15,8,25,49,97,58,50,21.5,21.5,24.3,24.3,6,30.0
492.336,12,12,30,55,-3.4000000953674316,-1.899999976158142,0.04000000283122063,0.15000000596046448,37,19,15,8,25,49,97,58,50,21.5,21.5,24.3,24.3,6,30.0
492.841,12,12,30,55,-3.4000000953674316,-1.899999976158142,0.04000000283122063,0.15000000596046448,37,19,15,8,25,49,97,58,50,21.5,21.5,24.3,24.3,6,30.0
493.349,12,12,30,55,-3.4000000953674316,-1.899999976158142,0.04000000283122063,0.15000000596046448,37,19,15,8,25,49,97,58,50,21.5,21.5,24.3,24.3,6,30.0
493.836,12,12,30,55,-3.4000000953674316,-1.899999976158142,0.04000000283122063,0.15000000596046448,37,19,15,8,25,49,97,58,50,21.5,21.5,24.3,24.3,6,30.0
494.333,12,12,30,55,-3.4000000953674316,-1.899999976158142,0.04000000283122063,0.15000000596046448,37,19,15,8,25,49,97,58,50,21.5,21.5,24.3,24.3,6,30.0
494.836,12,12,30,55,-3.4000000953674316,-1.899999976158142,0.04000000283122063,0.15000000596046448,37,19,15,8,25,49,97,58,50,21.5,21.5,24.3,24.3,6,30.0
495.353,12,12,30,55,-3.4000000953674316,-1.899999976158142,0.04000000283122063,0.15000000596046448,37,19,15,8,25,49,97,58,50,21.5,21.5,24.3,24.3,6,30.0
495.853,12,12,30,55,-3.4000000953674316,-1.899999976158142,0.04000000283122063,0.15000000596046448,37,19,15,8,25,49,97,58,50,21.5,21.5,24.3,24.3,6,30.0
496.351,12,12,30,55,-3.4000000953674316,-1.899999976158142,0.04000000283122063,0.15000000596046448,37,19,15,8,25,49,97,58,50,21.5,21.5,24.3,24.3,6,30.0
496.854,12,12,30,55,-3.4000000953674316,-1.899999976158142,0.04000000283122063,0.15000000596046448,37,19,15,8,25,49,97,58,50,21.5,21.5,24.3,24.3,6,30.0
497.357,12,12,30,55,-3.4000000953674316,-1.899999976158142,0.04000000283122063,0.15000000596046448,37,19,15,8,25,49,97,58,50,21.5,21.5,24.3,24.3,6,30.0
497.845,12,12,30,55,-3.4000000953674316,-1.899999976158142,0.04000000283122063,0.15000000596046448,37,19,15,8,25,49,97,58,50,21.5,21.5,24.3,24.3,6,30.0
498.349,12,12,30,55,-3.4000000953674316,-1.899999976158142,0.04000000283122063,0.15000000596046448,37,19,15,8,25,49,97,58,50,21.5,21.5,24.3,24.3,6,30.0
498.848,12,12,30,55,-3.4000000953674316,-1.899999976158142,0.04000000283122063,0.15000000596046448,37,19,15,8,25,49,97,58,50,21.5,21.5,24.3,24.3,6,30.0
499.362,12,12,30,55,-3.4000000953674316,-1.899999976158142,0.04000000283122063,0.15000000596046448,37,19,15,8,25,49,97,58,50,21.5,21.5,24.3,24.3,6,30.0
499.863,12,12,30,55,-3.4000000953674316,-1.899999976158142,0.04000000283122063,0.15000000596046448,37,19,15,8,25,49,97,58,50,21.5,21.5,24.3,24.3,6,30.0
500.339,12,12,30,55,-3.4000000953674316,-1.899999976158142,0.04000000283122063,0.15000000596046448,37,19,15,8,25,49,97,58,50,21.5,21.5,24.3,24.3,6,30.0
500.841,12,12,30,55,-3.4000000953674316,-1.899999976158142,0.04000000283122063,0.15000000596046448,37,19,15,8,25,49,97,58,50,21.5,21.5,24.3,24.3,6,30.0
501.351,12,12,30,55,-3.4000000953674316,-1.899999976158142,0.04000000283122063,0.15000000596046448,37,19,15,8,25,49,97,58,50,21.5,21.5,24.3,24.3,6,30.0
501.853,12,12,30,55,-3.4000000953674316,-1.899999976158142,0.04000000283122063,0.15000000596046448,37,19,15,8,25,49,97,58,50,21.5,21.5,24.3,24.3,6,30.0
502.34,12,12,30,55,-3.4000000953674316,-1.899999976158142,0.04000000283122063,0.15000000596046448,37,19,15,8,25,49,97,58,50,21.5,21.5,24.3,24.3,6,30.0
502.836,12,12,30,55,-3.4000000953674316,-1.899999976158142,0.04000000283122063,0.15000000596046448,37,19,15,8,25,49,97,58,50,21.5,21.5,24.3,24.3,6,30.0
503.357,12,12,30,55,-3.4000000953674316,-1.899999976158142,0.04000000283122063,0.15000000596046448,37,19,15,8,25,49,97,58,50,21.5,21.5,24.3,24.3,6,30.0
503.846,12,12,30,55,-3.4000000953674316,-1.899999976158142,0.04000000283122063,0.15000000596046448,37,19,15,8,25,49,97,58,50,21.5,21.5,24.3,24.3,6,30.0
504.351,12,12,30,55,-3.4000000953674316,-1.899999976158142,0.04000000283122063,0.15000000596046448,37,19,15,8,25,49,97,58,50,21.5,21.5,24.3,24.3,6,30.0
504.856,12,12,30,55,-3.4000000953674316,-1.899999976158142,0.04000000283122063,0.15000000596046448,37,19,15,8,25,49,97,58,50,21.5,21.5,24.3,24.3,6,30.0
505.341,12,12,30,55,-3.4000000953674316,-1.899999976158142,0.04000000283122063,0.15000000596046448,37,19,15,8,25,49,97,58,50,21.5,21.5,24.3,24.3,6,30.0
505.833,12,12,30,55,-3.4000000953674316,-1.899999976158142,0.04000000283122063,0.15000000596046448,37,19,15,8,25,49,97,58,50,21.5,21.5,24.3,24.3,6,30.0
506.343,12,12,30,55,-3.4000000953674316,-1.899999976158142,0.04000000283122063,0.15000000596046448,37,19,15,8,25,49,97,58,50,21.5,21.5,24.3,24.3,6,30.0
506.834,12,12,30,55,-3.4000000953674316,-1.899999976158142,0.04000000283122063,0.15000000596046448,37,19,15,8,25,49,97,58,50,21.5,21.5,24.3,24.3,6,30.0
507.348,12,12,30,55,-3.4000000953674316,-1.899999976158142,0.04000000283122063,0.15000000596046448,37,19,15,8,25,49,97,58,50,21.5,21.5,24.3,24.3,6,30.0
507.846,12,12,30,55,-3.4000000953674316,-1.899999976158142,0.04000000283122063,0.15000000596046448,37,19,15,8,25,49,97,58,50,21.5,21.5,24.3,24.3,6,30.0
508.333,12,12,30,55,-3.4000000953674316,-1.899999976158142,0.04000000283122063,0.15000000596046448,37,19,15,8,25,49,97,58,50,21.5,21.5,24.3,24.3,6,30.0
508.848,12,12,30,55,-3.4000000953674316,-1.899999976158142,0.04000000283122063,0.15000000596046448,37,19,15,8,25,49,97,58,50,21.5,21.5,24.3,24.3,6,30.0
509.353,12,12,30,55,-3.4000000953674316,-1.899999976158142,0.04000000283122063,0.15000000596046448,37,19,15,8,25,49,97,58,50,21.5,21.5,24.3,24.3,6,30.0
509.836,12,12,30,55,-3.4000000953674316,-1.899999976158142,0.04000000283122063,0.15000000596046448,37,19,15,8,25,49,97,58,50,21.5,21.5,24.3,24.3,6,30.0
510.352,12,12,30,55,-3.4000000953674316,-1.899999976158142,0.04000000283122063,0.15000000596046448,37,19,15,8,25,49,97,58,50,21.5,21.5,24.3,24.3,6,30.0
510.838,12,12,30,55,-3.4000000953674316,-1.899999976158142,0.04000000283122063,0.15000000596046448,37,19,15,8,25,49,97,58,50,21.5,21.5,24.3,24.3,6,30.0
511.344,12,12,30,55,-3.4000000953674316,-1.899999976158142,0.04000000283122063,0.15000000596046448,37,19,15,8,25,49,97,58,50,21.5,21.5,24.3,24.3,6,30.0
511.854,12,12,30,55,-3.4000000953674316,-1.899999976158142,0.04000000283122063,0.15000000596046448,37,19,15,8,25,49,97,58,50,21.5,21.5,24.3,24.3,6,30.0
512.354,12,12,30,55,-3.4000000953674316,-1.899999976158142,0.04000000283122063,0.15000000596046448,37,19,15,8,25,49,97,58,50,21.5,21.5,24.3,24.3,6,30.0
512.852,12,12,30,55,-3.4000000953674316,-1.899999976158142,0.04000000283122063,0.15000000596046448,37,19,15,8,25,49,97,58,50,21.5,21.5,24.3,24.3,6,30.0
513.337,12,12,30,55,-3.4000000953674316,-1.899999976158142,0.04000000283122063,0.15000000596046448,37,19,15,8,25,49,97,58,50,21.5,21.5,24.3,24.3,6,30.0
513.836,12,12,30,55,-3.4000000953674316,-1.899999976158142,0.04000000283122063,0.15000000596046448,37,19,15,8,25,49,97,58,50,21.5,21.5,24.3,24.3,6,30.0
514.356,12,12,30,55,-3.4000000953674316,-1.899999976158142,0.04000000283122063,0.15000000596046448,37,19,15,8,25,49,97,58,50,21.5,21.5,24.3,24.3,6,30.0
514.848,12,12,30,55,-3.4000000953674316,-1.899999976158142,0.04000000283122063,0.15000000596046448,37,19,15,8,25,49,97,58,50,21.5,21.5,24.3,24.3,6,30.0
515.34,12,12,30,55,-3.4000000953674316,-1.899999976158142,0.04000000283122063,0.15000000596046448,37,19,15,8,25,49,97,58,50,21.5,21.5,24.3,24.3,6,30.0
515.851,12,12,30,55,-3.4000000953674316,-1.899999976158142,0.04000000283122063,0.15000000596046448,37,19,15,8,25,49,97,58,50,21.5,21.5,24.3,24.3,6,30.0
516.351,12,12,30,55,-3.4000000953674316,-1.899999976158142,0.04000000283122063,0.15000000596046448,37,19,15,8,25,49,97,58,50,21.5,21.5,24.3,24.3,6,30.0
516.846,12,12,30,55,-3.4000000953674316,-1.899999976158142,0.04000000283122063,0.15000000596046448,37,19,15,8,25,49,97,58,50,21.5,21.5,24.3,24.3,6,30.0
517.348,12,12,30,55,-3.4000000953674316,-1.899999976158142,0.04000000283122063,0.15000000596046448,37,19,15,8,25,49,97,58,50,21.5,21.5,24.3,24.3,6,30.0
517.842,12,12,30,55,-3.4000000953674316,-1.899999976158142,0.04000000283122063,0.15000000596046448,37,19,15,8,25,49,97,58,50,21.5,21.5,24.3,24.3,6,30.0
518.346,12,12,30,55,-3.4000000953674316,-1.899999976158142,0.04000000283122063,0.15000000596046448,37,19,15,8,25,49,97,58,50,21.5,21.5,24.3,24.3,6,30.0
518.847,12,12,30,55,-3.4000000953674316,-1.899999976158142,0.04000000283122063,0.15000000596046448,37,19,15,8,25,49,97,58,50,21.5,21.5,24.3,24.3,6,30.0
519.347,12,12,30,55,-3.4000000953674316,-1.899999976158142,0.04000000283122063,0.15000000596046448,37,19,15,8,25,49,97,58,50,21.5,21.5,24.3,24.3,6,30.0
519.849,12,12,30,55,-3.4000000953674316,-1.899999976158142,0.04000000283122063,0.15000000596046448,37,19,15,8,25,49,97,58,50,21.5,21.5,24.3,24.3,6,30.0
520.336,12,12,30,55,-3.4000000953674316,-1.899999976158142,0.04000000283122063,0.15000000596046448,37,19,15,8,25,49,97,58,50,21.5,21.5,24.3,24.3,6,30.0
520.852,12,12,30,55,-3.4000000953674316,-1.899999976158142,0.04000000283122063,0.15000000596046448,37,19,15,8,25,49,97,58,50,21.5,21.5,24.3,24.3,6,30.0
521.357,12,12,30,55,-3.4000000953674316,-1.899999976158142,0.04000000283122063,0.15000000596046448,37,19,15,8,25,49,97,58,50,21.5,21.5,24.3,24.3,6,30.0
521.862,12,12,30,55,-3.4000000953674316,-1.899999976158142,0.04000000283122063,0.15000000596046448,37,19,15,8,25,49,97,58,50,21.5,21.5,24.3,24.3,6,30.0
522.345,12,12,30,55,-3.4000000953674316,-1.899999976158142,0.04000000283122063,0.15000000596046448,37,19,15,8,25,49,97,58,50,21.5,21.5,24.3,24.3,6,30.0
522.85,12,12,30,55,-3.4000000953674316,-1.899999976158142,0.04000000283122063,0.15000000596046448,37,19,15,8,25,49,97,58,50,21.5,21.5,24.3,24.3,6,30.0
523.36,12,12,30,55,-3.4000000953674316,-1.899999976158142,0.04000000283122063,0.15000000596046448,37,19,15,8,25,49,97,58,50,21.5,21.5,24.3,24.3,6,30.0
523.854,12,12,30,55,-3.4000000953674316,-1.899999976158142,0.04000000283122063,0.15000000596046448,37,19,15,8,25,49,97,58,50,21.5,21.5,24.3,24.3,6,30.0
524.333,12,12,30,55,-3.4000000953674316,-1.899999976158142,0.04000000283122063,0.15000000596046448,37,19,15,8,25,49,97,58,50,21.5,21.5,24.3,24.3,6,30.0
524.849,12,12,30,55,-3.4000000953674316,-1.899999976158142,0.04000000283122063,0.15000000596046448,37,19,15,8,25,49,97,58,50,21.5,21.5,24.3,24.3,6,30.0
525.338,12,12,30,55,-3.4000000953674316,-1.899999976158142,0.04000000283122063,0.15000000596046448,37,19,15,8,25,49,97,58,50,21.5,21.5,24.3,24.3,6,30.0
525.839,12,12,30,55,-3.4000000953674316,-1.899999976158142,0.04000000283122063,0.15000000596046448,37,19,15,8,25,49,97,58,50,21.5,21.5,24.3,24.3,6,30.0
526.348,12,12,30,55,-3.4000000953674316,-1.899999976158142,0.04000000283122063,0.15000000596046448,37,19,15,8,25,49,97,58,50,21.5,21.5,24.3,24.3,6,30.0
526.848,12,12,30,55,-3.4000000953674316,-1.899999976158142,0.04000000283122063,0.15000000596046448,37,19,15,8,25,49,97,58,50,21.5,21.5,24.3,24.3,6,30.0
527.344,12,12,30,55,-3.4000000953674316,-1.899999976158142,0.04000000283122063,0.15000000596046448,37,19,15,8,25,49,97,58,50,21.5,21.5,24.3,24.3,6,30.0
527.846,12,12,30,55,-3.4000000953674316,-1.899999976158142,0.04000000283122063,0.15000000596046448,37,19,15,8,25,49,97,58,50,21.5,21.5,24.3,24.3,6,30.0
528.354,12,12,30,55,-3.4000000953674316,-1.899999976158142,0.04000000283122063,0.15000000596046448,37,19,15,8,25,49,97,58,50,21.5,21.5,24.3,24.3,6,30.0
528.833,12,12,30,55,-3.4000000953674316,-1.899999976158142,0.04000000283122063,0.15000000596046448,37,19,15,8,25,49,97,58,50,21.5,21.5,24.3,24.3,6,30.0
529.356,12,12,30,55,-3.4000000953674316,-1.899999976158142,0.04000000283122063,0.15000000596046448,37,19,15,8,25,49,97,58,50,21.5,21.5,24.3,24.3,6,30.0
529.851,12,12,30,55,-3.4000000953674316,-1.899999976158142,0.04000000283122063,0.15000000596046448,37,19,15,8,25,49,97,58,50,21.5,21.5,24.3,24.3,6,30.0
530.343,12,12,30,55,-3.4000000953674316,-1.899999976158142,0.04000000283122063,0.15000000596046448,37,19,15,8,25,49,97,58,50,21.5,21.5,24.3,24.3,6,30.0
530.839,12,12,30,55,-3.4000000953674316,-1.899999976158142,0.04000000283122063,0.15000000596046448,37,19,15,8,25,49,97,58,50,21.5,21.5,24.3,24.3,6,30.0
531.335,12,12,30,55,-3.4000000953674316,-1.899999976158142,0.04000000283122063,0.15000000596046448,37,19,15,8,25,49,97,58,50,21.5,21.5,24.3,24.3,6,30.0
531.857,12,12,30,55,-3.4000000953674316,-1.899999976158142,0.04000000283122063,0.15000000596046448,37,19,15,8,25,49,97,58,50,21.5,21.5,24.3,24.3,6,30.0
532.351,12,12,30,55,-3.4000000953674316,-1.899999976158142,0.04000000283122063,0.15000000596046448,37,19,15,8,25,49,97,58,50,21.5,21.5,24.3,24.3,6,30.0
532.85,12,12,30,55,-3.4000000953674316,-1.899999976158142,0.04000000283122063,0.15000000596046448,37,19,15,8,25,49,97,58,50,21.5,21.5,24.3,24.3,6,30.0
533.346,12,12,30,55,-3.4000000953674316,-1.899999976158142,0.04000000283122063,0.15000000596046448,37,19,15,8,25,49,97,58,50,21.5,21.5,24.3,24.3,6,30.0
533.838,12,12,30,55,-3.4000000953674316,-1.899999976158142,0.04000000283122063,0.15000000596046448,37,19,15,8,25,49,97,58,50,21.5,21.5,24.3,24.3,6,30.0
534.345,12,12,30,55,-3.4000000953674316,-1.899999976158142,0.04000000283122063,0.15000000596046448,37,19,15,8,25,49,97,58,50,21.5,21.5,24.3,24.3,6,30.0
534.834,12,12,30,55,-3.4000000953674316,-1.899999976158142,0.04000000283122063,0.15000000596046448,37,19,15,8,25,49,97,58,50,21.5,21.5,24.3,24.3,6,30.0
535.346,12,12,30,55,-3.4000000953674316,-1.899999976158142,0.04000000283122063,0.15000000596046448,37,19,15,8,25,49,97,58,50,21.5,21.5,24.3,24.3,6,30.0
535.847,12,12,30,55,-3.4000000953674316,-1.899999976158142,0.04000000283122063,0.15000000596046448,37,19,15,8,25,49,97,58,50,21.5,21.5,24.3,24.3,6,30.0
536.354,12,12,30,55,-3.4000000953674316,-1.899999976158142,0.04000000283122063,0.15000000596046448,37,19,15,8,25,49,97,58,50,21.5,21.5,24.3,24.3,6,30.0
536.845,12,12,30,55,-3.4000000953674316,-1.899999976158142,0.04000000283122063,0.15000000596046448,37,19,15,8,25,49,97,58,50,21.5,21.5,24.3,24.3,6,30.0
537.336,12,12,30,55,-3.4000000953674316,-1.899999976158142,0.04000000283122063,0.15000000596046448,37,19,15,8,25,49,97,58,50,21.5,21.5,24.3,24.3,6,30.0
537.849,12,12,30,55,-3.4000000953674316,-1.899999976158142,0.04000000283122063,0.15000000596046448,37,19,15,8,25,49,97,58,50,21.5,21.5,24.3,24.3,6,30.0
538.336,12,12,30,55,-3.4000000953674316,-1.899999976158142,0.04000000283122063,0.15000000596046448,37,19,15,8,25,49,97,58,50,21.5,21.5,24.3,24.3,6,30.0
538.834,12,12,30,55,-3.4000000953674316,-1.899999976158142,0.04000000283122063,0.15000000596046448,37,19,15,8,25,49,97,58,50,21.5,21.5,24.3,24.3,6,30.0
539.341,12,12,30,55,-3.4000000953674316,-1.899999976158142,0.04000000283122063,0.15000000596046448,37,19,15,8,25,49,97,58,50,21.5,21.5,24.3,24.3,6,30.0
539.846,12,12,30,55,-3.4000000953674316,-1.899999976158142,0.04000000283122063,0.15000000596046448,37,19,15,8,25,49,97,58,50,21.5,21.5,24.3,24.3,6,30.0
540.346,12,12,30,55,-3.4000000953674316,-1.899999976158142,0.04000000283122063,0.15000000596046448,37,19,15,8,25,49,97,58,50,21.5,21.5,24.3,24.3,6,30.0
540.853,12,12,30,55,-3.4000000953674316,-1.899999976158142,0.04000000283122063,0.15000000596046448,37,19,15,8,25,49,97,58,50,21.5,21.5,24.3,24.3,6,30.0
541.351,12,12,30,55,-3.4000000953674316,-1.899999976158142,0.04000000283122063,0.15000000596046448,37,19,15,8,25,49,97,58,50,21.5,21.5,24.3,24.3,6,30.0
541.84,12,12,30,55,-3.4000000953674316,-1.899999976158142,0.04000000283122063,0.15000000596046448,37,19,15,8,25,49,97,58,50,21.5,21.5,24.3,24.3,6,30.0
542.339,12,12,30,55,-3.4000000953674316,-1.899999976158142,0.04000000283122063,0.15000000596046448,37,19,15,8,25,49,97,58,50,21.5,21.5,24.3,24.3,6,30.0
542.843,12,12,30,55,-3.4000000953674316,-1.899999976158142,0.04000000283122063,0.15000000596046448,37,19,15,8,25,49,97,58,50,21.5,21.5,24.3,24.3,6,30.0
543.334,12,12,30,55,-3.4000000953674316,-1.899999976158142,0.04000000283122063,0.15000000596046448,37,19,15,8,25,49,97,58,50,21.5,21.5,24.3,24.3,6,30.0
543.851,12,12,30,55,-3.4000000953674316,-1.899999976158142,0.04000000283122063,0.15000000596046448,37,19,15,8,25,49,97,58,50,21.5,21.5,24.3,24.3,6,30.0
544.354,12,12,30,55,-3.4000000953674316,-1.899999976158142,0.04000000283122063,0.15000000596046448,37,19,15,8,25,49,97,58,50,21.5,21.5,24.3,24.3,6,30.0
544.841,12,12,30,55,-3.4000000953674316,-1.899999976158142,0.04000000283122063,0.15000000596046448,37,19,15,8,25,49,97,58,50,21.5,21.5,24.3,24.3,6,30.0
545.356,12,12,30,55,-3.4000000953674316,-1.899999976158142,0.04000000283122063,0.15000000596046448,37,19,15,8,25,49,97,58,50,21.5,21.5,24.3,24.3,6,30.0
545.854,12,12,30,55,-3.4000000953674316,-1.899999976158142,0.04000000283122063,0.15000000596046448,37,19,15,8,25,49,97,58,50,21.5,21.5,24.3,24.3,6,30.0
546.338,12,12,30,55,-3.4000000953674316,-1.899999976158142,0.04000000283122063,0.15000000596046448,37,19,15,8,25,49,97,58,50,21.5,21.5,24.3,24.3,6,30.0
546.844,12,12,30,55,-3.4000000953674316,-1.899999976158142,0.04000000283122063,0.15000000596046448,37,19,15,8,25,49,97,58,50,21.5,21.5,24.3,24.3,6,30.0
547.355,12,12,30,55,-3.4000000953674316,-1.899999976158142,0.04000000283122063,0.15000000596046448,37,19,15,8,25,49,97,58,50,21.5,21.5,24.3,24.3,6,30.0
547.845,12,12,30,55,-3.4000000953674316,-1.899999976158142,0.04000000283122063,0.15000000596046448,37,19,15,8,25,49,97,58,50,21.5,21.5,24.3,24.3,6,30.0
548.347,12,12,30,55,-3.4000000953674316,-1.899999976158142,0.04000000283122063,0.15000000596046448,37,19,15,8,25,49,97,58,50,21.5,21.5,24.3,24.3,6,30.0
548.849,12,12,30,55,-3.4000000953674316,-1.899999976158142,0.04000000283122063,0.15000000596046448,37,19,15,8,25,49,97,58,50,21.5,21.5,24.3,24.3,6,30.0
549.334,12,12,30,55,-3.4000000953674316,-1.899999976158142,0.04000000283122063,0.15000000596046448,37,19,15,8,25,49,97,58,50,21.5,21.5,24.3,24.3,6,30.0
549.847,12,12,30,55,-3.4000000953674316,-1.899999976158142,0.04000000283122063,0.15000000596046448,37,19,15,8,25,49,97,58,50,21.5,21.5,24.3,24.3,6,30.0
550.345,12,12,30,55,-3.4000000953674316,-1.899999976158142,0.04000000283122063,0.15000000596046448,37,19,15,8,25,49,97,58,50,21.5,21.5,24.3,24.3,6,30.0
550.84,12,12,30,55,-3.4000000953674316,-1.899999976158142,0.04000000283122063,0.15000000596046448,37,19,15,8,25,49,97,58,50,21.5,21.5,24.3,24.3,6,30.0
551.359,12,12,30,55,-3.4000000953674316,-1.899999976158142,0.04000000283122063,0.15000000596046448,37,19,15,8,25,49,97,58,50,21.5,21.5,24.3,24.3,6,30.0
551.845,12,12,30,55,-3.4000000953674316,-1.899999976158142,0.04000000283122063,0.15000000596046448,37,19,15,8,25,49,97,58,50,21.5,21.5,24.3,24.3,6,30.0
552.348,12,12,30,55,-3.4000000953674316,-1.899999976158142,0.04000000283122063,0.15000000596046448,37,19,15,8,25,49,97,58,50,21.5,21.5,24.3,24.3,6,30.0
552.855,12,12,30,55,-3.4000000953674316,-1.899999976158142,0.04000000283122063,0.15000000596046448,37,19,15,8,25,49,97,58,50,21.5,21.5,24.3,24.3,6,30.0
553.335,12,12,30,55,-3.4000000953674316,-1.899999976158142,0.04000000283122063,0.15000000596046448,37,19,15,8,25,49,97,58,50,21.5,21.5,24.3,24.3,6,30.0
553.849,12,12,30,55,-3.4000000953674316,-1.899999976158142,0.04000000283122063,0.15000000596046448,37,19,15,8,25,49,97,58,50,21.5,21.5,24.3,24.3,6,30.0
554.345,12,12,30,55,-3.4000000953674316,-1.899999976158142,0.04000000283122063,0.15000000596046448,37,19,15,8,25,49,97,58,50,21.5,21.5,24.3,24.3,6,30.0
554.855,12,12,30,55,-3.4000000953674316,-1.899999976158142,0.04000000283122063,0.15000000596046448,37,19,15,8,25,49,97,58,50,21.5,21.5,24.3,24.3,6,30.0
555.352,12,12,30,55,-3.4000000953674316,-1.899999976158142,0.04000000283122063,0.15000000596046448,37,19,15,8,25,49,97,58,50,21.5,21.5,24.3,24.3,6,30.0
555.849,12,12,30,55,-3.4000000953674316,-1.899999976158142,0.04000000283122063,0.15000000596046448,37,19,15,8,25,49,97,58,50,21.5,21.5,24.3,24.3,6,30.0
556.342,12,12,30,55,-3.4000000953674316,-1.899999976158142,0.04000000283122063,0.15000000596046448,37,19,15,8,25,49,97,58,50,21.5,21.5,24.3,24.3,6,30.0
556.846,12,12,30,55,-3.4000000953674316,-1.899999976158142,0.04000000283122063,0.15000000596046448,37,19,15,8,25,49,97,58,50,21.5,21.5,24.3,24.3,6,30.0
557.338,12,12,30,55,-3.4000000953674316,-1.899999976158142,0.04000000283122063,0.15000000596046448,37,19,15,8,25,49,97,58,50,21.5,21.5,24.3,24.3,6,30.0
557.854,12,12,30,55,-3.4000000953674316,-1.899999976158142,0.04000000283122063,0.15000000596046448,37,19,15,8,25,49,97,58,50,21.5,21.5,24.3,24.3,6,30.0
558.355,12,12,30,55,-3.4000000953674316,-1.899999976158142,0.04000000283122063,0.15000000596046448,37,19,15,8,25,49,97,58,50,21.5,21.5,24.3,24.3,6,30.0
558.844,12,12,30,55,-3.4000000953674316,-1.899999976158142,0.04000000283122063,0.15000000596046448,37,19,15,8,25,49,97,58,50,21.5,21.5,24.3,24.3,6,30.0
559.351,12,12,30,55,-3.4000000953674316,-1.899999976158142,0.04000000283122063,0.15000000596046448,37,19,15,8,25,49,97,58,50,21.5,21.5,24.3,24.3,6,30.0
559.843,12,12,30,55,-3.4000000953674316,-1.899999976158142,0.04000000283122063,0.15000000596046448,37,19,15,8,25,49,97,58,50,21.5,21.5,24.3,24.3,6,30.0
560.333,12,12,30,55,-3.4000000953674316,-1.899999976158142,0.04000000283122063,0.15000000596046448,37,19,15,8,25,49,97,58,50,21.5,21.5,24.3,24.3,6,30.0
560.847,12,12,30,55,-3.4000000953674316,-1.899999976158142,0.04000000283122063,0.15000000596046448,37,19,15,8,25,49,97,58,50,21.5,21.5,24.3,24.3,6,30.0
561.346,12,12,30,55,-3.4000000953674316,-1.899999976158142,0.04000000283122063,0.15000000596046448,37,19,15,8,25,49,97,58,50,21.5,21.5,24.3,24.3,6,30.0
561.84,12,12,30,55,-3.4000000953674316,-1.899999976158142,0.04000000283122063,0.15000000596046448,37,19,15,8,25,49,97,58,50,21.5,21.5,24.3,24.3,6,30.0
562.333,12,12,30,55,-3.4000000953674316,-1.899999976158142,0.04000000283122063,0.15000000596046448,37,19,15,8,25,49,97,58,50,21.5,21.5,24.3,24.3,6,30.0
562.845,12,12,30,55,-3.4000000953674316,-1.899999976158142,0.04000000283122063,0.15000000596046448,37,19,15,8,25,49,97,58,50,21.5,21.5,24.3,24.3,6,30.0
563.351,12,12,30,55,-3.4000000953674316,-1.899999976158142,0.04000000283122063,0.15000000596046448,37,19,15,8,25,49,97,58,50,21.5,21.5,24.3,24.3,6,30.0
563.851,12,12,30,55,-3.4000000953674316,-1.899999976158142,0.04000000283122063,0.15000000596046448,37,19,15,8,25,49,97,58,50,21.5,21.5,24.3,24.3,6,30.0
564.341,12,12,30,55,-3.4000000953674316,-1.899999976158142,0.04000000283122063,0.15000000596046448,37,19,15,8,25,49,97,58,50,21.5,21.5,24.3,24.3,6,30.0
564.848,12,12,30,55,-3.4000000953674316,-1.899999976158142,0.04000000283122063,0.15000000596046448,37,19,15,8,25,49,97,58,50,21.5,21.5,24.3,24.3,6,30.0
565.346,12,12,30,55,-3.4000000953674316,-1.899999976158142,0.04000000283122063,0.15000000596046448,37,19,15,8,25,49,97,58,50,21.5,21.5,24.3,24.3,6,30.0
565.849,12,12,30,55,-3.4000000953674316,-1.899999976158142,0.04000000283122063,0.15000000596046448,37,19,15,8,25,49,97,58,50,21.5,21.5,24.3,24.3,6,30.0
566.334,12,12,30,55,-3.4000000953674316,-1.899999976158142,0.04000000283122063,0.15000000596046448,37,19,15,8,25,49,97,58,50,21.5,21.5,24.3,24.3,6,30.0
566.842,12,12,30,55,-3.4000000953674316,-1.899999976158142,0.04000000283122063,0.15000000596046448,37,19,15,8,25,49,97,58,50,21.5,21.5,24.3,24.3,6,30.0
567.34,12,12,30,55,-3.4000000953674316,-1.899999976158142,0.04000000283122063,0.15000000596046448,37,19,15,8,25,49,97,58,50,21.5,21.5,24.3,24.3,6,30.0
567.835,12,12,30,55,-3.4000000953674316,-1.899999976158142,0.04000000283122063,0.15000000596046448,37,19,15,8,25,49,97,58,50,21.5,21.5,24.3,24.3,6,30.0
568.333,12,12,30,55,-3.4000000953674316,-1.899999976158142,0.04000000283122063,0.15000000596046448,37,19,15,8,25,49,97,58,50,21.5,21.5,24.3,24.3,6,30.0
568.841,12,12,30,55,-3.4000000953674316,-1.899999976158142,0.04000000283122063,0.15000000596046448,37,19,15,8,25,49,97,58,50,21.5,21.5,24.3,24.3,6,30.0
569.351,12,12,30,55,-3.4000000953674316,-1.899999976158142,0.04000000283122063,0.15000000596046448,37,19,15,8,25,49,97,58,50,21.5,21.5,24.3,24.3,6,30.0
569.853,12,12,30,55,-3.4000000953674316,-1.899999976158142,0.04000000283122063,0.15000000596046448,37,19,15,8,25,49,97,58,50,21.5,21.5,24.3,24.3,6,30.0
570.34,12,12,30,55,-3.4000000953674316,-1.899999976158142,0.04000000283122063,0.15000000596046448,37,19,15,8,25,49,97,58,50,21.5,21.5,24.3,24.3,6,30.0
570.841,12,12,30,55,-3.4000000953674316,-1.899999976158142,0.04000000283122063,0.15000000596046448,37,19,15,8,25,49,97,58,50,21.5,21.5,24.3,24.3,6,30.0
571.343,12,12,30,55,-3.4000000953674316,-1.899999976158142,0.04000000283122063,0.15000000596046448,37,19,15,8,25,49,97,58,50,21.5,21.5,24.3,24.3,6,30.0
571.856,12,12,30,55,-3.4000000953674316,-1.899999976158142,0.04000000283122063,0.15000000596046448,37,19,15,8,25,49,97,58,50,21.5,21.5,24.3,24.3,6,30.0
572.346,12,12,30,55,-3.4000000953674316,-1.899999976158142,0.04000000283122063,0.15000000596046448,37,19,15,8,25,49,97,58,50,21.5,21.5,24.3,24.3,6,30.0
572.846,12,12,30,55,-3.4000000953674316,-1.899999976158142,0.04000000283122063,0.15000000596046448,37,19,15,8,25,49,97,58,50,21.5,21.5,24.3,24.3,6,30.0
573.36,12,12,30,55,-3.4000000953674316,-1.899999976158142,0.04000000283122063,0.15000000596046448,37,19,15,8,25,49,97,58,50,21.5,21.5,24.3,24.3,6,30.0
573.858,12,12,30,55,-3.4000000953674316,-1.899999976158142,0.04000000283122063,0.15000000596046448,37,19,15,8,25,49,97,58,50,21.5,21.5,24.3,24.3,6,30.0
574.335,12,12,30,55,-3.4000000953674316,-1.899999976158142,0.04000000283122063,0.15000000596046448,37,19,15,8,25,49,97,58,50,21.5,21.5,24.3,24.3,6,30.0
574.848,12,12,30,55,-3.4000000953674316,-1.899999976158142,0.04000000283122063,0.15000000596046448,37,19,15,8,25,49,97,58,50,21.5,21.5,24.3,24.3,6,30.0
575.351,12,12,30,55,-3.4000000953674316,-1.899999976158142,0.04000000283122063,0.15000000596046448,37,19,15,8,25,49,97,58,50,21.5,21.5,24.3,24.3,6,30.0
575.833,12,12,30,55,-3.4000000953674316,-1.899999976158142,0.04000000283122063,0.15000000596046448,37,19,15,8,25,49,97,58,50,21.5,21.5,24.3,24.3,6,30.0
576.348,12,12,30,55,-3.4000000953674316,-1.899999976158142,0.04000000283122063,0.15000000596046448,37,19,15,8,25,49,97,58,50,21.5,21.5,24.3,24.3,6,30.0
576.856,12,12,30,55,-3.4000000953674316,-1.899999976158142,0.04000000283122063,0.15000000596046448,37,19,15,8,25,49,97,58,50,21.5,21.5,24.3,24.3,6,30.0
577.352,12,12,30,55,-3.4000000953674316,-1.899999976158142,0.04000000283122063,0.15000000596046448,37,19,15,8,25,49,97,58,50,21.5,21.5,24.3,24.3,6,30.0
577.846,12,12,30,55,-3.4000000953674316,-1.899999976158142,0.04000000283122063,0.15000000596046448,37,19,15,8,25,49,97,58,50,21.5,21.5,24.3,24.3,6,30.0
578.344,12,12,30,55,-3.4000000953674316,-1.899999976158142,0.04000000283122063,0.15000000596046448,37,19,15,8,25,49,97,58,50,21.5,21.5,24.3,24.3,6,30.0
578.839,12,12,30,55,-3.4000000953674316,-1.899999976158142,0.04000000283122063,0.15000000596046448,37,19,15,8,25,49,97,58,50,21.5,21.5,24.3,24.3,6,30.0
579.358,12,12,30,55,-3.4000000953674316,-1.899999976158142,0.04000000283122063,0.15000000596046448,37,19,15,8,25,49,97,58,50,21.5,21.5,24.3,24.3,6,30.0
579.834,12,12,30,55,-3.4000000953674316,-1.899999976158142,0.04000000283122063,0.15000000596046448,37,19,15,8,25,49,97,58,50,21.5,21.5,24.3,24.3,6,30.0
580.36,12,12,30,55,-3.4000000953674316,-1.899999976158142,0.04000000283122063,0.15000000596046448,37,19,15,8,25,49,97,58,50,21.5,21.5,24.3,24.3,6,30.0
580.833,12,12,30,55,-3.4000000953674316,-1.899999976158142,0.04000000283122063,0.15000000596046448,37,19,15,8,25,49,97,58,50,21.5,21.5,24.3,24.3,6,30.0
581.348,12,12,30,55,-3.4000000953674316,-1.899999976158142,0.04000000283122063,0.15000000596046448,37,19,15,8,25,49,97,58,50,21.5,21.5,24.3,24.3,6,30.0
581.842,12,12,30,55,-3.4000000953674316,-1.899999976158142,0.04000000283122063,0.15000000596046448,37,19,15,8,25,49,97,58,50,21.5,21.5,24.3,24.3,6,30.0
582.34,12,12,30,55,-3.4000000953674316,-1.899999976158142,0.04000000283122063,0.15000000596046448,37,19,15,8,25,49,97,58,50,21.5,21.5,24.3,24.3,6,30.0
582.848,12,12,30,55,-3.4000000953674316,-1.899999976158142,0.04000000283122063,0.15000000596046448,37,19,15,8,25,49,97,58,50,21.5,21.5,24.3,24.3,6,30.0
583.353,12,12,30,55,-3.4000000953674316,-1.899999976158142,0.04000000283122063,0.15000000596046448,37,19,15,8,25,49,97,58,50,21.5,21.5,24.3,24.3,6,30.0
583.854,12,12,30,55,-3.4000000953674316,-1.899999976158142,0.04000000283122063,0.15000000596046448,37,19,15,8,25,49,97,58,50,21.5,21.5,24.3,24.3,6,30.0
584.345,12,12,30,55,-3.4000000953674316,-1.899999976158142,0.04000000283122063,0.15000000596046448,37,19,15,8,25,49,97,58,50,21.5,21.5,24.3,24.3,6,30.0
584.849,12,12,30,55,-3.4000000953674316,-1.899999976158142,0.04000000283122063,0.15000000596046448,37,19,15,8,25,49,97,58,50,21.5,21.5,24.3,24.3,6,30.0
585.338,12,12,30,55,-3.4000000953674316,-1.899999976158142,0.04000000283122063,0.15000000596046448,37,19,15,8,25,49,97,58,50,21.5,21.5,24.3,24.3,6,30.0
585.839,12,12,30,55,-3.4000000953674316,-1.899999976158142,0.04000000283122063,0.15000000596046448,37,19,15,8,25,49,97,58,50,21.5,21.5,24.3,24.3,6,30.0
586.335,12,12,30,55,-3.4000000953674316,-1.899999976158142,0.04000000283122063,0.15000000596046448,37,19,15,8,25,49,97,58,50,21.5,21.5,24.3,24.3,6,30.0
586.85,12,12,30,55,-3.4000000953674316,-1.899999976158142,0.04000000283122063,0.15000000596046448,37,19,15,8,25,49,97,58,50,21.5,21.5,24.3,24.3,6,30.0
587.345,12,12,30,55,-3.4000000953674316,-1.899999976158142,0.04000000283122063,0.15000000596046448,37,19,15,8,25,49,97,58,50,21.5,21.5,24.3,24.3,6,30.0
587.836,12,12,30,55,-3.4000000953674316,-1.899999976158142,0.04000000283122063,0.15000000596046448,37,19,15,8,25,49,97,58,50,21.5,21.5,24.3,24.3,6,30.0
588.352,12,12,30,55,-3.4000000953674316,-1.899999976158142,0.04000000283122063,0.15000000596046448,37,19,15,8,25,49,97,58,50,21.5,21.5,24.3,24.3,6,30.0
588.855,12,12,30,55,-3.4000000953674316,-1.899999976158142,0.04000000283122063,0.15000000596046448,37,19,15,8,25,49,97,58,50,21.5,21.5,24.3,24.3,6,30.0
589.349,12,12,30,55,-3.4000000953674316,-1.899999976158142,0.04000000283122063,0.15000000596046448,37,19,15,8,25,49,97,58,50,21.5,21.5,24.3,24.3,6,30.0
589.844,12,12,30,55,-3.4000000953674316,-1.899999976158142,0.04000000283122063,0.15000000596046448,37,19,15,8,25,49,97,58,50,21.5,21.5,24.3,24.3,6,30.0
590.339,12,12,30,55,-3.4000000953674316,-1.899999976158142,0.04000000283122063,0.15000000596046448,37,19,15,8,25,49,97,58,50,21.5,21.5,24.3,24.3,6,30.0
590.855,12,12,30,55,-3.4000000953674316,-1.899999976158142,0.04000000283122063,0.15000000596046448,37,19,15,8,25,49,97,58,50,21.5,21.5,24.3,24.3,6,30.0
591.357,12,12,30,55,-3.4000000953674316,-1.899999976158142,0.04000000283122063,0.15000000596046448,37,19,15,8,25,49,97,58,50,21.5,21.5,24.3,24.3,6,30.0
591.858,12,12,30,55,-3.4000000953674316,-1.899999976158142,0.04000000283122063,0.15000000596046448,37,19,15,8,25,49,97,58,50,21.5,21.5,24.3,24.3,6,30.0
592.352,12,12,30,55,-3.4000000953674316,-1.899999976158142,0.04000000283122063,0.15000000596046448,37,19,15,8,25,49,97,58,50,21.5,21.5,24.3,24.3,6,30.0
592.834,12,12,30,55,-3.4000000953674316,-1.899999976158142,0.04000000283122063,0.15000000596046448,37,19,15,8,25,49,97,58,50,21.5,21.5,24.3,24.3,6,30.0
593.359,12,12,30,55,-3.4000000953674316,-1.899999976158142,0.04000000283122063,0.15000000596046448,37,19,15,8,25,49,97,58,50,21.5,21.5,24.3,24.3,6,30.0
593.841,12,12,30,55,-3.4000000953674316,-1.899999976158142,0.04000000283122063,0.15000000596046448,37,19,15,8,25,49,97,58,50,21.5,21.5,24.3,24.3,6,30.0
594.346,12,12,30,55,-3.4000000953674316,-1.899999976158142,0.04000000283122063,0.15000000596046448,37,19,15,8,25,49,97,58,50,21.5,21.5,24.3,24.3,6,30.0
594.833,12,12,30,55,-3.4000000953674316,-1.899999976158142,0.04000000283122063,0.15000000596046448,37,19,15,8,25,49,97,58,50,21.5,21.5,24.3,24.3,6,30.0
595.349,12,12,30,55,-3.4000000953674316,-1.899999976158142,0.04000000283122063,0.15000000596046448,37,19,15,8,25,49,97,58,50,21.5,21.5,24.3,24.3,6,30.0
595.85,12,12,30,55,-3.4000000953674316,-1.899999976158142,0.04000000283122063,0.15000000596046448,37,19,15,8,25,49,97,58,50,21.5,21.5,24.3,24.3,6,30.0
596.354,12,12,30,55,-3.4000000953674316,-1.899999976158142,0.04000000283122063,0.15000000596046448,37,19,15,8,25,49,97,58,50,21.5,21.5,24.3,24.3,6,30.0
596.846,12,12,30,55,-3.4000000953674316,-1.899999976158142,0.04000000283122063,0.15000000596046448,37,19,15,8,25,49,97,58,50,21.5,21.5,24.3,24.3,6,30.0
597.357,12,12,30,55,-3.4000000953674316,-1.899999976158142,0.04000000283122063,0.15000000596046448,37,19,15,8,25,49,97,58,50,21.5,21.5,24.3,24.3,6,30.0
597.846,12,12,30,55,-3.4000000953674316,-1.899999976158142,0.04000000283122063,0.15000000596046448,37,19,15,8,25,49,97,58,50,21.5,21.5,24.3,24.3,6,30.0
598.336,12,12,30,55,-3.4000000953674316,-1.899999976158142,0.04000000283122063,0.15000000596046448,37,19,15,8,25,49,97,58,50,21.5,21.5,24.3,24.3,6,30.0
598.849,12,12,30,55,-3.4000000953674316,-1.899999976158142,0.04000000283122063,0.15000000596046448,37,19,15,8,25,49,97,58,50,21.5,21.5,24.3,24.3,6,30.0
599.334,12,12,30,55,-3.4000000953674316,-1.899999976158142,0.04000000283122063,0.15000000596046448,37,19,15,8,25,49,97,58,50,21.5,21.5,24.3,24.3,6,30.0
599.854,12,12,30,55,-3.4000000953674316,-1.899999976158142,0.04000000283122063,0.15000000596046448,37,19,15,8,25,49,97,58,50,21.5,21.5,24.3,24.3,6,30.0
600.351,12,12,30,55,-3.4000000953674316,-1.899999976158142,0.04000000283122063,0.15000000596046448,37,19,15,8,25,49,97,58,50,21.5,21.5,24.3,24.3,6,30.0
600.84,12,12,30,55,-3.4000000953674316,-1.899999976158142,0.04000000283122063,0.15000000596046448,37,19,15,8,25,49,97,58,50,21.5,21.5,24.3,24.3,6,30.0
601.34,12,12,30,55,-3.4000000953674316,-1.899999976158142,0.04000000283122063,0.15000000596046448,37,19,15,8,25,49,97,58,50,21.5,21.5,24.3,24.3,6,30.0
601.843,12,12,30,55,-3.4000000953674316,-1.899999976158142,0.04000000283122063,0.15000000596046448,37,19,15,8,25,49,97,58,50,21.5,21.5,24.3,24.3,6,30.0
602.339,12,12,30,55,-3.4000000953674316,-1.899999976158142,0.04000000283122063,0.15000000596046448,37,19,15,8,25,49,97,58,50,21.5,21.5,24.3,24.3,6,30.0
602.84,12,12,30,55,-3.4000000953674316,-1.899999976158142,0.04000000283122063,0.15000000596046448,37,19,15,8,25,49,97,58,50,21.5,21.5,24.3,24.3,6,30.0
603.342,12,12,30,55,-3.4000000953674316,-1.899999976158142,0.04000000283122063,0.15000000596046448,37,19,15,8,25,49,97,58,50,21.5,21.5,24.3,24.3,6,30.0
603.857,12,12,30,55,-3.4000000953674316,-1.899999976158142,0.04000000283122063,0.15000000596046448,37,19,15,8,25,49,97,58,50,21.5,21.5,24.3,24.3,6,30.0
604.335,12,12,30,55,-3.4000000953674316,-1.899999976158142,0.04000000283122063,0.15000000596046448,37,19,15,8,25,49,97,58,50,21.5,21.5,24.3,24.3,6,30.0
604.851,12,12,30,55,-3.4000000953674316,-1.899999976158142,0.04000000283122063,0.15000000596046448,37,19,15,8,25,49,97,58,50,21.5,21.5,24.3,24.3,6,30.0
605.353,12,12,30,55,-3.4000000953674316,-1.899999976158142,0.04000000283122063,0.15000000596046448,37,19,15,8,25,49,97,58,50,21.5,21.5,24.3,24.3,6,30.0
605.851,12,12,30,55,-3.4000000953674316,-1.899999976158142,0.04000000283122063,0.15000000596046448,37,19,15,8,25,49,97,58,50,21.5,21.5,24.3,24.3,6,30.0
606.352,12,12,30,55,-3.4000000953674316,-1.899999976158142,0.04000000283122063,0.15000000596046448,37,19,15,8,25,49,97,58,50,21.5,21.5,24.3,24.3,6,30.0
606.849,12,12,30,55,-3.4000000953674316,-1.899999976158142,0.04000000283122063,0.15000000596046448,37,19,15,8,25,49,97,58,50,21.5,21.5,24.3,24.3,6,30.0
607.347,12,12,30,55,-3.4000000953674316,-1.899999976158142,0.04000000283122063,0.15000000596046448,37,19,15,8,25,49,97,58,50,21.5,21.5,24.3,24.3,6,30.0
607.837,12,12,30,55,-3.4000000953674316,-1.899999976158142,0.04000000283122063,0.15000000596046448,37,19,15,8,25,49,97,58,50,21.5,21.5,24.3,24.3,6,30.0
608.335,12,12,30,55,-3.4000000953674316,-1.899999976158142,0.04000000283122063,0.15000000596046448,37,19,15,8,25,49,97,58,50,21.5,21.5,24.3,24.3,6,30.0
608.833,12,12,30,55,-3.4000000953674316,-1.899999976158142,0.04000000283122063,0.15000000596046448,37,19,15,8,25,49,97,58,50,21.5,21.5,24.3,24.3,6,30.0
609.333,12,12,30,55,-3.4000000953674316,-1.899999976158142,0.04000000283122063,0.15000000596046448,37,19,15,8,25,49,97,58,50,21.5,21.5,24.3,24.3,6,30.0
609.85,12,12,30,55,-3.4000000953674316,-1.899999976158142,0.04000000283122063,0.15000000596046448,37,19,15,8,25,49,97,58,50,21.5,21.5,24.3,24.3,6,30.0
610.344,12,12,30,55,-3.4000000953674316,-1.899999976158142,0.04000000283122063,0.15000000596046448,37,19,15,8,25,49,97,58,50,21.5,21.5,24.3,24.3,6,30.0
610.845,12,12,30,55,-3.4000000953674316,-1.899999976158142,0.04000000283122063,0.15000000596046448,37,19,15,8,25,49,97,58,50,21.5,21.5,24.3,24.3,6,30.0
611.352,12,12,30,55,-3.4000000953674316,-1.899999976158142,0.04000000283122063,0.15000000596046448,37,19,15,8,25,49,97,58,50,21.5,21.5,24.3,24.3,6,30.0
611.851,12,12,30,55,-3.4000000953674316,-1.899999976158142,0.04000000283122063,0.15000000596046448,37,19,15,8,25,49,97,58,50,21.5,21.5,24.3,24.3,6,30.0
612.35,12,12,30,55,-3.4000000953674316,-1.899999976158142,0.04000000283122063,0.15000000596046448,37,19,15,8,25,49,97,58,50,21.5,21.5,24.3,24.3,6,30.0
612.839,12,12,30,55,-3.4000000953674316,-1.899999976158142,0.04000000283122063,0.15000000596046448,37,19,15,8,25,49,97,58,50,21.5,21.5,24.3,24.3,6,30.0
613.344,12,12,30,55,-3.4000000953674316,-1.899999976158142,0.04000000283122063,0.15000000596046448,37,19,15,8,25,49,97,58,50,21.5,21.5,24.3,24.3,6,30.0
613.837,12,12,30,55,-3.4000000953674316,-1.899999976158142,0.04000000283122063,0.15000000596046448,37,19,15,8,25,49,97,58,50,21.5,21.5,24.3,24.3,6,30.0
614.355,12,12,30,55,-3.4000000953674316,-1.899999976158142,0.04000000283122063,0.15000000596046448,37,19,15,8,25,49,97,58,50,21.5,21.5,24.3,24.3,6,30.0
614.839,12,12,30,55,-3.4000000953674316,-1.899999976158142,0.04000000283122063,0.15000000596046448,37,19,15,8,25,49,97,58,50,21.5,21.5,24.3,24.3,6,30.0
615.336,12,12,30,55,-3.4000000953674316,-1.899999976158142,0.04000000283122063,0.15000000596046448,37,19,15,8,25,49,97,58,50,21.5,21.5,24.3,24.3,6,30.0
615.837,12,12,30,55,-3.4000000953674316,-1.899999976158142,0.04000000283122063,0.15000000596046448,37,19,15,8,25,49,97,58,50,21.5,21.5,24.3,24.3,6,30.0
616.352,12,12,30,55,-3.4000000953674316,-1.899999976158142,0.04000000283122063,0.15000000596046448,37,19,15,8,25,49,97,58,50,21.5,21.5,24.3,24.3,6,30.0
616.855,12,12,30,55,-3.4000000953674316,-1.899999976158142,0.04000000283122063,0.15000000596046448,37,19,15,8,25,49,97,58,50,21.5,21.5,24.3,24.3,6,30.0
617.342,12,12,30,55,-3.4000000953674316,-1.899999976158142,0.04000000283122063,0.15000000596046448,37,19,15,8,25,49,97,58,50,21.5,21.5,24.3,24.3,6,30.0
617.851,12,12,30,55,-3.4000000953674316,-1.899999976158142,0.04000000283122063,0.15000000596046448,37,19,15,8,25,49,97,58,50,21.5,21.5,24.3,24.3,6,30.0
618.355,12,12,30,55,-3.4000000953674316,-1.899999976158142,0.04000000283122063,0.15000000596046448,37,19,15,8,25,49,97,58,50,21.5,21.5,24.3,24.3,6,30.0
618.851,12,12,30,55,-3.4000000953674316,-1.899999976158142,0.04000000283122063,0.15000000596046448,37,19,15,8,25,49,97,58,50,21.5,21.5,24.3,24.3,6,30.0
619.343,12,12,30,55,-3.4000000953674316,-1.899999976158142,0.04000000283122063,0.15000000596046448,37,19,15,8,25,49,97,58,50,21.5,21.5,24.3,24.3,6,30.0
619.852,12,12,30,55,-3.4000000953674316,-1.899999976158142,0.04000000283122063,0.15000000596046448,37,19,15,8,25,49,97,58,50,21.5,21.5,24.3,24.3,6,30.0
620.333,12,12,30,55,-3.4000000953674316,-1.899999976158142,0.04000000283122063,0.15000000596046448,37,19,15,8,25,49,97,58,50,21.5,21.5,24.3,24.3,6,30.0
620.851,12,12,30,55,-3.4000000953674316,-1.899999976158142,0.04000000283122063,0.15000000596046448,37,19,15,8,25,49,97,58,50,21.5,21.5,24.3,24.3,6,30.0
621.341,12,12,30,55,-3.4000000953674316,-1.899999976158142,0.04000000283122063,0.15000000596046448,37,19,15,8,25,49,97,58,50,21.5,21.5,24.3,24.3,6,30.0
621.852,12,12,30,55,-3.4000000953674316,-1.899999976158142,0.04000000283122063,0.15000000596046448,37,19,15,8,25,49,97,58,50,21.5,21.5,24.3,24.3,6,30.0
622.353,12,12,30,55,-3.4000000953674316,-1.899999976158142,0.04000000283122063,0.15000000596046448,37,19,15,8,25,49,97,58,50,21.5,21.5,24.3,24.3,6,30.0
622.835,12,12,30,55,-3.4000000953674316,-1.899999976158142,0.04000000283122063,0.15000000596046448,37,19,15,8,25,49,97,58,50,21.5,21.5,24.3,24.3,6,30.0
623.355,12,12,30,55,-3.4000000953674316,-1.899999976158142,0.04000000283122063,0.15000000596046448,37,19,15,8,25,49,97,58,50,21.5,21.5,24.3,24.3,6,30.0
623.842,12,12,30,55,-3.4000000953674316,-1.899999976158142,0.04000000283122063,0.15000000596046448,37,19,15,8,25,49,97,58,50,21.5,21.5,24.3,24.3,6,30.0
624.359,12,12,30,55,-3.4000000953674316,-1.899999976158142,0.04000000283122063,0.15000000596046448,37,19,15,8,25,49,97,58,50,21.5,21.5,24.3,24.3,6,30.0
624.851,12,12,30,55,-3.4000000953674316,-1.899999976158142,0.04000000283122063,0.15000000596046448,37,19,15,8,25,49,97,58,50,21.5,21.5,24.3,24.3,6,30.0
625.351,12,12,30,55,-3.4000000953674316,-1.899999976158142,0.04000000283122063,0.15000000596046448,37,19,15,8,25,49,97,58,50,21.5,21.5,24.3,24.3,6,30.0
625.846,12,12,30,55,-3.4000000953674316,-1.899999976158142,0.04000000283122063,0.15000000596046448,37,19,15,8,25,49,97,58,50,21.5,21.5,24.3,24.3,6,30.0
626.343,12,12,30,55,-3.4000000953674316,-1.899999976158142,0.04000000283122063,0.15000000596046448,37,19,15,8,25,49,97,58,50,21.5,21.5,24.3,24.3,6,30.0
626.836,12,12,30,55,-3.4000000953674316,-1.899999976158142,0.04000000283122063,0.15000000596046448,37,19,15,8,25,49,97,58,50,21.5,21.5,24.3,24.3,6,30.0
627.335,12,12,30,55,-3.4000000953674316,-1.899999976158142,0.04000000283122063,0.15000000596046448,37,19,15,8,25,49,97,58,50,21.5,21.5,24.3,24.3,6,30.0
627.833,12,12,30,55,-3.4000000953674316,-1.899999976158142,0.04000000283122063,0.15000000596046448,37,19,15,8,25,49,97,58,50,21.5,21.5,24.3,24.3,6,30.0
628.352,12,12,30,55,-3.4000000953674316,-1.899999976158142,0.04000000283122063,0.15000000596046448,37,19,15,8,25,49,97,58,50,21.5,21.5,24.3,24.3,6,30.0
628.835,12,12,30,55,-3.4000000953674316,-1.899999976158142,0.04000000283122063,0.15000000596046448,37,19,15,8,25,49,97,58,50,21.5,21.5,24.3,24.3,6,30.0
629.341,12,12,30,55,-3.4000000953674316,-1.899999976158142,0.04000000283122063,0.15000000596046448,37,19,15,8,25,49,97,58,50,21.5,21.5,24.3,24.3,6,30.0
629.846,12,12,30,55,-3.4000000953674316,-1.899999976158142,0.04000000283122063,0.15000000596046448,37,19,15,8,25,49,97,58,50,21.5,21.5,24.3,24.3,6,30.0
630.349,12,12,30,55,-3.4000000953674316,-1.899999976158142,0.04000000283122063,0.15000000596046448,37,19,15,8,25,49,97,58,50,21.5,21.5,24.3,24.3,6,30.0
630.843,12,12,30,55,-3.4000000953674316,-1.899999976158142,0.04000000283122063,0.15000000596046448,37,19,15,8,25,49,97,58,50,21.5,21.5,24.3,24.3,6,30.0
631.334,12,12,30,55,-3.4000000953674316,-1.899999976158142,0.04000000283122063,0.15000000596046448,37,19,15,8,25,49,97,58,50,21.5,21.5,24.3,24.3,6,30.0
631.84,12,12,30,55,-3.4000000953674316,-1.899999976158142,0.04000000283122063,0.15000000596046448,37,19,15,8,25,49,97,58,50,21.5,21.5,24.3,24.3,6,30.0
632.354,12,12,30,55,-3.4000000953674316,-1.899999976158142,0.04000000283122063,0.15000000596046448,37,19,15,8,25,49,97,58,50,21.5,21.5,24.3,24.3,6,30.0
632.834,12,12,30,55,-3.4000000953674316,-1.899999976158142,0.04000000283122063,0.15000000596046448,37,19,15,8,25,49,97,58,50,21.5,21.5,24.3,24.3,6,30.0
633.352,12,12,30,55,-3.4000000953674316,-1.899999976158142,0.04000000283122063,0.15000000596046448,37,19,15,8,25,49,97,58,50,21.5,21.5,24.3,24.3,6,30.0
633.841,12,12,30,55,-3.4000000953674316,-1.899999976158142,0.04000000283122063,0.15000000596046448,37,19,15,8,25,49,97,58,50,21.5,21.5,24.3,24.3,6,30.0
634.348,12,12,30,55,-3.4000000953674316,-1.899999976158142,0.04000000283122063,0.15000000596046448,37,19,15,8,25,49,97,58,50,21.5,21.5,24.3,24.3,6,30.0
634.85,12,12,30,55,-3.4000000953674316,-1.899999976158142,0.04000000283122063,0.15000000596046448,37,19,15,8,25,49,97,58,50,21.5,21.5,24.3,24.3,6,30.0
635.34,12,12,30,55,-3.4000000953674316,-1.899999976158142,0.04000000283122063,0.15000000596046448,37,19,15,8,25,49,97,58,50,21.5,21.5,24.3,24.3,6,30.0
635.847,12,12,30,55,-3.4000000953674316,-1.899999976158142,0.04000000283122063,0.15000000596046448,37,19,15,8,25,49,97,58,50,21.5,21.5,24.3,24.3,6,30.0
636.347,12,12,30,55,-3.4000000953674316,-1.899999976158142,0.04000000283122063,0.15000000596046448,37,19,15,8,25,49,97,58,50,21.5,21.5,24.3,24.3,6,30.0
636.839,12,12,30,55,-3.4000000953674316,-1.899999976158142,0.04000000283122063,0.15000000596046448,37,19,15,8,25,49,97,58,50,21.5,21.5,24.3,24.3,6,30.0
637.353,12,12,30,55,-3.4000000953674316,-1.899999976158142,0.04000000283122063,0.15000000596046448,37,19,15,8,25,49,97,58,50,21.5,21.5,24.3,24.3,6,30.0
637.838,12,12,30,55,-3.4000000953674316,-1.899999976158142,0.04000000283122063,0.15000000596046448,37,19,15,8,25,49,97,58,50,21.5,21.5,24.3,24.3,6,30.0
638.337,12,12,30,55,-3.4000000953674316,-1.899999976158142,0.04000000283122063,0.15000000596046448,37,19,15,8,25,49,97,58,50,21.5,21.5,24.3,24.3,6,30.0
638.833,12,12,30,55,-3.4000000953674316,-1.899999976158142,0.04000000283122063,0.15000000596046448,37,19,15,8,25,49,97,58,50,21.5,21.5,24.3,24.3,6,30.0
639.338,12,12,30,55,-3.4000000953674316,-1.899999976158142,0.04000000283122063,0.15000000596046448,37,19,15,8,25,49,97,58,50,21.5,21.5,24.3,24.3,6,30.0
639.851,12,12,30,55,-3.4000000953674316,-1.899999976158142,0.04000000283122063,0.15000000596046448,37,19,15,8,25,49,97,58,50,21.5,21.5,24.3,24.3,6,30.0
640.345,12,12,30,55,-3.4000000953674316,-1.899999976158142,0.04000000283122063,0.15000000596046448,37,19,15,8,25,49,97,58,50,21.5,21.5,24.3,24.3,6,30.0
640.853,12,12,30,55,-3.4000000953674316,-1.899999976158142,0.04000000283122063,0.15000000596046448,37,19,15,8,25,49,97,58,50,21.5,21.5,24.3,24.3,6,30.0
641.342,12,12,30,55,-3.4000000953674316,-1.899999976158142,0.04000000283122063,0.15000000596046448,37,19,15,8,25,49,97,58,50,21.5,21.5,24.3,24.3,6,30.0
641.853,12,12,30,55,-3.4000000953674316,-1.899999976158142,0.04000000283122063,0.15000000596046448,37,19,15,8,25,49,97,58,50,21.5,21.5,24.3,24.3,6,30.0
642.351,12,12,30,55,-3.4000000953674316,-1.899999976158142,0.04000000283122063,0.15000000596046448,37,19,15,8,25,49,97,58,50,21.5,21.5,24.3,24.3,6,30.0
642.833,12,12,30,55,-3.4000000953674316,-1.899999976158142,0.04000000283122063,0.15000000596046448,37,19,15,8,25,49,97,58,50,21.5,21.5,24.3,24.3,6,30.0
643.357,12,12,30,55,-3.4000000953674316,-1.899999976158142,0.04000000283122063,0.15000000596046448,37,19,15,8,25,49,97,58,50,21.5,21.5,24.3,24.3,6,30.0
643.847,12,12,30,55,-3.4000000953674316,-1.899999976158142,0.04000000283122063,0.15000000596046448,37,19,15,8,25,49,97,58,50,21.5,21.5,24.3,24.3,6,30.0
644.351,12,12,30,55,-3.4000000953674316,-1.899999976158142,0.04000000283122063,0.15000000596046448,37,19,15,8,25,49,97,58,50,21.5,21.5,24.3,24.3,6,30.0
644.855,12,12,30,55,-3.4000000953674316,-1.899999976158142,0.04000000283122063,0.15000000596046448,37,19,15,8,25,49,97,58,50,21.5,21.5,24.3,24.3,6,30.0
645.345,12,12,30,55,-3.4000000953674316,-1.899999976158142,0.04000000283122063,0.15000000596046448,37,19,15,8,25,49,97,58,50,21.5,21.5,24.3,24.3,6,30.0
645.856,12,12,30,55,-3.4000000953674316,-1.899999976158142,0.04000000283122063,0.15000000596046448,37,19,15,8,25,49,97,58,50,21.5,21.5,24.3,24.3,6,30.0
646.361,12,12,30,55,-3.4000000953674316,-1.899999976158142,0.04000000283122063,0.15000000596046448,37,19,15,8,25,49,97,58,50,21.5,21.5,24.3,24.3,6,30.0
646.833,12,12,30,55,-3.4000000953674316,-1.899999976158142,0.04000000283122063,0.15000000596046448,37,19,15,8,25,49,97,58,50,21.5,21.5,24.3,24.3,6,30.0
647.352,12,12,30,55,-3.4000000953674316,-1.899999976158142,0.04000000283122063,0.15000000596046448,37,19,15,8,25,49,97,58,50,21.5,21.5,24.3,24.3,6,30.0
647.84,12,12,30,55,-3.4000000953674316,-1.899999976158142,0.04000000283122063,0.15000000596046448,37,19,15,8,25,49,97,58,50,21.5,21.5,24.3,24.3,6,30.0
648.347,12,12,30,55,-3.4000000953674316,-1.899999976158142,0.04000000283122063,0.15000000596046448,37,19,15,8,25,49,97,58,50,21.5,21.5,24.3,24.3,6,30.0
648.85,12,12,30,55,-3.4000000953674316,-1.899999976158142,0.04000000283122063,0.15000000596046448,37,19,15,8,25,49,97,58,50,21.5,21.5,24.3,24.3,6,30.0
649.351,12,12,30,55,-3.4000000953674316,-1.899999976158142,0.04000000283122063,0.15000000596046448,37,19,15,8,25,49,97,58,50,21.5,21.5,24.3,24.3,6,30.0
649.854,12,12,30,55,-3.4000000953674316,-1.899999976158142,0.04000000283122063,0.15000000596046448,37,19,15,8,25,49,97,58,50,21.5,21.5,24.3,24.3,6,30.0
650.338,12,12,30,55,-3.4000000953674316,-1.899999976158142,0.04000000283122063,0.15000000596046448,37,19,15,8,25,49,97,58,50,21.5,21.5,24.3,24.3,6,30.0
650.842,12,12,30,55,-3.4000000953674316,-1.899999976158142,0.04000000283122063,0.15000000596046448,37,19,15,8,25,49,97,58,50,21.5,21.5,24.3,24.3,6,30.0
651.349,12,12,30,55,-3.4000000953674316,-1.899999976158142,0.04000000283122063,0.15000000596046448,37,19,15,8,25,49,97,58,50,21.5,21.5,24.3,24.3,6,30.0
651.837,12,12,30,55,-3.4000000953674316,-1.899999976158142,0.04000000283122063,0.15000000596046448,37,19,15,8,25,49,97,58,50,21.5,21.5,24.3,24.3,6,30.0
652.344,12,12,30,55,-3.4000000953674316,-1.899999976158142,0.04000000283122063,0.15000000596046448,37,19,15,8,25,49,97,58,50,21.5,21.5,24.3,24.3,6,30.0
652.837,12,12,30,55,-3.4000000953674316,-1.899999976158142,0.04000000283122063,0.15000000596046448,37,19,15,8,25,49,97,58,50,21.5,21.5,24.3,24.3,6,30.0
653.339,12,12,30,55,-3.4000000953674316,-1.899999976158142,0.04000000283122063,0.15000000596046448,37,19,15,8,25,49,97,58,50,21.5,21.5,24.3,24.3,6,30.0
653.847,12,12,30,55,-3.4000000953674316,-1.899999976158142,0.04000000283122063,0.15000000596046448,37,19,15,8,25,49,97,58,50,21.5,21.5,24.3,24.3,6,30.0
654.334,12,12,30,55,-3.4000000953674316,-1.899999976158142,0.04000000283122063,0.15000000596046448,37,19,15,8,25,49,97,58,50,21.5,21.5,24.3,24.3,6,30.0
654.858,12,12,30,55,-3.4000000953674316,-1.899999976158142,0.04000000283122063,0.15000000596046448,37,19,15,8,25,49,97,58,50,21.5,21.5,24.3,24.3,6,30.0
655.346,12,12,30,55,-3.4000000953674316,-1.899999976158142,0.04000000283122063,0.15000000596046448,37,19,15,8,25,49,97,58,50,21.5,21.5,24.3,24.3,6,30.0
655.855,12,12,30,55,-3.4000000953674316,-1.899999976158142,0.04000000283122063,0.15000000596046448,37,19,15,8,25,49,97,58,50,21.5,21.5,24.3,24.3,6,30.0
656.348,12,12,30,55,-3.4000000953674316,-1.899999976158142,0.04000000283122063,0.15000000596046448,37,19,15,8,25,49,97,58,50,21.5,21.5,24.3,24.3,6,30.0
656.854,12,12,30,55,-3.4000000953674316,-1.899999976158142,0.04000000283122063,0.15000000596046448,37,19,15,8,25,49,97,58,50,21.5,21.5,24.3,24.3,6,30.0
657.336,12,12,30,55,-3.4000000953674316,-1.899999976158142,0.04000000283122063,0.15000000596046448,37,19,15,8,25,49,97,58,50,21.5,21.5,24.3,24.3,6,30.0
657.834,12,12,30,55,-3.4000000953674316,-1.899999976158142,0.04000000283122063,0.15000000596046448,37,19,15,8,25,49,97,58,50,21.5,21.5,24.3,24.3,6,30.0
658.341,12,12,30,55,-3.4000000953674316,-1.899999976158142,0.04000000283122063,0.15000000596046448,37,19,15,8,25,49,97,58,50,21.5,21.5,24.3,24.3,6,30.0
658.847,12,12,30,55,-3.4000000953674316,-1.899999976158142,0.04000000283122063,0.15000000596046448,37,19,15,8,25,49,97,58,50,21.5,21.5,24.3,24.3,6,30.0
659.349,12,12,30,55,-3.4000000953674316,-1.899999976158142,0.04000000283122063,0.15000000596046448,37,19,15,8,25,49,97,58,50,21.5,21.5,24.3,24.3,6,30.0
659.856,12,12,30,55,-3.4000000953674316,-1.899999976158142,0.04000000283122063,0.15000000596046448,37,19,15,8,25,49,97,58,50,21.5,21.5,24.3,24.3,6,30.0
660.339,12,12,30,55,-3.4000000953674316,-1.899999976158142,0.04000000283122063,0.15000000596046448,37,19,15,8,25,49,97,58,50,21.5,21.5,24.3,24.3,6,30.0
660.852,12,12,30,55,-3.4000000953674316,-1.899999976158142,0.04000000283122063,0.15000000596046448,37,19,15,8,25,49,97,58,50,21.5,21.5,24.3,24.3,6,30.0
661.34,12,12,30,55,-3.4000000953674316,-1.899999976158142,0.04000000283122063,0.15000000596046448,37,19,15,8,25,49,97,58,50,21.5,21.5,24.3,24.3,6,30.0
661.855,12,12,30,55,-3.4000000953674316,-1.899999976158142,0.04000000283122063,0.15000000596046448,37,19,15,8,25,49,97,58,50,21.5,21.5,24.3,24.3,6,30.0
662.344,12,12,30,55,-3.4000000953674316,-1.899999976158142,0.04000000283122063,0.15000000596046448,37,19,15,8,25,49,97,58,50,21.5,21.5,24.3,24.3,6,30.0
662.837,12,12,30,55,-3.4000000953674316,-1.899999976158142,0.04000000283122063,0.15000000596046448,37,19,15,8,25,49,97,58,50,21.5,21.5,24.3,24.3,6,30.0
663.344,12,12,30,55,-3.4000000953674316,-1.899999976158142,0.04000000283122063,0.15000000596046448,37,19,15,8,25,49,97,58,50,21.5,21.5,24.3,24.3,6,30.0
663.857,12,12,30,55,-3.4000000953674316,-1.899999976158142,0.04000000283122063,0.15000000596046448,37,19,15,8,25,49,97,58,50,21.5,21.5,24.3,24.3,6,30.0
664.347,12,12,30,55,-3.4000000953674316,-1.899999976158142,0.04000000283122063,0.15000000596046448,37,19,15,8,25,49,97,58,50,21.5,21.5,24.3,24.3,6,30.0
664.85,12,12,30,55,-3.4000000953674316,-1.899999976158142,0.04000000283122063,0.15000000596046448,37,19,15,8,25,49,97,58,50,21.5,21.5,24.3,24.3,6,30.0
665.339,12,12,30,55,-3.4000000953674316,-1.899999976158142,0.04000000283122063,0.15000000596046448,37,19,15,8,25,49,97,58,50,21.5,21.5,24.3,24.3,6,30.0
665.855,12,12,30,55,-3.4000000953674316,-1.899999976158142,0.04000000283122063,0.15000000596046448,37,19,15,8,25,49,97,58,50,21.5,21.5,24.3,24.3,6,30.0
666.344,12,12,30,55,-3.4000000953674316,-1.899999976158142,0.04000000283122063,0.15000000596046448,37,19,15,8,25,49,97,58,50,21.5,21.5,24.3,24.3,6,30.0
666.857,12,12,30,55,-3.4000000953674316,-1.899999976158142,0.04000000283122063,0.15000000596046448,37,19,15,8,25,49,97,58,50,21.5,21.5,24.3,24.3,6,30.0
667.335,12,12,30,55,-3.4000000953674316,-1.899999976158142,0.04000000283122063,0.15000000596046448,37,19,15,8,25,49,97,58,50,21.5,21.5,24.3,24.3,6,30.0
667.838,12,12,30,55,-3.4000000953674316,-1.899999976158142,0.04000000283122063,0.15000000596046448,37,19,15,8,25,49,97,58,50,21.5,21.5,24.3,24.3,6,30.0
668.358,12,12,30,55,-3.4000000953674316,-1.899999976158142,0.04000000283122063,0.15000000596046448,37,19,15,8,25,49,97,58,50,21.5,21.5,24.3,24.3,6,30.0
668.839,12,12,30,55,-3.4000000953674316,-1.899999976158142,0.04000000283122063,0.15000000596046448,37,19,15,8,25,49,97,58,50,21.5,21.5,24.3,24.3,6,30.0
669.355,12,12,30,55,-3.4000000953674316,-1.899999976158142,0.04000000283122063,0.15000000596046448,37,19,15,8,25,49,97,58,50,21.5,21.5,24.3,24.3,6,30.0
669.847,12,12,30,55,-3.4000000953674316,-1.899999976158142,0.04000000283122063,0.15000000596046448,37,19,15,8,25,49,97,58,50,21.5,21.5,24.3,24.3,6,30.0
670.347,12,12,30,55,-3.4000000953674316,-1.899999976158142,0.04000000283122063,0.15000000596046448,37,19,15,8,25,49,97,58,50,21.5,21.5,24.3,24.3,6,30.0
670.849,12,12,30,55,-3.4000000953674316,-1.899999976158142,0.04000000283122063,0.15000000596046448,37,19,15,8,25,49,97,58,50,21.5,21.5,24.3,24.3,6,30.0
671.351,12,12,30,55,-3.4000000953674316,-1.899999976158142,0.04000000283122063,0.15000000596046448,37,19,15,8,25,49,97,58,50,21.5,21.5,24.3,24.3,6,30.0
671.848,12,12,30,55,-3.4000000953674316,-1.899999976158142,0.04000000283122063,0.15000000596046448,37,19,15,8,25,49,97,58,50,21.5,21.5,24.3,24.3,6,30.0
672.347,12,12,30,55,-3.4000000953674316,-1.899999976158142,0.04000000283122063,0.15000000596046448,37,19,15,8,25,49,97,58,50,21.5,21.5,24.3,24.3,6,30.0
672.842,12,12,30,55,-3.4000000953674316,-1.899999976158142,0.04000000283122063,0.15000000596046448,37,19,15,8,25,49,97,58,50,21.5,21.5,24.3,24.3,6,30.0
673.352,12,12,30,55,-3.4000000953674316,-1.899999976158142,0.04000000283122063,0.15000000596046448,37,19,15,8,25,49,97,58,50,21.5,21.5,24.3,24.3,6,30.0
673.833,12,12,30,55,-3.4000000953674316,-1.899999976158142,0.04000000283122063,0.15000000596046448,37,19,15,8,25,49,97,58,50,21.5,21.5,24.3,24.3,6,30.0
674.345,12,12,30,55,-3.4000000953674316,-1.899999976158142,0.04000000283122063,0.15000000596046448,37,19,15,8,25,49,97,58,50,21.5,21.5,24.3,24.3,6,30.0
674.845,12,12,30,55,-3.4000000953674316,-1.899999976158142,0.04000000283122063,0.15000000596046448,37,19,15,8,25,49,97,58,50,21.5,21.5,24.3,24.3,6,30.0
675.354,12,12,30,55,-3.4000000953674316,-1.899999976158142,0.04000000283122063,0.15000000596046448,37,19,15,8,25,49,97,58,50,21.5,21.5,24.3,24.3,6,30.0
675.856,12,12,30,55,-3.4000000953674316,-1.899999976158142,0.04000000283122063,0.15000000596046448,37,19,15,8,25,49,97,58,50,21.5,21.5,24.3,24.3,6,30.0
676.343,12,12,30,55,-3.4000000953674316,-1.899999976158142,0.04000000283122063,0.15000000596046448,37,19,15,8,25,49,97,58,50,21.5,21.5,24.3,24.3,6,30.0
676.833,12,12,30,55,-3.4000000953674316,-1.899999976158142,0.04000000283122063,0.15000000596046448,37,19,15,8,25,49,97,58,50,21.5,21.5,24.3,24.3,6,30.0
677.335,12,12,30,55,-3.4000000953674316,-1.899999976158142,0.04000000283122063,0.15000000596046448,37,19,15,8,25,49,97,58,50,21.5,21.5,24.3,24.3,6,30.0
677.834,12,12,30,55,-3.4000000953674316,-1.899999976158142,0.04000000283122063,0.15000000596046448,37,19,15,8,25,49,97,58,50,21.5,21.5,24.3,24.3,6,30.0
678.349,12,12,30,55,-3.4000000953674316,-1.899999976158142,0.04000000283122063,0.15000000596046448,37,19,15,8,25,49,97,58,50,21.5,21.5,24.3,24.3,6,30.0
678.849,12,12,30,55,-3.4000000953674316,-1.899999976158142,0.04000000283122063,0.15000000596046448,37,19,15,8,25,49,97,58,50,21.5,21.5,24.3,24.3,6,30.0
679.342,12,12,30,55,-3.4000000953674316,-1.899999976158142,0.04000000283122063,0.15000000596046448,37,19,15,8,25,49,97,58,50,21.5,21.5,24.3,24.3,6,30.0
679.848,12,12,30,55,-3.4000000953674316,-1.899999976158142,0.04000000283122063,0.15000000596046448,37,19,15,8,25,49,97,58,50,21.5,21.5,24.3,24.3,6,30.0
680.351,12,12,30,55,-3.4000000953674316,-1.899999976158142,0.04000000283122063,0.15000000596046448,37,19,15,8,25,49,97,58,50,21.5,21.5,24.3,24.3,6,30.0
680.854,12,12,30,55,-3.4000000953674316,-1.899999976158142,0.04000000283122063,0.15000000596046448,37,19,15,8,25,49,97,58,50,21.5,21.5,24.3,24.3,6,30.0
681.352,12,12,30,55,-3.4000000953674316,-1.899999976158142,0.04000000283122063,0.15000000596046448,37,19,15,8,25,49,97,58,50,21.5,21.5,24.3,24.3,6,30.0
681.851,12,12,30,55,-3.4000000953674316,-1.899999976158142,0.04000000283122063,0.15000000596046448,37,19,15,8,25,49,97,58,50,21.5,21.5,24.3,24.3,6,30.0
682.343,12,12,30,55,-3.4000000953674316,-1.899999976158142,0.04000000283122063,0.15000000596046448,37,19,15,8,25,49,97,58,50,21.5,21.5,24.3,24.3,6,30.0
682.836,12,12,30,55,-3.4000000953674316,-1.899999976158142,0.04000000283122063,0.15000000596046448,37,19,15,8,25,49,97,58,50,21.5,21.5,24.3,24.3,6,30.0
683.333,12,12,30,55,-3.4000000953674316,-1.899999976158142,0.04000000283122063,0.15000000596046448,37,19,15,8,25,49,97,58,50,21.5,21.5,24.3,24.3,6,30.0
683.842,12,12,30,55,-3.4000000953674316,-1.899999976158142,0.04000000283122063,0.15000000596046448,37,19,15,8,25,49,97,58,50,21.5,21.5,24.3,24.3,6,30.0
684.333,12,12,30,55,-3.4000000953674316,-1.899999976158142,0.04000000283122063,0.15000000596046448,37,19,15,8,25,49,97,58,50,21.5,21.5,24.3,24.3,6,30.0
684.85,12,12,30,55,-3.4000000953674316,-1.899999976158142,0.04000000283122063,0.15000000596046448,37,19,15,8,25,49,97,58,50,21.5,21.5,24.3,24.3,6,30.0
685.347,12,12,30,55,-3.4000000953674316,-1.899999976158142,0.04000000283122063,0.15000000596046448,37,19,15,8,25,49,97,58,50,21.5,21.5,24.3,24.3,6,30.0
685.834,12,12,30,55,-3.4000000953674316,-1.899999976158142,0.04000000283122063,0.15000000596046448,37,19,15,8,25,49,97,58,50,21.5,21.5,24.3,24.3,6,30.0
686.337,12,12,30,55,-3.4000000953674316,-1.899999976158142,0.04000000283122063,0.15000000596046448,37,19,15,8,25,49,97,58,50,21.5,21.5,24.3,24.3,6,30.0
686.842,12,12,30,55,-3.4000000953674316,-1.899999976158142,0.04000000283122063,0.15000000596046448,37,19,15,8,25,49,97,58,50,21.5,21.5,24.3,24.3,6,30.0
687.35,12,12,30,55,-3.4000000953674316,-1.899999976158142,0.04000000283122063,0.15000000596046448,37,19,15,8,25,49,97,58,50,21.5,21.5,24.3,24.3,6,30.0
687.844,12,12,30,55,-3.4000000953674316,-1.899999976158142,0.04000000283122063,0.15000000596046448,37,19,15,8,25,49,97,58,50,21.5,21.5,24.3,24.3,6,30.0
688.35,12,12,30,55,-3.4000000953674316,-1.899999976158142,0.04000000283122063,0.15000000596046448,37,19,15,8,25,49,97,58,50,21.5,21.5,24.3,24.3,6,30.0
688.851,12,12,30,55,-3.4000000953674316,-1.899999976158142,0.04000000283122063,0.15000000596046448,37,19,15,8,25,49,97,58,50,21.5,21.5,24.3,24.3,6,30.0
689.343,12,12,30,55,-3.4000000953674316,-1.899999976158142,0.04000000283122063,0.15000000596046448,37,19,15,8,25,49,97,58,50,21.5,21.5,24.3,24.3,6,30.0
689.849,12,12,30,55,-3.4000000953674316,-1.899999976158142,0.04000000283122063,0.15000000596046448,37,19,15,8,25,49,97,58,50,21.5,21.5,24.3,24.3,6,30.0
690.333,12,12,30,55,-3.4000000953674316,-1.899999976158142,0.04000000283122063,0.15000000596046448,37,19,15,8,25,49,97,58,50,21.5,21.5,24.3,24.3,6,30.0
690.847,12,12,30,55,-3.4000000953674316,-1.899999976158142,0.04000000283122063,0.15000000596046448,37,19,15,8,25,49,97,58,50,21.5,21.5,24.3,24.3,6,30.0
691.343,12,12,30,55,-3.4000000953674316,-1.899999976158142,0.04000000283122063,0.15000000596046448,37,19,15,8,25,49,97,58,50,21.5,21.5,24.3,24.3,6,30.0
691.85,12,12,30,55,-3.4000000953674316,-1.899999976158142,0.04000000283122063,0.15000000596046448,37,19,15,8,25,49,97,58,50,21.5,21.5,24.3,24.3,6,30.0
692.351,12,12,30,55,-3.4000000953674316,-1.899999976158142,0.04000000283122063,0.15000000596046448,37,19,15,8,25,49,97,58,50,21.5,21.5,24.3,24.3,6,30.0
692.833,12,12,30,55,-3.4000000953674316,-1.899999976158142,0.04000000283122063,0.15000000596046448,37,19,15,8,25,49,97,58,50,21.5,21.5,24.3,24.3,6,30.0
693.356,12,12,30,55,-3.4000000953674316,-1.899999976158142,0.04000000283122063,0.15000000596046448,37,19,15,8,25,49,97,58,50,21.5,21.5,24.3,24.3,6,30.0
693.845,12,12,30,55,-3.4000000953674316,-1.899999976158142,0.04000000283122063,0.15000000596046448,37,19,15,8,25,49,97,58,50,21.5,21.5,24.3,24.3,6,30.0
694.334,12,12,30,55,-3.4000000953674316,-1.899999976158142,0.04000000283122063,0.15000000596046448,37,19,15,8,25,49,97,58,50,21.5,21.5,24.3,24.3,6,30.0
694.853,12,12,30,55,-3.4000000953674316,-1.899999976158142,0.04000000283122063,0.15000000596046448,37,19,15,8,25,49,97,58,50,21.5,21.5,24.3,24.3,6,30.0
695.334,12,12,30,55,-3.4000000953674316,-1.899999976158142,0.04000000283122063,0.15000000596046448,37,19,15,8,25,49,97,58,50,21.5,21.5,24.3,24.3,6,30.0
695.836,12,12,30,55,-3.4000000953674316,-1.899999976158142,0.04000000283122063,0.15000000596046448,37,19,15,8,25,49,97,58,50,21.5,21.5,24.3,24.3,6,30.0
696.355,12,12,30,55,-3.4000000953674316,-1.899999976158142,0.04000000283122063,0.15000000596046448,37,19,15,8,25,49,97,58,50,21.5,21.5,24.3,24.3,6,30.0
696.841,12,12,30,55,-3.4000000953674316,-1.899999976158142,0.04000000283122063,0.15000000596046448,37,19,15,8,25,49,97,58,50,21.5,21.5,24.3,24.3,6,30.0
697.353,12,12,30,55,-3.4000000953674316,-1.899999976158142,0.04000000283122063,0.15000000596046448,37,19,15,8,25,49,97,58,50,21.5,21.5,24.3,24.3,6,30.0
697.845,12,12,30,55,-3.4000000953674316,-1.899999976158142,0.04000000283122063,0.15000000596046448,37,19,15,8,25,49,97,58,50,21.5,21.5,24.3,24.3,6,30.0
698.345,12,12,30,55,-3.4000000953674316,-1.899999976158142,0.04000000283122063,0.15000000596046448,37,19,15,8,25,49,97,58,50,21.5,21.5,24.3,24.3,6,30.0
698.846,12,12,30,55,-3.4000000953674316,-1.899999976158142,0.04000000283122063,0.15000000596046448,37,19,15,8,25,49,97,58,50,21.5,21.5,24.3,24.3,6,30.0
699.347,12,12,30,55,-3.4000000953674316,-1.899999976158142,0.04000000283122063,0.15000000596046448,37,19,15,8,25,49,97,58,50,21.5,21.5,24.3,24.3,6,30.0
699.845,12,12,30,55,-3.4000000953674316,-1.899999976158142,0.04000000283122063,0.15000000596046448,37,19,15,8,25,49,97,58,50,21.5,21.5,24.3,24.3,6,30.0
700.351,12,12,30,55,-3.4000000953674316,-1.899999976158142,0.04000000283122063,0.15000000596046448,37,19,15,8,25,49,97,58,50,21.5,21.5,24.3,24.3,6,30.0
700.851,12,12,30,55,-3.4000000953674316,-1.899999976158142,0.04000000283122063,0.15000000596046448,37,19,15,8,25,49,97,58,50,21.5,21.5,24.3,24.3,6,30.0
701.338,12,12,30,55,-3.4000000953674316,-1.899999976158142,0.04000000283122063,0.15000000596046448,37,19,15,8,25,49,97,58,50,21.5,21.5,24.3,24.3,6,30.0
701.853,12,12,30,55,-3.4000000953674316,-1.899999976158142,0.04000000283122063,0.15000000596046448,37,19,15,8,25,49,97,58,50,21.5,21.5,24.3,24.3,6,30.0
702.345,12,12,30,55,-3.4000000953674316,-1.899999976158142,0.04000000283122063,0.15000000596046448,37,19,15,8,25,49,97,58,50,21.5,21.5,24.3,24.3,6,30.0
702.838,12,12,30,55,-3.4000000953674316,-1.899999976158142,0.04000000283122063,0.15000000596046448,37,19,15,8,25,49,97,58,50,21.5,21.5,24.3,24.3,6,30.0
703.353,12,12,30,55,-3.4000000953674316,-1.899999976158142,0.04000000283122063,0.15000000596046448,37,19,15,8,25,49,97,58,50,21.5,21.5,24.3,24.3,6,30.0
703.838,12,12,30,55,-3.4000000953674316,-1.899999976158142,0.04000000283122063,0.15000000596046448,37,19,15,8,25,49,97,58,50,21.5,21.5,24.3,24.3,6,30.0
704.345,12,12,30,55,-3.4000000953674316,-1.899999976158142,0.04000000283122063,0.15000000596046448,37,19,15,8,25,49,97,58,50,21.5,21.5,24.3,24.3,6,30.0
704.836,12,12,30,55,-3.4000000953674316,-1.899999976158142,0.04000000283122063,0.15000000596046448,37,19,15,8,25,49,97,58,50,21.5,21.5,24.3,24.3,6,30.0
705.35,12,12,30,55,-3.4000000953674316,-1.899999976158142,0.04000000283122063,0.15000000596046448,37,19,15,8,25,49,97,58,50,21.5,21.5,24.3,24.3,6,30.0
705.854,12,12,30,55,-3.4000000953674316,-1.899999976158142,0.04000000283122063,0.15000000596046448,37,19,15,8,25,49,97,58,50,21.5,21.5,24.3,24.3,6,30.0
706.345,12,12,30,55,-3.4000000953674316,-1.899999976158142,0.04000000283122063,0.15000000596046448,37,19,15,8,25,49,97,58,50,21.5,21.5,24.3,24.3,6,30.0
706.838,12,12,30,55,-3.4000000953674316,-1.899999976158142,0.04000000283122063,0.15000000596046448,37,19,15,8,25,49,97,58,50,21.5,21.5,24.3,24.3,6,30.0
707.335,12,12,30,55,-3.4000000953674316,-1.899999976158142,0.04000000283122063,0.15000000596046448,37,19,15,8,25,49,97,58,50,21.5,21.5,24.3,24.3,6,30.0
707.843,12,12,30,55,-3.4000000953674316,-1.899999976158142,0.04000000283122063,0.15000000596046448,37,19,15,8,25,49,97,58,50,21.5,21.5,24.3,24.3,6,30.0
708.349,12,12,30,55,-3.4000000953674316,-1.899999976158142,0.04000000283122063,0.15000000596046448,37,19,15,8,25,49,97,58,50,21.5,21.5,24.3,24.3,6,30.0
708.852,12,12,30,55,-3.4000000953674316,-1.899999976158142,0.04000000283122063,0.15000000596046448,37,19,15,8,25,49,97,58,50,21.5,21.5,24.3,24.3,6,30.0
709.34,12,12,30,55,-3.4000000953674316,-1.899999976158142,0.04000000283122063,0.15000000596046448,37,19,15,8,25,49,97,58,50,21.5,21.5,24.3,24.3,6,30.0
709.852,12,12,30,55,-3.4000000953674316,-1.899999976158142,0.04000000283122063,0.15000000596046448,37,19,15,8,25,49,97,58,50,21.5,21.5,24.3,24.3,6,30.0
710.334,12,12,30,55,-3.4000000953674316,-1.899999976158142,0.04000000283122063,0.15000000596046448,37,19,15,8,25,49,97,58,50,21.5,21.5,24.3,24.3,6,30.0
710.854,12,12,30,55,-3.4000000953674316,-1.899999976158142,0.04000000283122063,0.15000000596046448,37,19,15,8,25,49,97,58,50,21.5,21.5,24.3,24.3,6,30.0
711.335,12,12,30,55,-3.4000000953674316,-1.899999976158142,0.04000000283122063,0.15000000596046448,37,19,15,8,25,49,97,58,50,21.5,21.5,24.3,24.3,6,30.0
711.835,12,12,30,55,-3.4000000953674316,-1.899999976158142,0.04000000283122063,0.15000000596046448,37,19,15,8,25,49,97,58,50,21.5,21.5,24.3,24.3,6,30.0
712.338,12,12,30,55,-3.4000000953674316,-1.899999976158142,0.04000000283122063,0.15000000596046448,37,19,15,8,25,49,97,58,50,21.5,21.5,24.3,24.3,6,30.0
712.833,12,12,30,55,-3.4000000953674316,-1.899999976158142,0.04000000283122063,0.15000000596046448,37,19,15,8,25,49,97,58,50,21.5,21.5,24.3,24.3,6,30.0
713.338,12,12,30,55,-3.4000000953674316,-1.899999976158142,0.04000000283122063,0.15000000596046448,37,19,15,8,25,49,97,58,50,21.5,21.5,24.3,24.3,6,30.0
713.85,12,12,30,55,-3.4000000953674316,-1.899999976158142,0.04000000283122063,0.15000000596046448,37,19,15,8,25,49,97,58,50,21.5,21.5,24.3,24.3,6,30.0
714.344,12,12,30,55,-3.4000000953674316,-1.899999976158142,0.04000000283122063,0.15000000596046448,37,19,15,8,25,49,97,58,50,21.5,21.5,24.3,24.3,6,30.0
714.839,12,12,30,55,-3.4000000953674316,-1.899999976158142,0.04000000283122063,0.15000000596046448,37,19,15,8,25,49,97,58,50,21.5,21.5,24.3,24.3,6,30.0
715.348,12,12,30,55,-3.4000000953674316,-1.899999976158142,0.04000000283122063,0.15000000596046448,37,19,15,8,25,49,97,58,50,21.5,21.5,24.3,24.3,6,30.0
715.848,12,12,30,55,-3.4000000953674316,-1.899999976158142,0.04000000283122063,0.15000000596046448,37,19,15,8,25,49,97,58,50,21.5,21.5,24.3,24.3,6,30.0
716.352,12,12,30,55,-3.4000000953674316,-1.899999976158142,0.04000000283122063,0.15000000596046448,37,19,15,8,25,49,97,58,50,21.5,21.5,24.3,24.3,6,30.0
716.839,12,12,30,55,-3.4000000953674316,-1.899999976158142,0.04000000283122063,0.15000000596046448,37,19,15,8,25,49,97,58,50,21.5,21.5,24.3,24.3,6,30.0
717.352,12,12,30,55,-3.4000000953674316,-1.899999976158142,0.04000000283122063,0.15000000596046448,37,19,15,8,25,49,97,58,50,21.5,21.5,24.3,24.3,6,30.0
717.84,12,12,30,55,-3.4000000953674316,-1.899999976158142,0.04000000283122063,0.15000000596046448,37,19,15,8,25,49,97,58,50,21.5,21.5,24.3,24.3,6,30.0
718.348,12,12,30,55,-3.4000000953674316,-1.899999976158142,0.04000000283122063,0.15000000596046448,37,19,15,8,25,49,97,58,50,21.5,21.5,24.3,24.3,6,30.0
718.859,12,12,30,55,-3.4000000953674316,-1.899999976158142,0.04000000283122063,0.15000000596046448,37,19,15,8,25,49,97,58,50,21.5,21.5,24.3,24.3,6,30.0
719.357,12,12,30,55,-3.4000000953674316,-1.899999976158142,0.04000000283122063,0.15000000596046448,37,19,15,8,25,49,97,58,50,21.5,21.5,24.3,24.3,6,30.0
719.849,12,12,30,55,-3.4000000953674316,-1.899999976158142,0.04000000283122063,0.15000000596046448,37,19,15,8,25,49,97,58,50,21.5,21.5,24.3,24.3,6,30.0
720.363,12,12,30,55,-3.4000000953674316,-1.899999976158142,0.04000000283122063,0.15000000596046448,37,19,15,8,25,49,97,58,50,21.5,21.5,24.3,24.3,6,30.0
720.839,12,12,30,55,-3.4000000953674316,-1.899999976158142,0.04000000283122063,0.15000000596046448,37,19,15,8,25,49,97,58,50,21.5,21.5,24.3,24.3,6,30.0
721.335,12,12,30,55,-3.4000000953674316,-1.899999976158142,0.04000000283122063,0.15000000596046448,37,19,15,8,25,49,97,58,50,21.5,21.5,24.3,24.3,6,30.0
721.833,12,12,30,55,-3.4000000953674316,-1.899999976158142,0.04000000283122063,0.15000000596046448,37,19,15,8,25,49,97,58,50,21.5,21.5,24.3,24.3,6,30.0
722.348,12,12,30,55,-3.4000000953674316,-1.899999976158142,0.04000000283122063,0.15000000596046448,37,19,15,8,25,49,97,58,50,21.5,21.5,24.3,24.3,6,30.0
722.851,12,12,30,55,-3.4000000953674316,-1.899999976158142,0.04000000283122063,0.15000000596046448,37,19,15,8,25,49,97,58,50,21.5,21.5,24.3,24.3,6,30.0
723.352,12,12,30,55,-3.4000000953674316,-1.899999976158142,0.04000000283122063,0.15000000596046448,37,19,15,8,25,49,97,58,50,21.5,21.5,24.3,24.3,6,30.0
723.851,12,12,30,55,-3.4000000953674316,-1.899999976158142,0.04000000283122063,0.15000000596046448,37,19,15,8,25,49,97,58,50,21.5,21.5,24.3,24.3,6,30.0
724.35,12,12,30,55,-3.4000000953674316,-1.899999976158142,0.04000000283122063,0.15000000596046448,37,19,15,8,25,49,97,58,50,21.5,21.5,24.3,24.3,6,30.0
724.837,12,12,30,55,-3.4000000953674316,-1.899999976158142,0.04000000283122063,0.15000000596046448,37,19,15,8,25,49,97,58,50,21.5,21.5,24.3,24.3,6,30.0
725.335,12,12,30,55,-3.4000000953674316,-1.899999976158142,0.04000000283122063,0.15000000596046448,37,19,15,8,25,49,97,58,50,21.5,21.5,24.3,24.3,6,30.0
725.844,12,12,30,55,-3.4000000953674316,-1.899999976158142,0.04000000283122063,0.15000000596046448,37,19,15,8,25,49,97,58,50,21.5,21.5,24.3,24.3,6,30.0
726.348,12,12,30,55,-3.4000000953674316,-1.899999976158142,0.04000000283122063,0.15000000596046448,37,19,15,8,25,49,97,58,50,21.5,21.5,24.3,24.3,6,30.0
726.844,12,12,30,55,-3.4000000953674316,-1.899999976158142,0.04000000283122063,0.15000000596046448,37,19,15,8,25,49,97,58,50,21.5,21.5,24.3,24.3,6,30.0
727.336,12,12,30,55,-3.4000000953674316,-1.899999976158142,0.04000000283122063,0.15000000596046448,37,19,15,8,25,49,97,58,50,21.5,21.5,24.3,24.3,6,30.0
727.85,12,12,30,55,-3.4000000953674316,-1.899999976158142,0.04000000283122063,0.15000000596046448,37,19,15,8,25,49,97,58,50,21.5,21.5,24.3,24.3,6,30.0
728.334,12,12,30,55,-3.4000000953674316,-1.899999976158142,0.04000000283122063,0.15000000596046448,37,19,15,8,25,49,97,58,50,21.5,21.5,24.3,24.3,6,30.0
728.854,12,12,30,55,-3.4000000953674316,-1.899999976158142,0.04000000283122063,0.15000000596046448,37,19,15,8,25,49,97,58,50,21.5,21.5,24.3,24.3,6,30.0
729.345,12,12,30,55,-3.4000000953674316,-1.899999976158142,0.04000000283122063,0.15000000596046448,37,19,15,8,25,49,97,58,50,21.5,21.5,24.3,24.3,6,30.0
729.838,12,12,30,55,-3.4000000953674316,-1.899999976158142,0.04000000283122063,0.15000000596046448,37,19,15,8,25,49,97,58,50,21.5,21.5,24.3,24.3,6,30.0
730.339,12,12,30,55,-3.4000000953674316,-1.899999976158142,0.04000000283122063,0.15000000596046448,37,19,15,8,25,49,97,58,50,21.5,21.5,24.3,24.3,6,30.0
730.833,12,12,30,55,-3.4000000953674316,-1.899999976158142,0.04000000283122063,0.15000000596046448,37,19,15,8,25,49,97,58,50,21.5,21.5,24.3,24.3,6,30.0
731.337,12,12,30,55,-3.4000000953674316,-1.899999976158142,0.04000000283122063,0.15000000596046448,37,19,15,8,25,49,97,58,50,21.5,21.5,24.3,24.3,6,30.0
731.835,12,12,30,55,-3.4000000953674316,-1.899999976158142,0.04000000283122063,0.15000000596046448,37,19,15,8,25,49,97,58,50,21.5,21.5,24.3,24.3,6,30.0
732.354,12,12,30,55,-3.4000000953674316,-1.899999976158142,0.04000000283122063,0.15000000596046448,37,19,15,8,25,49,97,58,50,21.5,21.5,24.3,24.3,6,30.0
732.834,12,12,30,55,-3.4000000953674316,-1.899999976158142,0.04000000283122063,0.15000000596046448,37,19,15,8,25,49,97,58,50,21.5,21.5,24.3,24.3,6,30.0
733.342,12,12,30,55,-3.4000000953674316,-1.899999976158142,0.04000000283122063,0.15000000596046448,37,19,15,8,25,49,97,58,50,21.5,21.5,24.3,24.3,6,30.0
733.844,12,12,30,55,-3.4000000953674316,-1.899999976158142,0.04000000283122063,0.15000000596046448,37,19,15,8,25,49,97,58,50,21.5,21.5,24.3,24.3,6,30.0
734.35,12,12,30,55,-3.4000000953674316,-1.899999976158142,0.04000000283122063,0.15000000596046448,37,19,15,8,25,49,97,58,50,21.5,21.5,24.3,24.3,6,30.0
734.841,12,12,30,55,-3.4000000953674316,-1.899999976158142,0.04000000283122063,0.15000000596046448,37,19,15,8,25,49,97,58,50,21.5,21.5,24.3,24.3,6,30.0
735.335,12,12,30,55,-3.4000000953674316,-1.899999976158142,0.04000000283122063,0.15000000596046448,37,19,15,8,25,49,97,58,50,21.5,21.5,24.3,24.3,6,30.0
735.847,12,12,30,55,-3.4000000953674316,-1.899999976158142,0.04000000283122063,0.15000000596046448,37,19,15,8,25,49,97,58,50,21.5,21.5,24.3,24.3,6,30.0
736.335,12,12,30,55,-3.4000000953674316,-1.899999976158142,0.04000000283122063,0.15000000596046448,37,19,15,8,25,49,97,58,50,21.5,21.5,24.3,24.3,6,30.0
736.844,12,12,30,55,-3.4000000953674316,-1.899999976158142,0.04000000283122063,0.15000000596046448,37,19,15,8,25,49,97,58,50,21.5,21.5,24.3,24.3,6,30.0
737.341,12,12,30,55,-3.4000000953674316,-1.899999976158142,0.04000000283122063,0.15000000596046448,37,19,15,8,25,49,97,58,50,21.5,21.5,24.3,24.3,6,30.0
737.834,12,12,30,55,-3.4000000953674316,-1.899999976158142,0.04000000283122063,0.15000000596046448,37,19,15,8,25,49,97,58,50,21.5,21.5,24.3,24.3,6,30.0
738.355,12,12,30,55,-3.4000000953674316,-1.899999976158142,0.04000000283122063,0.15000000596046448,37,19,15,8,25,49,97,58,50,21.5,21.5,24.3,24.3,6,30.0
738.849,12,12,30,55,-3.4000000953674316,-1.899999976158142,0.04000000283122063,0.15000000596046448,37,19,15,8,25,49,97,58,50,21.5,21.5,24.3,24.3,6,30.0
739.349,12,12,30,55,-3.4000000953674316,-1.899999976158142,0.04000000283122063,0.15000000596046448,37,19,15,8,25,49,97,58,50,21.5,21.5,24.3,24.3,6,30.0
739.857,12,12,30,55,-3.4000000953674316,-1.899999976158142,0.04000000283122063,0.15000000596046448,37,19,15,8,25,49,97,58,50,21.5,21.5,24.3,24.3,6,30.0
740.35,12,12,30,55,-3.4000000953674316,-1.899999976158142,0.04000000283122063,0.15000000596046448,37,19,15,8,25,49,97,58,50,21.5,21.5,24.3,24.3,6,30.0
740.857,12,12,30,55,-3.4000000953674316,-1.899999976158142,0.04000000283122063,0.15000000596046448,37,19,15,8,25,49,97,58,50,21.5,21.5,24.3,24.3,6,30.0
741.354,12,12,30,55,-3.4000000953674316,-1.899999976158142,0.04000000283122063,0.15000000596046448,37,19,15,8,25,49,97,58,50,21.5,21.5,24.3,24.3,6,30.0
741.842,12,12,30,55,-3.4000000953674316,-1.899999976158142,0.04000000283122063,0.15000000596046448,37,19,15,8,25,49,97,58,50,21.5,21.5,24.3,24.3,6,30.0
742.346,12,12,30,55,-3.4000000953674316,-1.899999976158142,0.04000000283122063,0.15000000596046448,37,19,15,8,25,49,97,58,50,21.5,21.5,24.3,24.3,6,30.0
742.852,12,12,30,55,-3.4000000953674316,-1.899999976158142,0.04000000283122063,0.15000000596046448,37,19,15,8,25,49,97,58,50,21.5,21.5,24.3,24.3,6,30.0
743.336,12,12,30,55,-3.4000000953674316,-1.899999976158142,0.04000000283122063,0.15000000596046448,37,19,15,8,25,49,97,58,50,21.5,21.5,24.3,24.3,6,30.0
743.84,12,12,30,55,-3.4000000953674316,-1.899999976158142,0.04000000283122063,0.15000000596046448,37,19,15,8,25,49,97,58,50,21.5,21.5,24.3,24.3,6,30.0
744.351,12,12,30,55,-3.4000000953674316,-1.899999976158142,0.04000000283122063,0.15000000596046448,37,19,15,8,25,49,97,58,50,21.5,21.5,24.3,24.3,6,30.0
744.86,12,12,30,55,-3.4000000953674316,-1.899999976158142,0.04000000283122063,0.15000000596046448,37,19,15,8,25,49,97,58,50,21.5,21.5,24.3,24.3,6,30.0
745.349,12,12,30,55,-3.4000000953674316,-1.899999976158142,0.04000000283122063,0.15000000596046448,37,19,15,8,25,49,97,58,50,21.5,21.5,24.3,24.3,6,30.0
745.843,12,12,30,55,-3.4000000953674316,-1.899999976158142,0.04000000283122063,0.15000000596046448,37,19,15,8,25,49,97,58,50,21.5,21.5,24.3,24.3,6,30.0
746.343,12,12,30,55,-3.4000000953674316,-1.899999976158142,0.04000000283122063,0.15000000596046448,37,19,15,8,25,49,97,58,50,21.5,21.5,24.3,24.3,6,30.0
746.841,12,12,30,55,-3.4000000953674316,-1.899999976158142,0.04000000283122063,0.15000000596046448,37,19,15,8,25,49,97,58,50,21.5,21.5,24.3,24.3,6,30.0
747.348,12,12,30,55,-3.4000000953674316,-1.899999976158142,0.04000000283122063,0.15000000596046448,37,19,15,8,25,49,97,58,50,21.5,21.5,24.3,24.3,6,30.0
747.837,12,12,30,55,-3.4000000953674316,-1.899999976158142,0.04000000283122063,0.15000000596046448,37,19,15,8,25,49,97,58,50,21.5,21.5,24.3,24.3,6,30.0
748.358,12,12,30,55,-3.4000000953674316,-1.899999976158142,0.04000000283122063,0.15000000596046448,37,19,15,8,25,49,97,58,50,21.5,21.5,24.3,24.3,6,30.0
748.854,12,12,30,55,-3.4000000953674316,-1.899999976158142,0.04000000283122063,0.15000000596046448,37,19,15,8,25,49,97,58,50,21.5,21.5,24.3,24.3,6,30.0
749.351,12,12,30,55,-3.4000000953674316,-1.899999976158142,0.04000000283122063,0.15000000596046448,37,19,15,8,25,49,97,58,50,21.5,21.5,24.3,24.3,6,30.0
749.846,12,12,30,55,-3.4000000953674316,-1.899999976158142,0.04000000283122063,0.15000000596046448,37,19,15,8,25,49,97,58,50,21.5,21.5,24.3,24.3,6,30.0
750.349,12,12,30,55,-3.4000000953674316,-1.899999976158142,0.04000000283122063,0.15000000596046448,37,19,15,8,25,49,97,58,50,21.5,21.5,24.3,24.3,6,30.0
750.841,12,12,30,55,-3.4000000953674316,-1.899999976158142,0.04000000283122063,0.15000000596046448,37,19,15,8,25,49,97,58,50,21.5,21.5,24.3,24.3,6,30.0
751.339,12,12,30,55,-3.4000000953674316,-1.899999976158142,0.04000000283122063,0.15000000596046448,37,19,15,8,25,49,97,58,50,21.5,21.5,24.3,24.3,6,30.0
751.85,12,12,30,55,-3.4000000953674316,-1.899999976158142,0.04000000283122063,0.15000000596046448,37,19,15,8,25,49,97,58,50,21.5,21.5,24.3,24.3,6,30.0
752.351,12,12,30,55,-3.4000000953674316,-1.899999976158142,0.04000000283122063,0.15000000596046448,37,19,15,8,25,49,97,58,50,21.5,21.5,24.3,24.3,6,30.0
752.841,12,12,30,55,-3.4000000953674316,-1.899999976158142,0.04000000283122063,0.15000000596046448,37,19,15,8,25,49,97,58,50,21.5,21.5,24.3,24.3,6,30.0
753.345,12,12,30,55,-3.4000000953674316,-1.899999976158142,0.04000000283122063,0.15000000596046448,37,19,15,8,25,49,97,58,50,21.5,21.5,24.3,24.3,6,30.0
753.848,12,12,30,55,-3.4000000953674316,-1.899999976158142,0.04000000283122063,0.15000000596046448,37,19,15,8,25,49,97,58,50,21.5,21.5,24.3,24.3,6,30.0
754.34,12,12,30,55,-3.4000000953674316,-1.899999976158142,0.04000000283122063,0.15000000596046448,37,19,15,8,25,49,97,58,50,21.5,21.5,24.3,24.3,6,30.0
754.841,12,12,30,55,-3.4000000953674316,-1.899999976158142,0.04000000283122063,0.15000000596046448,37,19,15,8,25,49,97,58,50,21.5,21.5,24.3,24.3,6,30.0
755.336,12,12,30,55,-3.4000000953674316,-1.899999976158142,0.04000000283122063,0.15000000596046448,37,19,15,8,25,49,97,58,50,21.5,21.5,24.3,24.3,6,30.0
755.851,12,12,30,55,-3.4000000953674316,-1.899999976158142,0.04000000283122063,0.15000000596046448,37,19,15,8,25,49,97,58,50,21.5,21.5,24.3,24.3,6,30.0
756.342,12,12,30,55,-3.4000000953674316,-1.899999976158142,0.04000000283122063,0.15000000596046448,37,19,15,8,25,49,97,58,50,21.5,21.5,24.3,24.3,6,30.0
756.841,12,12,30,55,-3.4000000953674316,-1.899999976158142,0.04000000283122063,0.15000000596046448,37,19,15,8,25,49,97,58,50,21.5,21.5,24.3,24.3,6,30.0
757.333,12,12,30,55,-3.4000000953674316,-1.899999976158142,0.04000000283122063,0.15000000596046448,37,19,15,8,25,49,97,58,50,21.5,21.5,24.3,24.3,6,30.0
757.855,12,12,30,55,-3.4000000953674316,-1.899999976158142,0.04000000283122063,0.15000000596046448,37,19,15,8,25,49,97,58,50,21.5,21.5,24.3,24.3,6,30.0
758.34,12,12,30,55,-3.4000000953674316,-1.899999976158142,0.04000000283122063,0.15000000596046448,37,19,15,8,25,49,97,58,50,21.5,21.5,24.3,24.3,6,30.0
758.838,12,12,30,55,-3.4000000953674316,-1.899999976158142,0.04000000283122063,0.15000000596046448,37,19,15,8,25,49,97,58,50,21.5,21.5,24.3,24.3,6,30.0
759.339,12,12,30,55,-3.4000000953674316,-1.899999976158142,0.04000000283122063,0.15000000596046448,37,19,15,8,25,49,97,58,50,21.5,21.5,24.3,24.3,6,30.0
759.834,12,12,30,55,-3.4000000953674316,-1.899999976158142,0.04000000283122063,0.15000000596046448,37,19,15,8,25,49,97,58,50,21.5,21.5,24.3,24.3,6,30.0
760.35,12,12,30,55,-3.4000000953674316,-1.899999976158142,0.04000000283122063,0.15000000596046448,37,19,15,8,25,49,97,58,50,21.5,21.5,24.3,24.3,6,30.0
760.84,12,12,30,55,-3.4000000953674316,-1.899999976158142,0.04000000283122063,0.15000000596046448,37,19,15,8,25,49,97,58,50,21.5,21.5,24.3,24.3,6,30.0
761.338,12,12,30,55,-3.4000000953674316,-1.899999976158142,0.04000000283122063,0.15000000596046448,37,19,15,8,25,49,97,58,50,21.5,21.5,24.3,24.3,6,30.0
761.853,12,12,30,55,-3.4000000953674316,-1.899999976158142,0.04000000283122063,0.15000000596046448,37,19,15,8,25,49,97,58,50,21.5,21.5,24.3,24.3,6,30.0
762.345,12,12,30,55,-3.4000000953674316,-1.899999976158142,0.04000000283122063,0.15000000596046448,37,19,15,8,25,49,97,58,50,21.5,21.5,24.3,24.3,6,30.0
762.842,12,12,30,55,-3.4000000953674316,-1.899999976158142,0.04000000283122063,0.15000000596046448,37,19,15,8,25,49,97,58,50,21.5,21.5,24.3,24.3,6,30.0
763.34,12,12,30,55,-3.4000000953674316,-1.899999976158142,0.04000000283122063,0.15000000596046448,37,19,15,8,25,49,97,58,50,21.5,21.5,24.3,24.3,6,30.0
763.838,12,12,30,55,-3.4000000953674316,-1.899999976158142,0.04000000283122063,0.15000000596046448,37,19,15,8,25,49,97,58,50,21.5,21.5,24.3,24.3,6,30.0
764.347,12,12,30,55,-3.4000000953674316,-1.899999976158142,0.04000000283122063,0.15000000596046448,37,19,15,8,25,49,97,58,50,21.5,21.5,24.3,24.3,6,30.0
764.843,12,12,30,55,-3.4000000953674316,-1.899999976158142,0.04000000283122063,0.15000000596046448,37,19,15,8,25,49,97,58,50,21.5,21.5,24.3,24.3,6,30.0
765.352,12,12,30,55,-3.4000000953674316,-1.899999976158142,0.04000000283122063,0.15000000596046448,37,19,15,8,25,49,97,58,50,21.5,21.5,24.3,24.3,6,30.0
765.854,12,12,30,55,-3.4000000953674316,-1.899999976158142,0.04000000283122063,0.15000000596046448,37,19,15,8,25,49,97,58,50,21.5,21.5,24.3,24.3,6,30.0
766.34,12,12,30,55,-3.4000000953674316,-1.899999976158142,0.04000000283122063,0.15000000596046448,37,19,15,8,25,49,97,58,50,21.5,21.5,24.3,24.3,6,30.0
766.856,12,12,30,55,-3.4000000953674316,-1.899999976158142,0.04000000283122063,0.15000000596046448,37,19,15,8,25,49,97,58,50,21.5,21.5,24.3,24.3,6,30.0
767.333,12,12,30,55,-3.4000000953674316,-1.899999976158142,0.04000000283122063,0.15000000596046448,37,19,15,8,25,49,97,58,50,21.5,21.5,24.3,24.3,6,30.0
767.834,12,12,30,55,-3.4000000953674316,-1.899999976158142,0.04000000283122063,0.15000000596046448,37,19,15,8,25,49,97,58,50,21.5,21.5,24.3,24.3,6,30.0
768.35,12,12,30,55,-3.4000000953674316,-1.899999976158142,0.04000000283122063,0.15000000596046448,37,19,15,8,25,49,97,58,50,21.5,21.5,24.3,24.3,6,30.0
768.854,12,12,30,55,-3.4000000953674316,-1.899999976158142,0.04000000283122063,0.15000000596046448,37,19,15,8,25,49,97,58,50,21.5,21.5,24.3,24.3,6,30.0
769.352,12,12,30,55,-3.4000000953674316,-1.899999976158142,0.04000000283122063,0.15000000596046448,37,19,15,8,25,49,97,58,50,21.5,21.5,24.3,24.3,6,30.0
769.839,12,12,30,55,-3.4000000953674316,-1.899999976158142,0.04000000283122063,0.15000000596046448,37,19,15,8,25,49,97,58,50,21.5,21.5,24.3,24.3,6,30.0
770.353,12,12,30,55,-3.4000000953674316,-1.899999976158142,0.04000000283122063,0.15000000596046448,37,19,15,8,25,49,97,58,50,21.5,21.5,24.3,24.3,6,30.0
770.836,12,12,30,55,-3.4000000953674316,-1.899999976158142,0.04000000283122063,0.15000000596046448,37,19,15,8,25,49,97,58,50,21.5,21.5,24.3,24.3,6,30.0
771.335,12,12,30,55,-3.4000000953674316,-1.899999976158142,0.04000000283122063,0.15000000596046448,37,19,15,8,25,49,97,58,50,21.5,21.5,24.3,24.3,6,30.0
771.848,12,12,30,55,-3.4000000953674316,-1.899999976158142,0.04000000283122063,0.15000000596046448,37,19,15,8,25,49,97,58,50,21.5,21.5,24.3,24.3,6,30.0
772.333,12,12,30,55,-3.4000000953674316,-1.899999976158142,0.04000000283122063,0.15000000596046448,37,19,15,8,25,49,97,58,50,21.5,21.5,24.3,24.3,6,30.0
772.833,12,12,30,55,-3.4000000953674316,-1.899999976158142,0.04000000283122063,0.15000000596046448,37,19,15,8,25,49,97,58,50,21.5,21.5,24.3,24.3,6,30.0
773.336,12,12,30,55,-3.4000000953674316,-1.899999976158142,0.04000000283122063,0.15000000596046448,37,19,15,8,25,49,97,58,50,21.5,21.5,24.3,24.3,6,30.0
773.837,12,12,30,55,-3.4000000953674316,-1.899999976158142,0.04000000283122063,0.15000000596046448,37,19,15,8,25,49,97,58,50,21.5,21.5,24.3,24.3,6,30.0
774.336,12,12,30,55,-3.4000000953674316,-1.899999976158142,0.04000000283122063,0.15000000596046448,37,19,15,8,25,49,97,58,50,21.5,21.5,24.3,24.3,6,30.0
774.842,12,12,30,55,-3.4000000953674316,-1.899999976158142,0.04000000283122063,0.15000000596046448,37,19,15,8,25,49,97,58,50,21.5,21.5,24.3,24.3,6,30.0
775.348,12,12,30,55,-3.4000000953674316,-1.899999976158142,0.04000000283122063,0.15000000596046448,37,19,15,8,25,49,97,58,50,21.5,21.5,24.3,24.3,6,30.0
775.838,12,12,30,55,-3.4000000953674316,-1.899999976158142,0.04000000283122063,0.15000000596046448,37,19,15,8,25,49,97,58,50,21.5,21.5,24.3,24.3,6,30.0
776.335,12,12,30,55,-3.4000000953674316,-1.899999976158142,0.04000000283122063,0.15000000596046448,37,19,15,8,25,49,97,58,50,21.5,21.5,24.3,24.3,6,30.0
776.852,12,12,30,55,-3.4000000953674316,-1.899999976158142,0.04000000283122063,0.15000000596046448,37,19,15,8,25,49,97,58,50,21.5,21.5,24.3,24.3,6,30.0
777.355,12,12,30,55,-3.4000000953674316,-1.899999976158142,0.04000000283122063,0.15000000596046448,37,19,15,8,25,49,97,58,50,21.5,21.5,24.3,24.3,6,30.0
777.836,12,12,30,55,-3.4000000953674316,-1.899999976158142,0.04000000283122063,0.15000000596046448,37,19,15,8,25,49,97,58,50,21.5,21.5,24.3,24.3,6,30.0
778.335,12,12,30,55,-3.4000000953674316,-1.899999976158142,0.04000000283122063,0.15000000596046448,37,19,15,8,25,49,97,58,50,21.5,21.5,24.3,24.3,6,30.0
778.839,12,12,30,55,-3.4000000953674316,-1.899999976158142,0.04000000283122063,0.15000000596046448,37,19,15,8,25,49,97,58,50,21.5,21.5,24.3,24.3,6,30.0
779.347,12,12,30,55,-3.4000000953674316,-1.899999976158142,0.04000000283122063,0.15000000596046448,37,19,15,8,25,49,97,58,50,21.5,21.5,24.3,24.3,6,30.0
779.855,12,12,30,55,-3.4000000953674316,-1.899999976158142,0.04000000283122063,0.15000000596046448,37,19,15,8,25,49,97,58,50,21.5,21.5,24.3,24.3,6,30.0
780.333,12,12,30,55,-3.4000000953674316,-1.899999976158142,0.04000000283122063,0.15000000596046448,37,19,15,8,25,49,97,58,50,21.5,21.5,24.3,24.3,6,30.0
780.834,12,12,30,55,-3.4000000953674316,-1.899999976158142,0.04000000283122063,0.15000000596046448,37,19,15,8,25,49,97,58,50,21.5,21.5,24.3,24.3,6,30.0
781.351,12,12,30,55,-3.4000000953674316,-1.899999976158142,0.04000000283122063,0.15000000596046448,37,19,15,8,25,49,97,58,50,21.5,21.5,24.3,24.3,6,30.0
781.838,12,12,30,55,-3.4000000953674316,-1.899999976158142,0.04000000283122063,0.15000000596046448,37,19,15,8,25,49,97,58,50,21.5,21.5,24.3,24.3,6,30.0
782.336,12,12,30,55,-3.4000000953674316,-1.899999976158142,0.04000000283122063,0.15000000596046448,37,19,15,8,25,49,97,58,50,21.5,21.5,24.3,24.3,6,30.0
782.834,12,12,30,55,-3.4000000953674316,-1.899999976158142,0.04000000283122063,0.15000000596046448,37,19,15,8,25,49,97,58,50,21.5,21.5,24.3,24.3,6,30.0
783.343,12,12,30,55,-3.4000000953674316,-1.899999976158142,0.04000000283122063,0.15000000596046448,37,19,15,8,25,49,97,58,50,21.5,21.5,24.3,24.3,6,30.0
783.839,12,12,30,55,-3.4000000953674316,-1.899999976158142,0.04000000283122063,0.15000000596046448,37,19,15,8,25,49,97,58,50,21.5,21.5,24.3,24.3,6,30.0
784.346,12,12,30,55,-3.4000000953674316,-1.899999976158142,0.04000000283122063,0.15000000596046448,37,19,15,8,25,49,97,58,50,21.5,21.5,24.3,24.3,6,30.0
784.854,12,12,30,55,-3.4000000953674316,-1.899999976158142,0.04000000283122063,0.15000000596046448,37,19,15,8,25,49,97,58,50,21.5,21.5,24.3,24.3,6,30.0
785.349,12,12,30,55,-3.4000000953674316,-1.899999976158142,0.04000000283122063,0.15000000596046448,37,19,15,8,25,49,97,58,50,21.5,21.5,24.3,24.3,6,30.0
785.852,12,12,30,55,-3.4000000953674316,-1.899999976158142,0.04000000283122063,0.15000000596046448,37,19,15,8,25,49,97,58,50,21.5,21.5,24.3,24.3,6,30.0
786.353,12,12,30,55,-3.4000000953674316,-1.899999976158142,0.04000000283122063,0.15000000596046448,37,19,15,8,25,49,97,58,50,21.5,21.5,24.3,24.3,6,30.0
786.846,12,12,30,55,-3.4000000953674316,-1.899999976158142,0.04000000283122063,0.15000000596046448,37,19,15,8,25,49,97,58,50,21.5,21.5,24.3,24.3,6,30.0
787.334,12,12,30,55,-3.4000000953674316,-1.899999976158142,0.04000000283122063,0.15000000596046448,37,19,15,8,25,49,97,58,50,21.5,21.5,24.3,24.3,6,30.0
787.835,12,12,30,55,-3.4000000953674316,-1.899999976158142,0.04000000283122063,0.15000000596046448,37,19,15,8,25,49,97,58,50,21.5,21.5,24.3,24.3,6,30.0
788.347,12,12,30,55,-3.4000000953674316,-1.899999976158142,0.04000000283122063,0.15000000596046448,37,19,15,8,25,49,97,58,50,21.5,21.5,24.3,24.3,6,30.0
788.85,12,12,30,55,-3.4000000953674316,-1.899999976158142,0.04000000283122063,0.15000000596046448,37,19,15,8,25,49,97,58,50,21.5,21.5,24.3,24.3,6,30.0
789.351,12,12,30,55,-3.4000000953674316,-1.899999976158142,0.04000000283122063,0.15000000596046448,37,19,15,8,25,49,97,58,50,21.5,21.5,24.3,24.3,6,30.0
789.85,12,12,30,55,-3.4000000953674316,-1.899999976158142,0.04000000283122063,0.15000000596046448,37,19,15,8,25,49,97,58,50,21.5,21.5,24.3,24.3,6,30.0
790.334,12,12,30,55,-3.4000000953674316,-1.899999976158142,0.04000000283122063,0.15000000596046448,37,19,15,8,25,49,97,58,50,21.5,21.5,24.3,24.3,6,30.0
790.855,12,12,30,55,-3.4000000953674316,-1.899999976158142,0.04000000283122063,0.15000000596046448,37,19,15,8,25,49,97,58,50,21.5,21.5,24.3,24.3,6,30.0
791.351,12,12,30,55,-3.4000000953674316,-1.899999976158142,0.04000000283122063,0.15000000596046448,37,19,15,8,25,49,97,58,50,21.5,21.5,24.3,24.3,6,30.0
791.855,12,12,30,55,-3.4000000953674316,-1.899999976158142,0.04000000283122063,0.15000000596046448,37,19,15,8,25,49,97,58,50,21.5,21.5,24.3,24.3,6,30.0
792.357,12,12,30,55,-3.4000000953674316,-1.899999976158142,0.04000000283122063,0.15000000596046448,37,19,15,8,25,49,97,58,50,21.5,21.5,24.3,24.3,6,30.0
792.835,12,12,30,55,-3.4000000953674316,-1.899999976158142,0.04000000283122063,0.15000000596046448,37,19,15,8,25,49,97,58,50,21.5,21.5,24.3,24.3,6,30.0
793.345,12,12,30,55,-3.4000000953674316,-1.899999976158142,0.04000000283122063,0.15000000596046448,37,19,15,8,25,49,97,58,50,21.5,21.5,24.3,24.3,6,30.0
793.836,12,12,30,55,-3.4000000953674316,-1.899999976158142,0.04000000283122063,0.15000000596046448,37,19,15,8,25,49,97,58,50,21.5,21.5,24.3,24.3,6,30.0
794.347,12,12,30,55,-3.4000000953674316,-1.899999976158142,0.04000000283122063,0.15000000596046448,37,19,15,8,25,49,97,58,50,21.5,21.5,24.3,24.3,6,30.0
794.856,12,12,30,55,-3.4000000953674316,-1.899999976158142,0.04000000283122063,0.15000000596046448,37,19,15,8,25,49,97,58,50,21.5,21.5,24.3,24.3,6,30.0
795.354,12,12,30,55,-3.4000000953674316,-1.899999976158142,0.04000000283122063,0.15000000596046448,37,19,15,8,25,49,97,58,50,21.5,21.5,24.3,24.3,6,30.0
795.849,12,12,30,55,-3.4000000953674316,-1.899999976158142,0.04000000283122063,0.15000000596046448,37,19,15,8,25,49,97,58,50,21.5,21.5,24.3,24.3,6,30.0
796.334,12,12,30,55,-3.4000000953674316,-1.899999976158142,0.04000000283122063,0.15000000596046448,37,19,15,8,25,49,97,58,50,21.5,21.5,24.3,24.3,6,30.0
796.841,12,12,30,55,-3.4000000953674316,-1.899999976158142,0.04000000283122063,0.15000000596046448,37,19,15,8,25,49,97,58,50,21.5,21.5,24.3,24.3,6,30.0
797.348,12,12,30,55,-3.4000000953674316,-1.899999976158142,0.04000000283122063,0.15000000596046448,37,19,15,8,25,49,97,58,50,21.5,21.5,24.3,24.3,6,30.0
797.86,12,12,30,55,-3.4000000953674316,-1.899999976158142,0.04000000283122063,0.15000000596046448,37,19,15,8,25,49,97,58,50,21.5,21.5,24.3,24.3,6,30.0
798.347,12,12,30,55,-3.4000000953674316,-1.899999976158142,0.04000000283122063,0.15000000596046448,37,19,15,8,25,49,97,58,50,21.5,21.5,24.3,24.3,6,30.0
798.848,12,12,30,55,-3.4000000953674316,-1.899999976158142,0.04000000283122063,0.15000000596046448,37,19,15,8,25,49,97,58,50,21.5,21.5,24.3,24.3,6,30.0
799.352,12,12,30,55,-3.4000000953674316,-1.899999976158142,0.04000000283122063,0.15000000596046448,37,19,15,8,25,49,97,58,50,21.5,21.5,24.3,24.3,6,30.0
799.855,12,12,30,55,-3.4000000953674316,-1.899999976158142,0.04000000283122063,0.15000000596046448,37,19,15,8,25,49,97,58,50,21.5,21.5,24.3,24.3,6,30.0
800.354,12,12,30,55,-3.4000000953674316,-1.899999976158142,0.04000000283122063,0.15000000596046448,37,19,15,8,25,49,97,58,50,21.5,21.5,24.3,24.3,6,30.0
800.85,12,12,30,55,-3.4000000953674316,-1.899999976158142,0.04000000283122063,0.15000000596046448,37,19,15,8,25,49,97,58,50,21.5,21.5,24.3,24.3,6,30.0
801.349,12,12,30,55,-3.4000000953674316,-1.899999976158142,0.04000000283122063,0.15000000596046448,37,19,15,8,25,49,97,58,50,21.5,21.5,24.3,24.3,6,30.0
801.852,12,12,30,55,-3.4000000953674316,-1.899999976158142,0.04000000283122063,0.15000000596046448,37,19,15,8,25,49,97,58,50,21.5,21.5,24.3,24.3,6,30.0
802.338,12,12,30,55,-3.4000000953674316,-1.899999976158142,0.04000000283122063,0.15000000596046448,37,19,15,8,25,49,97,58,50,21.5,21.5,24.3,24.3,6,30.0
802.856,12,12,30,55,-3.4000000953674316,-1.899999976158142,0.04000000283122063,0.15000000596046448,37,19,15,8,25,49,97,58,50,21.5,21.5,24.3,24.3,6,30.0
803.349,12,12,30,55,-3.4000000953674316,-1.899999976158142,0.04000000283122063,0.15000000596046448,37,19,15,8,25,49,97,58,50,21.5,21.5,24.3,24.3,6,30.0
803.841,12,12,30,55,-3.4000000953674316,-1.899999976158142,0.04000000283122063,0.15000000596046448,37,19,15,8,25,49,97,58,50,21.5,21.5,24.3,24.3,6,30.0
804.346,12,12,30,55,-3.4000000953674316,-1.899999976158142,0.04000000283122063,0.15000000596046448,37,19,15,8,25,49,97,58,50,21.5,21.5,24.3,24.3,6,30.0
804.845,12,12,30,55,-3.4000000953674316,-1.899999976158142,0.04000000283122063,0.15000000596046448,37,19,15,8,25,49,97,58,50,21.5,21.5,24.3,24.3,6,30.0
805.353,12,12,30,55,-3.4000000953674316,-1.899999976158142,0.04000000283122063,0.15000000596046448,37,19,15,8,25,49,97,58,50,21.5,21.5,24.3,24.3,6,30.0
805.851,12,12,30,55,-3.4000000953674316,-1.899999976158142,0.04000000283122063,0.15000000596046448,37,19,15,8,25,49,97,58,50,21.5,21.5,24.3,24.3,6,30.0
806.34,12,12,30,55,-3.4000000953674316,-1.899999976158142,0.04000000283122063,0.15000000596046448,37,19,15,8,25,49,97,58,50,21.5,21.5,24.3,24.3,6,30.0
806.841,12,12,30,55,-3.4000000953674316,-1.899999976158142,0.04000000283122063,0.15000000596046448,37,19,15,8,25,49,97,58,50,21.5,21.5,24.3,24.3,6,30.0
807.357,12,12,30,55,-3.4000000953674316,-1.899999976158142,0.04000000283122063,0.15000000596046448,37,19,15,8,25,49,97,58,50,21.5,21.5,24.3,24.3,6,30.0
807.854,12,12,30,55,-3.4000000953674316,-1.899999976158142,0.04000000283122063,0.15000000596046448,37,19,15,8,25,49,97,58,50,21.5,21.5,24.3,24.3,6,30.0
808.35,12,12,30,55,-3.4000000953674316,-1.899999976158142,0.04000000283122063,0.15000000596046448,37,19,15,8,25,49,97,58,50,21.5,21.5,24.3,24.3,6,30.0
808.84,12,12,30,55,-3.4000000953674316,-1.899999976158142,0.04000000283122063,0.15000000596046448,37,19,15,8,25,49,97,58,50,21.5,21.5,24.3,24.3,6,30.0
809.335,12,12,30,55,-3.4000000953674316,-1.899999976158142,0.04000000283122063,0.15000000596046448,37,19,15,8,25,49,97,58,50,21.5,21.5,24.3,24.3,6,30.0
809.846,12,12,30,55,-3.4000000953674316,-1.899999976158142,0.04000000283122063,0.15000000596046448,37,19,15,8,25,49,97,58,50,21.5,21.5,24.3,24.3,6,30.0
810.35,12,12,30,55,-3.4000000953674316,-1.899999976158142,0.04000000283122063,0.15000000596046448,37,19,15,8,25,49,97,58,50,21.5,21.5,24.3,24.3,6,30.0
810.854,12,12,30,55,-3.4000000953674316,-1.899999976158142,0.04000000283122063,0.15000000596046448,37,19,15,8,25,49,97,58,50,21.5,21.5,24.3,24.3,6,30.0
811.351,12,12,30,55,-3.4000000953674316,-1.899999976158142,0.04000000283122063,0.15000000596046448,37,19,15,8,25,49,97,58,50,21.5,21.5,24.3,24.3,6,30.0
811.836,12,12,30,55,-3.4000000953674316,-1.899999976158142,0.04000000283122063,0.15000000596046448,37,19,15,8,25,49,97,58,50,21.5,21.5,24.3,24.3,6,30.0
812.354,12,12,30,55,-3.4000000953674316,-1.899999976158142,0.04000000283122063,0.15000000596046448,37,19,15,8,25,49,97,58,50,21.5,21.5,24.3,24.3,6,30.0
812.858,12,12,30,55,-3.4000000953674316,-1.899999976158142,0.04000000283122063,0.15000000596046448,37,19,15,8,25,49,97,58,50,21.5,21.5,24.3,24.3,6,30.0
813.357,12,12,30,55,-3.4000000953674316,-1.899999976158142,0.04000000283122063,0.15000000596046448,37,19,15,8,25,49,97,58,50,21.5,21.5,24.3,24.3,6,30.0
813.845,12,12,30,55,-3.4000000953674316,-1.899999976158142,0.04000000283122063,0.15000000596046448,37,19,15,8,25,49,97,58,50,21.5,21.5,24.3,24.3,6,30.0
814.356,12,12,30,55,-3.4000000953674316,-1.899999976158142,0.04000000283122063,0.15000000596046448,37,19,15,8,25,49,97,58,50,21.5,21.5,24.3,24.3,6,30.0
814.857,12,12,30,55,-3.4000000953674316,-1.899999976158142,0.04000000283122063,0.15000000596046448,37,19,15,8,25,49,97,58,50,21.5,21.5,24.3,24.3,6,30.0
815.349,12,12,30,55,-3.4000000953674316,-1.899999976158142,0.04000000283122063,0.15000000596046448,37,19,15,8,25,49,97,58,50,21.5,21.5,24.3,24.3,6,30.0
815.853,12,12,30,55,-3.4000000953674316,-1.899999976158142,0.04000000283122063,0.15000000596046448,37,19,15,8,25,49,97,58,50,21.5,21.5,24.3,24.3,6,30.0
816.35,12,12,30,55,-3.4000000953674316,-1.899999976158142,0.04000000283122063,0.15000000596046448,37,19,15,8,25,49,97,58,50,21.5,21.5,24.3,24.3,6,30.0
816.851,12,12,30,55,-3.4000000953674316,-1.899999976158142,0.04000000283122063,0.15000000596046448,37,19,15,8,25,49,97,58,50,21.5,21.5,24.3,24.3,6,30.0
817.339,12,12,30,55,-3.4000000953674316,-1.899999976158142,0.04000000283122063,0.15000000596046448,37,19,15,8,25,49,97,58,50,21.5,21.5,24.3,24.3,6,30.0
817.837,12,12,30,55,-3.4000000953674316,-1.899999976158142,0.04000000283122063,0.15000000596046448,37,19,15,8,25,49,97,58,50,21.5,21.5,24.3,24.3,6,30.0
818.348,12,12,30,55,-3.4000000953674316,-1.899999976158142,0.04000000283122063,0.15000000596046448,37,19,15,8,25,49,97,58,50,21.5,21.5,24.3,24.3,6,30.0
818.855,12,12,30,55,-3.4000000953674316,-1.899999976158142,0.04000000283122063,0.15000000596046448,37,19,15,8,25,49,97,58,50,21.5,21.5,24.3,24.3,6,30.0
819.354,12,12,30,55,-3.4000000953674316,-1.899999976158142,0.04000000283122063,0.15000000596046448,37,19,15,8,25,49,97,58,50,21.5,21.5,24.3,24.3,6,30.0
819.841,12,12,30,55,-3.4000000953674316,-1.899999976158142,0.04000000283122063,0.15000000596046448,37,19,15,8,25,49,97,58,50,21.5,21.5,24.3,24.3,6,30.0
820.346,12,12,30,55,-3.4000000953674316,-1.899999976158142,0.04000000283122063,0.15000000596046448,37,19,15,8,25,49,97,58,50,21.5,21.5,24.3,24.3,6,30.0
820.84,12,12,30,55,-3.4000000953674316,-1.899999976158142,0.04000000283122063,0.15000000596046448,37,19,15,8,25,49,97,58,50,21.5,21.5,24.3,24.3,6,30.0
821.334,12,12,30,55,-3.4000000953674316,-1.899999976158142,0.04000000283122063,0.15000000596046448,37,19,15,8,25,49,97,58,50,21.5,21.5,24.3,24.3,6,30.0
821.846,12,12,30,55,-3.4000000953674316,-1.899999976158142,0.04000000283122063,0.15000000596046448,37,19,15,8,25,49,97,58,50,21.5,21.5,24.3,24.3,6,30.0
822.349,12,12,30,55,-3.4000000953674316,-1.899999976158142,0.04000000283122063,0.15000000596046448,37,19,15,8,25,49,97,58,50,21.5,21.5,24.3,24.3,6,30.0
822.857,12,12,30,55,-3.4000000953674316,-1.899999976158142,0.04000000283122063,0.15000000596046448,37,19,15,8,25,49,97,58,50,21.5,21.5,24.3,24.3,6,30.0
823.341,12,12,30,55,-3.4000000953674316,-1.899999976158142,0.04000000283122063,0.15000000596046448,37,19,15,8,25,49,97,58,50,21.5,21.5,24.3,24.3,6,30.0
823.85,12,12,30,55,-3.4000000953674316,-1.899999976158142,0.04000000283122063,0.15000000596046448,37,19,15,8,25,49,97,58,50,21.5,21.5,24.3,24.3,6,30.0
824.358,12,12,30,55,-3.4000000953674316,-1.899999976158142,0.04000000283122063,0.15000000596046448,37,19,15,8,25,49,97,58,50,21.5,21.5,24.3,24.3,6,30.0
824.833,12,12,30,55,-3.4000000953674316,-1.899999976158142,0.04000000283122063,0.15000000596046448,37,19,15,8,25,49,97,58,50,21.5,21.5,24.3,24.3,6,30.0
825.341,12,12,30,55,-3.4000000953674316,-1.899999976158142,0.04000000283122063,0.15000000596046448,37,19,15,8,25,49,97,58,50,21.5,21.5,24.3,24.3,6,30.0
825.856,12,12,30,55,-3.4000000953674316,-1.899999976158142,0.04000000283122063,0.15000000596046448,37,19,15,8,25,49,97,58,50,21.5,21.5,24.3,24.3,6,30.0
826.333,12,12,30,55,-3.4000000953674316,-1.899999976158142,0.04000000283122063,0.15000000596046448,37,19,15,8,25,49,97,58,50,21.5,21.5,24.3,24.3,6,30.0
826.849,12,12,30,55,-3.4000000953674316,-1.899999976158142,0.04000000283122063,0.15000000596046448,37,19,15,8,25,49,97,58,50,21.5,21.5,24.3,24.3,6,30.0
827.349,12,12,30,55,-3.4000000953674316,-1.899999976158142,0.04000000283122063,0.15000000596046448,37,19,15,8,25,49,97,58,50,21.5,21.5,24.3,24.3,6,30.0
827.843,12,12,30,55,-3.4000000953674316,-1.899999976158142,0.04000000283122063,0.15000000596046448,37,19,15,8,25,49,97,58,50,21.5,21.5,24.3,24.3,6,30.0
828.339,12,12,30,55,-3.4000000953674316,-1.899999976158142,0.04000000283122063,0.15000000596046448,37,19,15,8,25,49,97,58,50,21.5,21.5,24.3,24.3,6,30.0
828.833,12,12,30,55,-3.4000000953674316,-1.899999976158142,0.04000000283122063,0.15000000596046448,37,19,15,8,25,49,97,58,50,21.5,21.5,24.3,24.3,6,30.0
829.353,12,12,30,55,-3.4000000953674316,-1.899999976158142,0.04000000283122063,0.15000000596046448,37,19,15,8,25,49,97,58,50,21.5,21.5,24.3,24.3,6,30.0
829.852,12,12,30,55,-3.4000000953674316,-1.899999976158142,0.04000000283122063,0.15000000596046448,37,19,15,8,25,49,97,58,50,21.5,21.5,24.3,24.3,6,30.0
830.339,12,12,30,55,-3.4000000953674316,-1.899999976158142,0.04000000283122063,0.15000000596046448,37,19,15,8,25,49,97,58,50,21.5,21.5,24.3,24.3,6,30.0
830.853,12,12,30,55,-3.4000000953674316,-1.899999976158142,0.04000000283122063,0.15000000596046448,37,19,15,8,25,49,97,58,50,21.5,21.5,24.3,24.3,6,30.0
831.335,12,12,30,55,-3.4000000953674316,-1.899999976158142,0.04000000283122063,0.15000000596046448,37,19,15,8,25,49,97,58,50,21.5,21.5,24.3,24.3,6,30.0
831.833,12,12,30,55,-3.4000000953674316,-1.899999976158142,0.04000000283122063,0.15000000596046448,37,19,15,8,25,49,97,58,50,21.5,21.5,24.3,24.3,6,30.0
832.338,12,12,30,55,-3.4000000953674316,-1.899999976158142,0.04000000283122063,0.15000000596046448,37,19,15,8,25,49,97,58,50,21.5,21.5,24.3,24.3,6,30.0
832.852,12,12,30,55,-3.4000000953674316,-1.899999976158142,0.04000000283122063,0.15000000596046448,37,19,15,8,25,49,97,58,50,21.5,21.5,24.3,24.3,6,30.0
833.338,12,12,30,55,-3.4000000953674316,-1.899999976158142,0.04000000283122063,0.15000000596046448,37,19,15,8,25,49,97,58,50,21.5,21.5,24.3,24.3,6,30.0
833.852,12,12,30,55,-3.4000000953674316,-1.899999976158142,0.04000000283122063,0.15000000596046448,37,19,15,8,25,49,97,58,50,21.5,21.5,24.3,24.3,6,30.0
834.351,12,12,30,55,-3.4000000953674316,-1.899999976158142,0.04000000283122063,0.15000000596046448,37,19,15,8,25,49,97,58,50,21.5,21.5,24.3,24.3,6,30.0
834.838,12,12,30,55,-3.4000000953674316,-1.899999976158142,0.04000000283122063,0.15000000596046448,37,19,15,8,25,49,97,58,50,21.5,21.5,24.3,24.3,6,30.0
835.348,12,12,30,55,-3.4000000953674316,-1.899999976158142,0.04000000283122063,0.15000000596046448,37,19,15,8,25,49,97,58,50,21.5,21.5,24.3,24.3,6,30.0
835.85,12,12,30,55,-3.4000000953674316,-1.899999976158142,0.04000000283122063,0.15000000596046448,37,19,15,8,25,49,97,58,50,21.5,21.5,24.3,24.3,6,30.0
836.355,12,12,30,55,-3.4000000953674316,-1.899999976158142,0.04000000283122063,0.15000000596046448,37,19,15,8,25,49,97,58,50,21.5,21.5,24.3,24.3,6,30.0
836.851,12,12,30,55,-3.4000000953674316,-1.899999976158142,0.04000000283122063,0.15000000596046448,37,19,15,8,25,49,97,58,50,21.5,21.5,24.3,24.3,6,30.0
837.342,12,12,30,55,-3.4000000953674316,-1.899999976158142,0.04000000283122063,0.15000000596046448,37,19,15,8,25,49,97,58,50,21.5,21.5,24.3,24.3,6,30.0
837.84,12,12,30,55,-3.4000000953674316,-1.899999976158142,0.04000000283122063,0.15000000596046448,37,19,15,8,25,49,97,58,50,21.5,21.5,24.3,24.3,6,30.0
838.348,12,12,30,55,-3.4000000953674316,-1.899999976158142,0.04000000283122063,0.15000000596046448,37,19,15,8,25,49,97,58,50,21.5,21.5,24.3,24.3,6,30.0
838.841,12,12,30,55,-3.4000000953674316,-1.899999976158142,0.04000000283122063,0.15000000596046448,37,19,15,8,25,49,97,58,50,21.5,21.5,24.3,24.3,6,30.0
839.344,12,12,30,55,-3.4000000953674316,-1.899999976158142,0.04000000283122063,0.15000000596046448,37,19,15,8,25,49,97,58,50,21.5,21.5,24.3,24.3,6,30.0
839.834,12,12,30,55,-3.4000000953674316,-1.899999976158142,0.04000000283122063,0.15000000596046448,37,19,15,8,25,49,97,58,50,21.5,21.5,24.3,24.3,6,30.0
840.355,12,12,30,55,-3.4000000953674316,-1.899999976158142,0.04000000283122063,0.15000000596046448,37,19,15,8,25,49,97,58,50,21.5,21.5,24.3,24.3,6,30.0
840.842,12,12,30,55,-3.4000000953674316,-1.899999976158142,0.04000000283122063,0.15000000596046448,37,19,15,8,25,49,97,58,50,21.5,21.5,24.3,24.3,6,30.0
841.341,12,12,30,55,-3.4000000953674316,-1.899999976158142,0.04000000283122063,0.15000000596046448,37,19,15,8,25,49,97,58,50,21.5,21.5,24.3,24.3,6,30.0
841.842,12,12,30,55,-3.4000000953674316,-1.899999976158142,0.04000000283122063,0.15000000596046448,37,19,15,8,25,49,97,58,50,21.5,21.5,24.3,24.3,6,30.0
842.347,12,12,30,55,-3.4000000953674316,-1.899999976158142,0.04000000283122063,0.15000000596046448,37,19,15,8,25,49,97,58,50,21.5,21.5,24.3,24.3,6,30.0
842.845,12,12,30,55,-3.4000000953674316,-1.899999976158142,0.04000000283122063,0.15000000596046448,37,19,15,8,25,49,97,58,50,21.5,21.5,24.3,24.3,6,30.0
843.347,12,12,30,55,-3.4000000953674316,-1.899999976158142,0.04000000283122063,0.15000000596046448,37,19,15,8,25,49,97,58,50,21.5,21.5,24.3,24.3,6,30.0
843.846,12,12,30,55,-3.4000000953674316,-1.899999976158142,0.04000000283122063,0.15000000596046448,37,19,15,8,25,49,97,58,50,21.5,21.5,24.3,24.3,6,30.0
844.346,12,12,30,55,-3.4000000953674316,-1.899999976158142,0.04000000283122063,0.15000000596046448,37,19,15,8,25,49,97,58,50,21.5,21.5,24.3,24.3,6,30.0
844.839,12,12,30,55,-3.4000000953674316,-1.899999976158142,0.04000000283122063,0.15000000596046448,37,19,15,8,25,49,97,58,50,21.5,21.5,24.3,24.3,6,30.0
845.347,12,12,30,55,-3.4000000953674316,-1.899999976158142,0.04000000283122063,0.15000000596046448,37,19,15,8,25,49,97,58,50,21.5,21.5,24.3,24.3,6,30.0
845.843,12,12,30,55,-3.4000000953674316,-1.899999976158142,0.04000000283122063,0.15000000596046448,37,19,15,8,25,49,97,58,50,21.5,21.5,24.3,24.3,6,30.0
846.337,12,12,30,55,-3.4000000953674316,-1.899999976158142,0.04000000283122063,0.15000000596046448,37,19,15,8,25,49,97,58,50,21.5,21.5,24.3,24.3,6,30.0
846.844,12,12,30,55,-3.4000000953674316,-1.899999976158142,0.04000000283122063,0.15000000596046448,37,19,15,8,25,49,97,58,50,21.5,21.5,24.3,24.3,6,30.0
847.34,12,12,30,55,-3.4000000953674316,-1.899999976158142,0.04000000283122063,0.15000000596046448,37,19,15,8,25,49,97,58,50,21.5,21.5,24.3,24.3,6,30.0
847.861,12,12,30,55,-3.4000000953674316,-1.899999976158142,0.04000000283122063,0.15000000596046448,37,19,15,8,25,49,97,58,50,21.5,21.5,24.3,24.3,6,30.0
848.343,12,12,30,55,-3.4000000953674316,-1.899999976158142,0.04000000283122063,0.15000000596046448,37,19,15,8,25,49,97,58,50,21.5,21.5,24.3,24.3,6,30.0
848.847,12,12,30,55,-3.4000000953674316,-1.899999976158142,0.04000000283122063,0.15000000596046448,37,19,15,8,25,49,97,58,50,21.5,21.5,24.3,24.3,6,30.0
849.337,12,12,30,55,-3.4000000953674316,-1.899999976158142,0.04000000283122063,0.15000000596046448,37,19,15,8,25,49,97,58,50,21.5,21.5,24.3,24.3,6,30.0
849.836,12,12,30,55,-3.4000000953674316,-1.899999976158142,0.04000000283122063,0.15000000596046448,37,19,15,8,25,49,97,58,50,21.5,21.5,24.3,24.3,6,30.0
850.35,12,12,30,55,-3.4000000953674316,-1.899999976158142,0.04000000283122063,0.15000000596046448,37,19,15,8,25,49,97,58,50,21.5,21.5,24.3,24.3,6,30.0
850.851,12,12,30,55,-3.4000000953674316,-1.899999976158142,0.04000000283122063,0.15000000596046448,37,19,15,8,25,49,97,58,50,21.5,21.5,24.3,24.3,6,30.0
851.349,12,12,30,55,-3.4000000953674316,-1.899999976158142,0.04000000283122063,0.15000000596046448,37,19,15,8,25,49,97,58,50,21.5,21.5,24.3,24.3,6,30.0
851.841,12,12,30,55,-3.4000000953674316,-1.899999976158142,0.04000000283122063,0.15000000596046448,37,19,15,8,25,49,97,58,50,21.5,21.5,24.3,24.3,6,30.0
852.334,12,12,30,55,-3.4000000953674316,-1.899999976158142,0.04000000283122063,0.15000000596046448,37,19,15,8,25,49,97,58,50,21.5,21.5,24.3,24.3,6,30.0
852.842,12,12,30,55,-3.4000000953674316,-1.899999976158142,0.04000000283122063,0.15000000596046448,37,19,15,8,25,49,97,58,50,21.5,21.5,24.3,24.3,6,30.0
853.346,12,12,30,55,-3.4000000953674316,-1.899999976158142,0.04000000283122063,0.15000000596046448,37,19,15,8,25,49,97,58,50,21.5,21.5,24.3,24.3,6,30.0
853.839,12,12,30,55,-3.4000000953674316,-1.899999976158142,0.04000000283122063,0.15000000596046448,37,19,15,8,25,49,97,58,50,21.5,21.5,24.3,24.3,6,30.0
854.339,12,12,30,55,-3.4000000953674316,-1.899999976158142,0.04000000283122063,0.15000000596046448,37,19,15,8,25,49,97,58,50,21.5,21.5,24.3,24.3,6,30.0
854.851,12,12,30,55,-3.4000000953674316,-1.899999976158142,0.04000000283122063,0.15000000596046448,37,19,15,8,25,49,97,58,50,21.5,21.5,24.3,24.3,6,30.0
855.346,12,12,30,55,-3.4000000953674316,-1.899999976158142,0.04000000283122063,0.15000000596046448,37,19,15,8,25,49,97,58,50,21.5,21.5,24.3,24.3,6,30.0
855.84,12,12,30,55,-3.4000000953674316,-1.899999976158142,0.04000000283122063,0.15000000596046448,37,19,15,8,25,49,97,58,50,21.5,21.5,24.3,24.3,6,30.0
856.343,12,12,30,55,-3.4000000953674316,-1.899999976158142,0.04000000283122063,0.15000000596046448,37,19,15,8,25,49,97,58,50,21.5,21.5,24.3,24.3,6,30.0
856.848,12,12,30,55,-3.4000000953674316,-1.899999976158142,0.04000000283122063,0.15000000596046448,37,19,15,8,25,49,97,58,50,21.5,21.5,24.3,24.3,6,30.0
857.353,12,12,30,55,-3.4000000953674316,-1.899999976158142,0.04000000283122063,0.15000000596046448,37,19,15,8,25,49,97,58,50,21.5,21.5,24.3,24.3,6,30.0
857.835,12,12,30,55,-3.4000000953674316,-1.899999976158142,0.04000000283122063,0.15000000596046448,37,19,15,8,25,49,97,58,50,21.5,21.5,24.3,24.3,6,30.0
858.344,12,12,30,55,-3.4000000953674316,-1.899999976158142,0.04000000283122063,0.15000000596046448,37,19,15,8,25,49,97,58,50,21.5,21.5,24.3,24.3,6,30.0
858.85,12,12,30,55,-3.4000000953674316,-1.899999976158142,0.04000000283122063,0.15000000596046448,37,19,15,8,25,49,97,58,50,21.5,21.5,24.3,24.3,6,30.0
859.35,12,12,30,55,-3.4000000953674316,-1.899999976158142,0.04000000283122063,0.15000000596046448,37,19,15,8,25,49,97,58,50,21.5,21.5,24.3,24.3,6,30.0
859.835,12,12,30,55,-3.4000000953674316,-1.899999976158142,0.04000000283122063,0.15000000596046448,37,19,15,8,25,49,97,58,50,21.5,21.5,24.3,24.3,6,30.0
860.341,12,12,30,55,-3.4000000953674316,-1.899999976158142,0.04000000283122063,0.15000000596046448,37,19,15,8,25,49,97,58,50,21.5,21.5,24.3,24.3,6,30.0
860.84,12,12,30,55,-3.4000000953674316,-1.899999976158142,0.04000000283122063,0.15000000596046448,37,19,15,8,25,49,97,58,50,21.5,21.5,24.3,24.3,6,30.0
861.335,12,12,30,55,-3.4000000953674316,-1.899999976158142,0.04000000283122063,0.15000000596046448,37,19,15,8,25,49,97,58,50,21.5,21.5,24.3,24.3,6,30.0
861.846,12,12,30,55,-3.4000000953674316,-1.899999976158142,0.04000000283122063,0.15000000596046448,37,19,15,8,25,49,97,58,50,21.5,21.5,24.3,24.3,6,30.0
862.346,12,12,30,55,-3.4000000953674316,-1.899999976158142,0.04000000283122063,0.15000000596046448,37,19,15,8,25,49,97,58,50,21.5,21.5,24.3,24.3,6,30.0
862.852,12,12,30,55,-3.4000000953674316,-1.899999976158142,0.04000000283122063,0.15000000596046448,37,19,15,8,25,49,97,58,50,21.5,21.5,24.3,24.3,6,30.0
863.336,12,12,30,55,-3.4000000953674316,-1.899999976158142,0.04000000283122063,0.15000000596046448,37,19,15,8,25,49,97,58,50,21.5,21.5,24.3,24.3,6,30.0
863.835,12,12,30,55,-3.4000000953674316,-1.899999976158142,0.04000000283122063,0.15000000596046448,37,19,15,8,25,49,97,58,50,21.5,21.5,24.3,24.3,6,30.0
864.347,12,12,30,55,-3.4000000953674316,-1.899999976158142,0.04000000283122063,0.15000000596046448,37,19,15,8,25,49,97,58,50,21.5,21.5,24.3,24.3,6,30.0
864.853,12,12,30,55,-3.4000000953674316,-1.899999976158142,0.04000000283122063,0.15000000596046448,37,19,15,8,25,49,97,58,50,21.5,21.5,24.3,24.3,6,30.0
865.353,12,12,30,55,-3.4000000953674316,-1.899999976158142,0.04000000283122063,0.15000000596046448,37,19,15,8,25,49,97,58,50,21.5,21.5,24.3,24.3,6,30.0
865.852,12,12,30,55,-3.4000000953674316,-1.899999976158142,0.04000000283122063,0.15000000596046448,37,19,15,8,25,49,97,58,50,21.5,21.5,24.3,24.3,6,30.0
866.336,12,12,30,55,-3.4000000953674316,-1.899999976158142,0.04000000283122063,0.15000000596046448,37,19,15,8,25,49,97,58,50,21.5,21.5,24.3,24.3,6,30.0
866.834,12,12,30,55,-3.4000000953674316,-1.899999976158142,0.04000000283122063,0.15000000596046448,37,19,15,8,25,49,97,58,50,21.5,21.5,24.3,24.3,6,30.0
867.348,12,12,30,55,-3.4000000953674316,-1.899999976158142,0.04000000283122063,0.15000000596046448,37,19,15,8,25,49,97,58,50,21.5,21.5,24.3,24.3,6,30.0
867.842,12,12,30,55,-3.4000000953674316,-1.899999976158142,0.04000000283122063,0.15000000596046448,37,19,15,8,25,49,97,58,50,21.5,21.5,24.3,24.3,6,30.0
868.361,12,12,30,55,-3.4000000953674316,-1.899999976158142,0.04000000283122063,0.15000000596046448,37,19,15,8,25,49,97,58,50,21.5,21.5,24.3,24.3,6,30.0
868.86,12,12,30,55,-3.4000000953674316,-1.899999976158142,0.04000000283122063,0.15000000596046448,37,19,15,8,25,49,97,58,50,21.5,21.5,24.3,24.3,6,30.0
869.353,12,12,30,55,-3.4000000953674316,-1.899999976158142,0.04000000283122063,0.15000000596046448,37,19,15,8,25,49,97,58,50,21.5,21.5,24.3,24.3,6,30.0
869.854,12,12,30,55,-3.4000000953674316,-1.899999976158142,0.04000000283122063,0.15000000596046448,37,19,15,8,25,49,97,58,50,21.5,21.5,24.3,24.3,6,30.0
870.346,12,12,30,55,-3.4000000953674316,-1.899999976158142,0.04000000283122063,0.15000000596046448,37,19,15,8,25,49,97,58,50,21.5,21.5,24.3,24.3,6,30.0
870.85,12,12,30,55,-3.4000000953674316,-1.899999976158142,0.04000000283122063,0.15000000596046448,37,19,15,8,25,49,97,58,50,21.5,21.5,24.3,24.3,6,30.0
871.354,12,12,30,55,-3.4000000953674316,-1.899999976158142,0.04000000283122063,0.15000000596046448,37,19,15,8,25,49,97,58,50,21.5,21.5,24.3,24.3,6,30.0
871.858,12,12,30,55,-3.4000000953674316,-1.899999976158142,0.04000000283122063,0.15000000596046448,37,19,15,8,25,49,97,58,50,21.5,21.5,24.3,24.3,6,30.0
872.343,12,12,30,55,-3.4000000953674316,-1.899999976158142,0.04000000283122063,0.15000000596046448,37,19,15,8,25,49,97,58,50,21.5,21.5,24.3,24.3,6,30.0
872.852,12,12,30,55,-3.4000000953674316,-1.899999976158142,0.04000000283122063,0.15000000596046448,37,19,15,8,25,49,97,58,50,21.5,21.5,24.3,24.3,6,30.0
873.338,12,12,30,55,-3.4000000953674316,-1.899999976158142,0.04000000283122063,0.15000000596046448,37,19,15,8,25,49,97,58,50,21.5,21.5,24.3,24.3,6,30.0
873.852,12,12,30,55,-3.4000000953674316,-1.899999976158142,0.04000000283122063,0.15000000596046448,37,19,15,8,25,49,97,58,50,21.5,21.5,24.3,24.3,6,30.0
874.342,12,12,30,55,-3.4000000953674316,-1.899999976158142,0.04000000283122063,0.15000000596046448,37,19,15,8,25,49,97,58,50,21.5,21.5,24.3,24.3,6,30.0
874.852,12,12,30,55,-3.4000000953674316,-1.899999976158142,0.04000000283122063,0.15000000596046448,37,19,15,8,25,49,97,58,50,21.5,21.5,24.3,24.3,6,30.0
875.346,12,12,30,55,-3.4000000953674316,-1.899999976158142,0.04000000283122063,0.15000000596046448,37,19,15,8,25,49,97,58,50,21.5,21.5,24.3,24.3,6,30.0
875.86,12,12,30,55,-3.4000000953674316,-1.899999976158142,0.04000000283122063,0.15000000596046448,37,19,15,8,25,49,97,58,50,21.5,21.5,24.3,24.3,6,30.0
876.336,12,12,30,55,-3.4000000953674316,-1.899999976158142,0.04000000283122063,0.15000000596046448,37,19,15,8,25,49,97,58,50,21.5,21.5,24.3,24.3,6,30.0
876.852,12,12,30,55,-3.4000000953674316,-1.899999976158142,0.04000000283122063,0.15000000596046448,37,19,15,8,25,49,97,58,50,21.5,21.5,24.3,24.3,6,30.0
877.344,12,12,30,55,-3.4000000953674316,-1.899999976158142,0.04000000283122063,0.15000000596046448,37,19,15,8,25,49,97,58,50,21.5,21.5,24.3,24.3,6,30.0
877.844,12,12,30,55,-3.4000000953674316,-1.899999976158142,0.04000000283122063,0.15000000596046448,37,19,15,8,25,49,97,58,50,21.5,21.5,24.3,24.3,6,30.0
878.348,12,12,30,55,-3.4000000953674316,-1.899999976158142,0.04000000283122063,0.15000000596046448,37,19,15,8,25,49,97,58,50,21.5,21.5,24.3,24.3,6,30.0
878.843,12,12,30,55,-3.4000000953674316,-1.899999976158142,0.04000000283122063,0.15000000596046448,37,19,15,8,25,49,97,58,50,21.5,21.5,24.3,24.3,6,30.0
879.349,12,12,30,55,-3.4000000953674316,-1.899999976158142,0.04000000283122063,0.15000000596046448,37,19,15,8,25,49,97,58,50,21.5,21.5,24.3,24.3,6,30.0
879.835,12,12,30,55,-3.4000000953674316,-1.899999976158142,0.04000000283122063,0.15000000596046448,37,19,15,8,25,49,97,58,50,21.5,21.5,24.3,24.3,6,30.0
880.344,12,12,30,55,-3.4000000953674316,-1.899999976158142,0.04000000283122063,0.15000000596046448,37,19,15,8,25,49,97,58,50,21.5,21.5,24.3,24.3,6,30.0
880.856,12,12,30,55,-3.4000000953674316,-1.899999976158142,0.04000000283122063,0.15000000596046448,37,19,15,8,25,49,97,58,50,21.5,21.5,24.3,24.3,6,30.0
881.335,12,12,30,55,-3.4000000953674316,-1.899999976158142,0.04000000283122063,0.15000000596046448,37,19,15,8,25,49,97,58,50,21.5,21.5,24.3,24.3,6,30.0
881.835,12,12,30,55,-3.4000000953674316,-1.899999976158142,0.04000000283122063,0.15000000596046448,37,19,15,8,25,49,97,58,50,21.5,21.5,24.3,24.3,6,30.0
882.342,12,12,30,55,-3.4000000953674316,-1.899999976158142,0.04000000283122063,0.15000000596046448,37,19,15,8,25,49,97,58,50,21.5,21.5,24.3,24.3,6,30.0
882.833,12,12,30,55,-3.4000000953674316,-1.899999976158142,0.04000000283122063,0.15000000596046448,37,19,15,8,25,49,97,58,50,21.5,21.5,24.3,24.3,6,30.0
883.355,12,12,30,55,-3.4000000953674316,-1.899999976158142,0.04000000283122063,0.15000000596046448,37,19,15,8,25,49,97,58,50,21.5,21.5,24.3,24.3,6,30.0
883.84,12,12,30,55,-3.4000000953674316,-1.899999976158142,0.04000000283122063,0.15000000596046448,37,19,15,8,25,49,97,58,50,21.5,21.5,24.3,24.3,6,30.0
884.338,12,12,30,55,-3.4000000953674316,-1.899999976158142,0.04000000283122063,0.15000000596046448,37,19,15,8,25,49,97,58,50,21.5,21.5,24.3,24.3,6,30.0
884.844,12,12,30,55,-3.4000000953674316,-1.899999976158142,0.04000000283122063,0.15000000596046448,37,19,15,8,25,49,97,58,50,21.5,21.5,24.3,24.3,6,30.0
885.346,12,12,30,55,-3.4000000953674316,-1.899999976158142,0.04000000283122063,0.15000000596046448,37,19,15,8,25,49,97,58,50,21.5,21.5,24.3,24.3,6,30.0
885.839,12,12,30,55,-3.4000000953674316,-1.899999976158142,0.04000000283122063,0.15000000596046448,37,19,15,8,25,49,97,58,50,21.5,21.5,24.3,24.3,6,30.0
886.341,12,12,30,55,-3.4000000953674316,-1.899999976158142,0.04000000283122063,0.15000000596046448,37,19,15,8,25,49,97,58,50,21.5,21.5,24.3,24.3,6,30.0
886.834,12,12,30,55,-3.4000000953674316,-1.899999976158142,0.04000000283122063,0.15000000596046448,37,19,15,8,25,49,97,58,50,21.5,21.5,24.3,24.3,6,30.0
887.335,12,12,30,55,-3.4000000953674316,-1.899999976158142,0.04000000283122063,0.15000000596046448,37,19,15,8,25,49,97,58,50,21.5,21.5,24.3,24.3,6,30.0
887.842,12,12,30,55,-3.4000000953674316,-1.899999976158142,0.04000000283122063,0.15000000596046448,37,19,15,8,25,49,97,58,50,21.5,21.5,24.3,24.3,6,30.0
888.335,12,12,30,55,-3.4000000953674316,-1.899999976158142,0.04000000283122063,0.15000000596046448,37,19,15,8,25,49,97,58,50,21.5,21.5,24.3,24.3,6,30.0
888.849,12,12,30,55,-3.4000000953674316,-1.899999976158142,0.04000000283122063,0.15000000596046448,37,19,15,8,25,49,97,58,50,21.5,21.5,24.3,24.3,6,30.0
889.356,12,12,30,55,-3.4000000953674316,-1.899999976158142,0.04000000283122063,0.15000000596046448,37,19,15,8,25,49,97,58,50,21.5,21.5,24.3,24.3,6,30.0
889.848,12,12,30,55,-3.4000000953674316,-1.899999976158142,0.04000000283122063,0.15000000596046448,37,19,15,8,25,49,97,58,50,21.5,21.5,24.3,24.3,6,30.0
890.354,12,12,30,55,-3.4000000953674316,-1.899999976158142,0.04000000283122063,0.15000000596046448,37,19,15,8,25,49,97,58,50,21.5,21.5,24.3,24.3,6,30.0
890.842,12,12,30,55,-3.4000000953674316,-1.899999976158142,0.04000000283122063,0.15000000596046448,37,19,15,8,25,49,97,58,50,21.5,21.5,24.3,24.3,6,30.0
891.334,12,12,30,55,-3.4000000953674316,-1.899999976158142,0.04000000283122063,0.15000000596046448,37,19,15,8,25,49,97,58,50,21.5,21.5,24.3,24.3,6,30.0
891.84,12,12,30,55,-3.4000000953674316,-1.899999976158142,0.04000000283122063,0.15000000596046448,37,19,15,8,25,49,97,58,50,21.5,21.5,24.3,24.3,6,30.0
892.347,12,12,30,55,-3.4000000953674316,-1.899999976158142,0.04000000283122063,0.15000000596046448,37,19,15,8,25,49,97,58,50,21.5,21.5,24.3,24.3,6,30.0
892.843,12,12,30,55,-3.4000000953674316,-1.899999976158142,0.04000000283122063,0.15000000596046448,37,19,15,8,25,49,97,58,50,21.5,21.5,24.3,24.3,6,30.0
893.352,12,12,30,55,-3.4000000953674316,-1.899999976158142,0.04000000283122063,0.15000000596046448,37,19,15,8,25,49,97,58,50,21.5,21.5,24.3,24.3,6,30.0
893.851,12,12,30,55,-3.4000000953674316,-1.899999976158142,0.04000000283122063,0.15000000596046448,37,19,15,8,25,49,97,58,50,21.5,21.5,24.3,24.3,6,30.0
894.343,12,12,30,55,-3.4000000953674316,-1.899999976158142,0.04000000283122063,0.15000000596046448,37,19,15,8,25,49,97,58,50,21.5,21.5,24.3,24.3,6,30.0
894.855,12,12,30,55,-3.4000000953674316,-1.899999976158142,0.04000000283122063,0.15000000596046448,37,19,15,8,25,49,97,58,50,21.5,21.5,24.3,24.3,6,30.0
895.337,12,12,30,55,-3.4000000953674316,-1.899999976158142,0.04000000283122063,0.15000000596046448,37,19,15,8,25,49,97,58,50,21.5,21.5,24.3,24.3,6,30.0
895.838,12,12,30,55,-3.4000000953674316,-1.899999976158142,0.04000000283122063,0.15000000596046448,37,19,15,8,25,49,97,58,50,21.5,21.5,24.3,24.3,6,30.0
896.339,12,12,30,55,-3.4000000953674316,-1.899999976158142,0.04000000283122063,0.15000000596046448,37,19,15,8,25,49,97,58,50,21.5,21.5,24.3,24.3,6,30.0
896.848,12,12,30,55,-3.4000000953674316,-1.899999976158142,0.04000000283122063,0.15000000596046448,37,19,15,8,25,49,97,58,50,21.5,21.5,24.3,24.3,6,30.0
897.356,12,12,30,55,-3.4000000953674316,-1.899999976158142,0.04000000283122063,0.15000000596046448,37,19,15,8,25,49,97,58,50,21.5,21.5,24.3,24.3,6,30.0
897.852,12,12,30,55,-3.4000000953674316,-1.899999976158142,0.04000000283122063,0.15000000596046448,37,19,15,8,25,49,97,58,50,21.5,21.5,24.3,24.3,6,30.0
898.343,12,12,30,55,-3.4000000953674316,-1.899999976158142,0.04000000283122063,0.15000000596046448,37,19,15,8,25,49,97,58,50,21.5,21.5,24.3,24.3,6,30.0
898.837,12,12,30,55,-3.4000000953674316,-1.899999976158142,0.04000000283122063,0.15000000596046448,37,19,15,8,25,49,97,58,50,21.5,21.5,24.3,24.3,6,30.0
899.355,12,12,30,55,-3.4000000953674316,-1.899999976158142,0.04000000283122063,0.15000000596046448,37,19,15,8,25,49,97,58,50,21.5,21.5,24.3,24.3,6,30.0
899.851,12,12,30,55,-3.4000000953674316,-1.899999976158142,0.04000000283122063,0.15000000596046448,37,19,15,8,25,49,97,58,50,21.5,21.5,24.3,24.3,6,30.0
900.346,12,12,30,55,-3.4000000953674316,-1.899999976158142,0.04000000283122063,0.15000000596046448,37,19,15,8,25,49,97,58,50,21.5,21.5,24.3,24.3,6,30.0
900.843,12,12,30,55,-3.4000000953674316,-1.899999976158142,0.04000000283122063,0.15000000596046448,37,19,15,8,25,49,97,58,50,21.5,21.5,24.3,24.3,6,30.0
901.34,12,12,30,55,-3.4000000953674316,-1.899999976158142,0.04000000283122063,0.15000000596046448,37,19,15,8,25,49,97,58,50,21.5,21.5,24.3,24.3,6,30.0
901.841,12,12,30,55,-3.4000000953674316,-1.899999976158142,0.04000000283122063,0.15000000596046448,37,19,15,8,25,49,97,58,50,21.5,21.5,24.3,24.3,6,30.0
902.356,12,12,30,55,-3.4000000953674316,-1.899999976158142,0.04000000283122063,0.15000000596046448,37,19,15,8,25,49,97,58,50,21.5,21.5,24.3,24.3,6,30.0
902.854,12,12,30,55,-3.4000000953674316,-1.899999976158142,0.04000000283122063,0.15000000596046448,37,19,15,8,25,49,97,58,50,21.5,21.5,24.3,24.3,6,30.0
903.336,12,12,30,55,-3.4000000953674316,-1.899999976158142,0.04000000283122063,0.15000000596046448,37,19,15,8,25,49,97,58,50,21.5,21.5,24.3,24.3,6,30.0
903.851,12,12,30,55,-3.4000000953674316,-1.899999976158142,0.04000000283122063,0.15000000596046448,37,19,15,8,25,49,97,58,50,21.5,21.5,24.3,24.3,6,30.0
904.34,12,12,30,55,-3.4000000953674316,-1.899999976158142,0.04000000283122063,0.15000000596046448,37,19,15,8,25,49,97,58,50,21.5,21.5,24.3,24.3,6,30.0
904.845,12,12,30,55,-3.4000000953674316,-1.899999976158142,0.04000000283122063,0.15000000596046448,37,19,15,8,25,49,97,58,50,21.5,21.5,24.3,24.3,6,30.0
905.354,12,12,30,55,-3.4000000953674316,-1.899999976158142,0.04000000283122063,0.15000000596046448,37,19,15,8,25,49,97,58,50,21.5,21.5,24.3,24.3,6,30.0
905.845,12,12,30,55,-3.4000000953674316,-1.899999976158142,0.04000000283122063,0.15000000596046448,37,19,15,8,25,49,97,58,50,21.5,21.5,24.3,24.3,6,30.0
906.342,12,12,30,55,-3.4000000953674316,-1.899999976158142,0.04000000283122063,0.15000000596046448,37,19,15,8,25,49,97,58,50,21.5,21.5,24.3,24.3,6,30.0
906.837,12,12,30,55,-3.4000000953674316,-1.899999976158142,0.04000000283122063,0.15000000596046448,37,19,15,8,25,49,97,58,50,21.5,21.5,24.3,24.3,6,30.0
907.35,12,12,30,55,-3.4000000953674316,-1.899999976158142,0.04000000283122063,0.15000000596046448,37,19,15,8,25,49,97,58,50,21.5,21.5,24.3,24.3,6,30.0
907.85,12,12,30,55,-3.4000000953674316,-1.899999976158142,0.04000000283122063,0.15000000596046448,37,19,15,8,25,49,97,58,50,21.5,21.5,24.3,24.3,6,30.0
908.337,12,12,30,55,-3.4000000953674316,-1.899999976158142,0.04000000283122063,0.15000000596046448,37,19,15,8,25,49,97,58,50,21.5,21.5,24.3,24.3,6,30.0
908.848,12,12,30,55,-3.4000000953674316,-1.899999976158142,0.04000000283122063,0.15000000596046448,37,19,15,8,25,49,97,58,50,21.5,21.5,24.3,24.3,6,30.0
909.34,12,12,30,55,-3.4000000953674316,-1.899999976158142,0.04000000283122063,0.15000000596046448,37,19,15,8,25,49,97,58,50,21.5,21.5,24.3,24.3,6,30.0
909.837,12,12,30,55,-3.4000000953674316,-1.899999976158142,0.04000000283122063,0.15000000596046448,37,19,15,8,25,49,97,58,50,21.5,21.5,24.3,24.3,6,30.0
910.333,12,12,30,55,-3.4000000953674316,-1.899999976158142,0.04000000283122063,0.15000000596046448,37,19,15,8,25,49,97,58,50,21.5,21.5,24.3,24.3,6,30.0
910.836,12,12,30,55,-3.4000000953674316,-1.899999976158142,0.04000000283122063,0.15000000596046448,37,19,15,8,25,49,97,58,50,21.5,21.5,24.3,24.3,6,30.0
911.338,12,12,30,55,-3.4000000953674316,-1.899999976158142,0.04000000283122063,0.15000000596046448,37,19,15,8,25,49,97,58,50,21.5,21.5,24.3,24.3,6,30.0
911.846,12,12,30,55,-3.4000000953674316,-1.899999976158142,0.04000000283122063,0.15000000596046448,37,19,15,8,25,49,97,58,50,21.5,21.5,24.3,24.3,6,30.0
912.34,12,12,30,55,-3.4000000953674316,-1.899999976158142,0.04000000283122063,0.15000000596046448,37,19,15,8,25,49,97,58,50,21.5,21.5,24.3,24.3,6,30.0
912.836,12,12,30,55,-3.4000000953674316,-1.899999976158142,0.04000000283122063,0.15000000596046448,37,19,15,8,25,49,97,58,50,21.5,21.5,24.3,24.3,6,30.0
913.339,12,12,30,55,-3.4000000953674316,-1.899999976158142,0.04000000283122063,0.15000000596046448,37,19,15,8,25,49,97,58,50,21.5,21.5,24.3,24.3,6,30.0
913.849,12,12,30,55,-3.4000000953674316,-1.899999976158142,0.04000000283122063,0.15000000596046448,37,19,15,8,25,49,97,58,50,21.5,21.5,24.3,24.3,6,30.0
914.352,12,12,30,55,-3.4000000953674316,-1.899999976158142,0.04000000283122063,0.15000000596046448,37,19,15,8,25,49,97,58,50,21.5,21.5,24.3,24.3,6,30.0
914.853,12,12,30,55,-3.4000000953674316,-1.899999976158142,0.04000000283122063,0.15000000596046448,37,19,15,8,25,49,97,58,50,21.5,21.5,24.3,24.3,6,30.0
915.334,12,12,30,55,-3.4000000953674316,-1.899999976158142,0.04000000283122063,0.15000000596046448,37,19,15,8,25,49,97,58,50,21.5,21.5,24.3,24.3,6,30.0
915.847,12,12,30,55,-3.4000000953674316,-1.899999976158142,0.04000000283122063,0.15000000596046448,37,19,15,8,25,49,97,58,50,21.5,21.5,24.3,24.3,6,30.0
916.344,12,12,30,55,-3.4000000953674316,-1.899999976158142,0.04000000283122063,0.15000000596046448,37,19,15,8,25,49,97,58,50,21.5,21.5,24.3,24.3,6,30.0
916.847,12,12,30,55,-3.4000000953674316,-1.899999976158142,0.04000000283122063,0.15000000596046448,37,19,15,8,25,49,97,58,50,21.5,21.5,24.3,24.3,6,30.0
917.347,12,12,30,55,-3.4000000953674316,-1.899999976158142,0.04000000283122063,0.15000000596046448,37,19,15,8,25,49,97,58,50,21.5,21.5,24.3,24.3,6,30.0
917.836,12,12,30,55,-3.4000000953674316,-1.899999976158142,0.04000000283122063,0.15000000596046448,37,19,15,8,25,49,97,58,50,21.5,21.5,24.3,24.3,6,30.0
918.353,12,12,30,55,-3.4000000953674316,-1.899999976158142,0.04000000283122063,0.15000000596046448,37,19,15,8,25,49,97,58,50,21.5,21.5,24.3,24.3,6,30.0
918.844,12,12,30,55,-3.4000000953674316,-1.899999976158142,0.04000000283122063,0.15000000596046448,37,19,15,8,25,49,97,58,50,21.5,21.5,24.3,24.3,6,30.0
919.335,12,12,30,55,-3.4000000953674316,-1.899999976158142,0.04000000283122063,0.15000000596046448,37,19,15,8,25,49,97,58,50,21.5,21.5,24.3,24.3,6,30.0
919.833,12,12,30,55,-3.4000000953674316,-1.899999976158142,0.04000000283122063,0.15000000596046448,37,19,15,8,25,49,97,58,50,21.5,21.5,24.3,24.3,6,30.0
920.355,12,12,30,55,-3.4000000953674316,-1.899999976158142,0.04000000283122063,0.15000000596046448,37,19,15,8,25,49,97,58,50,21.5,21.5,24.3,24.3,6,30.0
920.833,12,12,30,55,-3.4000000953674316,-1.899999976158142,0.04000000283122063,0.15000000596046448,37,19,15,8,25,49,97,58,50,21.5,21.5,24.3,24.3,6,30.0
921.354,12,12,30,55,-3.4000000953674316,-1.899999976158142,0.04000000283122063,0.15000000596046448,37,19,15,8,25,49,97,58,50,21.5,21.5,24.3,24.3,6,30.0
921.841,12,12,30,55,-3.4000000953674316,-1.899999976158142,0.04000000283122063,0.15000000596046448,37,19,15,8,25,49,97,58,50,21.5,21.5,24.3,24.3,6,30.0
922.349,12,12,30,55,-3.4000000953674316,-1.899999976158142,0.04000000283122063,0.15000000596046448,37,19,15,8,25,49,97,58,50,21.5,21.5,24.3,24.3,6,30.0
922.84,12,12,30,55,-3.4000000953674316,-1.899999976158142,0.04000000283122063,0.15000000596046448,37,19,15,8,25,49,97,58,50,21.5,21.5,24.3,24.3,6,30.0
923.339,12,12,30,55,-3.4000000953674316,-1.899999976158142,0.04000000283122063,0.15000000596046448,37,19,15,8,25,49,97,58,50,21.5,21.5,24.3,24.3,6,30.0
923.852,12,12,30,55,-3.4000000953674316,-1.899999976158142,0.04000000283122063,0.15000000596046448,37,19,15,8,25,49,97,58,50,21.5,21.5,24.3,24.3,6,30.0
924.352,12,12,30,55,-3.4000000953674316,-1.899999976158142,0.04000000283122063,0.15000000596046448,37,19,15,8,25,49,97,58,50,21.5,21.5,24.3,24.3,6,30.0
924.848,12,12,30,55,-3.4000000953674316,-1.899999976158142,0.04000000283122063,0.15000000596046448,37,19,15,8,25,49,97,58,50,21.5,21.5,24.3,24.3,6,30.0
925.347,12,12,30,55,-3.4000000953674316,-1.899999976158142,0.04000000283122063,0.15000000596046448,37,19,15,8,25,49,97,58,50,21.5,21.5,24.3,24.3,6,30.0
925.839,12,12,30,55,-3.4000000953674316,-1.899999976158142,0.04000000283122063,0.15000000596046448,37,19,15,8,25,49,97,58,50,21.5,21.5,24.3,24.3,6,30.0
926.348,12,12,30,55,-3.4000000953674316,-1.899999976158142,0.04000000283122063,0.15000000596046448,37,19,15,8,25,49,97,58,50,21.5,21.5,24.3,24.3,6,30.0
926.847,12,12,30,55,-3.4000000953674316,-1.899999976158142,0.04000000283122063,0.15000000596046448,37,19,15,8,25,49,97,58,50,21.5,21.5,24.3,24.3,6,30.0
927.346,12,12,30,55,-3.4000000953674316,-1.899999976158142,0.04000000283122063,0.15000000596046448,37,19,15,8,25,49,97,58,50,21.5,21.5,24.3,24.3,6,30.0
927.85,12,12,30,55,-3.4000000953674316,-1.899999976158142,0.04000000283122063,0.15000000596046448,37,19,15,8,25,49,97,58,50,21.5,21.5,24.3,24.3,6,30.0
928.336,12,12,30,55,-3.4000000953674316,-1.899999976158142,0.04000000283122063,0.15000000596046448,37,19,15,8,25,49,97,58,50,21.5,21.5,24.3,24.3,6,30.0
928.838,12,12,30,55,-3.4000000953674316,-1.899999976158142,0.04000000283122063,0.15000000596046448,37,19,15,8,25,49,97,58,50,21.5,21.5,24.3,24.3,6,30.0
929.348,12,12,30,55,-3.4000000953674316,-1.899999976158142,0.04000000283122063,0.15000000596046448,37,19,15,8,25,49,97,58,50,21.5,21.5,24.3,24.3,6,30.0
929.838,12,12,30,55,-3.4000000953674316,-1.899999976158142,0.04000000283122063,0.15000000596046448,37,19,15,8,25,49,97,58,50,21.5,21.5,24.3,24.3,6,30.0
930.347,12,12,30,55,-3.4000000953674316,-1.899999976158142,0.04000000283122063,0.15000000596046448,37,19,15,8,25,49,97,58,50,21.5,21.5,24.3,24.3,6,30.0
930.852,12,12,30,55,-3.4000000953674316,-1.899999976158142,0.04000000283122063,0.15000000596046448,37,19,15,8,25,49,97,58,50,21.5,21.5,24.3,24.3,6,30.0
931.352,12,12,30,55,-3.4000000953674316,-1.899999976158142,0.04000000283122063,0.15000000596046448,37,19,15,8,25,49,97,58,50,21.5,21.5,24.3,24.3,6,30.0
931.851,12,12,30,55,-3.4000000953674316,-1.899999976158142,0.04000000283122063,0.15000000596046448,37,19,15,8,25,49,97,58,50,21.5,21.5,24.3,24.3,6,30.0
932.337,12,12,30,55,-3.4000000953674316,-1.899999976158142,0.04000000283122063,0.15000000596046448,37,19,15,8,25,49,97,58,50,21.5,21.5,24.3,24.3,6,30.0
932.833,12,12,30,55,-3.4000000953674316,-1.899999976158142,0.04000000283122063,0.15000000596046448,37,19,15,8,25,49,97,58,50,21.5,21.5,24.3,24.3,6,30.0
933.338,12,12,30,55,-3.4000000953674316,-1.899999976158142,0.04000000283122063,0.15000000596046448,37,19,15,8,25,49,97,58,50,21.5,21.5,24.3,24.3,6,30.0
933.842,12,12,30,55,-3.4000000953674316,-1.899999976158142,0.04000000283122063,0.15000000596046448,37,19,15,8,25,49,97,58,50,21.5,21.5,24.3,24.3,6,30.0
934.343,12,12,30,55,-3.4000000953674316,-1.899999976158142,0.04000000283122063,0.15000000596046448,37,19,15,8,25,49,97,58,50,21.5,21.5,24.3,24.3,6,30.0
934.849,12,12,30,55,-3.4000000953674316,-1.899999976158142,0.04000000283122063,0.15000000596046448,37,19,15,8,25,49,97,58,50,21.5,21.5,24.3,24.3,6,30.0
935.335,12,12,30,55,-3.4000000953674316,-1.899999976158142,0.04000000283122063,0.15000000596046448,37,19,15,8,25,49,97,58,50,21.5,21.5,24.3,24.3,6,30.0
935.834,12,12,30,55,-3.4000000953674316,-1.899999976158142,0.04000000283122063,0.15000000596046448,37,19,15,8,25,49,97,58,50,21.5,21.5,24.3,24.3,6,30.0
936.35,12,12,30,55,-3.4000000953674316,-1.899999976158142,0.04000000283122063,0.15000000596046448,37,19,15,8,25,49,97,58,50,21.5,21.5,24.3,24.3,6,30.0
936.845,12,12,30,55,-3.4000000953674316,-1.899999976158142,0.04000000283122063,0.15000000596046448,37,19,15,8,25,49,97,58,50,21.5,21.5,24.3,24.3,6,30.0
937.348,12,12,30,55,-3.4000000953674316,-1.899999976158142,0.04000000283122063,0.15000000596046448,37,19,15,8,25,49,97,58,50,21.5,21.5,24.3,24.3,6,30.0
937.833,12,12,30,55,-3.4000000953674316,-1.899999976158142,0.04000000283122063,0.15000000596046448,37,19,15,8,25,49,97,58,50,21.5,21.5,24.3,24.3,6,30.0
938.337,12,12,30,55,-3.4000000953674316,-1.899999976158142,0.04000000283122063,0.15000000596046448,37,19,15,8,25,49,97,58,50,21.5,21.5,24.3,24.3,6,30.0
938.854,12,12,30,55,-3.4000000953674316,-1.899999976158142,0.04000000283122063,0.15000000596046448,37,19,15,8,25,49,97,58,50,21.5,21.5,24.3,24.3,6,30.0
939.351,12,12,30,55,-3.4000000953674316,-1.899999976158142,0.04000000283122063,0.15000000596046448,37,19,15,8,25,49,97,58,50,21.5,21.5,24.3,24.3,6,30.0
939.837,12,12,30,55,-3.4000000953674316,-1.899999976158142,0.04000000283122063,0.15000000596046448,37,19,15,8,25,49,97,58,50,21.5,21.5,24.3,24.3,6,30.0
940.337,12,12,30,55,-3.4000000953674316,-1.899999976158142,0.04000000283122063,0.15000000596046448,37,19,15,8,25,49,97,58,50,21.5,21.5,24.3,24.3,6,30.0
940.853,12,12,30,55,-3.4000000953674316,-1.899999976158142,0.04000000283122063,0.15000000596046448,37,19,15,8,25,49,97,58,50,21.5,21.5,24.3,24.3,6,30.0
941.349,12,12,30,55,-3.4000000953674316,-1.899999976158142,0.04000000283122063,0.15000000596046448,37,19,15,8,25,49,97,58,50,21.5,21.5,24.3,24.3,6,30.0
941.854,12,12,30,55,-3.4000000953674316,-1.899999976158142,0.04000000283122063,0.15000000596046448,37,19,15,8,25,49,97,58,50,21.5,21.5,24.3,24.3,6,30.0
942.359,12,12,30,55,-3.4000000953674316,-1.899999976158142,0.04000000283122063,0.15000000596046448,37,19,15,8,25,49,97,58,50,21.5,21.5,24.3,24.3,6,30.0
942.841,12,12,30,55,-3.4000000953674316,-1.899999976158142,0.04000000283122063,0.15000000596046448,37,19,15,8,25,49,97,58,50,21.5,21.5,24.3,24.3,6,30.0
943.348,12,12,30,55,-3.4000000953674316,-1.899999976158142,0.04000000283122063,0.15000000596046448,37,19,15,8,25,49,97,58,50,21.5,21.5,24.3,24.3,6,30.0
943.859,12,12,30,55,-3.4000000953674316,-1.899999976158142,0.04000000283122063,0.15000000596046448,37,19,15,8,25,49,97,58,50,21.5,21.5,24.3,24.3,6,30.0
944.338,12,12,30,55,-3.4000000953674316,-1.899999976158142,0.04000000283122063,0.15000000596046448,37,19,15,8,25,49,97,58,50,21.5,21.5,24.3,24.3,6,30.0
944.844,12,12,30,55,-3.4000000953674316,-1.899999976158142,0.04000000283122063,0.15000000596046448,37,19,15,8,25,49,97,58,50,21.5,21.5,24.3,24.3,6,30.0
945.349,12,12,30,55,-3.4000000953674316,-1.899999976158142,0.04000000283122063,0.15000000596046448,37,19,15,8,25,49,97,58,50,21.5,21.5,24.3,24.3,6,30.0
945.856,12,12,30,55,-3.4000000953674316,-1.899999976158142,0.04000000283122063,0.15000000596046448,37,19,15,8,25,49,97,58,50,21.5,21.5,24.3,24.3,6,30.0
946.341,12,12,30,55,-3.4000000953674316,-1.899999976158142,0.04000000283122063,0.15000000596046448,37,19,15,8,25,49,97,58,50,21.5,21.5,24.3,24.3,6,30.0
946.834,10,12,90,55,-3.5,-2.0,0.020000001415610313,0.12000000476837158,37,10,15,10,25,46,100,58,50,21.5,21.5,24.3,24.3,6,10.0
947.338,10,12,90,55,-3.5,-2.0,0.020000001415610313,0.12000000476837158,37,10,15,10,25,46,100,58,50,21.5,21.5,24.3,24.3,6,10.0
947.845,10,12,90,55,-3.5,-2.0,0.020000001415610313,0.12000000476837158,37,10,15,10,25,46,100,58,50,21.5,21.5,24.3,24.3,6,10.0
948.333,10,12,90,55,-3.5,-2.0,0.020000001415610313,0.12000000476837158,37,10,15,10,25,46,100,58,50,21.5,21.5,24.3,24.3,6,10.0
948.835,10,12,90,55,-3.5,-2.0,0.020000001415610313,0.12000000476837158,37,10,15,10,25,46,100,58,50,21.5,21.5,24.3,24.3,6,10.0
949.348,10,12,90,55,-3.5,-2.0,0.020000001415610313,0.12000000476837158,37,10,15,10,25,46,100,58,50,21.5,21.5,24.3,24.3,6,10.0
949.835,10,12,90,55,-3.5,-2.0,0.020000001415610313,0.12000000476837158,37,10,15,10,25,46,100,58,50,21.5,21.5,24.3,24.3,6,10.0
950.338,10,12,90,55,-3.5,-2.0,0.020000001415610313,0.12000000476837158,37,10,15,10,25,46,100,58,50,21.5,21.5,24.3,24.3,6,10.0
950.834,10,12,90,55,-3.5,-2.0,0.020000001415610313,0.12000000476837158,37,10,15,10,25,46,100,58,50,21.5,21.5,24.3,24.3,6,10.0
951.336,10,12,90,55,-3.5,-2.0,0.020000001415610313,0.12000000476837158,37,10,15,10,25,46,100,58,50,21.5,21.5,24.3,24.3,6,10.0
951.848,10,12,90,55,-3.5,-2.0,0.020000001415610313,0.12000000476837158,37,10,15,10,25,46,100,58,50,21.5,21.5,24.3,24.3,6,10.0
952.354,10,12,90,55,-3.5,-2.0,0.020000001415610313,0.12000000476837158,37,10,15,10,25,46,100,58,50,21.5,21.5,24.3,24.3,6,10.0
952.859,10,12,90,55,-3.5,-2.0,0.020000001415610313,0.12000000476837158,37,10,15,10,25,46,100,58,50,21.5,21.5,24.3,24.3,6,10.0
953.345,10,12,90,55,-3.5,-2.0,0.020000001415610313,0.12000000476837158,37,10,15,10,25,46,100,58,50,21.5,21.5,24.3,24.3,6,10.0
953.854,10,12,90,55,-3.5,-2.0,0.020000001415610313,0.12000000476837158,37,10,15,10,25,46,100,58,50,21.5,21.5,24.3,24.3,6,10.0
954.358,10,12,90,55,-3.5,-2.0,0.020000001415610313,0.12000000476837158,37,10,15,10,25,46,100,58,50,21.5,21.5,24.3,24.3,6,10.0
954.841,10,12,90,55,-3.5,-2.0,0.020000001415610313,0.12000000476837158,37,10,15,10,25,46,100,58,50,21.5,21.5,24.3,24.3,6,10.0
955.364,10,12,90,55,-3.5,-2.0,0.020000001415610313,0.12000000476837158,37,10,15,10,25,46,100,58,50,21.5,21.5,24.3,24.3,6,10.0
955.853,10,12,90,55,-3.5,-2.0,0.020000001415610313,0.12000000476837158,37,10,15,10,25,46,100,58,50,21.5,21.5,24.3,24.3,6,10.0
956.364,10,12,90,55,-3.5,-2.0,0.020000001415610313,0.12000000476837158,37,10,15,10,25,46,100,58,50,21.5,21.5,24.3,24.3,6,10.0
956.847,10,12,90,55,-3.5,-2.0,0.020000001415610313,0.12000000476837158,37,10,15,10,25,46,100,58,50,21.5,21.5,24.3,24.3,6,10.0
957.334,10,12,90,55,-3.5,-2.0,0.020000001415610313,0.12000000476837158,37,10,15,10,25,46,100,58,50,21.5,21.5,24.3,24.3,6,10.0
957.862,10,12,90,55,-3.5,-2.0,0.020000001415610313,0.12000000476837158,37,10,15,10,25,46,100,58,50,21.5,21.5,24.3,24.3,6,10.0
958.341,10,12,90,55,-3.5,-2.0,0.020000001415610313,0.12000000476837158,37,10,15,10,25,46,100,58,50,21.5,21.5,24.3,24.3,6,10.0
958.865,10,12,90,55,-3.5,-2.0,0.020000001415610313,0.12000000476837158,37,10,15,10,25,46,100,58,50,21.5,21.5,24.3,24.3,6,10.0
959.335,10,12,90,55,-3.5,-2.0,0.020000001415610313,0.12000000476837158,37,10,15,10,25,46,100,58,50,21.5,21.5,24.3,24.3,6,10.0
959.833,10,12,90,55,-3.5,-2.0,0.020000001415610313,0.12000000476837158,37,10,15,10,25,46,100,58,50,21.5,21.5,24.3,24.3,6,10.0
960.353,10,12,90,55,-3.5,-2.0,0.020000001415610313,0.12000000476837158,37,10,15,10,25,46,100,58,50,21.5,21.5,24.3,24.3,6,10.0
960.844,10,12,90,55,-3.5,-2.0,0.020000001415610313,0.12000000476837158,37,10,15,10,25,46,100,58,50,21.5,21.5,24.3,24.3,6,10.0
961.352,10,12,90,55,-3.5,-2.0,0.020000001415610313,0.12000000476837158,37,10,15,10,25,46,100,58,50,21.5,21.5,24.3,24.3,6,10.0
961.835,10,12,90,55,-3.5,-2.0,0.020000001415610313,0.12000000476837158,37,10,15,10,25,46,100,58,50,21.5,21.5,24.3,24.3,6,10.0
962.344,10,12,90,55,-3.5,-2.0,0.020000001415610313,0.12000000476837158,37,10,15,10,25,46,100,58,50,21.5,21.5,24.3,24.3,6,10.0
962.84,10,12,90,55,-3.5,-2.0,0.020000001415610313,0.12000000476837158,37,10,15,10,25,46,100,58,50,21.5,21.5,24.3,24.3,6,10.0
963.338,10,12,90,55,-3.5,-2.0,0.020000001415610313,0.12000000476837158,37,10,15,10,25,46,100,58,50,21.5,21.5,24.3,24.3,6,10.0
963.836,10,12,90,55,-3.5,-2.0,0.020000001415610313,0.12000000476837158,37,10,15,10,25,46,100,58,50,21.5,21.5,24.3,24.3,6,10.0
964.345,10,12,90,55,-3.5,-2.0,0.020000001415610313,0.12000000476837158,37,10,15,10,25,46,100,58,50,21.5,21.5,24.3,24.3,6,10.0
964.838,10,12,90,55,-3.5,-2.0,0.020000001415610313,0.12000000476837158,37,10,15,10,25,46,100,58,50,21.5,21.5,24.3,24.3,6,10.0
965.34,10,12,90,55,-3.5,-2.0,0.020000001415610313,0.12000000476837158,37,10,15,10,25,46,100,58,50,21.5,21.5,24.3,24.3,6,10.0
965.852,10,12,90,55,-3.5,-2.0,0.020000001415610313,0.12000000476837158,37,10,15,10,25,46,100,58,50,21.5,21.5,24.3,24.3,6,10.0
966.348,10,12,90,55,-3.5,-2.0,0.020000001415610313,0.12000000476837158,37,10,15,10,25,46,100,58,50,21.5,21.5,24.3,24.3,6,10.0
966.855,10,12,90,55,-3.5,-2.0,0.020000001415610313,0.12000000476837158,37,10,15,10,25,46,100,58,50,21.5,21.5,24.3,24.3,6,10.0
967.358,10,12,90,55,-3.5,-2.0,0.020000001415610313,0.12000000476837158,37,10,15,10,25,46,100,58,50,21.5,21.5,24.3,24.3,6,10.0
967.835,10,12,90,55,-3.5,-2.0,0.020000001415610313,0.12000000476837158,37,10,15,10,25,46,100,58,50,21.5,21.5,24.3,24.3,6,10.0
968.335,10,12,90,55,-3.5,-2.0,0.020000001415610313,0.12000000476837158,37,10,15,10,25,46,100,58,50,21.5,21.5,24.3,24.3,6,10.0
968.859,10,12,90,55,-3.5,-2.0,0.020000001415610313,0.12000000476837158,37,10,15,10,25,46,100,58,50,21.5,21.5,24.3,24.3,6,10.0
969.341,10,12,90,55,-3.5,-2.0,0.020000001415610313,0.12000000476837158,37,10,15,10,25,46,100,58,50,21.5,21.5,24.3,24.3,6,10.0
969.853,10,12,90,55,-3.5,-2.0,0.020000001415610313,0.12000000476837158,37,10,15,10,25,46,100,58,50,21.5,21.5,24.3,24.3,6,10.0
970.349,10,12,90,55,-3.5,-2.0,0.020000001415610313,0.12000000476837158,37,10,15,10,25,46,100,58,50,21.5,21.5,24.3,24.3,6,10.0
970.848,10,12,90,55,-3.5,-2.0,0.020000001415610313,0.12000000476837158,37,10,15,10,25,46,100,58,50,21.5,21.5,24.3,24.3,6,10.0
971.342,10,12,90,55,-3.5,-2.0,0.020000001415610313,0.12000000476837158,37,10,15,10,25,46,100,58,50,21.5,21.5,24.3,24.3,6,10.0
971.836,10,12,90,55,-3.5,-2.0,0.020000001415610313,0.12000000476837158,37,10,15,10,25,46,100,58,50,21.5,21.5,24.3,24.3,6,10.0
972.344,10,12,90,55,-3.5,-2.0,0.020000001415610313,0.12000000476837158,37,10,15,10,25,46,100,58,50,21.5,21.5,24.3,24.3,6,10.0
972.84,10,12,90,55,-3.5,-2.0,0.020000001415610313,0.12000000476837158,37,10,15,10,25,46,100,58,50,21.5,21.5,24.3,24.3,6,10.0
973.338,10,12,90,55,-3.5,-2.0,0.020000001415610313,0.12000000476837158,37,10,15,10,25,46,100,58,50,21.5,21.5,24.3,24.3,6,10.0
973.842,10,12,90,55,-3.5,-2.0,0.020000001415610313,0.12000000476837158,37,10,15,10,25,46,100,58,50,21.5,21.5,24.3,24.3,6,10.0
974.351,10,12,90,55,-3.5,-2.0,0.020000001415610313,0.12000000476837158,37,10,15,10,25,46,100,58,50,21.5,21.5,24.3,24.3,6,10.0
974.849,10,12,90,55,-3.5,-2.0,0.020000001415610313,0.12000000476837158,37,10,15,10,25,46,100,58,50,21.5,21.5,24.3,24.3,6,10.0
975.347,10,12,90,55,-3.5,-2.0,0.020000001415610313,0.12000000476837158,37,10,15,10,25,46,100,58,50,21.5,21.5,24.3,24.3,6,10.0
975.853,10,12,90,55,-3.5,-2.0,0.020000001415610313,0.12000000476837158,37,10,15,10,25,46,100,58,50,21.5,21.5,24.3,24.3,6,10.0
976.343,10,12,90,55,-3.5,-2.0,0.020000001415610313,0.12000000476837158,37,10,15,10,25,46,100,58,50,21.5,21.5,24.3,24.3,6,10.0
976.834,10,12,90,55,-3.5,-2.0,0.020000001415610313,0.12000000476837158,37,10,15,10,25,46,100,58,50,21.5,21.5,24.3,24.3,6,10.0
977.355,10,12,90,55,-3.5,-2.0,0.020000001415610313,0.12000000476837158,37,10,15,10,25,46,100,58,50,21.5,21.5,24.3,24.3,6,10.0
977.833,10,12,90,55,-3.5,-2.0,0.020000001415610313,0.12000000476837158,37,10,15,10,25,46,100,58,50,21.5,21.5,24.3,24.3,6,10.0
978.348,10,12,90,55,-3.5,-2.0,0.020000001415610313,0.12000000476837158,37,10,15,10,25,46,100,58,50,21.5,21.5,24.3,24.3,6,10.0
978.838,10,12,90,55,-3.5,-2.0,0.020000001415610313,0.12000000476837158,37,10,15,10,25,46,100,58,50,21.5,21.5,24.3,24.3,6,10.0
979.336,10,12,90,55,-3.5,-2.0,0.020000001415610313,0.12000000476837158,37,10,15,10,25,46,100,58,50,21.5,21.5,24.3,24.3,6,10.0
979.854,10,12,90,55,-3.5,-2.0,0.020000001415610313,0.12000000476837158,37,10,15,10,25,46,100,58,50,21.5,21.5,24.3,24.3,6,10.0
980.353,10,12,90,55,-3.5,-2.0,0.020000001415610313,0.12000000476837158,37,10,15,10,25,46,100,58,50,21.5,21.5,24.3,24.3,6,10.0
980.861,10,12,90,55,-3.5,-2.0,0.020000001415610313,0.12000000476837158,37,10,15,10,25,46,100,58,50,21.5,21.5,24.3,24.3,6,10.0
981.338,10,12,90,55,-3.5,-2.0,0.020000001415610313,0.12000000476837158,37,10,15,10,25,46,100,58,50,21.5,21.5,24.3,24.3,6,10.0
981.85,10,12,90,55,-3.5,-2.0,0.020000001415610313,0.12000000476837158,37,10,15,10,25,46,100,58,50,21.5,21.5,24.3,24.3,6,10.0
982.352,10,12,90,55,-3.5,-2.0,0.020000001415610313,0.12000000476837158,37,10,15,10,25,46,100,58,50,21.5,21.5,24.3,24.3,6,10.0
982.857,10,12,90,55,-3.5,-2.0,0.020000001415610313,0.12000000476837158,37,10,15,10,25,46,100,58,50,21.5,21.5,24.3,24.3,6,10.0
983.347,10,12,90,55,-3.5,-2.0,0.020000001415610313,0.12000000476837158,37,10,15,10,25,46,100,58,50,21.5,21.5,24.3,24.3,6,10.0
983.839,10,12,90,55,-3.5,-2.0,0.020000001415610313,0.12000000476837158,37,10,15,10,25,46,100,58,50,21.5,21.5,24.3,24.3,6,10.0
984.359,12,12,30,55,-3.4000000953674316,-1.899999976158142,0.04000000283122063,0.15000000596046448,37,19,15,8,25,49,97,58,50,21.5,21.5,24.3,24.3,6,30.0
984.859,12,12,30,55,-3.4000000953674316,-1.899999976158142,0.04000000283122063,0.15000000596046448,37,19,15,8,25,49,97,58,50,21.5,21.5,24.3,24.3,6,30.0
985.34,12,12,30,55,-3.4000000953674316,-1.899999976158142,0.04000000283122063,0.15000000596046448,37,19,15,8,25,49,97,58,50,21.5,21.5,24.3,24.3,6,30.0
985.852,12,12,30,55,-3.4000000953674316,-1.899999976158142,0.04000000283122063,0.15000000596046448,37,19,15,8,25,49,97,58,50,21.5,21.5,24.3,24.3,6,30.0
986.342,12,12,30,55,-3.4000000953674316,-1.899999976158142,0.04000000283122063,0.15000000596046448,37,19,15,8,25,49,97,58,50,21.5,21.5,24.3,24.3,6,30.0
986.836,12,12,30,55,-3.4000000953674316,-1.899999976158142,0.04000000283122063,0.15000000596046448,37,19,15,8,25,49,97,58,50,21.5,21.5,24.3,24.3,6,30.0
987.352,12,12,30,55,-3.4000000953674316,-1.899999976158142,0.04000000283122063,0.15000000596046448,37,19,15,8,25,49,97,58,50,21.5,21.5,24.3,24.3,6,30.0
987.85,12,12,30,55,-3.4000000953674316,-1.899999976158142,0.04000000283122063,0.15000000596046448,37,19,15,8,25,49,97,58,50,21.5,21.5,24.3,24.3,6,30.0
988.335,12,12,30,55,-3.4000000953674316,-1.899999976158142,0.04000000283122063,0.15000000596046448,37,19,15,8,25,49,97,58,50,21.5,21.5,24.3,24.3,6,30.0
988.85,12,12,30,55,-3.4000000953674316,-1.899999976158142,0.04000000283122063,0.15000000596046448,37,19,15,8,25,49,97,58,50,21.5,21.5,24.3,24.3,6,30.0
989.342,12,12,30,55,-3.4000000953674316,-1.899999976158142,0.04000000283122063,0.15000000596046448,37,19,15,8,25,49,97,58,50,21.5,21.5,24.3,24.3,6,30.0
989.851,12,12,30,55,-3.4000000953674316,-1.899999976158142,0.04000000283122063,0.15000000596046448,37,19,15,8,25,49,97,58,50,21.5,21.5,24.3,24.3,6,30.0
990.356,12,12,30,55,-3.4000000953674316,-1.899999976158142,0.04000000283122063,0.15000000596046448,37,19,15,8,25,49,97,58,50,21.5,21.5,24.3,24.3,6,30.0
990.853,12,12,30,55,-3.4000000953674316,-1.899999976158142,0.04000000283122063,0.15000000596046448,37,19,15,8,25,49,97,58,50,21.5,21.5,24.3,24.3,6,30.0
991.338,12,12,30,55,-3.4000000953674316,-1.899999976158142,0.04000000283122063,0.15000000596046448,37,19,15,8,25,49,97,58,50,21.5,21.5,24.3,24.3,6,30.0
991.833,12,12,30,55,-3.4000000953674316,-1.899999976158142,0.04000000283122063,0.15000000596046448,37,19,15,8,25,49,97,58,50,21.5,21.5,24.3,24.3,6,30.0
992.334,12,12,30,55,-3.4000000953674316,-1.899999976158142,0.04000000283122063,0.15000000596046448,37,19,15,8,25,49,97,58,50,21.5,21.5,24.3,24.3,6,30.0
992.855,12,12,30,55,-3.4000000953674316,-1.899999976158142,0.04000000283122063,0.15000000596046448,37,19,15,8,25,49,97,58,50,21.5,21.5,24.3,24.3,6,30.0
993.337,12,12,30,55,-3.4000000953674316,-1.899999976158142,0.04000000283122063,0.15000000596046448,37,19,15,8,25,49,97,58,50,21.5,21.5,24.3,24.3,6,30.0
993.833,12,12,30,55,-3.4000000953674316,-1.899999976158142,0.04000000283122063,0.15000000596046448,37,19,15,8,25,49,97,58,50,21.5,21.5,24.3,24.3,6,30.0
994.339,12,12,30,55,-3.4000000953674316,-1.899999976158142,0.04000000283122063,0.15000000596046448,37,19,15,8,25,49,97,58,50,21.5,21.5,24.3,24.3,6,30.0
994.843,12,12,30,55,-3.4000000953674316,-1.899999976158142,0.04000000283122063,0.15000000596046448,37,19,15,8,25,49,97,58,50,21.5,21.5,24.3,24.3,6,30.0
995.335,12,12,30,55,-3.4000000953674316,-1.899999976158142,0.04000000283122063,0.15000000596046448,37,19,15,8,25,49,97,58,50,21.5,21.5,24.3,24.3,6,30.0
995.84,12,12,30,55,-3.4000000953674316,-1.899999976158142,0.04000000283122063,0.15000000596046448,37,19,15,8,25,49,97,58,50,21.5,21.5,24.3,24.3,6,30.0
996.344,12,12,30,55,-3.4000000953674316,-1.899999976158142,0.04000000283122063,0.15000000596046448,37,19,15,8,25,49,97,58,50,21.5,21.5,24.3,24.3,6,30.0
996.836,12,12,30,55,-3.4000000953674316,-1.899999976158142,0.04000000283122063,0.15000000596046448,37,19,15,8,25,49,97,58,50,21.5,21.5,24.3,24.3,6,30.0
997.336,12,12,30,55,-3.4000000953674316,-1.899999976158142,0.04000000283122063,0.15000000596046448,37,19,15,8,25,49,97,58,50,21.5,21.5,24.3,24.3,6,30.0
997.838,12,12,30,55,-3.4000000953674316,-1.899999976158142,0.04000000283122063,0.15000000596046448,37,19,15,8,25,49,97,58,50,21.5,21.5,24.3,24.3,6,30.0
998.345,12,12,30,55,-3.4000000953674316,-1.899999976158142,0.04000000283122063,0.15000000596046448,37,19,15,8,25,49,97,58,50,21.5,21.5,24.3,24.3,6,30.0
998.843,12,12,30,55,-3.4000000953674316,-1.899999976158142,0.04000000283122063,0.15000000596046448,37,19,15,8,25,49,97,58,50,21.5,21.5,24.3,24.3,6,30.0
999.346,12,12,30,55,-3.4000000953674316,-1.899999976158142,0.04000000283122063,0.15000000596046448,37,19,15,8,25,49,97,58,50,21.5,21.5,24.3,24.3,6,30.0
999.845,12,12,30,55,-3.4000000953674316,-1.899999976158142,0.04000000283122063,0.15000000596046448,37,19,15,8,25,49,97,58,50,21.5,21.5,24.3,24.3,6,30.0
1000.335,12,12,30,55,-3.4000000953674316,-1.899999976158142,0.04000000283122063,0.15000000596046448,37,19,15,8,25,49,97,58,50,21.5,21.5,24.3,24.3,6,30.0
1000.844,12,12,30,55,-3.4000000953674316,-1.899999976158142,0.04000000283122063,0.15000000596046448,37,19,15,8,25,49,97,58,50,21.5,21.5,24.3,24.3,6,30.0
1001.354,12,12,30,55,-3.4000000953674316,-1.899999976158142,0.04000000283122063,0.15000000596046448,37,19,15,8,25,49,97,58,50,21.5,21.5,24.3,24.3,6,30.0
1001.851,12,12,30,55,-3.4000000953674316,-1.899999976158142,0.04000000283122063,0.15000000596046448,37,19,15,8,25,49,97,58,50,21.5,21.5,24.3,24.3,6,30.0
1002.343,12,12,30,55,-3.4000000953674316,-1.899999976158142,0.04000000283122063,0.15000000596046448,37,19,15,8,25,49,97,58,50,21.5,21.5,24.3,24.3,6,30.0
1002.848,12,12,30,55,-3.4000000953674316,-1.899999976158142,0.04000000283122063,0.15000000596046448,37,19,15,8,25,49,97,58,50,21.5,21.5,24.3,24.3,6,30.0
1003.348,12,12,30,55,-3.4000000953674316,-1.899999976158142,0.04000000283122063,0.15000000596046448,37,19,15,8,25,49,97,58,50,21.5,21.5,24.3,24.3,6,30.0
1003.843,12,12,30,55,-3.4000000953674316,-1.899999976158142,0.04000000283122063,0.15000000596046448,37,19,15,8,25,49,97,58,50,21.5,21.5,24.3,24.3,6,30.0
1004.344,12,12,30,55,-3.4000000953674316,-1.899999976158142,0.04000000283122063,0.15000000596046448,37,19,15,8,25,49,97,58,50,21.5,21.5,24.3,24.3,6,30.0
1004.843,12,12,30,55,-3.4000000953674316,-1.899999976158142,0.04000000283122063,0.15000000596046448,37,19,15,8,25,49,97,58,50,21.5,21.5,24.3,24.3,6,30.0
1005.335,12,12,30,55,-3.4000000953674316,-1.899999976158142,0.04000000283122063,0.15000000596046448,37,19,15,8,25,49,97,58,50,21.5,21.5,24.3,24.3,6,30.0
1005.836,12,12,30,55,-3.4000000953674316,-1.899999976158142,0.04000000283122063,0.15000000596046448,37,19,15,8,25,49,97,58,50,21.5,21.5,24.3,24.3,6,30.0
1006.344,12,12,30,55,-3.4000000953674316,-1.899999976158142,0.04000000283122063,0.15000000596046448,37,19,15,8,25,49,97,58,50,21.5,21.5,24.3,24.3,6,30.0
1006.842,12,12,30,55,-3.4000000953674316,-1.899999976158142,0.04000000283122063,0.15000000596046448,37,19,15,8,25,49,97,58,50,21.5,21.5,24.3,24.3,6,30.0
1007.351,12,12,30,55,-3.4000000953674316,-1.899999976158142,0.04000000283122063,0.15000000596046448,37,19,15,8,25,49,97,58,50,21.5,21.5,24.3,24.3,6,30.0
1007.844,12,12,30,55,-3.4000000953674316,-1.899999976158142,0.04000000283122063,0.15000000596046448,37,19,15,8,25,49,97,58,50,21.5,21.5,24.3,24.3,6,30.0
1008.337,12,12,30,55,-3.4000000953674316,-1.899999976158142,0.04000000283122063,0.15000000596046448,37,19,15,8,25,49,97,58,50,21.5,21.5,24.3,24.3,6,30.0
1008.839,12,12,30,55,-3.4000000953674316,-1.899999976158142,0.04000000283122063,0.15000000596046448,37,19,15,8,25,49,97,58,50,21.5,21.5,24.3,24.3,6,30.0
1009.347,12,12,30,55,-3.4000000953674316,-1.899999976158142,0.04000000283122063,0.15000000596046448,37,19,15,8,25,49,97,58,50,21.5,21.5,24.3,24.3,6,30.0
1009.845,12,12,30,55,-3.4000000953674316,-1.899999976158142,0.04000000283122063,0.15000000596046448,37,19,15,8,25,49,97,58,50,21.5,21.5,24.3,24.3,6,30.0
1010.35,12,12,30,55,-3.4000000953674316,-1.899999976158142,0.04000000283122063,0.15000000596046448,37,19,15,8,25,49,97,58,50,21.5,21.5,24.3,24.3,6,30.0
1010.848,12,12,30,55,-3.4000000953674316,-1.899999976158142,0.04000000283122063,0.15000000596046448,37,19,15,8,25,49,97,58,50,21.5,21.5,24.3,24.3,6,30.0
1011.349,12,12,30,55,-3.4000000953674316,-1.899999976158142,0.04000000283122063,0.15000000596046448,37,19,15,8,25,49,97,58,50,21.5,21.5,24.3,24.3,6,30.0
1011.839,12,12,30,55,-3.4000000953674316,-1.899999976158142,0.04000000283122063,0.15000000596046448,37,19,15,8,25,49,97,58,50,21.5,21.5,24.3,24.3,6,30.0
1012.347,12,12,30,55,-3.4000000953674316,-1.899999976158142,0.04000000283122063,0.15000000596046448,37,19,15,8,25,49,97,58,50,21.5,21.5,24.3,24.3,6,30.0
1012.844,12,12,30,55,-3.4000000953674316,-1.899999976158142,0.04000000283122063,0.15000000596046448,37,19,15,8,25,49,97,58,50,21.5,21.5,24.3,24.3,6,30.0
1013.357,12,12,30,55,-3.4000000953674316,-1.899999976158142,0.04000000283122063,0.15000000596046448,37,19,15,8,25,49,97,58,50,21.5,21.5,24.3,24.3,6,30.0
1013.845,12,12,30,55,-3.4000000953674316,-1.899999976158142,0.04000000283122063,0.15000000596046448,37,19,15,8,25,49,97,58,50,21.5,21.5,24.3,24.3,6,30.0
1014.341,12,12,30,55,-3.4000000953674316,-1.899999976158142,0.04000000283122063,0.15000000596046448,37,19,15,8,25,49,97,58,50,21.5,21.5,24.3,24.3,6,30.0
1014.847,12,12,30,55,-3.4000000953674316,-1.899999976158142,0.04000000283122063,0.15000000596046448,37,19,15,8,25,49,97,58,50,21.5,21.5,24.3,24.3,6,30.0
1015.354,12,12,30,55,-3.4000000953674316,-1.899999976158142,0.04000000283122063,0.15000000596046448,37,19,15,8,25,49,97,58,50,21.5,21.5,24.3,24.3,6,30.0
1015.841,12,12,30,55,-3.4000000953674316,-1.899999976158142,0.04000000283122063,0.15000000596046448,37,19,15,8,25,49,97,58,50,21.5,21.5,24.3,24.3,6,30.0
1016.352,12,12,30,55,-3.4000000953674316,-1.899999976158142,0.04000000283122063,0.15000000596046448,37,19,15,8,25,49,97,58,50,21.5,21.5,24.3,24.3,6,30.0
1016.855,12,12,30,55,-3.4000000953674316,-1.899999976158142,0.04000000283122063,0.15000000596046448,37,19,15,8,25,49,97,58,50,21.5,21.5,24.3,24.3,6,30.0
1017.348,12,12,30,55,-3.4000000953674316,-1.899999976158142,0.04000000283122063,0.15000000596046448,37,19,15,8,25,49,97,58,50,21.5,21.5,24.3,24.3,6,30.0
1017.852,12,12,30,55,-3.4000000953674316,-1.899999976158142,0.04000000283122063,0.15000000596046448,37,19,15,8,25,49,97,58,50,21.5,21.5,24.3,24.3,6,30.0
1018.335,12,12,30,55,-3.4000000953674316,-1.899999976158142,0.04000000283122063,0.15000000596046448,37,19,15,8,25,49,97,58,50,21.5,21.5,24.3,24.3,6,30.0
1018.85,12,12,30,55,-3.4000000953674316,-1.899999976158142,0.04000000283122063,0.15000000596046448,37,19,15,8,25,49,97,58,50,21.5,21.5,24.3,24.3,6,30.0
1019.342,12,12,30,55,-3.4000000953674316,-1.899999976158142,0.04000000283122063,0.15000000596046448,37,19,15,8,25,49,97,58,50,21.5,21.5,24.3,24.3,6,30.0
1019.838,12,12,30,55,-3.4000000953674316,-1.899999976158142,0.04000000283122063,0.15000000596046448,37,19,15,8,25,49,97,58,50,21.5,21.5,24.3,24.3,6,30.0
1020.339,12,12,30,55,-3.4000000953674316,-1.899999976158142,0.04000000283122063,0.15000000596046448,37,19,15,8,25,49,97,58,50,21.5,21.5,24.3,24.3,6,30.0
1020.846,12,12,30,55,-3.4000000953674316,-1.899999976158142,0.04000000283122063,0.15000000596046448,37,19,15,8,25,49,97,58,50,21.5,21.5,24.3,24.3,6,30.0
1021.347,12,12,30,55,-3.4000000953674316,-1.899999976158142,0.04000000283122063,0.15000000596046448,37,19,15,8,25,49,97,58,50,21.5,21.5,24.3,24.3,6,30.0
1021.833,12,12,30,55,-3.4000000953674316,-1.899999976158142,0.04000000283122063,0.15000000596046448,37,19,15,8,25,49,97,58,50,21.5,21.5,24.3,24.3,6,30.0
1022.342,12,12,30,55,-3.4000000953674316,-1.899999976158142,0.04000000283122063,0.15000000596046448,37,19,15,8,25,49,97,58,50,21.5,21.5,24.3,24.3,6,30.0
1022.846,12,12,30,55,-3.4000000953674316,-1.899999976158142,0.04000000283122063,0.15000000596046448,37,19,15,8,25,49,97,58,50,21.5,21.5,24.3,24.3,6,30.0
1023.345,12,12,30,55,-3.4000000953674316,-1.899999976158142,0.04000000283122063,0.15000000596046448,37,19,15,8,25,49,97,58,50,21.5,21.5,24.3,24.3,6,30.0
1023.847,12,12,30,55,-3.4000000953674316,-1.899999976158142,0.04000000283122063,0.15000000596046448,37,19,15,8,25,49,97,58,50,21.5,21.5,24.3,24.3,6,30.0
1024.341,12,12,30,55,-3.4000000953674316,-1.899999976158142,0.04000000283122063,0.15000000596046448,37,19,15,8,25,49,97,58,50,21.5,21.5,24.3,24.3,6,30.0
1024.851,12,12,30,55,-3.4000000953674316,-1.899999976158142,0.04000000283122063,0.15000000596046448,37,19,15,8,25,49,97,58,50,21.5,21.5,24.3,24.3,6,30.0
1025.345,12,12,30,55,-3.4000000953674316,-1.899999976158142,0.04000000283122063,0.15000000596046448,37,19,15,8,25,49,97,58,50,21.5,21.5,24.3,24.3,6,30.0
1025.837,12,12,30,55,-3.4000000953674316,-1.899999976158142,0.04000000283122063,0.15000000596046448,37,19,15,8,25,49,97,58,50,21.5,21.5,24.3,24.3,6,30.0
1026.351,12,12,30,55,-3.4000000953674316,-1.899999976158142,0.04000000283122063,0.15000000596046448,37,19,15,8,25,49,97,58,50,21.5,21.5,24.3,24.3,6,30.0
1026.854,12,12,30,55,-3.4000000953674316,-1.899999976158142,0.04000000283122063,0.15000000596046448,37,19,15,8,25,49,97,58,50,21.5,21.5,24.3,24.3,6,30.0
1027.334,12,12,30,55,-3.4000000953674316,-1.899999976158142,0.04000000283122063,0.15000000596046448,37,19,15,8,25,49,97,58,50,21.5,21.5,24.3,24.3,6,30.0
1027.852,12,12,30,55,-3.4000000953674316,-1.899999976158142,0.04000000283122063,0.15000000596046448,37,19,15,8,25,49,97,58,50,21.5,21.5,24.3,24.3,6,30.0
1028.348,12,12,30,55,-3.4000000953674316,-1.899999976158142,0.04000000283122063,0.15000000596046448,37,19,15,8,25,49,97,58,50,21.5,21.5,24.3,24.3,6,30.0
1028.848,12,12,30,55,-3.4000000953674316,-1.899999976158142,0.04000000283122063,0.15000000596046448,37,19,15,8,25,49,97,58,50,21.5,21.5,24.3,24.3,6,30.0
1029.333,12,12,30,55,-3.4000000953674316,-1.899999976158142,0.04000000283122063,0.15000000596046448,37,19,15,8,25,49,97,58,50,21.5,21.5,24.3,24.3,6,30.0
1029.846,12,12,30,55,-3.4000000953674316,-1.899999976158142,0.04000000283122063,0.15000000596046448,37,19,15,8,25,49,97,58,50,21.5,21.5,24.3,24.3,6,30.0
1030.335,12,12,30,55,-3.4000000953674316,-1.899999976158142,0.04000000283122063,0.15000000596046448,37,19,15,8,25,49,97,58,50,21.5,21.5,24.3,24.3,6,30.0
1030.855,12,12,30,55,-3.4000000953674316,-1.899999976158142,0.04000000283122063,0.15000000596046448,37,19,15,8,25,49,97,58,50,21.5,21.5,24.3,24.3,6,30.0
1031.354,12,12,30,55,-3.4000000953674316,-1.899999976158142,0.04000000283122063,0.15000000596046448,37,19,15,8,25,49,97,58,50,21.5,21.5,24.3,24.3,6,30.0
1031.839,12,12,30,55,-3.4000000953674316,-1.899999976158142,0.04000000283122063,0.15000000596046448,37,19,15,8,25,49,97,58,50,21.5,21.5,24.3,24.3,6,30.0
1032.346,12,12,30,55,-3.4000000953674316,-1.899999976158142,0.04000000283122063,0.15000000596046448,37,19,15,8,25,49,97,58,50,21.5,21.5,24.3,24.3,6,30.0
1032.858,12,12,30,55,-3.4000000953674316,-1.899999976158142,0.04000000283122063,0.15000000596046448,37,19,15,8,25,49,97,58,50,21.5,21.5,24.3,24.3,6,30.0
1033.353,12,12,30,55,-3.4000000953674316,-1.899999976158142,0.04000000283122063,0.15000000596046448,37,19,15,8,25,49,97,58,50,21.5,21.5,24.3,24.3,6,30.0
1033.849,12,12,30,55,-3.4000000953674316,-1.899999976158142,0.04000000283122063,0.15000000596046448,37,19,15,8,25,49,97,58,50,21.5,21.5,24.3,24.3,6,30.0
1034.361,12,12,30,55,-3.4000000953674316,-1.899999976158142,0.04000000283122063,0.15000000596046448,37,19,15,8,25,49,97,58,50,21.5,21.5,24.3,24.3,6,30.0
1034.858,12,12,30,55,-3.4000000953674316,-1.899999976158142,0.04000000283122063,0.15000000596046448,37,19,15,8,25,49,97,58,50,21.5,21.5,24.3,24.3,6,30.0
1035.355,12,12,30,55,-3.4000000953674316,-1.899999976158142,0.04000000283122063,0.15000000596046448,37,19,15,8,25,49,97,58,50,21.5,21.5,24.3,24.3,6,30.0
1035.852,12,12,30,55,-3.4000000953674316,-1.899999976158142,0.04000000283122063,0.15000000596046448,37,19,15,8,25,49,97,58,50,21.5,21.5,24.3,24.3,6,30.0
1036.336,12,12,30,55,-3.4000000953674316,-1.899999976158142,0.04000000283122063,0.15000000596046448,37,19,15,8,25,49,97,58,50,21.5,21.5,24.3,24.3,6,30.0
1036.844,12,12,30,55,-3.4000000953674316,-1.899999976158142,0.04000000283122063,0.15000000596046448,37,19,15,8,25,49,97,58,50,21.5,21.5,24.3,24.3,6,30.0
1037.359,12,12,30,55,-3.4000000953674316,-1.899999976158142,0.04000000283122063,0.15000000596046448,37,19,15,8,25,49,97,58,50,21.5,21.5,24.3,24.3,6,30.0
1037.843,12,12,30,55,-3.4000000953674316,-1.899999976158142,0.04000000283122063,0.15000000596046448,37,19,15,8,25,49,97,58,50,21.5,21.5,24.3,24.3,6,30.0
1038.355,12,12,30,55,-3.4000000953674316,-1.899999976158142,0.04000000283122063,0.15000000596046448,37,19,15,8,25,49,97,58,50,21.5,21.5,24.3,24.3,6,30.0
1038.857,12,12,30,55,-3.4000000953674316,-1.899999976158142,0.04000000283122063,0.15000000596046448,37,19,15,8,25,49,97,58,50,21.5,21.5,24.3,24.3,6,30.0
1039.344,12,12,30,55,-3.4000000953674316,-1.899999976158142,0.04000000283122063,0.15000000596046448,37,19,15,8,25,49,97,58,50,21.5,21.5,24.3,24.3,6,30.0
1039.839,12,12,30,55,-3.4000000953674316,-1.899999976158142,0.04000000283122063,0.15000000596046448,37,19,15,8,25,49,97,58,50,21.5,21.5,24.3,24.3,6,30.0
1040.351,12,12,30,55,-3.4000000953674316,-1.899999976158142,0.04000000283122063,0.15000000596046448,37,19,15,8,25,49,97,58,50,21.5,21.5,24.3,24.3,6,30.0
1040.843,12,12,30,55,-3.4000000953674316,-1.899999976158142,0.04000000283122063,0.15000000596046448,37,19,15,8,25,49,97,58,50,21.5,21.5,24.3,24.3,6,30.0
1041.343,12,12,30,55,-3.4000000953674316,-1.899999976158142,0.04000000283122063,0.15000000596046448,37,19,15,8,25,49,97,58,50,21.5,21.5,24.3,24.3,6,30.0
1041.856,12,12,30,55,-3.4000000953674316,-1.899999976158142,0.04000000283122063,0.15000000596046448,37,19,15,8,25,49,97,58,50,21.5,21.5,24.3,24.3,6,30.0
1042.339,12,12,30,55,-3.4000000953674316,-1.899999976158142,0.04000000283122063,0.15000000596046448,37,19,15,8,25,49,97,58,50,21.5,21.5,24.3,24.3,6,30.0
1042.833,12,12,30,55,-3.4000000953674316,-1.899999976158142,0.04000000283122063,0.15000000596046448,37,19,15,8,25,49,97,58,50,21.5,21.5,24.3,24.3,6,30.0
1043.353,12,12,30,55,-3.4000000953674316,-1.899999976158142,0.04000000283122063,0.15000000596046448,37,19,15,8,25,49,97,58,50,21.5,21.5,24.3,24.3,6,30.0
1043.841,12,12,30,55,-3.4000000953674316,-1.899999976158142,0.04000000283122063,0.15000000596046448,37,19,15,8,25,49,97,58,50,21.5,21.5,24.3,24.3,6,30.0
1044.345,12,12,30,55,-3.4000000953674316,-1.899999976158142,0.04000000283122063,0.15000000596046448,37,19,15,8,25,49,97,58,50,21.5,21.5,24.3,24.3,6,30.0
1044.842,12,12,30,55,-3.4000000953674316,-1.899999976158142,0.04000000283122063,0.15000000596046448,37,19,15,8,25,49,97,58,50,21.5,21.5,24.3,24.3,6,30.0
1045.345,12,12,30,55,-3.4000000953674316,-1.899999976158142,0.04000000283122063,0.15000000596046448,37,19,15,8,25,49,97,58,50,21.5,21.5,24.3,24.3,6,30.0
1045.835,12,12,30,55,-3.4000000953674316,-1.899999976158142,0.04000000283122063,0.15000000596046448,37,19,15,8,25,49,97,58,50,21.5,21.5,24.3,24.3,6,30.0
1046.357,12,12,30,55,-3.4000000953674316,-1.899999976158142,0.04000000283122063,0.15000000596046448,37,19,15,8,25,49,97,58,50,21.5,21.5,24.3,24.3,6,30.0
1046.836,12,12,30,55,-3.4000000953674316,-1.899999976158142,0.04000000283122063,0.15000000596046448,37,19,15,8,25,49,97,58,50,21.5,21.5,24.3,24.3,6,30.0
1047.349,12,12,30,55,-3.4000000953674316,-1.899999976158142,0.04000000283122063,0.15000000596046448,37,19,15,8,25,49,97,58,50,21.5,21.5,24.3,24.3,6,30.0
1047.843,12,12,30,55,-3.4000000953674316,-1.899999976158142,0.04000000283122063,0.15000000596046448,37,19,15,8,25,49,97,58,50,21.5,21.5,24.3,24.3,6,30.0
1048.336,12,12,30,55,-3.4000000953674316,-1.899999976158142,0.04000000283122063,0.15000000596046448,37,19,15,8,25,49,97,58,50,21.5,21.5,24.3,24.3,6,30.0
1048.853,12,12,30,55,-3.4000000953674316,-1.899999976158142,0.04000000283122063,0.15000000596046448,37,19,15,8,25,49,97,58,50,21.5,21.5,24.3,24.3,6,30.0
1049.346,12,12,30,55,-3.4000000953674316,-1.899999976158142,0.04000000283122063,0.15000000596046448,37,19,15,8,25,49,97,58,50,21.5,21.5,24.3,24.3,6,30.0
1049.851,12,12,30,55,-3.4000000953674316,-1.899999976158142,0.04000000283122063,0.15000000596046448,37,19,15,8,25,49,97,58,50,21.5,21.5,24.3,24.3,6,30.0
1050.342,12,12,30,55,-3.4000000953674316,-1.899999976158142,0.04000000283122063,0.15000000596046448,37,19,15,8,25,49,97,58,50,21.5,21.5,24.3,24.3,6,30.0
1050.85,12,12,30,55,-3.4000000953674316,-1.899999976158142,0.04000000283122063,0.15000000596046448,37,19,15,8,25,49,97,58,50,21.5,21.5,24.3,24.3,6,30.0
1051.357,12,12,30,55,-3.4000000953674316,-1.899999976158142,0.04000000283122063,0.15000000596046448,37,19,15,8,25,49,97,58,50,21.5,21.5,24.3,24.3,6,30.0
1051.833,12,12,30,55,-3.4000000953674316,-1.899999976158142,0.04000000283122063,0.15000000596046448,37,19,15,8,25,49,97,58,50,21.5,21.5,24.3,24.3,6,30.0
1052.345,12,12,30,55,-3.4000000953674316,-1.899999976158142,0.04000000283122063,0.15000000596046448,37,19,15,8,25,49,97,58,50,21.5,21.5,24.3,24.3,6,30.0
1052.847,12,12,30,55,-3.4000000953674316,-1.899999976158142,0.04000000283122063,0.15000000596046448,37,19,15,8,25,49,97,58,50,21.5,21.5,24.3,24.3,6,30.0
1053.342,12,12,30,55,-3.4000000953674316,-1.899999976158142,0.04000000283122063,0.15000000596046448,37,19,15,8,25,49,97,58,50,21.5,21.5,24.3,24.3,6,30.0
1053.838,12,12,30,55,-3.4000000953674316,-1.899999976158142,0.04000000283122063,0.15000000596046448,37,19,15,8,25,49,97,58,50,21.5,21.5,24.3,24.3,6,30.0
1054.358,12,12,30,55,-3.4000000953674316,-1.899999976158142,0.04000000283122063,0.15000000596046448,37,19,15,8,25,49,97,58,50,21.5,21.5,24.3,24.3,6,30.0
1054.852,12,12,30,55,-3.4000000953674316,-1.899999976158142,0.04000000283122063,0.15000000596046448,37,19,15,8,25,49,97,58,50,21.5,21.5,24.3,24.3,6,30.0
1055.353,12,12,30,55,-3.4000000953674316,-1.899999976158142,0.04000000283122063,0.15000000596046448,37,19,15,8,25,49,97,58,50,21.5,21.5,24.3,24.3,6,30.0
1055.845,12,12,30,55,-3.4000000953674316,-1.899999976158142,0.04000000283122063,0.15000000596046448,37,19,15,8,25,49,97,58,50,21.5,21.5,24.3,24.3,6,30.0
1056.357,12,12,30,55,-3.4000000953674316,-1.899999976158142,0.04000000283122063,0.15000000596046448,37,19,15,8,25,49,97,58,50,21.5,21.5,24.3,24.3,6,30.0
1056.837,12,12,30,55,-3.4000000953674316,-1.899999976158142,0.04000000283122063,0.15000000596046448,37,19,15,8,25,49,97,58,50,21.5,21.5,24.3,24.3,6,30.0
1057.335,12,12,30,55,-3.4000000953674316,-1.899999976158142,0.04000000283122063,0.15000000596046448,37,19,15,8,25,49,97,58,50,21.5,21.5,24.3,24.3,6,30.0
1057.837,12,12,30,55,-3.4000000953674316,-1.899999976158142,0.04000000283122063,0.15000000596046448,37,19,15,8,25,49,97,58,50,21.5,21.5,24.3,24.3,6,30.0
1058.359,12,12,30,55,-3.4000000953674316,-1.899999976158142,0.04000000283122063,0.15000000596046448,37,19,15,8,25,49,97,58,50,21.5,21.5,24.3,24.3,6,30.0
1058.844,12,12,30,55,-3.4000000953674316,-1.899999976158142,0.04000000283122063,0.15000000596046448,37,19,15,8,25,49,97,58,50,21.5,21.5,24.3,24.3,6,30.0
1059.339,12,12,30,55,-3.4000000953674316,-1.899999976158142,0.04000000283122063,0.15000000596046448,37,19,15,8,25,49,97,58,50,21.5,21.5,24.3,24.3,6,30.0
1059.857,12,12,30,55,-3.4000000953674316,-1.899999976158142,0.04000000283122063,0.15000000596046448,37,19,15,8,25,49,97,58,50,21.5,21.5,24.3,24.3,6,30.0
1060.334,12,12,30,55,-3.4000000953674316,-1.899999976158142,0.04000000283122063,0.15000000596046448,37,19,15,8,25,49,97,58,50,21.5,21.5,24.3,24.3,6,30.0
1060.838,12,12,30,55,-3.4000000953674316,-1.899999976158142,0.04000000283122063,0.15000000596046448,37,19,15,8,25,49,97,58,50,21.5,21.5,24.3,24.3,6,30.0
1061.341,12,12,30,55,-3.4000000953674316,-1.899999976158142,0.04000000283122063,0.15000000596046448,37,19,15,8,25,49,97,58,50,21.5,21.5,24.3,24.3,6,30.0
1061.835,12,12,30,55,-3.4000000953674316,-1.899999976158142,0.04000000283122063,0.15000000596046448,37,19,15,8,25,49,97,58,50,21.5,21.5,24.3,24.3,6,30.0
1062.334,12,12,30,55,-3.4000000953674316,-1.899999976158142,0.04000000283122063,0.15000000596046448,37,19,15,8,25,49,97,58,50,21.5,21.5,24.3,24.3,6,30.0
1062.855,12,12,30,55,-3.4000000953674316,-1.899999976158142,0.04000000283122063,0.15000000596046448,37,19,15,8,25,49,97,58,50,21.5,21.5,24.3,24.3,6,30.0
1063.353,12,12,30,55,-3.4000000953674316,-1.899999976158142,0.04000000283122063,0.15000000596046448,37,19,15,8,25,49,97,58,50,21.5,21.5,24.3,24.3,6,30.0
1063.851,12,12,30,55,-3.4000000953674316,-1.899999976158142,0.04000000283122063,0.15000000596046448,37,19,15,8,25,49,97,58,50,21.5,21.5,24.3,24.3,6,30.0
1064.338,12,12,30,55,-3.4000000953674316,-1.899999976158142,0.04000000283122063,0.15000000596046448,37,19,15,8,25,49,97,58,50,21.5,21.5,24.3,24.3,6,30.0
1064.853,12,12,30,55,-3.4000000953674316,-1.899999976158142,0.04000000283122063,0.15000000596046448,37,19,15,8,25,49,97,58,50,21.5,21.5,24.3,24.3,6,30.0
1065.337,12,12,30,55,-3.4000000953674316,-1.899999976158142,0.04000000283122063,0.15000000596046448,37,19,15,8,25,49,97,58,50,21.5,21.5,24.3,24.3,6,30.0
1065.856,12,12,30,55,-3.4000000953674316,-1.899999976158142,0.04000000283122063,0.15000000596046448,37,19,15,8,25,49,97,58,50,21.5,21.5,24.3,24.3,6,30.0
1066.342,12,12,30,55,-3.4000000953674316,-1.899999976158142,0.04000000283122063,0.15000000596046448,37,19,15,8,25,49,97,58,50,21.5,21.5,24.3,24.3,6,30.0
1066.841,12,12,30,55,-3.4000000953674316,-1.899999976158142,0.04000000283122063,0.15000000596046448,37,19,15,8,25,49,97,58,50,21.5,21.5,24.3,24.3,6,30.0
1067.339,12,12,30,55,-3.4000000953674316,-1.899999976158142,0.04000000283122063,0.15000000596046448,37,19,15,8,25,49,97,58,50,21.5,21.5,24.3,24.3,6,30.0
1067.837,12,12,30,55,-3.4000000953674316,-1.899999976158142,0.04000000283122063,0.15000000596046448,37,19,15,8,25,49,97,58,50,21.5,21.5,24.3,24.3,6,30.0
1068.335,12,12,30,55,-3.4000000953674316,-1.899999976158142,0.04000000283122063,0.15000000596046448,37,19,15,8,25,49,97,58,50,21.5,21.5,24.3,24.3,6,30.0
1068.843,12,12,30,55,-3.4000000953674316,-1.899999976158142,0.04000000283122063,0.15000000596046448,37,19,15,8,25,49,97,58,50,21.5,21.5,24.3,24.3,6,30.0
1069.34,12,12,30,55,-3.4000000953674316,-1.899999976158142,0.04000000283122063,0.15000000596046448,37,19,15,8,25,49,97,58,50,21.5,21.5,24.3,24.3,6,30.0
1069.834,12,12,30,55,-3.4000000953674316,-1.899999976158142,0.04000000283122063,0.15000000596046448,37,19,15,8,25,49,97,58,50,21.5,21.5,24.3,24.3,6,30.0
1070.343,12,12,30,55,-3.4000000953674316,-1.899999976158142,0.04000000283122063,0.15000000596046448,37,19,15,8,25,49,97,58,50,21.5,21.5,24.3,24.3,6,30.0
1070.855,12,12,30,55,-3.4000000953674316,-1.899999976158142,0.04000000283122063,0.15000000596046448,37,19,15,8,25,49,97,58,50,21.5,21.5,24.3,24.3,6,30.0
1071.334,12,12,30,55,-3.4000000953674316,-1.899999976158142,0.04000000283122063,0.15000000596046448,37,19,15,8,25,49,97,58,50,21.5,21.5,24.3,24.3,6,30.0
1071.854,12,12,30,55,-3.4000000953674316,-1.899999976158142,0.04000000283122063,0.15000000596046448,37,19,15,8,25,49,97,58,50,21.5,21.5,24.3,24.3,6,30.0
1072.352,12,12,30,55,-3.4000000953674316,-1.899999976158142,0.04000000283122063,0.15000000596046448,37,19,15,8,25,49,97,58,50,21.5,21.5,24.3,24.3,6,30.0
1072.841,12,12,30,55,-3.4000000953674316,-1.899999976158142,0.04000000283122063,0.15000000596046448,37,19,15,8,25,49,97,58,50,21.5,21.5,24.3,24.3,6,30.0
1073.352,12,12,30,55,-3.4000000953674316,-1.899999976158142,0.04000000283122063,0.15000000596046448,37,19,15,8,25,49,97,58,50,21.5,21.5,24.3,24.3,6,30.0
1073.836,12,12,30,55,-3.4000000953674316,-1.899999976158142,0.04000000283122063,0.15000000596046448,37,19,15,8,25,49,97,58,50,21.5,21.5,24.3,24.3,6,30.0
1074.35,12,12,30,55,-3.4000000953674316,-1.899999976158142,0.04000000283122063,0.15000000596046448,37,19,15,8,25,49,97,58,50,21.5,21.5,24.3,24.3,6,30.0
1074.835,12,12,30,55,-3.4000000953674316,-1.899999976158142,0.04000000283122063,0.15000000596046448,37,19,15,8,25,49,97,58,50,21.5,21.5,24.3,24.3,6,30.0
1075.346,12,12,30,55,-3.4000000953674316,-1.899999976158142,0.04000000283122063,0.15000000596046448,37,19,15,8,25,49,97,58,50,21.5,21.5,24.3,24.3,6,30.0
1075.852,12,12,30,55,-3.4000000953674316,-1.899999976158142,0.04000000283122063,0.15000000596046448,37,19,15,8,25,49,97,58,50,21.5,21.5,24.3,24.3,6,30.0
1076.354,12,12,30,55,-3.4000000953674316,-1.899999976158142,0.04000000283122063,0.15000000596046448,37,19,15,8,25,49,97,58,50,21.5,21.5,24.3,24.3,6,30.0
1076.834,12,12,30,55,-3.4000000953674316,-1.899999976158142,0.04000000283122063,0.15000000596046448,37,19,15,8,25,49,97,58,50,21.5,21.5,24.3,24.3,6,30.0
1077.354,12,12,30,55,-3.4000000953674316,-1.899999976158142,0.04000000283122063,0.15000000596046448,37,19,15,8,25,49,97,58,50,21.5,21.5,24.3,24.3,6,30.0
1077.835,12,12,30,55,-3.4000000953674316,-1.899999976158142,0.04000000283122063,0.15000000596046448,37,19,15,8,25,49,97,58,50,21.5,21.5,24.3,24.3,6,30.0
1078.352,12,12,30,55,-3.4000000953674316,-1.899999976158142,0.04000000283122063,0.15000000596046448,37,19,15,8,25,49,97,58,50,21.5,21.5,24.3,24.3,6,30.0
1078.838,12,12,30,55,-3.4000000953674316,-1.899999976158142,0.04000000283122063,0.15000000596046448,37,19,15,8,25,49,97,58,50,21.5,21.5,24.3,24.3,6,30.0
1079.352,12,12,30,55,-3.4000000953674316,-1.899999976158142,0.04000000283122063,0.15000000596046448,37,19,15,8,25,49,97,58,50,21.5,21.5,24.3,24.3,6,30.0
1079.849,12,12,30,55,-3.4000000953674316,-1.899999976158142,0.04000000283122063,0.15000000596046448,37,19,15,8,25,49,97,58,50,21.5,21.5,24.3,24.3,6,30.0
1080.348,12,12,30,55,-3.4000000953674316,-1.899999976158142,0.04000000283122063,0.15000000596046448,37,19,15,8,25,49,97,58,50,21.5,21.5,24.3,24.3,6,30.0
1080.852,12,12,30,55,-3.4000000953674316,-1.899999976158142,0.04000000283122063,0.15000000596046448,37,19,15,8,25,49,97,58,50,21.5,21.5,24.3,24.3,6,30.0
1081.347,12,12,30,55,-3.4000000953674316,-1.899999976158142,0.04000000283122063,0.15000000596046448,37,19,15,8,25,49,97,58,50,21.5,21.5,24.3,24.3,6,30.0
1081.847,12,12,30,55,-3.4000000953674316,-1.899999976158142,0.04000000283122063,0.15000000596046448,37,19,15,8,25,49,97,58,50,21.5,21.5,24.3,24.3,6,30.0
1082.344,12,12,30,55,-3.4000000953674316,-1.899999976158142,0.04000000283122063,0.15000000596046448,37,19,15,8,25,49,97,58,50,21.5,21.5,24.3,24.3,6,30.0
1082.845,12,12,30,55,-3.4000000953674316,-1.899999976158142,0.04000000283122063,0.15000000596046448,37,19,15,8,25,49,97,58,50,21.5,21.5,24.3,24.3,6,30.0
1083.336,12,12,30,55,-3.4000000953674316,-1.899999976158142,0.04000000283122063,0.15000000596046448,37,19,15,8,25,49,97,58,50,21.5,21.5,24.3,24.3,6,30.0
1083.847,12,12,30,55,-3.4000000953674316,-1.899999976158142,0.04000000283122063,0.15000000596046448,37,19,15,8,25,49,97,58,50,21.5,21.5,24.3,24.3,6,30.0
1084.341,12,12,30,55,-3.4000000953674316,-1.899999976158142,0.04000000283122063,0.15000000596046448,37,19,15,8,25,49,97,58,50,21.5,21.5,24.3,24.3,6,30.0
1084.855,12,12,30,55,-3.4000000953674316,-1.899999976158142,0.04000000283122063,0.15000000596046448,37,19,15,8,25,49,97,58,50,21.5,21.5,24.3,24.3,6,30.0
1085.354,12,12,30,55,-3.4000000953674316,-1.899999976158142,0.04000000283122063,0.15000000596046448,37,19,15,8,25,49,97,58,50,21.5,21.5,24.3,24.3,6,30.0
1085.846,12,12,30,55,-3.4000000953674316,-1.899999976158142,0.04000000283122063,0.15000000596046448,37,19,15,8,25,49,97,58,50,21.5,21.5,24.3,24.3,6,30.0
1086.355,12,12,30,55,-3.4000000953674316,-1.899999976158142,0.04000000283122063,0.15000000596046448,37,19,15,8,25,49,97,58,50,21.5,21.5,24.3,24.3,6,30.0
1086.834,12,12,30,55,-3.4000000953674316,-1.899999976158142,0.04000000283122063,0.15000000596046448,37,19,15,8,25,49,97,58,50,21.5,21.5,24.3,24.3,6,30.0
1087.34,12,12,30,55,-3.4000000953674316,-1.899999976158142,0.04000000283122063,0.15000000596046448,37,19,15,8,25,49,97,58,50,21.5,21.5,24.3,24.3,6,30.0
1087.852,12,12,30,55,-3.4000000953674316,-1.899999976158142,0.04000000283122063,0.15000000596046448,37,19,15,8,25,49,97,58,50,21.5,21.5,24.3,24.3,6,30.0
1088.333,12,12,30,55,-3.4000000953674316,-1.899999976158142,0.04000000283122063,0.15000000596046448,37,19,15,8,25,49,97,58,50,21.5,21.5,24.3,24.3,6,30.0
1088.846,12,12,30,55,-3.4000000953674316,-1.899999976158142,0.04000000283122063,0.15000000596046448,37,19,15,8,25,49,97,58,50,21.5,21.5,24.3,24.3,6,30.0
1089.342,12,12,30,55,-3.4000000953674316,-1.899999976158142,0.04000000283122063,0.15000000596046448,37,19,15,8,25,49,97,58,50,21.5,21.5,24.3,24.3,6,30.0
1089.856,12,12,30,55,-3.4000000953674316,-1.899999976158142,0.04000000283122063,0.15000000596046448,37,19,15,8,25,49,97,58,50,21.5,21.5,24.3,24.3,6,30.0
1090.351,12,12,30,55,-3.4000000953674316,-1.899999976158142,0.04000000283122063,0.15000000596046448,37,19,15,8,25,49,97,58,50,21.5,21.5,24.3,24.3,6,30.0
1090.838,12,12,30,55,-3.4000000953674316,-1.899999976158142,0.04000000283122063,0.15000000596046448,37,19,15,8,25,49,97,58,50,21.5,21.5,24.3,24.3,6,30.0
1091.352,12,12,30,55,-3.4000000953674316,-1.899999976158142,0.04000000283122063,0.15000000596046448,37,19,15,8,25,49,97,58,50,21.5,21.5,24.3,24.3,6,30.0
1091.851,12,12,30,55,-3.4000000953674316,-1.899999976158142,0.04000000283122063,0.15000000596046448,37,19,15,8,25,49,97,58,50,21.5,21.5,24.3,24.3,6,30.0
1092.35,12,12,30,55,-3.4000000953674316,-1.899999976158142,0.04000000283122063,0.15000000596046448,37,19,15,8,25,49,97,58,50,21.5,21.5,24.3,24.3,6,30.0
1092.845,12,12,30,55,-3.4000000953674316,-1.899999976158142,0.04000000283122063,0.15000000596046448,37,19,15,8,25,49,97,58,50,21.5,21.5,24.3,24.3,6,30.0
1093.343,12,12,30,55,-3.4000000953674316,-1.899999976158142,0.04000000283122063,0.15000000596046448,37,19,15,8,25,49,97,58,50,21.5,21.5,24.3,24.3,6,30.0
1093.838,12,12,30,55,-3.4000000953674316,-1.899999976158142,0.04000000283122063,0.15000000596046448,37,19,15,8,25,49,97,58,50,21.5,21.5,24.3,24.3,6,30.0
1094.351,12,12,30,55,-3.4000000953674316,-1.899999976158142,0.04000000283122063,0.15000000596046448,37,19,15,8,25,49,97,58,50,21.5,21.5,24.3,24.3,6,30.0
1094.846,12,12,30,55,-3.4000000953674316,-1.899999976158142,0.04000000283122063,0.15000000596046448,37,19,15,8,25,49,97,58,50,21.5,21.5,24.3,24.3,6,30.0
1095.342,12,12,30,55,-3.4000000953674316,-1.899999976158142,0.04000000283122063,0.15000000596046448,37,19,15,8,25,49,97,58,50,21.5,21.5,24.3,24.3,6,30.0
1095.851,12,12,30,55,-3.4000000953674316,-1.899999976158142,0.04000000283122063,0.15000000596046448,37,19,15,8,25,49,97,58,50,21.5,21.5,24.3,24.3,6,30.0
1096.353,12,12,30,55,-3.4000000953674316,-1.899999976158142,0.04000000283122063,0.15000000596046448,37,19,15,8,25,49,97,58,50,21.5,21.5,24.3,24.3,6,30.0
1096.846,12,12,30,55,-3.4000000953674316,-1.899999976158142,0.04000000283122063,0.15000000596046448,37,19,15,8,25,49,97,58,50,21.5,21.5,24.3,24.3,6,30.0
1097.355,12,12,30,55,-3.4000000953674316,-1.899999976158142,0.04000000283122063,0.15000000596046448,37,19,15,8,25,49,97,58,50,21.5,21.5,24.3,24.3,6,30.0
1097.851,12,12,30,55,-3.4000000953674316,-1.899999976158142,0.04000000283122063,0.15000000596046448,37,19,15,8,25,49,97,58,50,21.5,21.5,24.3,24.3,6,30.0
1098.351,12,12,30,55,-3.4000000953674316,-1.899999976158142,0.04000000283122063,0.15000000596046448,37,19,15,8,25,49,97,58,50,21.5,21.5,24.3,24.3,6,30.0
1098.835,12,12,30,55,-3.4000000953674316,-1.899999976158142,0.04000000283122063,0.15000000596046448,37,19,15,8,25,49,97,58,50,21.5,21.5,24.3,24.3,6,30.0
1099.346,12,12,30,55,-3.4000000953674316,-1.899999976158142,0.04000000283122063,0.15000000596046448,37,19,15,8,25,49,97,58,50,21.5,21.5,24.3,24.3,6,30.0
1099.834,12,12,30,55,-3.4000000953674316,-1.899999976158142,0.04000000283122063,0.15000000596046448,37,19,15,8,25,49,97,58,50,21.5,21.5,24.3,24.3,6,30.0
1100.338,12,12,30,55,-3.4000000953674316,-1.899999976158142,0.04000000283122063,0.15000000596046448,37,19,15,8,25,49,97,58,50,21.5,21.5,24.3,24.3,6,30.0
1100.847,12,12,30,55,-3.4000000953674316,-1.899999976158142,0.04000000283122063,0.15000000596046448,37,19,15,8,25,49,97,58,50,21.5,21.5,24.3,24.3,6,30.0
1101.351,12,12,30,55,-3.4000000953674316,-1.899999976158142,0.04000000283122063,0.15000000596046448,37,19,15,8,25,49,97,58,50,21.5,21.5,24.3,24.3,6,30.0
1101.851,12,12,30,55,-3.4000000953674316,-1.899999976158142,0.04000000283122063,0.15000000596046448,37,19,15,8,25,49,97,58,50,21.5,21.5,24.3,24.3,6,30.0
1102.341,12,12,30,55,-3.4000000953674316,-1.899999976158142,0.04000000283122063,0.15000000596046448,37,19,15,8,25,49,97,58,50,21.5,21.5,24.3,24.3,6,30.0
1102.846,12,12,30,55,-3.4000000953674316,-1.899999976158142,0.04000000283122063,0.15000000596046448,37,19,15,8,25,49,97,58,50,21.5,21.5,24.3,24.3,6,30.0
1103.356,12,12,30,55,-3.4000000953674316,-1.899999976158142,0.04000000283122063,0.15000000596046448,37,19,15,8,25,49,97,58,50,21.5,21.5,24.3,24.3,6,30.0
1103.857,12,12,30,55,-3.4000000953674316,-1.899999976158142,0.04000000283122063,0.15000000596046448,37,19,15,8,25,49,97,58,50,21.5,21.5,24.3,24.3,6,30.0
1104.34,12,12,30,55,-3.4000000953674316,-1.899999976158142,0.04000000283122063,0.15000000596046448,37,19,15,8,25,49,97,58,50,21.5,21.5,24.3,24.3,6,30.0
1104.845,12,12,30,55,-3.4000000953674316,-1.899999976158142,0.04000000283122063,0.15000000596046448,37,19,15,8,25,49,97,58,50,21.5,21.5,24.3,24.3,6,30.0
1105.358,12,12,30,55,-3.4000000953674316,-1.899999976158142,0.04000000283122063,0.15000000596046448,37,19,15,8,25,49,97,58,50,21.5,21.5,24.3,24.3,6,30.0
1105.854,12,12,30,55,-3.4000000953674316,-1.899999976158142,0.04000000283122063,0.15000000596046448,37,19,15,8,25,49,97,58,50,21.5,21.5,24.3,24.3,6,30.0
1106.36,12,12,30,55,-3.4000000953674316,-1.899999976158142,0.04000000283122063,0.15000000596046448,37,19,15,8,25,49,97,58,50,21.5,21.5,24.3,24.3,6,30.0
1106.835,12,12,30,55,-3.4000000953674316,-1.899999976158142,0.04000000283122063,0.15000000596046448,37,19,15,8,25,49,97,58,50,21.5,21.5,24.3,24.3,6,30.0
1107.354,12,12,30,55,-3.4000000953674316,-1.899999976158142,0.04000000283122063,0.15000000596046448,37,19,15,8,25,49,97,58,50,21.5,21.5,24.3,24.3,6,30.0
1107.841,12,12,30,55,-3.4000000953674316,-1.899999976158142,0.04000000283122063,0.15000000596046448,37,19,15,8,25,49,97,58,50,21.5,21.5,24.3,24.3,6,30.0
1108.356,12,12,30,55,-3.4000000953674316,-1.899999976158142,0.04000000283122063,0.15000000596046448,37,19,15,8,25,49,97,58,50,21.5,21.5,24.3,24.3,6,30.0
1108.838,12,12,30,55,-3.4000000953674316,-1.899999976158142,0.04000000283122063,0.15000000596046448,37,19,15,8,25,49,97,58,50,21.5,21.5,24.3,24.3,6,30.0
1109.348,12,12,30,55,-3.4000000953674316,-1.899999976158142,0.04000000283122063,0.15000000596046448,37,19,15,8,25,49,97,58,50,21.5,21.5,24.3,24.3,6,30.0
1109.856,12,12,30,55,-3.4000000953674316,-1.899999976158142,0.04000000283122063,0.15000000596046448,37,19,15,8,25,49,97,58,50,21.5,21.5,24.3,24.3,6,30.0
1110.34,12,12,30,55,-3.4000000953674316,-1.899999976158142,0.04000000283122063,0.15000000596046448,37,19,15,8,25,49,97,58,50,21.5,21.5,24.3,24.3,6,30.0
1110.844,12,12,30,55,-3.4000000953674316,-1.899999976158142,0.04000000283122063,0.15000000596046448,37,19,15,8,25,49,97,58,50,21.5,21.5,24.3,24.3,6,30.0
1111.333,12,12,30,55,-3.4000000953674316,-1.899999976158142,0.04000000283122063,0.15000000596046448,37,19,15,8,25,49,97,58,50,21.5,21.5,24.3,24.3,6,30.0
1111.848,12,12,30,55,-3.4000000953674316,-1.899999976158142,0.04000000283122063,0.15000000596046448,37,19,15,8,25,49,97,58,50,21.5,21.5,24.3,24.3,6,30.0
1112.341,12,12,30,55,-3.4000000953674316,-1.899999976158142,0.04000000283122063,0.15000000596046448,37,19,15,8,25,49,97,58,50,21.5,21.5,24.3,24.3,6,30.0
1112.833,12,12,30,55,-3.4000000953674316,-1.899999976158142,0.04000000283122063,0.15000000596046448,37,19,15,8,25,49,97,58,50,21.5,21.5,24.3,24.3,6,30.0
1113.333,12,12,30,55,-3.4000000953674316,-1.899999976158142,0.04000000283122063,0.15000000596046448,37,19,15,8,25,49,97,58,50,21.5,21.5,24.3,24.3,6,30.0
1113.838,12,12,30,55,-3.4000000953674316,-1.899999976158142,0.04000000283122063,0.15000000596046448,37,19,15,8,25,49,97,58,50,21.5,21.5,24.3,24.3,6,30.0
1114.345,12,12,30,55,-3.4000000953674316,-1.899999976158142,0.04000000283122063,0.15000000596046448,37,19,15,8,25,49,97,58,50,21.5,21.5,24.3,24.3,6,30.0
1114.84,12,12,30,55,-3.4000000953674316,-1.899999976158142,0.04000000283122063,0.15000000596046448,37,19,15,8,25,49,97,58,50,21.5,21.5,24.3,24.3,6,30.0
1115.336,12,12,30,55,-3.4000000953674316,-1.899999976158142,0.04000000283122063,0.15000000596046448,37,19,15,8,25,49,97,58,50,21.5,21.5,24.3,24.3,6,30.0
1115.853,12,12,30,55,-3.4000000953674316,-1.899999976158142,0.04000000283122063,0.15000000596046448,37,19,15,8,25,49,97,58,50,21.5,21.5,24.3,24.3,6,30.0
1116.338,12,12,30,55,-3.4000000953674316,-1.899999976158142,0.04000000283122063,0.15000000596046448,37,19,15,8,25,49,97,58,50,21.5,21.5,24.3,24.3,6,30.0
1116.843,12,12,30,55,-3.4000000953674316,-1.899999976158142,0.04000000283122063,0.15000000596046448,37,19,15,8,25,49,97,58,50,21.5,21.5,24.3,24.3,6,30.0
1117.343,12,12,30,55,-3.4000000953674316,-1.899999976158142,0.04000000283122063,0.15000000596046448,37,19,15,8,25,49,97,58,50,21.5,21.5,24.3,24.3,6,30.0
1117.833,12,12,30,55,-3.4000000953674316,-1.899999976158142,0.04000000283122063,0.15000000596046448,37,19,15,8,25,49,97,58,50,21.5,21.5,24.3,24.3,6,30.0
1118.334,12,12,30,55,-3.4000000953674316,-1.899999976158142,0.04000000283122063,0.15000000596046448,37,19,15,8,25,49,97,58,50,21.5,21.5,24.3,24.3,6,30.0
1118.847,12,12,30,55,-3.4000000953674316,-1.899999976158142,0.04000000283122063,0.15000000596046448,37,19,15,8,25,49,97,58,50,21.5,21.5,24.3,24.3,6,30.0
1119.343,12,12,30,55,-3.4000000953674316,-1.899999976158142,0.04000000283122063,0.15000000596046448,37,19,15,8,25,49,97,58,50,21.5,21.5,24.3,24.3,6,30.0
1119.843,12,12,30,55,-3.4000000953674316,-1.899999976158142,0.04000000283122063,0.15000000596046448,37,19,15,8,25,49,97,58,50,21.5,21.5,24.3,24.3,6,30.0
1120.351,12,12,30,55,-3.4000000953674316,-1.899999976158142,0.04000000283122063,0.15000000596046448,37,19,15,8,25,49,97,58,50,21.5,21.5,24.3,24.3,6,30.0
1120.845,12,12,30,55,-3.4000000953674316,-1.899999976158142,0.04000000283122063,0.15000000596046448,37,19,15,8,25,49,97,58,50,21.5,21.5,24.3,24.3,6,30.0
1121.352,12,12,30,55,-3.4000000953674316,-1.899999976158142,0.04000000283122063,0.15000000596046448,37,19,15,8,25,49,97,58,50,21.5,21.5,24.3,24.3,6,30.0
1121.834,12,12,30,55,-3.4000000953674316,-1.899999976158142,0.04000000283122063,0.15000000596046448,37,19,15,8,25,49,97,58,50,21.5,21.5,24.3,24.3,6,30.0
1122.345,12,12,30,55,-3.4000000953674316,-1.899999976158142,0.04000000283122063,0.15000000596046448,37,19,15,8,25,49,97,58,50,21.5,21.5,24.3,24.3,6,30.0
1122.854,12,12,30,55,-3.4000000953674316,-1.899999976158142,0.04000000283122063,0.15000000596046448,37,19,15,8,25,49,97,58,50,21.5,21.5,24.3,24.3,6,30.0
1123.35,12,12,30,55,-3.4000000953674316,-1.899999976158142,0.04000000283122063,0.15000000596046448,37,19,15,8,25,49,97,58,50,21.5,21.5,24.3,24.3,6,30.0
1123.84,12,12,30,55,-3.4000000953674316,-1.899999976158142,0.04000000283122063,0.15000000596046448,37,19,15,8,25,49,97,58,50,21.5,21.5,24.3,24.3,6,30.0
1124.333,12,12,30,55,-3.4000000953674316,-1.899999976158142,0.04000000283122063,0.15000000596046448,37,19,15,8,25,49,97,58,50,21.5,21.5,24.3,24.3,6,30.0
1124.855,12,12,30,55,-3.4000000953674316,-1.899999976158142,0.04000000283122063,0.15000000596046448,37,19,15,8,25,49,97,58,50,21.5,21.5,24.3,24.3,6,30.0
1125.352,12,12,30,55,-3.4000000953674316,-1.899999976158142,0.04000000283122063,0.15000000596046448,37,19,15,8,25,49,97,58,50,21.5,21.5,24.3,24.3,6,30.0
1125.84,12,12,30,55,-3.4000000953674316,-1.899999976158142,0.04000000283122063,0.15000000596046448,37,19,15,8,25,49,97,58,50,21.5,21.5,24.3,24.3,6,30.0
1126.343,12,12,30,55,-3.4000000953674316,-1.899999976158142,0.04000000283122063,0.15000000596046448,37,19,15,8,25,49,97,58,50,21.5,21.5,24.3,24.3,6,30.0
1126.839,12,12,30,55,-3.4000000953674316,-1.899999976158142,0.04000000283122063,0.15000000596046448,37,19,15,8,25,49,97,58,50,21.5,21.5,24.3,24.3,6,30.0
1127.348,12,12,30,55,-3.4000000953674316,-1.899999976158142,0.04000000283122063,0.15000000596046448,37,19,15,8,25,49,97,58,50,21.5,21.5,24.3,24.3,6,30.0
1127.843,12,12,30,55,-3.4000000953674316,-1.899999976158142,0.04000000283122063,0.15000000596046448,37,19,15,8,25,49,97,58,50,21.5,21.5,24.3,24.3,6,30.0
1128.35,12,12,30,55,-3.4000000953674316,-1.899999976158142,0.04000000283122063,0.15000000596046448,37,19,15,8,25,49,97,58,50,21.5,21.5,24.3,24.3,6,30.0
1128.857,12,12,30,55,-3.4000000953674316,-1.899999976158142,0.04000000283122063,0.15000000596046448,37,19,15,8,25,49,97,58,50,21.5,21.5,24.3,24.3,6,30.0
1129.352,12,12,30,55,-3.4000000953674316,-1.899999976158142,0.04000000283122063,0.15000000596046448,37,19,15,8,25,49,97,58,50,21.5,21.5,24.3,24.3,6,30.0
1129.852,12,12,30,55,-3.4000000953674316,-1.899999976158142,0.04000000283122063,0.15000000596046448,37,19,15,8,25,49,97,58,50,21.5,21.5,24.3,24.3,6,30.0
1130.341,12,12,30,55,-3.4000000953674316,-1.899999976158142,0.04000000283122063,0.15000000596046448,37,19,15,8,25,49,97,58,50,21.5,21.5,24.3,24.3,6,30.0
1130.847,12,12,30,55,-3.4000000953674316,-1.899999976158142,0.04000000283122063,0.15000000596046448,37,19,15,8,25,49,97,58,50,21.5,21.5,24.3,24.3,6,30.0
1131.347,12,12,30,55,-3.4000000953674316,-1.899999976158142,0.04000000283122063,0.15000000596046448,37,19,15,8,25,49,97,58,50,21.5,21.5,24.3,24.3,6,30.0
1131.842,12,12,30,55,-3.4000000953674316,-1.899999976158142,0.04000000283122063,0.15000000596046448,37,19,15,8,25,49,97,58,50,21.5,21.5,24.3,24.3,6,30.0
1132.35,12,12,30,55,-3.4000000953674316,-1.899999976158142,0.04000000283122063,0.15000000596046448,37,19,15,8,25,49,97,58,50,21.5,21.5,24.3,24.3,6,30.0
1132.836,12,12,30,55,-3.4000000953674316,-1.899999976158142,0.04000000283122063,0.15000000596046448,37,19,15,8,25,49,97,58,50,21.5,21.5,24.3,24.3,6,30.0
1133.351,12,12,30,55,-3.4000000953674316,-1.899999976158142,0.04000000283122063,0.15000000596046448,37,19,15,8,25,49,97,58,50,21.5,21.5,24.3,24.3,6,30.0
1133.852,12,12,30,55,-3.4000000953674316,-1.899999976158142,0.04000000283122063,0.15000000596046448,37,19,15,8,25,49,97,58,50,21.5,21.5,24.3,24.3,6,30.0
1134.335,12,12,30,55,-3.4000000953674316,-1.899999976158142,0.04000000283122063,0.15000000596046448,37,19,15,8,25,49,97,58,50,21.5,21.5,24.3,24.3,6,30.0
1134.84,12,12,30,55,-3.4000000953674316,-1.899999976158142,0.04000000283122063,0.15000000596046448,37,19,15,8,25,49,97,58,50,21.5,21.5,24.3,24.3,6,30.0
1135.336,12,12,30,55,-3.4000000953674316,-1.899999976158142,0.04000000283122063,0.15000000596046448,37,19,15,8,25,49,97,58,50,21.5,21.5,24.3,24.3,6,30.0
1135.86,12,12,30,55,-3.4000000953674316,-1.899999976158142,0.04000000283122063,0.15000000596046448,37,19,15,8,25,49,97,58,50,21.5,21.5,24.3,24.3,6,30.0
1136.333,12,12,30,55,-3.4000000953674316,-1.899999976158142,0.04000000283122063,0.15000000596046448,37,19,15,8,25,49,97,58,50,21.5,21.5,24.3,24.3,6,30.0
1136.852,12,12,30,55,-3.4000000953674316,-1.899999976158142,0.04000000283122063,0.15000000596046448,37,19,15,8,25,49,97,58,50,21.5,21.5,24.3,24.3,6,30.0
1137.354,12,12,30,55,-3.4000000953674316,-1.899999976158142,0.04000000283122063,0.15000000596046448,37,19,15,8,25,49,97,58,50,21.5,21.5,24.3,24.3,6,30.0
1137.847,12,12,30,55,-3.4000000953674316,-1.899999976158142,0.04000000283122063,0.15000000596046448,37,19,15,8,25,49,97,58,50,21.5,21.5,24.3,24.3,6,30.0
1138.358,12,12,30,55,-3.4000000953674316,-1.899999976158142,0.04000000283122063,0.15000000596046448,37,19,15,8,25,49,97,58,50,21.5,21.5,24.3,24.3,6,30.0
1138.856,12,12,30,55,-3.4000000953674316,-1.899999976158142,0.04000000283122063,0.15000000596046448,37,19,15,8,25,49,97,58,50,21.5,21.5,24.3,24.3,6,30.0
1139.356,12,12,30,55,-3.4000000953674316,-1.899999976158142,0.04000000283122063,0.15000000596046448,37,19,15,8,25,49,97,58,50,21.5,21.5,24.3,24.3,6,30.0
1139.836,12,12,30,55,-3.4000000953674316,-1.899999976158142,0.04000000283122063,0.15000000596046448,37,19,15,8,25,49,97,58,50,21.5,21.5,24.3,24.3,6,30.0
1140.356,12,12,30,55,-3.4000000953674316,-1.899999976158142,0.04000000283122063,0.15000000596046448,37,19,15,8,25,49,97,58,50,21.5,21.5,24.3,24.3,6,30.0
1140.841,12,12,30,55,-3.4000000953674316,-1.899999976158142,0.04000000283122063,0.15000000596046448,37,19,15,8,25,49,97,58,50,21.5,21.5,24.3,24.3,6,30.0
1141.337,12,12,30,55,-3.4000000953674316,-1.899999976158142,0.04000000283122063,0.15000000596046448,37,19,15,8,25,49,97,58,50,21.5,21.5,24.3,24.3,6,30.0
1141.837,12,12,30,55,-3.4000000953674316,-1.899999976158142,0.04000000283122063,0.15000000596046448,37,19,15,8,25,49,97,58,50,21.5,21.5,24.3,24.3,6,30.0
1142.352,12,12,30,55,-3.4000000953674316,-1.899999976158142,0.04000000283122063,0.15000000596046448,37,19,15,8,25,49,97,58,50,21.5,21.5,24.3,24.3,6,30.0
1142.834,12,12,30,55,-3.4000000953674316,-1.899999976158142,0.04000000283122063,0.15000000596046448,37,19,15,8,25,49,97,58,50,21.5,21.5,24.3,24.3,6,30.0
1143.353,12,12,30,55,-3.4000000953674316,-1.899999976158142,0.04000000283122063,0.15000000596046448,37,19,15,8,25,49,97,58,50,21.5,21.5,24.3,24.3,6,30.0
1143.846,12,12,30,55,-3.4000000953674316,-1.899999976158142,0.04000000283122063,0.15000000596046448,37,19,15,8,25,49,97,58,50,21.5,21.5,24.3,24.3,6,30.0
1144.342,12,12,30,55,-3.4000000953674316,-1.899999976158142,0.04000000283122063,0.15000000596046448,37,19,15,8,25,49,97,58,50,21.5,21.5,24.3,24.3,6,30.0
1144.836,12,12,30,55,-3.4000000953674316,-1.899999976158142,0.04000000283122063,0.15000000596046448,37,19,15,8,25,49,97,58,50,21.5,21.5,24.3,24.3,6,30.0
1145.348,12,12,30,55,-3.4000000953674316,-1.899999976158142,0.04000000283122063,0.15000000596046448,37,19,15,8,25,49,97,58,50,21.5,21.5,24.3,24.3,6,30.0
1145.844,12,12,30,55,-3.4000000953674316,-1.899999976158142,0.04000000283122063,0.15000000596046448,37,19,15,8,25,49,97,58,50,21.5,21.5,24.3,24.3,6,30.0
1146.356,12,12,30,55,-3.4000000953674316,-1.899999976158142,0.04000000283122063,0.15000000596046448,37,19,15,8,25,49,97,58,50,21.5,21.5,24.3,24.3,6,30.0
1146.834,12,12,30,55,-3.4000000953674316,-1.899999976158142,0.04000000283122063,0.15000000596046448,37,19,15,8,25,49,97,58,50,21.5,21.5,24.3,24.3,6,30.0
1147.344,12,12,30,55,-3.4000000953674316,-1.899999976158142,0.04000000283122063,0.15000000596046448,37,19,15,8,25,49,97,58,50,21.5,21.5,24.3,24.3,6,30.0
1147.836,12,12,30,55,-3.4000000953674316,-1.899999976158142,0.04000000283122063,0.15000000596046448,37,19,15,8,25,49,97,58,50,21.5,21.5,24.3,24.3,6,30.0
1148.34,12,12,30,55,-3.4000000953674316,-1.899999976158142,0.04000000283122063,0.15000000596046448,37,19,15,8,25,49,97,58,50,21.5,21.5,24.3,24.3,6,30.0
1148.836,12,12,30,55,-3.4000000953674316,-1.899999976158142,0.04000000283122063,0.15000000596046448,37,19,15,8,25,49,97,58,50,21.5,21.5,24.3,24.3,6,30.0
1149.336,12,12,30,55,-3.4000000953674316,-1.899999976158142,0.04000000283122063,0.15000000596046448,37,19,15,8,25,49,97,58,50,21.5,21.5,24.3,24.3,6,30.0
1149.843,12,12,30,55,-3.4000000953674316,-1.899999976158142,0.04000000283122063,0.15000000596046448,37,19,15,8,25,49,97,58,50,21.5,21.5,24.3,24.3,6,30.0
1150.355,12,12,30,55,-3.4000000953674316,-1.899999976158142,0.04000000283122063,0.15000000596046448,37,19,15,8,25,49,97,58,50,21.5,21.5,24.3,24.3,6,30.0
1150.844,12,12,30,55,-3.4000000953674316,-1.899999976158142,0.04000000283122063,0.15000000596046448,37,19,15,8,25,49,97,58,50,21.5,21.5,24.3,24.3,6,30.0
1151.346,12,12,30,55,-3.4000000953674316,-1.899999976158142,0.04000000283122063,0.15000000596046448,37,19,15,8,25,49,97,58,50,21.5,21.5,24.3,24.3,6,30.0
1151.849,12,12,30,55,-3.4000000953674316,-1.899999976158142,0.04000000283122063,0.15000000596046448,37,19,15,8,25,49,97,58,50,21.5,21.5,24.3,24.3,6,30.0
1152.343,12,12,30,55,-3.4000000953674316,-1.899999976158142,0.04000000283122063,0.15000000596046448,37,19,15,8,25,49,97,58,50,21.5,21.5,24.3,24.3,6,30.0
1152.849,12,12,30,55,-3.4000000953674316,-1.899999976158142,0.04000000283122063,0.15000000596046448,37,19,15,8,25,49,97,58,50,21.5,21.5,24.3,24.3,6,30.0
1153.342,12,12,30,55,-3.4000000953674316,-1.899999976158142,0.04000000283122063,0.15000000596046448,37,19,15,8,25,49,97,58,50,21.5,21.5,24.3,24.3,6,30.0
1153.844,12,12,30,55,-3.4000000953674316,-1.899999976158142,0.04000000283122063,0.15000000596046448,37,19,15,8,25,49,97,58,50,21.5,21.5,24.3,24.3,6,30.0
1154.344,12,12,30,55,-3.4000000953674316,-1.899999976158142,0.04000000283122063,0.15000000596046448,37,19,15,8,25,49,97,58,50,21.5,21.5,24.3,24.3,6,30.0
1154.836,12,12,30,55,-3.4000000953674316,-1.899999976158142,0.04000000283122063,0.15000000596046448,37,19,15,8,25,49,97,58,50,21.5,21.5,24.3,24.3,6,30.0
1155.352,12,12,30,55,-3.4000000953674316,-1.899999976158142,0.04000000283122063,0.15000000596046448,37,19,15,8,25,49,97,58,50,21.5,21.5,24.3,24.3,6,30.0
1155.844,12,12,30,55,-3.4000000953674316,-1.899999976158142,0.04000000283122063,0.15000000596046448,37,19,15,8,25,49,97,58,50,21.5,21.5,24.3,24.3,6,30.0
1156.342,12,12,30,55,-3.4000000953674316,-1.899999976158142,0.04000000283122063,0.15000000596046448,37,19,15,8,25,49,97,58,50,21.5,21.5,24.3,24.3,6,30.0
1156.842,12,12,30,55,-3.4000000953674316,-1.899999976158142,0.04000000283122063,0.15000000596046448,37,19,15,8,25,49,97,58,50,21.5,21.5,24.3,24.3,6,30.0
1157.339,12,12,30,55,-3.4000000953674316,-1.899999976158142,0.04000000283122063,0.15000000596046448,37,19,15,8,25,49,97,58,50,21.5,21.5,24.3,24.3,6,30.0
1157.854,12,12,30,55,-3.4000000953674316,-1.899999976158142,0.04000000283122063,0.15000000596046448,37,19,15,8,25,49,97,58,50,21.5,21.5,24.3,24.3,6,30.0
1158.355,12,12,30,55,-3.4000000953674316,-1.899999976158142,0.04000000283122063,0.15000000596046448,37,19,15,8,25,49,97,58,50,21.5,21.5,24.3,24.3,6,30.0
1158.84,12,12,30,55,-3.4000000953674316,-1.899999976158142,0.04000000283122063,0.15000000596046448,37,19,15,8,25,49,97,58,50,21.5,21.5,24.3,24.3,6,30.0
1159.344,12,12,30,55,-3.4000000953674316,-1.899999976158142,0.04000000283122063,0.15000000596046448,37,19,15,8,25,49,97,58,50,21.5,21.5,24.3,24.3,6,30.0
1159.854,12,12,30,55,-3.4000000953674316,-1.899999976158142,0.04000000283122063,0.15000000596046448,37,19,15,8,25,49,97,58,50,21.5,21.5,24.3,24.3,6,30.0
1160.351,12,12,30,55,-3.4000000953674316,-1.899999976158142,0.04000000283122063,0.15000000596046448,37,19,15,8,25,49,97,58,50,21.5,21.5,24.3,24.3,6,30.0
1160.848,12,12,30,55,-3.4000000953674316,-1.899999976158142,0.04000000283122063,0.15000000596046448,37,19,15,8,25,49,97,58,50,21.5,21.5,24.3,24.3,6,30.0
1161.352,12,12,30,55,-3.4000000953674316,-1.899999976158142,0.04000000283122063,0.15000000596046448,37,19,15,8,25,49,97,58,50,21.5,21.5,24.3,24.3,6,30.0
1161.846,12,12,30,55,-3.4000000953674316,-1.899999976158142,0.04000000283122063,0.15000000596046448,37,19,15,8,25,49,97,58,50,21.5,21.5,24.3,24.3,6,30.0
1162.354,12,12,30,55,-3.4000000953674316,-1.899999976158142,0.04000000283122063,0.15000000596046448,37,19,15,8,25,49,97,58,50,21.5,21.5,24.3,24.3,6,30.0
1162.843,12,12,30,55,-3.4000000953674316,-1.899999976158142,0.04000000283122063,0.15000000596046448,37,19,15,8,25,49,97,58,50,21.5,21.5,24.3,24.3,6,30.0
1163.349,12,12,30,55,-3.4000000953674316,-1.899999976158142,0.04000000283122063,0.15000000596046448,37,19,15,8,25,49,97,58,50,21.5,21.5,24.3,24.3,6,30.0
1163.837,12,12,30,55,-3.4000000953674316,-1.899999976158142,0.04000000283122063,0.15000000596046448,37,19,15,8,25,49,97,58,50,21.5,21.5,24.3,24.3,6,30.0
1164.352,12,12,30,55,-3.4000000953674316,-1.899999976158142,0.04000000283122063,0.15000000596046448,37,19,15,8,25,49,97,58,50,21.5,21.5,24.3,24.3,6,30.0
1164.849,12,12,30,55,-3.4000000953674316,-1.899999976158142,0.04000000283122063,0.15000000596046448,37,19,15,8,25,49,97,58,50,21.5,21.5,24.3,24.3,6,30.0
1165.333,12,12,30,55,-3.4000000953674316,-1.899999976158142,0.04000000283122063,0.15000000596046448,37,19,15,8,25,49,97,58,50,21.5,21.5,24.3,24.3,6,30.0
1165.845,12,12,30,55,-3.4000000953674316,-1.899999976158142,0.04000000283122063,0.15000000596046448,37,19,15,8,25,49,97,58,50,21.5,21.5,24.3,24.3,6,30.0
1166.338,12,12,30,55,-3.4000000953674316,-1.899999976158142,0.04000000283122063,0.15000000596046448,37,19,15,8,25,49,97,58,50,21.5,21.5,24.3,24.3,6,30.0
1166.847,12,12,30,55,-3.4000000953674316,-1.899999976158142,0.04000000283122063,0.15000000596046448,37,19,15,8,25,49,97,58,50,21.5,21.5,24.3,24.3,6,30.0
1167.339,12,12,30,55,-3.4000000953674316,-1.899999976158142,0.04000000283122063,0.15000000596046448,37,19,15,8,25,49,97,58,50,21.5,21.5,24.3,24.3,6,30.0
1167.848,12,12,30,55,-3.4000000953674316,-1.899999976158142,0.04000000283122063,0.15000000596046448,37,19,15,8,25,49,97,58,50,21.5,21.5,24.3,24.3,6,30.0
1168.347,12,12,30,55,-3.4000000953674316,-1.899999976158142,0.04000000283122063,0.15000000596046448,37,19,15,8,25,49,97,58,50,21.5,21.5,24.3,24.3,6,30.0
1168.834,12,12,30,55,-3.4000000953674316,-1.899999976158142,0.04000000283122063,0.15000000596046448,37,19,15,8,25,49,97,58,50,21.5,21.5,24.3,24.3,6,30.0
1169.342,12,12,30,55,-3.4000000953674316,-1.899999976158142,0.04000000283122063,0.15000000596046448,37,19,15,8,25,49,97,58,50,21.5,21.5,24.3,24.3,6,30.0
1169.843,12,12,30,55,-3.4000000953674316,-1.899999976158142,0.04000000283122063,0.15000000596046448,37,19,15,8,25,49,97,58,50,21.5,21.5,24.3,24.3,6,30.0
1170.333,12,12,30,55,-3.4000000953674316,-1.899999976158142,0.04000000283122063,0.15000000596046448,37,19,15,8,25,49,97,58,50,21.5,21.5,24.3,24.3,6,30.0
1170.847,12,12,30,55,-3.4000000953674316,-1.899999976158142,0.04000000283122063,0.15000000596046448,37,19,15,8,25,49,97,58,50,21.5,21.5,24.3,24.3,6,30.0
1171.348,12,12,30,55,-3.4000000953674316,-1.899999976158142,0.04000000283122063,0.15000000596046448,37,19,15,8,25,49,97,58,50,21.5,21.5,24.3,24.3,6,30.0
1171.853,12,12,30,55,-3.4000000953674316,-1.899999976158142,0.04000000283122063,0.15000000596046448,37,19,15,8,25,49,97,58,50,21.5,21.5,24.3,24.3,6,30.0
1172.34,12,12,30,55,-3.4000000953674316,-1.899999976158142,0.04000000283122063,0.15000000596046448,37,19,15,8,25,49,97,58,50,21.5,21.5,24.3,24.3,6,30.0
1172.836,12,12,30,55,-3.4000000953674316,-1.899999976158142,0.04000000283122063,0.15000000596046448,37,19,15,8,25,49,97,58,50,21.5,21.5,24.3,24.3,6,30.0
1173.349,12,12,30,55,-3.4000000953674316,-1.899999976158142,0.04000000283122063,0.15000000596046448,37,19,15,8,25,49,97,58,50,21.5,21.5,24.3,24.3,6,30.0
1173.835,12,12,30,55,-3.4000000953674316,-1.899999976158142,0.04000000283122063,0.15000000596046448,37,19,15,8,25,49,97,58,50,21.5,21.5,24.3,24.3,6,30.0
1174.352,12,12,30,55,-3.4000000953674316,-1.899999976158142,0.04000000283122063,0.15000000596046448,37,19,15,8,25,49,97,58,50,21.5,21.5,24.3,24.3,6,30.0
1174.854,12,12,30,55,-3.4000000953674316,-1.899999976158142,0.04000000283122063,0.15000000596046448,37,19,15,8,25,49,97,58,50,21.5,21.5,24.3,24.3,6,30.0
1175.351,12,12,30,55,-3.4000000953674316,-1.899999976158142,0.04000000283122063,0.15000000596046448,37,19,15,8,25,49,97,58,50,21.5,21.5,24.3,24.3,6,30.0
1175.847,12,12,30,55,-3.4000000953674316,-1.899999976158142,0.04000000283122063,0.15000000596046448,37,19,15,8,25,49,97,58,50,21.5,21.5,24.3,24.3,6,30.0
1176.338,12,12,30,55,-3.4000000953674316,-1.899999976158142,0.04000000283122063,0.15000000596046448,37,19,15,8,25,49,97,58,50,21.5,21.5,24.3,24.3,6,30.0
1176.841,12,12,30,55,-3.4000000953674316,-1.899999976158142,0.04000000283122063,0.15000000596046448,37,19,15,8,25,49,97,58,50,21.5,21.5,24.3,24.3,6,30.0
1177.345,12,12,30,55,-3.4000000953674316,-1.899999976158142,0.04000000283122063,0.15000000596046448,37,19,15,8,25,49,97,58,50,21.5,21.5,24.3,24.3,6,30.0
1177.851,12,12,30,55,-3.4000000953674316,-1.899999976158142,0.04000000283122063,0.15000000596046448,37,19,15,8,25,49,97,58,50,21.5,21.5,24.3,24.3,6,30.0
1178.335,12,12,30,55,-3.4000000953674316,-1.899999976158142,0.04000000283122063,0.15000000596046448,37,19,15,8,25,49,97,58,50,21.5,21.5,24.3,24.3,6,30.0
1178.834,12,12,30,55,-3.4000000953674316,-1.899999976158142,0.04000000283122063,0.15000000596046448,37,19,15,8,25,49,97,58,50,21.5,21.5,24.3,24.3,6,30.0
1179.353,12,12,30,55,-3.4000000953674316,-1.899999976158142,0.04000000283122063,0.15000000596046448,37,19,15,8,25,49,97,58,50,21.5,21.5,24.3,24.3,6,30.0
1179.859,12,12,30,55,-3.4000000953674316,-1.899999976158142,0.04000000283122063,0.15000000596046448,37,19,15,8,25,49,97,58,50,21.5,21.5,24.3,24.3,6,30.0
1180.341,12,12,30,55,-3.4000000953674316,-1.899999976158142,0.04000000283122063,0.15000000596046448,37,19,15,8,25,49,97,58,50,21.5,21.5,24.3,24.3,6,30.0
1180.862,12,12,30,55,-3.4000000953674316,-1.899999976158142,0.04000000283122063,0.15000000596046448,37,19,15,8,25,49,97,58,50,21.5,21.5,24.3,24.3,6,30.0
1181.344,12,12,30,55,-3.4000000953674316,-1.899999976158142,0.04000000283122063,0.15000000596046448,37,19,15,8,25,49,97,58,50,21.5,21.5,24.3,24.3,6,30.0
1181.849,12,12,30,55,-3.4000000953674316,-1.899999976158142,0.04000000283122063,0.15000000596046448,37,19,15,8,25,49,97,58,50,21.5,21.5,24.3,24.3,6,30.0
1182.34,12,12,30,55,-3.4000000953674316,-1.899999976158142,0.04000000283122063,0.15000000596046448,37,19,15,8,25,49,97,58,50,21.5,21.5,24.3,24.3,6,30.0
1182.851,12,12,30,55,-3.4000000953674316,-1.899999976158142,0.04000000283122063,0.15000000596046448,37,19,15,8,25,49,97,58,50,21.5,21.5,24.3,24.3,6,30.0
1183.341,12,12,30,55,-3.4000000953674316,-1.899999976158142,0.04000000283122063,0.15000000596046448,37,19,15,8,25,49,97,58,50,21.5,21.5,24.3,24.3,6,30.0
1183.838,12,12,30,55,-3.4000000953674316,-1.899999976158142,0.04000000283122063,0.15000000596046448,37,19,15,8,25,49,97,58,50,21.5,21.5,24.3,24.3,6,30.0
1184.359,12,12,30,55,-3.4000000953674316,-1.899999976158142,0.04000000283122063,0.15000000596046448,37,19,15,8,25,49,97,58,50,21.5,21.5,24.3,24.3,6,30.0
1184.85,12,12,30,55,-3.4000000953674316,-1.899999976158142,0.04000000283122063,0.15000000596046448,37,19,15,8,25,49,97,58,50,21.5,21.5,24.3,24.3,6,30.0
1185.333,12,12,30,55,-3.4000000953674316,-1.899999976158142,0.04000000283122063,0.15000000596046448,37,19,15,8,25,49,97,58,50,21.5,21.5,24.3,24.3,6,30.0
1185.859,12,12,30,55,-3.4000000953674316,-1.899999976158142,0.04000000283122063,0.15000000596046448,37,19,15,8,25,49,97,58,50,21.5,21.5,24.3,24.3,6,30.0
1186.358,12,12,30,55,-3.4000000953674316,-1.899999976158142,0.04000000283122063,0.15000000596046448,37,19,15,8,25,49,97,58,50,21.5,21.5,24.3,24.3,6,30.0
1186.839,12,12,30,55,-3.4000000953674316,-1.899999976158142,0.04000000283122063,0.15000000596046448,37,19,15,8,25,49,97,58,50,21.5,21.5,24.3,24.3,6,30.0
1187.354,12,12,30,55,-3.4000000953674316,-1.899999976158142,0.04000000283122063,0.15000000596046448,37,19,15,8,25,49,97,58,50,21.5,21.5,24.3,24.3,6,30.0
1187.844,12,12,30,55,-3.4000000953674316,-1.899999976158142,0.04000000283122063,0.15000000596046448,37,19,15,8,25,49,97,58,50,21.5,21.5,24.3,24.3,6,30.0
1188.355,12,12,30,55,-3.4000000953674316,-1.899999976158142,0.04000000283122063,0.15000000596046448,37,19,15,8,25,49,97,58,50,21.5,21.5,24.3,24.3,6,30.0
1188.85,12,12,30,55,-3.4000000953674316,-1.899999976158142,0.04000000283122063,0.15000000596046448,37,19,15,8,25,49,97,58,50,21.5,21.5,24.3,24.3,6,30.0
1189.338,12,12,30,55,-3.4000000953674316,-1.899999976158142,0.04000000283122063,0.15000000596046448,37,19,15,8,25,49,97,58,50,21.5,21.5,24.3,24.3,6,30.0
1189.853,12,12,30,55,-3.4000000953674316,-1.899999976158142,0.04000000283122063,0.15000000596046448,37,19,15,8,25,49,97,58,50,21.5,21.5,24.3,24.3,6,30.0
1190.344,12,12,30,55,-3.4000000953674316,-1.899999976158142,0.04000000283122063,0.15000000596046448,37,19,15,8,25,49,97,58,50,21.5,21.5,24.3,24.3,6,30.0
1190.847,12,12,30,55,-3.4000000953674316,-1.899999976158142,0.04000000283122063,0.15000000596046448,37,19,15,8,25,49,97,58,50,21.5,21.5,24.3,24.3,6,30.0
1191.342,12,12,30,55,-3.4000000953674316,-1.899999976158142,0.04000000283122063,0.15000000596046448,37,19,15,8,25,49,97,58,50,21.5,21.5,24.3,24.3,6,30.0
1191.835,12,12,30,55,-3.4000000953674316,-1.899999976158142,0.04000000283122063,0.15000000596046448,37,19,15,8,25,49,97,58,50,21.5,21.5,24.3,24.3,6,30.0
1192.354,12,12,30,55,-3.4000000953674316,-1.899999976158142,0.04000000283122063,0.15000000596046448,37,19,15,8,25,49,97,58,50,21.5,21.5,24.3,24.3,6,30.0
1192.841,12,12,30,55,-3.4000000953674316,-1.899999976158142,0.04000000283122063,0.15000000596046448,37,19,15,8,25,49,97,58,50,21.5,21.5,24.3,24.3,6,30.0
1193.334,12,12,30,55,-3.4000000953674316,-1.899999976158142,0.04000000283122063,0.15000000596046448,37,19,15,8,25,49,97,58,50,21.5,21.5,24.3,24.3,6,30.0
1193.839,12,12,30,55,-3.4000000953674316,-1.899999976158142,0.04000000283122063,0.15000000596046448,37,19,15,8,25,49,97,58,50,21.5,21.5,24.3,24.3,6,30.0
1194.333,12,12,30,55,-3.4000000953674316,-1.899999976158142,0.04000000283122063,0.15000000596046448,37,19,15,8,25,49,97,58,50,21.5,21.5,24.3,24.3,6,30.0
1194.834,12,12,30,55,-3.4000000953674316,-1.899999976158142,0.04000000283122063,0.15000000596046448,37,19,15,8,25,49,97,58,50,21.5,21.5,24.3,24.3,6,30.0
1195.355,12,12,30,55,-3.4000000953674316,-1.899999976158142,0.04000000283122063,0.15000000596046448,37,19,15,8,25,49,97,58,50,21.5,21.5,24.3,24.3,6,30.0
1195.834,12,12,30,55,-3.4000000953674316,-1.899999976158142,0.04000000283122063,0.15000000596046448,37,19,15,8,25,49,97,58,50,21.5,21.5,24.3,24.3,6,30.0
1196.346,12,12,30,55,-3.4000000953674316,-1.899999976158142,0.04000000283122063,0.15000000596046448,37,19,15,8,25,49,97,58,50,21.5,21.5,24.3,24.3,6,30.0
1196.86,12,12,30,55,-3.4000000953674316,-1.899999976158142,0.04000000283122063,0.15000000596046448,37,19,15,8,25,49,97,58,50,21.5,21.5,24.3,24.3,6,30.0
1197.342,12,12,30,55,-3.4000000953674316,-1.899999976158142,0.04000000283122063,0.15000000596046448,37,19,15,8,25,49,97,58,50,21.5,21.5,24.3,24.3,6,30.0
1197.857,12,12,30,55,-3.4000000953674316,-1.899999976158142,0.04000000283122063,0.15000000596046448,37,19,15,8,25,49,97,58,50,21.5,21.5,24.3,24.3,6,30.0
1198.336,12,12,30,55,-3.4000000953674316,-1.899999976158142,0.04000000283122063,0.15000000596046448,37,19,15,8,25,49,97,58,50,21.5,21.5,24.3,24.3,6,30.0
1198.844,12,12,30,55,-3.4000000953674316,-1.899999976158142,0.04000000283122063,0.15000000596046448,37,19,15,8,25,49,97,58,50,21.5,21.5,24.3,24.3,6,30.0
1199.345,12,12,30,55,-3.4000000953674316,-1.899999976158142,0.04000000283122063,0.15000000596046448,37,19,15,8,25,49,97,58,50,21.5,21.5,24.3,24.3,6,30.0
1199.836,12,12,30,55,-3.4000000953674316,-1.899999976158142,0.04000000283122063,0.15000000596046448,37,19,15,8,25,49,97,58,50,21.5,21.5,24.3,24.3,6,30.0
1200.353,12,12,30,55,-3.4000000953674316,-1.899999976158142,0.04000000283122063,0.15000000596046448,37,19,15,8,25,49,97,58,50,21.5,21.5,24.3,24.3,6,30.0
1200.854,12,12,30,55,-3.4000000953674316,-1.899999976158142,0.04000000283122063,0.15000000596046448,37,19,15,8,25,49,97,58,50,21.5,21.5,24.3,24.3,6,30.0
1201.352,12,12,30,55,-3.4000000953674316,-1.899999976158142,0.04000000283122063,0.15000000596046448,37,19,15,8,25,49,97,58,50,21.5,21.5,24.3,24.3,6,30.0
1201.851,12,12,30,55,-3.4000000953674316,-1.899999976158142,0.04000000283122063,0.15000000596046448,37,19,15,8,25,49,97,58,50,21.5,21.5,24.3,24.3,6,30.0
1202.353,12,12,30,55,-3.4000000953674316,-1.899999976158142,0.04000000283122063,0.15000000596046448,37,19,15,8,25,49,97,58,50,21.5,21.5,24.3,24.3,6,30.0
1202.846,12,12,30,55,-3.4000000953674316,-1.899999976158142,0.04000000283122063,0.15000000596046448,37,19,15,8,25,49,97,58,50,21.5,21.5,24.3,24.3,6,30.0
1203.357,12,12,30,55,-3.4000000953674316,-1.899999976158142,0.04000000283122063,0.15000000596046448,37,19,15,8,25,49,97,58,50,21.5,21.5,24.3,24.3,6,30.0
1203.844,12,12,30,55,-3.4000000953674316,-1.899999976158142,0.04000000283122063,0.15000000596046448,37,19,15,8,25,49,97,58,50,21.5,21.5,24.3,24.3,6,30.0
1204.339,12,12,30,55,-3.4000000953674316,-1.899999976158142,0.04000000283122063,0.15000000596046448,37,19,15,8,25,49,97,58,50,21.5,21.5,24.3,24.3,6,30.0
1204.842,12,12,30,55,-3.4000000953674316,-1.899999976158142,0.04000000283122063,0.15000000596046448,37,19,15,8,25,49,97,58,50,21.5,21.5,24.3,24.3,6,30.0
1205.348,12,12,30,55,-3.4000000953674316,-1.899999976158142,0.04000000283122063,0.15000000596046448,37,19,15,8,25,49,97,58,50,21.5,21.5,24.3,24.3,6,30.0
1205.847,12,12,30,55,-3.4000000953674316,-1.899999976158142,0.04000000283122063,0.15000000596046448,37,19,15,8,25,49,97,58,50,21.5,21.5,24.3,24.3,6,30.0
1206.34,12,12,30,55,-3.4000000953674316,-1.899999976158142,0.04000000283122063,0.15000000596046448,37,19,15,8,25,49,97,58,50,21.5,21.5,24.3,24.3,6,30.0
1206.843,12,12,30,55,-3.4000000953674316,-1.899999976158142,0.04000000283122063,0.15000000596046448,37,19,15,8,25,49,97,58,50,21.5,21.5,24.3,24.3,6,30.0
1207.352,12,12,30,55,-3.4000000953674316,-1.899999976158142,0.04000000283122063,0.15000000596046448,37,19,15,8,25,49,97,58,50,21.5,21.5,24.3,24.3,6,30.0
1207.848,12,12,30,55,-3.4000000953674316,-1.899999976158142,0.04000000283122063,0.15000000596046448,37,19,15,8,25,49,97,58,50,21.5,21.5,24.3,24.3,6,30.0
1208.335,12,12,30,55,-3.4000000953674316,-1.899999976158142,0.04000000283122063,0.15000000596046448,37,19,15,8,25,49,97,58,50,21.5,21.5,24.3,24.3,6,30.0
1208.847,12,12,30,55,-3.4000000953674316,-1.899999976158142,0.04000000283122063,0.15000000596046448,37,19,15,8,25,49,97,58,50,21.5,21.5,24.3,24.3,6,30.0
1209.343,12,12,30,55,-3.4000000953674316,-1.899999976158142,0.04000000283122063,0.15000000596046448,37,19,15,8,25,49,97,58,50,21.5,21.5,24.3,24.3,6,30.0
1209.845,12,12,30,55,-3.4000000953674316,-1.899999976158142,0.04000000283122063,0.15000000596046448,37,19,15,8,25,49,97,58,50,21.5,21.5,24.3,24.3,6,30.0
1210.336,12,12,30,55,-3.4000000953674316,-1.899999976158142,0.04000000283122063,0.15000000596046448,37,19,15,8,25,49,97,58,50,21.5,21.5,24.3,24.3,6,30.0
1210.838,12,12,30,55,-3.4000000953674316,-1.899999976158142,0.04000000283122063,0.15000000596046448,37,19,15,8,25,49,97,58,50,21.5,21.5,24.3,24.3,6,30.0
1211.346,12,12,30,55,-3.4000000953674316,-1.899999976158142,0.04000000283122063,0.15000000596046448,37,19,15,8,25,49,97,58,50,21.5,21.5,24.3,24.3,6,30.0
1211.846,12,12,30,55,-3.4000000953674316,-1.899999976158142,0.04000000283122063,0.15000000596046448,37,19,15,8,25,49,97,58,50,21.5,21.5,24.3,24.3,6,30.0
1212.352,12,12,30,55,-3.4000000953674316,-1.899999976158142,0.04000000283122063,0.15000000596046448,37,19,15,8,25,49,97,58,50,21.5,21.5,24.3,24.3,6,30.0
1212.85,12,12,30,55,-3.4000000953674316,-1.899999976158142,0.04000000283122063,0.15000000596046448,37,19,15,8,25,49,97,58,50,21.5,21.5,24.3,24.3,6,30.0
1213.334,12,12,30,55,-3.4000000953674316,-1.899999976158142,0.04000000283122063,0.15000000596046448,37,19,15,8,25,49,97,58,50,21.5,21.5,24.3,24.3,6,30.0
1213.851,12,12,30,55,-3.4000000953674316,-1.899999976158142,0.04000000283122063,0.15000000596046448,37,19,15,8,25,49,97,58,50,21.5,21.5,24.3,24.3,6,30.0
1214.346,12,12,30,55,-3.4000000953674316,-1.899999976158142,0.04000000283122063,0.15000000596046448,37,19,15,8,25,49,97,58,50,21.5,21.5,24.3,24.3,6,30.0
1214.854,12,12,30,55,-3.4000000953674316,-1.899999976158142,0.04000000283122063,0.15000000596046448,37,19,15,8,25,49,97,58,50,21.5,21.5,24.3,24.3,6,30.0
1215.344,12,12,30,55,-3.4000000953674316,-1.899999976158142,0.04000000283122063,0.15000000596046448,37,19,15,8,25,49,97,58,50,21.5,21.5,24.3,24.3,6,30.0
1215.844,12,12,30,55,-3.4000000953674316,-1.899999976158142,0.04000000283122063,0.15000000596046448,37,19,15,8,25,49,97,58,50,21.5,21.5,24.3,24.3,6,30.0
1216.345,12,12,30,55,-3.4000000953674316,-1.899999976158142,0.04000000283122063,0.15000000596046448,37,19,15,8,25,49,97,58,50,21.5,21.5,24.3,24.3,6,30.0
1216.841,12,12,30,55,-3.4000000953674316,-1.899999976158142,0.04000000283122063,0.15000000596046448,37,19,15,8,25,49,97,58,50,21.5,21.5,24.3,24.3,6,30.0
1217.333,12,12,30,55,-3.4000000953674316,-1.899999976158142,0.04000000283122063,0.15000000596046448,37,19,15,8,25,49,97,58,50,21.5,21.5,24.3,24.3,6,30.0
1217.845,12,12,30,55,-3.4000000953674316,-1.899999976158142,0.04000000283122063,0.15000000596046448,37,19,15,8,25,49,97,58,50,21.5,21.5,24.3,24.3,6,30.0
1218.356,12,12,30,55,-3.4000000953674316,-1.899999976158142,0.04000000283122063,0.15000000596046448,37,19,15,8,25,49,97,58,50,21.5,21.5,24.3,24.3,6,30.0
1218.843,12,12,30,55,-3.4000000953674316,-1.899999976158142,0.04000000283122063,0.15000000596046448,37,19,15,8,25,49,97,58,50,21.5,21.5,24.3,24.3,6,30.0
1219.343,12,12,30,55,-3.4000000953674316,-1.899999976158142,0.04000000283122063,0.15000000596046448,37,19,15,8,25,49,97,58,50,21.5,21.5,24.3,24.3,6,30.0
1219.856,12,12,30,55,-3.4000000953674316,-1.899999976158142,0.04000000283122063,0.15000000596046448,37,19,15,8,25,49,97,58,50,21.5,21.5,24.3,24.3,6,30.0
1220.336,12,12,30,55,-3.4000000953674316,-1.899999976158142,0.04000000283122063,0.15000000596046448,37,19,15,8,25,49,97,58,50,21.5,21.5,24.3,24.3,6,30.0
1220.852,12,12,30,55,-3.4000000953674316,-1.899999976158142,0.04000000283122063,0.15000000596046448,37,19,15,8,25,49,97,58,50,21.5,21.5,24.3,24.3,6,30.0
1221.34,12,12,30,55,-3.4000000953674316,-1.899999976158142,0.04000000283122063,0.15000000596046448,37,19,15,8,25,49,97,58,50,21.5,21.5,24.3,24.3,6,30.0
1221.846,12,12,30,55,-3.4000000953674316,-1.899999976158142,0.04000000283122063,0.15000000596046448,37,19,15,8,25,49,97,58,50,21.5,21.5,24.3,24.3,6,30.0
1222.34,12,12,30,55,-3.4000000953674316,-1.899999976158142,0.04000000283122063,0.15000000596046448,37,19,15,8,25,49,97,58,50,21.5,21.5,24.3,24.3,6,30.0
1222.855,12,12,30,55,-3.4000000953674316,-1.899999976158142,0.04000000283122063,0.15000000596046448,37,19,15,8,25,49,97,58,50,21.5,21.5,24.3,24.3,6,30.0
1223.339,12,12,30,55,-3.4000000953674316,-1.899999976158142,0.04000000283122063,0.15000000596046448,37,19,15,8,25,49,97,58,50,21.5,21.5,24.3,24.3,6,30.0
1223.84,12,12,30,55,-3.4000000953674316,-1.899999976158142,0.04000000283122063,0.15000000596046448,37,19,15,8,25,49,97,58,50,21.5,21.5,24.3,24.3,6,30.0
1224.338,12,12,30,55,-3.4000000953674316,-1.899999976158142,0.04000000283122063,0.15000000596046448,37,19,15,8,25,49,97,58,50,21.5,21.5,24.3,24.3,6,30.0
1224.844,12,12,30,55,-3.4000000953674316,-1.899999976158142,0.04000000283122063,0.15000000596046448,37,19,15,8,25,49,97,58,50,21.5,21.5,24.3,24.3,6,30.0
1225.334,12,12,30,55,-3.4000000953674316,-1.899999976158142,0.04000000283122063,0.15000000596046448,37,19,15,8,25,49,97,58,50,21.5,21.5,24.3,24.3,6,30.0
1225.848,12,12,30,55,-3.4000000953674316,-1.899999976158142,0.04000000283122063,0.15000000596046448,37,19,15,8,25,49,97,58,50,21.5,21.5,24.3,24.3,6,30.0
1226.333,12,12,30,55,-3.4000000953674316,-1.899999976158142,0.04000000283122063,0.15000000596046448,37,19,15,8,25,49,97,58,50,21.5,21.5,24.3,24.3,6,30.0
1226.84,12,12,30,55,-3.4000000953674316,-1.899999976158142,0.04000000283122063,0.15000000596046448,37,19,15,8,25,49,97,58,50,21.5,21.5,24.3,24.3,6,30.0
1227.351,12,12,30,55,-3.4000000953674316,-1.899999976158142,0.04000000283122063,0.15000000596046448,37,19,15,8,25,49,97,58,50,21.5,21.5,24.3,24.3,6,30.0
1227.847,12,12,30,55,-3.4000000953674316,-1.899999976158142,0.04000000283122063,0.15000000596046448,37,19,15,8,25,49,97,58,50,21.5,21.5,24.3,24.3,6,30.0
1228.339,12,12,30,55,-3.4000000953674316,-1.899999976158142,0.04000000283122063,0.15000000596046448,37,19,15,8,25,49,97,58,50,21.5,21.5,24.3,24.3,6,30.0
1228.843,12,12,30,55,-3.4000000953674316,-1.899999976158142,0.04000000283122063,0.15000000596046448,37,19,15,8,25,49,97,58,50,21.5,21.5,24.3,24.3,6,30.0
1229.356,12,12,30,55,-3.4000000953674316,-1.899999976158142,0.04000000283122063,0.15000000596046448,37,19,15,8,25,49,97,58,50,21.5,21.5,24.3,24.3,6,30.0
1229.856,12,12,30,55,-3.4000000953674316,-1.899999976158142,0.04000000283122063,0.15000000596046448,37,19,15,8,25,49,97,58,50,21.5,21.5,24.3,24.3,6,30.0
1230.333,12,12,30,55,-3.4000000953674316,-1.899999976158142,0.04000000283122063,0.15000000596046448,37,19,15,8,25,49,97,58,50,21.5,21.5,24.3,24.3,6,30.0
1230.847,12,12,30,55,-3.4000000953674316,-1.899999976158142,0.04000000283122063,0.15000000596046448,37,19,15,8,25,49,97,58,50,21.5,21.5,24.3,24.3,6,30.0
1231.344,12,12,30,55,-3.4000000953674316,-1.899999976158142,0.04000000283122063,0.15000000596046448,37,19,15,8,25,49,97,58,50,21.5,21.5,24.3,24.3,6,30.0
1231.839,12,12,30,55,-3.4000000953674316,-1.899999976158142,0.04000000283122063,0.15000000596046448,37,19,15,8,25,49,97,58,50,21.5,21.5,24.3,24.3,6,30.0
1232.343,12,12,30,55,-3.4000000953674316,-1.899999976158142,0.04000000283122063,0.15000000596046448,37,19,15,8,25,49,97,58,50,21.5,21.5,24.3,24.3,6,30.0
1232.844,12,12,30,55,-3.4000000953674316,-1.899999976158142,0.04000000283122063,0.15000000596046448,37,19,15,8,25,49,97,58,50,21.5,21.5,24.3,24.3,6,30.0
1233.355,12,12,30,55,-3.4000000953674316,-1.899999976158142,0.04000000283122063,0.15000000596046448,37,19,15,8,25,49,97,58,50,21.5,21.5,24.3,24.3,6,30.0
1233.843,12,12,30,55,-3.4000000953674316,-1.899999976158142,0.04000000283122063,0.15000000596046448,37,19,15,8,25,49,97,58,50,21.5,21.5,24.3,24.3,6,30.0
1234.352,12,12,30,55,-3.4000000953674316,-1.899999976158142,0.04000000283122063,0.15000000596046448,37,19,15,8,25,49,97,58,50,21.5,21.5,24.3,24.3,6,30.0
1234.839,12,12,30,55,-3.4000000953674316,-1.899999976158142,0.04000000283122063,0.15000000596046448,37,19,15,8,25,49,97,58,50,21.5,21.5,24.3,24.3,6,30.0
1235.342,12,12,30,55,-3.4000000953674316,-1.899999976158142,0.04000000283122063,0.15000000596046448,37,19,15,8,25,49,97,58,50,21.5,21.5,24.3,24.3,6,30.0
1235.835,12,12,30,55,-3.4000000953674316,-1.899999976158142,0.04000000283122063,0.15000000596046448,37,19,15,8,25,49,97,58,50,21.5,21.5,24.3,24.3,6,30.0
1236.344,12,12,30,55,-3.4000000953674316,-1.899999976158142,0.04000000283122063,0.15000000596046448,37,19,15,8,25,49,97,58,50,21.5,21.5,24.3,24.3,6,30.0
1236.846,12,12,30,55,-3.4000000953674316,-1.899999976158142,0.04000000283122063,0.15000000596046448,37,19,15,8,25,49,97,58,50,21.5,21.5,24.3,24.3,6,30.0
1237.336,12,12,30,55,-3.4000000953674316,-1.899999976158142,0.04000000283122063,0.15000000596046448,37,19,15,8,25,49,97,58,50,21.5,21.5,24.3,24.3,6,30.0
1237.834,12,12,30,55,-3.4000000953674316,-1.899999976158142,0.04000000283122063,0.15000000596046448,37,19,15,8,25,49,97,58,50,21.5,21.5,24.3,24.3,6,30.0
1238.351,12,12,30,55,-3.4000000953674316,-1.899999976158142,0.04000000283122063,0.15000000596046448,37,19,15,8,25,49,97,58,50,21.5,21.5,24.3,24.3,6,30.0
1238.841,12,12,30,55,-3.4000000953674316,-1.899999976158142,0.04000000283122063,0.15000000596046448,37,19,15,8,25,49,97,58,50,21.5,21.5,24.3,24.3,6,30.0
1239.348,12,12,30,55,-3.4000000953674316,-1.899999976158142,0.04000000283122063,0.15000000596046448,37,19,15,8,25,49,97,58,50,21.5,21.5,24.3,24.3,6,30.0
1239.835,12,12,30,55,-3.4000000953674316,-1.899999976158142,0.04000000283122063,0.15000000596046448,37,19,15,8,25,49,97,58,50,21.5,21.5,24.3,24.3,6,30.0
1240.338,12,12,30,55,-3.4000000953674316,-1.899999976158142,0.04000000283122063,0.15000000596046448,37,19,15,8,25,49,97,58,50,21.5,21.5,24.3,24.3,6,30.0
1240.837,12,12,30,55,-3.4000000953674316,-1.899999976158142,0.04000000283122063,0.15000000596046448,37,19,15,8,25,49,97,58,50,21.5,21.5,24.3,24.3,6,30.0
1241.341,12,12,30,55,-3.4000000953674316,-1.899999976158142,0.04000000283122063,0.15000000596046448,37,19,15,8,25,49,97,58,50,21.5,21.5,24.3,24.3,6,30.0
1241.848,12,12,30,55,-3.4000000953674316,-1.899999976158142,0.04000000283122063,0.15000000596046448,37,19,15,8,25,49,97,58,50,21.5,21.5,24.3,24.3,6,30.0
1242.341,12,12,30,55,-3.4000000953674316,-1.899999976158142,0.04000000283122063,0.15000000596046448,37,19,15,8,25,49,97,58,50,21.5,21.5,24.3,24.3,6,30.0
1242.838,12,12,30,55,-3.4000000953674316,-1.899999976158142,0.04000000283122063,0.15000000596046448,37,19,15,8,25,49,97,58,50,21.5,21.5,24.3,24.3,6,30.0
1243.333,12,12,30,55,-3.4000000953674316,-1.899999976158142,0.04000000283122063,0.15000000596046448,37,19,15,8,25,49,97,58,50,21.5,21.5,24.3,24.3,6,30.0
1243.852,12,12,30,55,-3.4000000953674316,-1.899999976158142,0.04000000283122063,0.15000000596046448,37,19,15,8,25,49,97,58,50,21.5,21.5,24.3,24.3,6,30.0
1244.333,12,12,30,55,-3.4000000953674316,-1.899999976158142,0.04000000283122063,0.15000000596046448,37,19,15,8,25,49,97,58,50,21.5,21.5,24.3,24.3,6,30.0
1244.839,12,12,30,55,-3.4000000953674316,-1.899999976158142,0.04000000283122063,0.15000000596046448,37,19,15,8,25,49,97,58,50,21.5,21.5,24.3,24.3,6,30.0
1245.352,12,12,30,55,-3.4000000953674316,-1.899999976158142,0.04000000283122063,0.15000000596046448,37,19,15,8,25,49,97,58,50,21.5,21.5,24.3,24.3,6,30.0
1245.837,12,12,30,55,-3.4000000953674316,-1.899999976158142,0.04000000283122063,0.15000000596046448,37,19,15,8,25,49,97,58,50,21.5,21.5,24.3,24.3,6,30.0
1246.35,12,12,30,55,-3.4000000953674316,-1.899999976158142,0.04000000283122063,0.15000000596046448,37,19,15,8,25,49,97,58,50,21.5,21.5,24.3,24.3,6,30.0
1246.852,12,12,30,55,-3.4000000953674316,-1.899999976158142,0.04000000283122063,0.15000000596046448,37,19,15,8,25,49,97,58,50,21.5,21.5,24.3,24.3,6,30.0
1247.349,12,12,30,55,-3.4000000953674316,-1.899999976158142,0.04000000283122063,0.15000000596046448,37,19,15,8,25,49,97,58,50,21.5,21.5,24.3,24.3,6,30.0
1247.846,12,12,30,55,-3.4000000953674316,-1.899999976158142,0.04000000283122063,0.15000000596046448,37,19,15,8,25,49,97,58,50,21.5,21.5,24.3,24.3,6,30.0
1248.354,12,12,30,55,-3.4000000953674316,-1.899999976158142,0.04000000283122063,0.15000000596046448,37,19,15,8,25,49,97,58,50,21.5,21.5,24.3,24.3,6,30.0
1248.833,12,12,30,55,-3.4000000953674316,-1.899999976158142,0.04000000283122063,0.15000000596046448,37,19,15,8,25,49,97,58,50,21.5,21.5,24.3,24.3,6,30.0
1249.356,12,12,30,55,-3.4000000953674316,-1.899999976158142,0.04000000283122063,0.15000000596046448,37,19,15,8,25,49,97,58,50,21.5,21.5,24.3,24.3,6,30.0
1249.835,12,12,30,55,-3.4000000953674316,-1.899999976158142,0.04000000283122063,0.15000000596046448,37,19,15,8,25,49,97,58,50,21.5,21.5,24.3,24.3,6,30.0
1250.344,12,12,30,55,-3.4000000953674316,-1.899999976158142,0.04000000283122063,0.15000000596046448,37,19,15,8,25,49,97,58,50,21.5,21.5,24.3,24.3,6,30.0
1250.842,12,12,30,55,-3.4000000953674316,-1.899999976158142,0.04000000283122063,0.15000000596046448,37,19,15,8,25,49,97,58,50,21.5,21.5,24.3,24.3,6,30.0
1251.351,12,12,30,55,-3.4000000953674316,-1.899999976158142,0.04000000283122063,0.15000000596046448,37,19,15,8,25,49,97,58,50,21.5,21.5,24.3,24.3,6,30.0
1251.849,12,12,30,55,-3.4000000953674316,-1.899999976158142,0.04000000283122063,0.15000000596046448,37,19,15,8,25,49,97,58,50,21.5,21.5,24.3,24.3,6,30.0
1252.358,12,12,30,55,-3.4000000953674316,-1.899999976158142,0.04000000283122063,0.15000000596046448,37,19,15,8,25,49,97,58,50,21.5,21.5,24.3,24.3,6,30.0
1252.838,12,12,30,55,-3.4000000953674316,-1.899999976158142,0.04000000283122063,0.15000000596046448,37,19,15,8,25,49,97,58,50,21.5,21.5,24.3,24.3,6,30.0
1253.354,12,12,30,55,-3.4000000953674316,-1.899999976158142,0.04000000283122063,0.15000000596046448,37,19,15,8,25,49,97,58,50,21.5,21.5,24.3,24.3,6,30.0
1253.845,12,12,30,55,-3.4000000953674316,-1.899999976158142,0.04000000283122063,0.15000000596046448,37,19,15,8,25,49,97,58,50,21.5,21.5,24.3,24.3,6,30.0
1254.356,12,12,30,55,-3.4000000953674316,-1.899999976158142,0.04000000283122063,0.15000000596046448,37,19,15,8,25,49,97,58,50,21.5,21.5,24.3,24.3,6,30.0
1254.849,12,12,30,55,-3.4000000953674316,-1.899999976158142,0.04000000283122063,0.15000000596046448,37,19,15,8,25,49,97,58,50,21.5,21.5,24.3,24.3,6,30.0
1255.348,12,12,30,55,-3.4000000953674316,-1.899999976158142,0.04000000283122063,0.15000000596046448,37,19,15,8,25,49,97,58,50,21.5,21.5,24.3,24.3,6,30.0
1255.833,12,12,30,55,-3.4000000953674316,-1.899999976158142,0.04000000283122063,0.15000000596046448,37,19,15,8,25,49,97,58,50,21.5,21.5,24.3,24.3,6,30.0
1256.349,12,12,30,55,-3.4000000953674316,-1.899999976158142,0.04000000283122063,0.15000000596046448,37,19,15,8,25,49,97,58,50,21.5,21.5,24.3,24.3,6,30.0
1256.836,12,12,30,55,-3.4000000953674316,-1.899999976158142,0.04000000283122063,0.15000000596046448,37,19,15,8,25,49,97,58,50,21.5,21.5,24.3,24.3,6,30.0
1257.357,12,12,30,55,-3.4000000953674316,-1.899999976158142,0.04000000283122063,0.15000000596046448,37,19,15,8,25,49,97,58,50,21.5,21.5,24.3,24.3,6,30.0
1257.849,12,12,30,55,-3.4000000953674316,-1.899999976158142,0.04000000283122063,0.15000000596046448,37,19,15,8,25,49,97,58,50,21.5,21.5,24.3,24.3,6,30.0
1258.339,12,12,30,55,-3.4000000953674316,-1.899999976158142,0.04000000283122063,0.15000000596046448,37,19,15,8,25,49,97,58,50,21.5,21.5,24.3,24.3,6,30.0
1258.842,12,12,30,55,-3.4000000953674316,-1.899999976158142,0.04000000283122063,0.15000000596046448,37,19,15,8,25,49,97,58,50,21.5,21.5,24.3,24.3,6,30.0
1259.354,12,12,30,55,-3.4000000953674316,-1.899999976158142,0.04000000283122063,0.15000000596046448,37,19,15,8,25,49,97,58,50,21.5,21.5,24.3,24.3,6,30.0
1259.851,12,12,30,55,-3.4000000953674316,-1.899999976158142,0.04000000283122063,0.15000000596046448,37,19,15,8,25,49,97,58,50,21.5,21.5,24.3,24.3,6,30.0
1260.346,12,12,30,55,-3.4000000953674316,-1.899999976158142,0.04000000283122063,0.15000000596046448,37,19,15,8,25,49,97,58,50,21.5,21.5,24.3,24.3,6,30.0
1260.835,12,12,30,55,-3.4000000953674316,-1.899999976158142,0.04000000283122063,0.15000000596046448,37,19,15,8,25,49,97,58,50,21.5,21.5,24.3,24.3,6,30.0
1261.35,12,12,30,55,-3.4000000953674316,-1.899999976158142,0.04000000283122063,0.15000000596046448,37,19,15,8,25,49,97,58,50,21.5,21.5,24.3,24.3,6,30.0
1261.856,12,12,30,55,-3.4000000953674316,-1.899999976158142,0.04000000283122063,0.15000000596046448,37,19,15,8,25,49,97,58,50,21.5,21.5,24.3,24.3,6,30.0
1262.356,12,12,30,55,-3.4000000953674316,-1.899999976158142,0.04000000283122063,0.15000000596046448,37,19,15,8,25,49,97,58,50,21.5,21.5,24.3,24.3,6,30.0
1262.847,12,12,30,55,-3.4000000953674316,-1.899999976158142,0.04000000283122063,0.15000000596046448,37,19,15,8,25,49,97,58,50,21.5,21.5,24.3,24.3,6,30.0
1263.335,12,12,30,55,-3.4000000953674316,-1.899999976158142,0.04000000283122063,0.15000000596046448,37,19,15,8,25,49,97,58,50,21.5,21.5,24.3,24.3,6,30.0
1263.843,12,12,30,55,-3.4000000953674316,-1.899999976158142,0.04000000283122063,0.15000000596046448,37,19,15,8,25,49,97,58,50,21.5,21.5,24.3,24.3,6,30.0
1264.347,12,12,30,55,-3.4000000953674316,-1.899999976158142,0.04000000283122063,0.15000000596046448,37,19,15,8,25,49,97,58,50,21.5,21.5,24.3,24.3,6,30.0
1264.845,12,12,30,55,-3.4000000953674316,-1.899999976158142,0.04000000283122063,0.15000000596046448,37,19,15,8,25,49,97,58,50,21.5,21.5,24.3,24.3,6,30.0
1265.336,12,12,30,55,-3.4000000953674316,-1.899999976158142,0.04000000283122063,0.15000000596046448,37,19,15,8,25,49,97,58,50,21.5,21.5,24.3,24.3,6,30.0
1265.856,12,12,30,55,-3.4000000953674316,-1.899999976158142,0.04000000283122063,0.15000000596046448,37,19,15,8,25,49,97,58,50,21.5,21.5,24.3,24.3,6,30.0
1266.34,12,12,30,55,-3.4000000953674316,-1.899999976158142,0.04000000283122063,0.15000000596046448,37,19,15,8,25,49,97,58,50,21.5,21.5,24.3,24.3,6,30.0
1266.841,12,12,30,55,-3.4000000953674316,-1.899999976158142,0.04000000283122063,0.15000000596046448,37,19,15,8,25,49,97,58,50,21.5,21.5,24.3,24.3,6,30.0
1267.335,12,12,30,55,-3.4000000953674316,-1.899999976158142,0.04000000283122063,0.15000000596046448,37,19,15,8,25,49,97,58,50,21.5,21.5,24.3,24.3,6,30.0
1267.84,12,12,30,55,-3.4000000953674316,-1.899999976158142,0.04000000283122063,0.15000000596046448,37,19,15,8,25,49,97,58,50,21.5,21.5,24.3,24.3,6,30.0
1268.343,12,12,30,55,-3.4000000953674316,-1.899999976158142,0.04000000283122063,0.15000000596046448,37,19,15,8,25,49,97,58,50,21.5,21.5,24.3,24.3,6,30.0
1268.847,12,12,30,55,-3.4000000953674316,-1.899999976158142,0.04000000283122063,0.15000000596046448,37,19,15,8,25,49,97,58,50,21.5,21.5,24.3,24.3,6,30.0
1269.353,12,12,30,55,-3.4000000953674316,-1.899999976158142,0.04000000283122063,0.15000000596046448,37,19,15,8,25,49,97,58,50,21.5,21.5,24.3,24.3,6,30.0
1269.855,12,12,30,55,-3.4000000953674316,-1.899999976158142,0.04000000283122063,0.15000000596046448,37,19,15,8,25,49,97,58,50,21.5,21.5,24.3,24.3,6,30.0
1270.351,12,12,30,55,-3.4000000953674316,-1.899999976158142,0.04000000283122063,0.15000000596046448,37,19,15,8,25,49,97,58,50,21.5,21.5,24.3,24.3,6,30.0
1270.847,12,12,30,55,-3.4000000953674316,-1.899999976158142,0.04000000283122063,0.15000000596046448,37,19,15,8,25,49,97,58,50,21.5,21.5,24.3,24.3,6,30.0
1271.334,12,12,30,55,-3.4000000953674316,-1.899999976158142,0.04000000283122063,0.15000000596046448,37,19,15,8,25,49,97,58,50,21.5,21.5,24.3,24.3,6,30.0
1271.84,12,12,30,55,-3.4000000953674316,-1.899999976158142,0.04000000283122063,0.15000000596046448,37,19,15,8,25,49,97,58,50,21.5,21.5,24.3,24.3,6,30.0
1272.342,12,12,30,55,-3.4000000953674316,-1.899999976158142,0.04000000283122063,0.15000000596046448,37,19,15,8,25,49,97,58,50,21.5,21.5,24.3,24.3,6,30.0
1272.855,12,12,30,55,-3.4000000953674316,-1.899999976158142,0.04000000283122063,0.15000000596046448,37,19,15,8,25,49,97,58,50,21.5,21.5,24.3,24.3,6,30.0
1273.354,12,12,30,55,-3.4000000953674316,-1.899999976158142,0.04000000283122063,0.15000000596046448,37,19,15,8,25,49,97,58,50,21.5,21.5,24.3,24.3,6,30.0
1273.833,12,12,30,55,-3.4000000953674316,-1.899999976158142,0.04000000283122063,0.15000000596046448,37,19,15,8,25,49,97,58,50,21.5,21.5,24.3,24.3,6,30.0
1274.342,12,12,30,55,-3.4000000953674316,-1.899999976158142,0.04000000283122063,0.15000000596046448,37,19,15,8,25,49,97,58,50,21.5,21.5,24.3,24.3,6,30.0
1274.843,12,12,30,55,-3.4000000953674316,-1.899999976158142,0.04000000283122063,0.15000000596046448,37,19,15,8,25,49,97,58,50,21.5,21.5,24.3,24.3,6,30.0
1275.348,12,12,30,55,-3.4000000953674316,-1.899999976158142,0.04000000283122063,0.15000000596046448,37,19,15,8,25,49,97,58,50,21.5,21.5,24.3,24.3,6,30.0
1275.856,12,12,30,55,-3.4000000953674316,-1.899999976158142,0.04000000283122063,0.15000000596046448,37,19,15,8,25,49,97,58,50,21.5,21.5,24.3,24.3,6,30.0
1276.346,12,12,30,55,-3.4000000953674316,-1.899999976158142,0.04000000283122063,0.15000000596046448,37,19,15,8,25,49,97,58,50,21.5,21.5,24.3,24.3,6,30.0
1276.857,12,12,30,55,-3.4000000953674316,-1.899999976158142,0.04000000283122063,0.15000000596046448,37,19,15,8,25,49,97,58,50,21.5,21.5,24.3,24.3,6,30.0
1277.355,12,12,30,55,-3.4000000953674316,-1.899999976158142,0.04000000283122063,0.15000000596046448,37,19,15,8,25,49,97,58,50,21.5,21.5,24.3,24.3,6,30.0
1277.849,12,12,30,55,-3.4000000953674316,-1.899999976158142,0.04000000283122063,0.15000000596046448,37,19,15,8,25,49,97,58,50,21.5,21.5,24.3,24.3,6,30.0
1278.335,12,12,30,55,-3.4000000953674316,-1.899999976158142,0.04000000283122063,0.15000000596046448,37,19,15,8,25,49,97,58,50,21.5,21.5,24.3,24.3,6,30.0
1278.843,12,12,30,55,-3.4000000953674316,-1.899999976158142,0.04000000283122063,0.15000000596046448,37,19,15,8,25,49,97,58,50,21.5,21.5,24.3,24.3,6,30.0
1279.349,12,12,30,55,-3.4000000953674316,-1.899999976158142,0.04000000283122063,0.15000000596046448,37,19,15,8,25,49,97,58,50,21.5,21.5,24.3,24.3,6,30.0
1279.853,12,12,30,55,-3.4000000953674316,-1.899999976158142,0.04000000283122063,0.15000000596046448,37,19,15,8,25,49,97,58,50,21.5,21.5,24.3,24.3,6,30.0
1280.344,12,12,30,55,-3.4000000953674316,-1.899999976158142,0.04000000283122063,0.15000000596046448,37,19,15,8,25,49,97,58,50,21.5,21.5,24.3,24.3,6,30.0
1280.85,12,12,30,55,-3.4000000953674316,-1.899999976158142,0.04000000283122063,0.15000000596046448,37,19,15,8,25,49,97,58,50,21.5,21.5,24.3,24.3,6,30.0
1281.35,12,12,30,55,-3.4000000953674316,-1.899999976158142,0.04000000283122063,0.15000000596046448,37,19,15,8,25,49,97,58,50,21.5,21.5,24.3,24.3,6,30.0
1281.839,12,12,30,55,-3.4000000953674316,-1.899999976158142,0.04000000283122063,0.15000000596046448,37,19,15,8,25,49,97,58,50,21.5,21.5,24.3,24.3,6,30.0
1282.352,12,12,30,55,-3.4000000953674316,-1.899999976158142,0.04000000283122063,0.15000000596046448,37,19,15,8,25,49,97,58,50,21.5,21.5,24.3,24.3,6,30.0
1282.837,12,12,30,55,-3.4000000953674316,-1.899999976158142,0.04000000283122063,0.15000000596046448,37,19,15,8,25,49,97,58,50,21.5,21.5,24.3,24.3,6,30.0
1283.357,12,12,30,55,-3.4000000953674316,-1.899999976158142,0.04000000283122063,0.15000000596046448,37,19,15,8,25,49,97,58,50,21.5,21.5,24.3,24.3,6,30.0
1283.848,12,12,30,55,-3.4000000953674316,-1.899999976158142,0.04000000283122063,0.15000000596046448,37,19,15,8,25,49,97,58,50,21.5,21.5,24.3,24.3,6,30.0
1284.343,12,12,30,55,-3.4000000953674316,-1.899999976158142,0.04000000283122063,0.15000000596046448,37,19,15,8,25,49,97,58,50,21.5,21.5,24.3,24.3,6,30.0
1284.847,12,12,30,55,-3.4000000953674316,-1.899999976158142,0.04000000283122063,0.15000000596046448,37,19,15,8,25,49,97,58,50,21.5,21.5,24.3,24.3,6,30.0
1285.352,12,12,30,55,-3.4000000953674316,-1.899999976158142,0.04000000283122063,0.15000000596046448,37,19,15,8,25,49,97,58,50,21.5,21.5,24.3,24.3,6,30.0
1285.851,12,12,30,55,-3.4000000953674316,-1.899999976158142,0.04000000283122063,0.15000000596046448,37,19,15,8,25,49,97,58,50,21.5,21.5,24.3,24.3,6,30.0
1286.334,12,12,30,55,-3.4000000953674316,-1.899999976158142,0.04000000283122063,0.15000000596046448,37,19,15,8,25,49,97,58,50,21.5,21.5,24.3,24.3,6,30.0
1286.853,12,12,30,55,-3.4000000953674316,-1.899999976158142,0.04000000283122063,0.15000000596046448,37,19,15,8,25,49,97,58,50,21.5,21.5,24.3,24.3,6,30.0
1287.345,12,12,30,55,-3.4000000953674316,-1.899999976158142,0.04000000283122063,0.15000000596046448,37,19,15,8,25,49,97,58,50,21.5,21.5,24.3,24.3,6,30.0
1287.835,12,12,30,55,-3.4000000953674316,-1.899999976158142,0.04000000283122063,0.15000000596046448,37,19,15,8,25,49,97,58,50,21.5,21.5,24.3,24.3,6,30.0
1288.351,12,12,30,55,-3.4000000953674316,-1.899999976158142,0.04000000283122063,0.15000000596046448,37,19,15,8,25,49,97,58,50,21.5,21.5,24.3,24.3,6,30.0
1288.835,12,12,30,55,-3.4000000953674316,-1.899999976158142,0.04000000283122063,0.15000000596046448,37,19,15,8,25,49,97,58,50,21.5,21.5,24.3,24.3,6,30.0
1289.356,12,12,30,55,-3.4000000953674316,-1.899999976158142,0.04000000283122063,0.15000000596046448,37,19,15,8,25,49,97,58,50,21.5,21.5,24.3,24.3,6,30.0
1289.853,12,12,30,55,-3.4000000953674316,-1.899999976158142,0.04000000283122063,0.15000000596046448,37,19,15,8,25,49,97,58,50,21.5,21.5,24.3,24.3,6,30.0
1290.352,12,12,30,55,-3.4000000953674316,-1.899999976158142,0.04000000283122063,0.15000000596046448,37,19,15,8,25,49,97,58,50,21.5,21.5,24.3,24.3,6,30.0
1290.84,12,12,30,55,-3.4000000953674316,-1.899999976158142,0.04000000283122063,0.15000000596046448,37,19,15,8,25,49,97,58,50,21.5,21.5,24.3,24.3,6,30.0
1291.334,12,12,30,55,-3.4000000953674316,-1.899999976158142,0.04000000283122063,0.15000000596046448,37,19,15,8,25,49,97,58,50,21.5,21.5,24.3,24.3,6,30.0
1291.854,12,12,30,55,-3.4000000953674316,-1.899999976158142,0.04000000283122063,0.15000000596046448,37,19,15,8,25,49,97,58,50,21.5,21.5,24.3,24.3,6,30.0
1292.334,12,12,30,55,-3.4000000953674316,-1.899999976158142,0.04000000283122063,0.15000000596046448,37,19,15,8,25,49,97,58,50,21.5,21.5,24.3,24.3,6,30.0
1292.846,12,12,30,55,-3.4000000953674316,-1.899999976158142,0.04000000283122063,0.15000000596046448,37,19,15,8,25,49,97,58,50,21.5,21.5,24.3,24.3,6,30.0
1293.345,12,12,30,55,-3.4000000953674316,-1.899999976158142,0.04000000283122063,0.15000000596046448,37,19,15,8,25,49,97,58,50,21.5,21.5,24.3,24.3,6,30.0
1293.837,12,12,30,55,-3.4000000953674316,-1.899999976158142,0.04000000283122063,0.15000000596046448,37,19,15,8,25,49,97,58,50,21.5,21.5,24.3,24.3,6,30.0
1294.348,12,12,30,55,-3.4000000953674316,-1.899999976158142,0.04000000283122063,0.15000000596046448,37,19,15,8,25,49,97,58,50,21.5,21.5,24.3,24.3,6,30.0
1294.855,12,12,30,55,-3.4000000953674316,-1.899999976158142,0.04000000283122063,0.15000000596046448,37,19,15,8,25,49,97,58,50,21.5,21.5,24.3,24.3,6,30.0
1295.35,12,12,30,55,-3.4000000953674316,-1.899999976158142,0.04000000283122063,0.15000000596046448,37,19,15,8,25,49,97,58,50,21.5,21.5,24.3,24.3,6,30.0
1295.841,12,12,30,55,-3.4000000953674316,-1.899999976158142,0.04000000283122063,0.15000000596046448,37,19,15,8,25,49,97,58,50,21.5,21.5,24.3,24.3,6,30.0
1296.348,12,12,30,55,-3.4000000953674316,-1.899999976158142,0.04000000283122063,0.15000000596046448,37,19,15,8,25,49,97,58,50,21.5,21.5,24.3,24.3,6,30.0
1296.839,12,12,30,55,-3.4000000953674316,-1.899999976158142,0.04000000283122063,0.15000000596046448,37,19,15,8,25,49,97,58,50,21.5,21.5,24.3,24.3,6,30.0
1297.353,12,12,30,55,-3.4000000953674316,-1.899999976158142,0.04000000283122063,0.15000000596046448,37,19,15,8,25,49,97,58,50,21.5,21.5,24.3,24.3,6,30.0
1297.835,12,12,30,55,-3.4000000953674316,-1.899999976158142,0.04000000283122063,0.15000000596046448,37,19,15,8,25,49,97,58,50,21.5,21.5,24.3,24.3,6,30.0
1298.336,12,12,30,55,-3.4000000953674316,-1.899999976158142,0.04000000283122063,0.15000000596046448,37,19,15,8,25,49,97,58,50,21.5,21.5,24.3,24.3,6,30.0
1298.842,12,12,30,55,-3.4000000953674316,-1.899999976158142,0.04000000283122063,0.15000000596046448,37,19,15,8,25,49,97,58,50,21.5,21.5,24.3,24.3,6,30.0
1299.356,12,12,30,55,-3.4000000953674316,-1.899999976158142,0.04000000283122063,0.15000000596046448,37,19,15,8,25,49,97,58,50,21.5,21.5,24.3,24.3,6,30.0
1299.848,12,12,30,55,-3.4000000953674316,-1.899999976158142,0.04000000283122063,0.15000000596046448,37,19,15,8,25,49,97,58,50,21.5,21.5,24.3,24.3,6,30.0
1300.352,12,12,30,55,-3.4000000953674316,-1.899999976158142,0.04000000283122063,0.15000000596046448,37,19,15,8,25,49,97,58,50,21.5,21.5,24.3,24.3,6,30.0
1300.852,12,12,30,55,-3.4000000953674316,-1.899999976158142,0.04000000283122063,0.15000000596046448,37,19,15,8,25,49,97,58,50,21.5,21.5,24.3,24.3,6,30.0
1301.333,12,12,30,55,-3.4000000953674316,-1.899999976158142,0.04000000283122063,0.15000000596046448,37,19,15,8,25,49,97,58,50,21.5,21.5,24.3,24.3,6,30.0
1301.856,12,12,30,55,-3.4000000953674316,-1.899999976158142,0.04000000283122063,0.15000000596046448,37,19,15,8,25,49,97,58,50,21.5,21.5,24.3,24.3,6,30.0
1302.342,12,12,30,55,-3.4000000953674316,-1.899999976158142,0.04000000283122063,0.15000000596046448,37,19,15,8,25,49,97,58,50,21.5,21.5,24.3,24.3,6,30.0
1302.845,12,12,30,55,-3.4000000953674316,-1.899999976158142,0.04000000283122063,0.15000000596046448,37,19,15,8,25,49,97,58,50,21.5,21.5,24.3,24.3,6,30.0
1303.35,12,12,30,55,-3.4000000953674316,-1.899999976158142,0.04000000283122063,0.15000000596046448,37,19,15,8,25,49,97,58,50,21.5,21.5,24.3,24.3,6,30.0
1303.837,12,12,30,55,-3.4000000953674316,-1.899999976158142,0.04000000283122063,0.15000000596046448,37,19,15,8,25,49,97,58,50,21.5,21.5,24.3,24.3,6,30.0
1304.339,12,12,30,55,-3.4000000953674316,-1.899999976158142,0.04000000283122063,0.15000000596046448,37,19,15,8,25,49,97,58,50,21.5,21.5,24.3,24.3,6,30.0
1304.853,12,12,30,55,-3.4000000953674316,-1.899999976158142,0.04000000283122063,0.15000000596046448,37,19,15,8,25,49,97,58,50,21.5,21.5,24.3,24.3,6,30.0
1305.346,12,12,30,55,-3.4000000953674316,-1.899999976158142,0.04000000283122063,0.15000000596046448,37,19,15,8,25,49,97,58,50,21.5,21.5,24.3,24.3,6,30.0
1305.842,12,12,30,55,-3.4000000953674316,-1.899999976158142,0.04000000283122063,0.15000000596046448,37,19,15,8,25,49,97,58,50,21.5,21.5,24.3,24.3,6,30.0
1306.341,12,12,30,55,-3.4000000953674316,-1.899999976158142,0.04000000283122063,0.15000000596046448,37,19,15,8,25,49,97,58,50,21.5,21.5,24.3,24.3,6,30.0
1306.844,12,12,30,55,-3.4000000953674316,-1.899999976158142,0.04000000283122063,0.15000000596046448,37,19,15,8,25,49,97,58,50,21.5,21.5,24.3,24.3,6,30.0
1307.338,12,12,30,55,-3.4000000953674316,-1.899999976158142,0.04000000283122063,0.15000000596046448,37,19,15,8,25,49,97,58,50,21.5,21.5,24.3,24.3,6,30.0
1307.852,12,12,30,55,-3.4000000953674316,-1.899999976158142,0.04000000283122063,0.15000000596046448,37,19,15,8,25,49,97,58,50,21.5,21.5,24.3,24.3,6,30.0
1308.338,12,12,30,55,-3.4000000953674316,-1.899999976158142,0.04000000283122063,0.15000000596046448,37,19,15,8,25,49,97,58,50,21.5,21.5,24.3,24.3,6,30.0
1308.853,12,12,30,55,-3.4000000953674316,-1.899999976158142,0.04000000283122063,0.15000000596046448,37,19,15,8,25,49,97,58,50,21.5,21.5,24.3,24.3,6,30.0
1309.338,12,12,30,55,-3.4000000953674316,-1.899999976158142,0.04000000283122063,0.15000000596046448,37,19,15,8,25,49,97,58,50,21.5,21.5,24.3,24.3,6,30.0
1309.842,12,12,30,55,-3.4000000953674316,-1.899999976158142,0.04000000283122063,0.15000000596046448,37,19,15,8,25,49,97,58,50,21.5,21.5,24.3,24.3,6,30.0
1310.337,12,12,30,55,-3.4000000953674316,-1.899999976158142,0.04000000283122063,0.15000000596046448,37,19,15,8,25,49,97,58,50,21.5,21.5,24.3,24.3,6,30.0
1310.835,12,12,30,55,-3.4000000953674316,-1.899999976158142,0.04000000283122063,0.15000000596046448,37,19,15,8,25,49,97,58,50,21.5,21.5,24.3,24.3,6,30.0
1311.335,12,12,30,55,-3.4000000953674316,-1.899999976158142,0.04000000283122063,0.15000000596046448,37,19,15,8,25,49,97,58,50,21.5,21.5,24.3,24.3,6,30.0
1311.854,12,12,30,55,-3.4000000953674316,-1.899999976158142,0.04000000283122063,0.15000000596046448,37,19,15,8,25,49,97,58,50,21.5,21.5,24.3,24.3,6,30.0
1312.342,12,12,30,55,-3.4000000953674316,-1.899999976158142,0.04000000283122063,0.15000000596046448,37,19,15,8,25,49,97,58,50,21.5,21.5,24.3,24.3,6,30.0
1312.842,12,12,30,55,-3.4000000953674316,-1.899999976158142,0.04000000283122063,0.15000000596046448,37,19,15,8,25,49,97,58,50,21.5,21.5,24.3,24.3,6,30.0
1313.336,12,12,30,55,-3.4000000953674316,-1.899999976158142,0.04000000283122063,0.15000000596046448,37,19,15,8,25,49,97,58,50,21.5,21.5,24.3,24.3,6,30.0
1313.85,12,12,30,55,-3.4000000953674316,-1.899999976158142,0.04000000283122063,0.15000000596046448,37,19,15,8,25,49,97,58,50,21.5,21.5,24.3,24.3,6,30.0
1314.344,12,12,30,55,-3.4000000953674316,-1.899999976158142,0.04000000283122063,0.15000000596046448,37,19,15,8,25,49,97,58,50,21.5,21.5,24.3,24.3,6,30.0
1314.834,12,12,30,55,-3.4000000953674316,-1.899999976158142,0.04000000283122063,0.15000000596046448,37,19,15,8,25,49,97,58,50,21.5,21.5,24.3,24.3,6,30.0
1315.348,12,12,30,55,-3.4000000953674316,-1.899999976158142,0.04000000283122063,0.15000000596046448,37,19,15,8,25,49,97,58,50,21.5,21.5,24.3,24.3,6,30.0
1315.843,12,12,30,55,-3.4000000953674316,-1.899999976158142,0.04000000283122063,0.15000000596046448,37,19,15,8,25,49,97,58,50,21.5,21.5,24.3,24.3,6,30.0
1316.335,12,12,30,55,-3.4000000953674316,-1.899999976158142,0.04000000283122063,0.15000000596046448,37,19,15,8,25,49,97,58,50,21.5,21.5,24.3,24.3,6,30.0
1316.834,12,12,30,55,-3.4000000953674316,-1.899999976158142,0.04000000283122063,0.15000000596046448,37,19,15,8,25,49,97,58,50,21.5,21.5,24.3,24.3,6,30.0
1317.353,12,12,30,55,-3.4000000953674316,-1.899999976158142,0.04000000283122063,0.15000000596046448,37,19,15,8,25,49,97,58,50,21.5,21.5,24.3,24.3,6,30.0
1317.843,12,12,30,55,-3.4000000953674316,-1.899999976158142,0.04000000283122063,0.15000000596046448,37,19,15,8,25,49,97,58,50,21.5,21.5,24.3,24.3,6,30.0
1318.35,12,12,30,55,-3.4000000953674316,-1.899999976158142,0.04000000283122063,0.15000000596046448,37,19,15,8,25,49,97,58,50,21.5,21.5,24.3,24.3,6,30.0
1318.846,12,12,30,55,-3.4000000953674316,-1.899999976158142,0.04000000283122063,0.15000000596046448,37,19,15,8,25,49,97,58,50,21.5,21.5,24.3,24.3,6,30.0
1319.351,12,12,30,55,-3.4000000953674316,-1.899999976158142,0.04000000283122063,0.15000000596046448,37,19,15,8,25,49,97,58,50,21.5,21.5,24.3,24.3,6,30.0
1319.847,12,12,30,55,-3.4000000953674316,-1.899999976158142,0.04000000283122063,0.15000000596046448,37,19,15,8,25,49,97,58,50,21.5,21.5,24.3,24.3,6,30.0
1320.338,12,12,30,55,-3.4000000953674316,-1.899999976158142,0.04000000283122063,0.15000000596046448,37,19,15,8,25,49,97,58,50,21.5,21.5,24.3,24.3,6,30.0
1320.852,12,12,30,55,-3.4000000953674316,-1.899999976158142,0.04000000283122063,0.15000000596046448,37,19,15,8,25,49,97,58,50,21.5,21.5,24.3,24.3,6,30.0
1321.355,12,12,30,55,-3.4000000953674316,-1.899999976158142,0.04000000283122063,0.15000000596046448,37,19,15,8,25,49,97,58,50,21.5,21.5,24.3,24.3,6,30.0
1321.839,12,12,30,55,-3.4000000953674316,-1.899999976158142,0.04000000283122063,0.15000000596046448,37,19,15,8,25,49,97,58,50,21.5,21.5,24.3,24.3,6,30.0
1322.353,12,12,30,55,-3.4000000953674316,-1.899999976158142,0.04000000283122063,0.15000000596046448,37,19,15,8,25,49,97,58,50,21.5,21.5,24.3,24.3,6,30.0
1322.854,12,12,30,55,-3.4000000953674316,-1.899999976158142,0.04000000283122063,0.15000000596046448,37,19,15,8,25,49,97,58,50,21.5,21.5,24.3,24.3,6,30.0
1323.344,12,12,30,55,-3.4000000953674316,-1.899999976158142,0.04000000283122063,0.15000000596046448,37,19,15,8,25,49,97,58,50,21.5,21.5,24.3,24.3,6,30.0
1323.855,12,12,30,55,-3.4000000953674316,-1.899999976158142,0.04000000283122063,0.15000000596046448,37,19,15,8,25,49,97,58,50,21.5,21.5,24.3,24.3,6,30.0
1324.363,12,12,30,55,-3.4000000953674316,-1.899999976158142,0.04000000283122063,0.15000000596046448,37,19,15,8,25,49,97,58,50,21.5,21.5,24.3,24.3,6,30.0
1324.839,12,12,30,55,-3.4000000953674316,-1.899999976158142,0.04000000283122063,0.15000000596046448,37,19,15,8,25,49,97,58,50,21.5,21.5,24.3,24.3,6,30.0
1325.341,12,12,30,55,-3.4000000953674316,-1.899999976158142,0.04000000283122063,0.15000000596046448,37,19,15,8,25,49,97,58,50,21.5,21.5,24.3,24.3,6,30.0
1325.835,12,12,30,55,-3.4000000953674316,-1.899999976158142,0.04000000283122063,0.15000000596046448,37,19,15,8,25,49,97,58,50,21.5,21.5,24.3,24.3,6,30.0
1326.334,12,12,30,55,-3.4000000953674316,-1.899999976158142,0.04000000283122063,0.15000000596046448,37,19,15,8,25,49,97,58,50,21.5,21.5,24.3,24.3,6,30.0
1326.851,12,12,30,55,-3.4000000953674316,-1.899999976158142,0.04000000283122063,0.15000000596046448,37,19,15,8,25,49,97,58,50,21.5,21.5,24.3,24.3,6,30.0
1327.36,12,12,30,55,-3.4000000953674316,-1.899999976158142,0.04000000283122063,0.15000000596046448,37,19,15,8,25,49,97,58,50,21.5,21.5,24.3,24.3,6,30.0
1327.845,12,12,30,55,-3.4000000953674316,-1.899999976158142,0.04000000283122063,0.15000000596046448,37,19,15,8,25,49,97,58,50,21.5,21.5,24.3,24.3,6,30.0
1328.351,12,12,30,55,-3.4000000953674316,-1.899999976158142,0.04000000283122063,0.15000000596046448,37,19,15,8,25,49,97,58,50,21.5,21.5,24.3,24.3,6,30.0
1328.853,12,12,30,55,-3.4000000953674316,-1.899999976158142,0.04000000283122063,0.15000000596046448,37,19,15,8,25,49,97,58,50,21.5,21.5,24.3,24.3,6,30.0
1329.358,12,12,30,55,-3.4000000953674316,-1.899999976158142,0.04000000283122063,0.15000000596046448,37,19,15,8,25,49,97,58,50,21.5,21.5,24.3,24.3,6,30.0
1329.85,12,12,30,55,-3.4000000953674316,-1.899999976158142,0.04000000283122063,0.15000000596046448,37,19,15,8,25,49,97,58,50,21.5,21.5,24.3,24.3,6,30.0
1330.344,12,12,30,55,-3.4000000953674316,-1.899999976158142,0.04000000283122063,0.15000000596046448,37,19,15,8,25,49,97,58,50,21.5,21.5,24.3,24.3,6,30.0
1330.857,12,12,30,55,-3.4000000953674316,-1.899999976158142,0.04000000283122063,0.15000000596046448,37,19,15,8,25,49,97,58,50,21.5,21.5,24.3,24.3,6,30.0
1331.353,12,12,30,55,-3.4000000953674316,-1.899999976158142,0.04000000283122063,0.15000000596046448,37,19,15,8,25,49,97,58,50,21.5,21.5,24.3,24.3,6,30.0
1331.854,12,12,30,55,-3.4000000953674316,-1.899999976158142,0.04000000283122063,0.15000000596046448,37,19,15,8,25,49,97,58,50,21.5,21.5,24.3,24.3,6,30.0
1332.354,12,12,30,55,-3.4000000953674316,-1.899999976158142,0.04000000283122063,0.15000000596046448,37,19,15,8,25,49,97,58,50,21.5,21.5,24.3,24.3,6,30.0
1332.835,12,12,30,55,-3.4000000953674316,-1.899999976158142,0.04000000283122063,0.15000000596046448,37,19,15,8,25,49,97,58,50,21.5,21.5,24.3,24.3,6,30.0
1333.354,12,12,30,55,-3.4000000953674316,-1.899999976158142,0.04000000283122063,0.15000000596046448,37,19,15,8,25,49,97,58,50,21.5,21.5,24.3,24.3,6,30.0
1333.842,12,12,30,55,-3.4000000953674316,-1.899999976158142,0.04000000283122063,0.15000000596046448,37,19,15,8,25,49,97,58,50,21.5,21.5,24.3,24.3,6,30.0
1334.353,12,12,30,55,-3.4000000953674316,-1.899999976158142,0.04000000283122063,0.15000000596046448,37,19,15,8,25,49,97,58,50,21.5,21.5,24.3,24.3,6,30.0
1334.843,12,12,30,55,-3.4000000953674316,-1.899999976158142,0.04000000283122063,0.15000000596046448,37,19,15,8,25,49,97,58,50,21.5,21.5,24.3,24.3,6,30.0
1335.349,12,12,30,55,-3.4000000953674316,-1.899999976158142,0.04000000283122063,0.15000000596046448,37,19,15,8,25,49,97,58,50,21.5,21.5,24.3,24.3,6,30.0
1335.838,12,12,30,55,-3.4000000953674316,-1.899999976158142,0.04000000283122063,0.15000000596046448,37,19,15,8,25,49,97,58,50,21.5,21.5,24.3,24.3,6,30.0
1336.345,12,12,30,55,-3.4000000953674316,-1.899999976158142,0.04000000283122063,0.15000000596046448,37,19,15,8,25,49,97,58,50,21.5,21.5,24.3,24.3,6,30.0
1336.85,12,12,30,55,-3.4000000953674316,-1.899999976158142,0.04000000283122063,0.15000000596046448,37,19,15,8,25,49,97,58,50,21.5,21.5,24.3,24.3,6,30.0
1337.354,12,12,30,55,-3.4000000953674316,-1.899999976158142,0.04000000283122063,0.15000000596046448,37,19,15,8,25,49,97,58,50,21.5,21.5,24.3,24.3,6,30.0
1337.853,12,12,30,55,-3.4000000953674316,-1.899999976158142,0.04000000283122063,0.15000000596046448,37,19,15,8,25,49,97,58,50,21.5,21.5,24.3,24.3,6,30.0
1338.338,12,12,30,55,-3.4000000953674316,-1.899999976158142,0.04000000283122063,0.15000000596046448,37,19,15,8,25,49,97,58,50,21.5,21.5,24.3,24.3,6,30.0
1338.833,12,12,30,55,-3.4000000953674316,-1.899999976158142,0.04000000283122063,0.15000000596046448,37,19,15,8,25,49,97,58,50,21.5,21.5,24.3,24.3,6,30.0
1339.342,12,12,30,55,-3.4000000953674316,-1.899999976158142,0.04000000283122063,0.15000000596046448,37,19,15,8,25,49,97,58,50,21.5,21.5,24.3,24.3,6,30.0
1339.837,12,12,30,55,-3.4000000953674316,-1.899999976158142,0.04000000283122063,0.15000000596046448,37,19,15,8,25,49,97,58,50,21.5,21.5,24.3,24.3,6,30.0
1340.34,12,12,30,55,-3.4000000953674316,-1.899999976158142,0.04000000283122063,0.15000000596046448,37,19,15,8,25,49,97,58,50,21.5,21.5,24.3,24.3,6,30.0
1340.855,12,12,30,55,-3.4000000953674316,-1.899999976158142,0.04000000283122063,0.15000000596046448,37,19,15,8,25,49,97,58,50,21.5,21.5,24.3,24.3,6,30.0
1341.345,12,12,30,55,-3.4000000953674316,-1.899999976158142,0.04000000283122063,0.15000000596046448,37,19,15,8,25,49,97,58,50,21.5,21.5,24.3,24.3,6,30.0
1341.852,12,12,30,55,-3.4000000953674316,-1.899999976158142,0.04000000283122063,0.15000000596046448,37,19,15,8,25,49,97,58,50,21.5,21.5,24.3,24.3,6,30.0
1342.346,12,12,30,55,-3.4000000953674316,-1.899999976158142,0.04000000283122063,0.15000000596046448,37,19,15,8,25,49,97,58,50,21.5,21.5,24.3,24.3,6,30.0
1342.849,12,12,30,55,-3.4000000953674316,-1.899999976158142,0.04000000283122063,0.15000000596046448,37,19,15,8,25,49,97,58,50,21.5,21.5,24.3,24.3,6,30.0
1343.341,12,12,30,55,-3.4000000953674316,-1.899999976158142,0.04000000283122063,0.15000000596046448,37,19,15,8,25,49,97,58,50,21.5,21.5,24.3,24.3,6,30.0
1343.841,12,12,30,55,-3.4000000953674316,-1.899999976158142,0.04000000283122063,0.15000000596046448,37,19,15,8,25,49,97,58,50,21.5,21.5,24.3,24.3,6,30.0
1344.358,12,12,30,55,-3.4000000953674316,-1.899999976158142,0.04000000283122063,0.15000000596046448,37,19,15,8,25,49,97,58,50,21.5,21.5,24.3,24.3,6,30.0
1344.846,12,12,30,55,-3.4000000953674316,-1.899999976158142,0.04000000283122063,0.15000000596046448,37,19,15,8,25,49,97,58,50,21.5,21.5,24.3,24.3,6,30.0
1345.337,12,12,30,55,-3.4000000953674316,-1.899999976158142,0.04000000283122063,0.15000000596046448,37,19,15,8,25,49,97,58,50,21.5,21.5,24.3,24.3,6,30.0
1345.852,12,12,30,55,-3.4000000953674316,-1.899999976158142,0.04000000283122063,0.15000000596046448,37,19,15,8,25,49,97,58,50,21.5,21.5,24.3,24.3,6,30.0
1346.354,12,12,30,55,-3.4000000953674316,-1.899999976158142,0.04000000283122063,0.15000000596046448,37,19,15,8,25,49,97,58,50,21.5,21.5,24.3,24.3,6,30.0
1346.833,12,12,30,55,-3.4000000953674316,-1.899999976158142,0.04000000283122063,0.15000000596046448,37,19,15,8,25,49,97,58,50,21.5,21.5,24.3,24.3,6,30.0
1347.34,12,12,30,55,-3.4000000953674316,-1.899999976158142,0.04000000283122063,0.15000000596046448,37,19,15,8,25,49,97,58,50,21.5,21.5,24.3,24.3,6,30.0
1347.845,12,12,30,55,-3.4000000953674316,-1.899999976158142,0.04000000283122063,0.15000000596046448,37,19,15,8,25,49,97,58,50,21.5,21.5,24.3,24.3,6,30.0
1348.345,12,12,30,55,-3.4000000953674316,-1.899999976158142,0.04000000283122063,0.15000000596046448,37,19,15,8,25,49,97,58,50,21.5,21.5,24.3,24.3,6,30.0
1348.848,12,12,30,55,-3.4000000953674316,-1.899999976158142,0.04000000283122063,0.15000000596046448,37,19,15,8,25,49,97,58,50,21.5,21.5,24.3,24.3,6,30.0
1349.333,12,12,30,55,-3.4000000953674316,-1.899999976158142,0.04000000283122063,0.15000000596046448,37,19,15,8,25,49,97,58,50,21.5,21.5,24.3,24.3,6,30.0
1349.839,12,12,30,55,-3.4000000953674316,-1.899999976158142,0.04000000283122063,0.15000000596046448,37,19,15,8,25,49,97,58,50,21.5,21.5,24.3,24.3,6,30.0
1350.335,12,12,30,55,-3.4000000953674316,-1.899999976158142,0.04000000283122063,0.15000000596046448,37,19,15,8,25,49,97,58,50,21.5,21.5,24.3,24.3,6,30.0
1350.847,12,12,30,55,-3.4000000953674316,-1.899999976158142,0.04000000283122063,0.15000000596046448,37,19,15,8,25,49,97,58,50,21.5,21.5,24.3,24.3,6,30.0
1351.353,12,12,30,55,-3.4000000953674316,-1.899999976158142,0.04000000283122063,0.15000000596046448,37,19,15,8,25,49,97,58,50,21.5,21.5,24.3,24.3,6,30.0
1351.842,12,12,30,55,-3.4000000953674316,-1.899999976158142,0.04000000283122063,0.15000000596046448,37,19,15,8,25,49,97,58,50,21.5,21.5,24.3,24.3,6,30.0
1352.349,12,12,30,55,-3.4000000953674316,-1.899999976158142,0.04000000283122063,0.15000000596046448,37,19,15,8,25,49,97,58,50,21.5,21.5,24.3,24.3,6,30.0
1352.85,12,12,30,55,-3.4000000953674316,-1.899999976158142,0.04000000283122063,0.15000000596046448,37,19,15,8,25,49,97,58,50,21.5,21.5,24.3,24.3,6,30.0
1353.341,12,12,30,55,-3.4000000953674316,-1.899999976158142,0.04000000283122063,0.15000000596046448,37,19,15,8,25,49,97,58,50,21.5,21.5,24.3,24.3,6,30.0
1353.852,12,12,30,55,-3.4000000953674316,-1.899999976158142,0.04000000283122063,0.15000000596046448,37,19,15,8,25,49,97,58,50,21.5,21.5,24.3,24.3,6,30.0
1354.348,12,12,30,55,-3.4000000953674316,-1.899999976158142,0.04000000283122063,0.15000000596046448,37,19,15,8,25,49,97,58,50,21.5,21.5,24.3,24.3,6,30.0
1354.857,12,12,30,55,-3.4000000953674316,-1.899999976158142,0.04000000283122063,0.15000000596046448,37,19,15,8,25,49,97,58,50,21.5,21.5,24.3,24.3,6,30.0
1355.35,12,12,30,55,-3.4000000953674316,-1.899999976158142,0.04000000283122063,0.15000000596046448,37,19,15,8,25,49,97,58,50,21.5,21.5,24.3,24.3,6,30.0
1355.854,12,12,30,55,-3.4000000953674316,-1.899999976158142,0.04000000283122063,0.15000000596046448,37,19,15,8,25,49,97,58,50,21.5,21.5,24.3,24.3,6,30.0
1356.345,12,12,30,55,-3.4000000953674316,-1.899999976158142,0.04000000283122063,0.15000000596046448,37,19,15,8,25,49,97,58,50,21.5,21.5,24.3,24.3,6,30.0
1356.853,12,12,30,55,-3.4000000953674316,-1.899999976158142,0.04000000283122063,0.15000000596046448,37,19,15,8,25,49,97,58,50,21.5,21.5,24.3,24.3,6,30.0
1357.349,12,12,30,55,-3.4000000953674316,-1.899999976158142,0.04000000283122063,0.15000000596046448,37,19,15,8,25,49,97,58,50,21.5,21.5,24.3,24.3,6,30.0
1357.85,12,12,30,55,-3.4000000953674316,-1.899999976158142,0.04000000283122063,0.15000000596046448,37,19,15,8,25,49,97,58,50,21.5,21.5,24.3,24.3,6,30.0
1358.35,12,12,30,55,-3.4000000953674316,-1.899999976158142,0.04000000283122063,0.15000000596046448,37,19,15,8,25,49,97,58,50,21.5,21.5,24.3,24.3,6,30.0
1358.852,12,12,30,55,-3.4000000953674316,-1.899999976158142,0.04000000283122063,0.15000000596046448,37,19,15,8,25,49,97,58,50,21.5,21.5,24.3,24.3,6,30.0
1359.335,12,12,30,55,-3.4000000953674316,-1.899999976158142,0.04000000283122063,0.15000000596046448,37,19,15,8,25,49,97,58,50,21.5,21.5,24.3,24.3,6,30.0
1359.833,12,12,30,55,-3.4000000953674316,-1.899999976158142,0.04000000283122063,0.15000000596046448,37,19,15,8,25,49,97,58,50,21.5,21.5,24.3,24.3,6,30.0
1360.352,12,12,30,55,-3.4000000953674316,-1.899999976158142,0.04000000283122063,0.15000000596046448,37,19,15,8,25,49,97,58,50,21.5,21.5,24.3,24.3,6,30.0
1360.844,12,12,30,55,-3.4000000953674316,-1.899999976158142,0.04000000283122063,0.15000000596046448,37,19,15,8,25,49,97,58,50,21.5,21.5,24.3,24.3,6,30.0
1361.347,12,12,30,55,-3.4000000953674316,-1.899999976158142,0.04000000283122063,0.15000000596046448,37,19,15,8,25,49,97,58,50,21.5,21.5,24.3,24.3,6,30.0
1361.839,12,12,30,55,-3.4000000953674316,-1.899999976158142,0.04000000283122063,0.15000000596046448,37,19,15,8,25,49,97,58,50,21.5,21.5,24.3,24.3,6,30.0
1362.338,12,12,30,55,-3.4000000953674316,-1.899999976158142,0.04000000283122063,0.15000000596046448,37,19,15,8,25,49,97,58,50,21.5,21.5,24.3,24.3,6,30.0
1362.837,12,12,30,55,-3.4000000953674316,-1.899999976158142,0.04000000283122063,0.15000000596046448,37,19,15,8,25,49,97,58,50,21.5,21.5,24.3,24.3,6,30.0
1363.355,12,12,30,55,-3.4000000953674316,-1.899999976158142,0.04000000283122063,0.15000000596046448,37,19,15,8,25,49,97,58,50,21.5,21.5,24.3,24.3,6,30.0
1363.84,12,12,30,55,-3.4000000953674316,-1.899999976158142,0.04000000283122063,0.15000000596046448,37,19,15,8,25,49,97,58,50,21.5,21.5,24.3,24.3,6,30.0
1364.355,12,12,30,55,-3.4000000953674316,-1.899999976158142,0.04000000283122063,0.15000000596046448,37,19,15,8,25,49,97,58,50,21.5,21.5,24.3,24.3,6,30.0
1364.844,12,12,30,55,-3.4000000953674316,-1.899999976158142,0.04000000283122063,0.15000000596046448,37,19,15,8,25,49,97,58,50,21.5,21.5,24.3,24.3,6,30.0
1365.341,12,12,30,55,-3.4000000953674316,-1.899999976158142,0.04000000283122063,0.15000000596046448,37,19,15,8,25,49,97,58,50,21.5,21.5,24.3,24.3,6,30.0
1365.844,12,12,30,55,-3.4000000953674316,-1.899999976158142,0.04000000283122063,0.15000000596046448,37,19,15,8,25,49,97,58,50,21.5,21.5,24.3,24.3,6,30.0
1366.357,12,12,30,55,-3.4000000953674316,-1.899999976158142,0.04000000283122063,0.15000000596046448,37,19,15,8,25,49,97,58,50,21.5,21.5,24.3,24.3,6,30.0
1366.845,12,12,30,55,-3.4000000953674316,-1.899999976158142,0.04000000283122063,0.15000000596046448,37,19,15,8,25,49,97,58,50,21.5,21.5,24.3,24.3,6,30.0
1367.334,12,12,30,55,-3.4000000953674316,-1.899999976158142,0.04000000283122063,0.15000000596046448,37,19,15,8,25,49,97,58,50,21.5,21.5,24.3,24.3,6,30.0
1367.852,12,12,30,55,-3.4000000953674316,-1.899999976158142,0.04000000283122063,0.15000000596046448,37,19,15,8,25,49,97,58,50,21.5,21.5,24.3,24.3,6,30.0
1368.35,12,12,30,55,-3.4000000953674316,-1.899999976158142,0.04000000283122063,0.15000000596046448,37,19,15,8,25,49,97,58,50,21.5,21.5,24.3,24.3,6,30.0
1368.841,12,12,30,55,-3.4000000953674316,-1.899999976158142,0.04000000283122063,0.15000000596046448,37,19,15,8,25,49,97,58,50,21.5,21.5,24.3,24.3,6,30.0
1369.353,12,12,30,55,-3.4000000953674316,-1.899999976158142,0.04000000283122063,0.15000000596046448,37,19,15,8,25,49,97,58,50,21.5,21.5,24.3,24.3,6,30.0
1369.855,12,12,30,55,-3.4000000953674316,-1.899999976158142,0.04000000283122063,0.15000000596046448,37,19,15,8,25,49,97,58,50,21.5,21.5,24.3,24.3,6,30.0
1370.344,12,12,30,55,-3.4000000953674316,-1.899999976158142,0.04000000283122063,0.15000000596046448,37,19,15,8,25,49,97,58,50,21.5,21.5,24.3,24.3,6,30.0
1370.843,12,12,30,55,-3.4000000953674316,-1.899999976158142,0.04000000283122063,0.15000000596046448,37,19,15,8,25,49,97,58,50,21.5,21.5,24.3,24.3,6,30.0
1371.348,12,12,30,55,-3.4000000953674316,-1.899999976158142,0.04000000283122063,0.15000000596046448,37,19,15,8,25,49,97,58,50,21.5,21.5,24.3,24.3,6,30.0
1371.851,12,12,30,55,-3.4000000953674316,-1.899999976158142,0.04000000283122063,0.15000000596046448,37,19,15,8,25,49,97,58,50,21.5,21.5,24.3,24.3,6,30.0
1372.344,12,12,30,55,-3.4000000953674316,-1.899999976158142,0.04000000283122063,0.15000000596046448,37,19,15,8,25,49,97,58,50,21.5,21.5,24.3,24.3,6,30.0
1372.833,12,12,30,55,-3.4000000953674316,-1.899999976158142,0.04000000283122063,0.15000000596046448,37,19,15,8,25,49,97,58,50,21.5,21.5,24.3,24.3,6,30.0
1373.341,12,12,30,55,-3.4000000953674316,-1.899999976158142,0.04000000283122063,0.15000000596046448,37,19,15,8,25,49,97,58,50,21.5,21.5,24.3,24.3,6,30.0
1373.837,12,12,30,55,-3.4000000953674316,-1.899999976158142,0.04000000283122063,0.15000000596046448,37,19,15,8,25,49,97,58,50,21.5,21.5,24.3,24.3,6,30.0
1374.356,12,12,30,55,-3.4000000953674316,-1.899999976158142,0.04000000283122063,0.15000000596046448,37,19,15,8,25,49,97,58,50,21.5,21.5,24.3,24.3,6,30.0
1374.849,12,12,30,55,-3.4000000953674316,-1.899999976158142,0.04000000283122063,0.15000000596046448,37,19,15,8,25,49,97,58,50,21.5,21.5,24.3,24.3,6,30.0
1375.353,12,12,30,55,-3.4000000953674316,-1.899999976158142,0.04000000283122063,0.15000000596046448,37,19,15,8,25,49,97,58,50,21.5,21.5,24.3,24.3,6,30.0
1375.844,12,12,30,55,-3.4000000953674316,-1.899999976158142,0.04000000283122063,0.15000000596046448,37,19,15,8,25,49,97,58,50,21.5,21.5,24.3,24.3,6,30.0
1376.336,12,12,30,55,-3.4000000953674316,-1.899999976158142,0.04000000283122063,0.15000000596046448,37,19,15,8,25,49,97,58,50,21.5,21.5,24.3,24.3,6,30.0
1376.853,12,12,30,55,-3.4000000953674316,-1.899999976158142,0.04000000283122063,0.15000000596046448,37,19,15,8,25,49,97,58,50,21.5,21.5,24.3,24.3,6,30.0
1377.336,12,12,30,55,-3.4000000953674316,-1.899999976158142,0.04000000283122063,0.15000000596046448,37,19,15,8,25,49,97,58,50,21.5,21.5,24.3,24.3,6,30.0
1377.846,12,12,30,55,-3.4000000953674316,-1.899999976158142,0.04000000283122063,0.15000000596046448,37,19,15,8,25,49,97,58,50,21.5,21.5,24.3,24.3,6,30.0
1378.354,12,12,30,55,-3.4000000953674316,-1.899999976158142,0.04000000283122063,0.15000000596046448,37,19,15,8,25,49,97,58,50,21.5,21.5,24.3,24.3,6,30.0
1378.844,12,12,30,55,-3.4000000953674316,-1.899999976158142,0.04000000283122063,0.15000000596046448,37,19,15,8,25,49,97,58,50,21.5,21.5,24.3,24.3,6,30.0
1379.348,12,12,30,55,-3.4000000953674316,-1.899999976158142,0.04000000283122063,0.15000000596046448,37,19,15,8,25,49,97,58,50,21.5,21.5,24.3,24.3,6,30.0
1379.836,12,12,30,55,-3.4000000953674316,-1.899999976158142,0.04000000283122063,0.15000000596046448,37,19,15,8,25,49,97,58,50,21.5,21.5,24.3,24.3,6,30.0
1380.335,12,12,30,55,-3.4000000953674316,-1.899999976158142,0.04000000283122063,0.15000000596046448,37,19,15,8,25,49,97,58,50,21.5,21.5,24.3,24.3,6,30.0
1380.844,12,12,30,55,-3.4000000953674316,-1.899999976158142,0.04000000283122063,0.15000000596046448,37,19,15,8,25,49,97,58,50,21.5,21.5,24.3,24.3,6,30.0
1381.337,12,12,30,55,-3.4000000953674316,-1.899999976158142,0.04000000283122063,0.15000000596046448,37,19,15,8,25,49,97,58,50,21.5,21.5,24.3,24.3,6,30.0
1381.846,12,12,30,55,-3.4000000953674316,-1.899999976158142,0.04000000283122063,0.15000000596046448,37,19,15,8,25,49,97,58,50,21.5,21.5,24.3,24.3,6,30.0
1382.346,12,12,30,55,-3.4000000953674316,-1.899999976158142,0.04000000283122063,0.15000000596046448,37,19,15,8,25,49,97,58,50,21.5,21.5,24.3,24.3,6,30.0
1382.849,12,12,30,55,-3.4000000953674316,-1.899999976158142,0.04000000283122063,0.15000000596046448,37,19,15,8,25,49,97,58,50,21.5,21.5,24.3,24.3,6,30.0
1383.337,12,12,30,55,-3.4000000953674316,-1.899999976158142,0.04000000283122063,0.15000000596046448,37,19,15,8,25,49,97,58,50,21.5,21.5,24.3,24.3,6,30.0
1383.838,12,12,30,55,-3.4000000953674316,-1.899999976158142,0.04000000283122063,0.15000000596046448,37,19,15,8,25,49,97,58,50,21.5,21.5,24.3,24.3,6,30.0
1384.34,12,12,30,55,-3.4000000953674316,-1.899999976158142,0.04000000283122063,0.15000000596046448,37,19,15,8,25,49,97,58,50,21.5,21.5,24.3,24.3,6,30.0
1384.838,12,12,30,55,-3.4000000953674316,-1.899999976158142,0.04000000283122063,0.15000000596046448,37,19,15,8,25,49,97,58,50,21.5,21.5,24.3,24.3,6,30.0
1385.353,12,12,30,55,-3.4000000953674316,-1.899999976158142,0.04000000283122063,0.15000000596046448,37,19,15,8,25,49,97,58,50,21.5,21.5,24.3,24.3,6,30.0
1385.851,12,12,30,55,-3.4000000953674316,-1.899999976158142,0.04000000283122063,0.15000000596046448,37,19,15,8,25,49,97,58,50,21.5,21.5,24.3,24.3,6,30.0
1386.35,12,12,30,55,-3.4000000953674316,-1.899999976158142,0.04000000283122063,0.15000000596046448,37,19,15,8,25,49,97,58,50,21.5,21.5,24.3,24.3,6,30.0
1386.848,12,12,30,55,-3.4000000953674316,-1.899999976158142,0.04000000283122063,0.15000000596046448,37,19,15,8,25,49,97,58,50,21.5,21.5,24.3,24.3,6,30.0
1387.339,12,12,30,55,-3.4000000953674316,-1.899999976158142,0.04000000283122063,0.15000000596046448,37,19,15,8,25,49,97,58,50,21.5,21.5,24.3,24.3,6,30.0
1387.85,12,12,30,55,-3.4000000953674316,-1.899999976158142,0.04000000283122063,0.15000000596046448,37,19,15,8,25,49,97,58,50,21.5,21.5,24.3,24.3,6,30.0
1388.342,12,12,30,55,-3.4000000953674316,-1.899999976158142,0.04000000283122063,0.15000000596046448,37,19,15,8,25,49,97,58,50,21.5,21.5,24.3,24.3,6,30.0
1388.835,12,12,30,55,-3.4000000953674316,-1.899999976158142,0.04000000283122063,0.15000000596046448,37,19,15,8,25,49,97,58,50,21.5,21.5,24.3,24.3,6,30.0
1389.341,12,12,30,55,-3.4000000953674316,-1.899999976158142,0.04000000283122063,0.15000000596046448,37,19,15,8,25,49,97,58,50,21.5,21.5,24.3,24.3,6,30.0
1389.845,12,12,30,55,-3.4000000953674316,-1.899999976158142,0.04000000283122063,0.15000000596046448,37,19,15,8,25,49,97,58,50,21.5,21.5,24.3,24.3,6,30.0
1390.344,12,12,30,55,-3.4000000953674316,-1.899999976158142,0.04000000283122063,0.15000000596046448,37,19,15,8,25,49,97,58,50,21.5,21.5,24.3,24.3,6,30.0
1390.842,12,12,30,55,-3.4000000953674316,-1.899999976158142,0.04000000283122063,0.15000000596046448,37,19,15,8,25,49,97,58,50,21.5,21.5,24.3,24.3,6,30.0
1391.333,12,12,30,55,-3.4000000953674316,-1.899999976158142,0.04000000283122063,0.15000000596046448,37,19,15,8,25,49,97,58,50,21.5,21.5,24.3,24.3,6,30.0
1391.844,12,12,30,55,-3.4000000953674316,-1.899999976158142,0.04000000283122063,0.15000000596046448,37,19,15,8,25,49,97,58,50,21.5,21.5,24.3,24.3,6,30.0
1392.352,12,12,30,55,-3.4000000953674316,-1.899999976158142,0.04000000283122063,0.15000000596046448,37,19,15,8,25,49,97,58,50,21.5,21.5,24.3,24.3,6,30.0
1392.846,12,12,30,55,-3.4000000953674316,-1.899999976158142,0.04000000283122063,0.15000000596046448,37,19,15,8,25,49,97,58,50,21.5,21.5,24.3,24.3,6,30.0
1393.348,12,12,30,55,-3.4000000953674316,-1.899999976158142,0.04000000283122063,0.15000000596046448,37,19,15,8,25,49,97,58,50,21.5,21.5,24.3,24.3,6,30.0
1393.839,12,12,30,55,-3.4000000953674316,-1.899999976158142,0.04000000283122063,0.15000000596046448,37,19,15,8,25,49,97,58,50,21.5,21.5,24.3,24.3,6,30.0
1394.336,12,12,30,55,-3.4000000953674316,-1.899999976158142,0.04000000283122063,0.15000000596046448,37,19,15,8,25,49,97,58,50,21.5,21.5,24.3,24.3,6,30.0
1394.851,12,12,30,55,-3.4000000953674316,-1.899999976158142,0.04000000283122063,0.15000000596046448,37,19,15,8,25,49,97,58,50,21.5,21.5,24.3,24.3,6,30.0
1395.335,12,12,30,55,-3.4000000953674316,-1.899999976158142,0.04000000283122063,0.15000000596046448,37,19,15,8,25,49,97,58,50,21.5,21.5,24.3,24.3,6,30.0
1395.843,12,12,30,55,-3.4000000953674316,-1.899999976158142,0.04000000283122063,0.15000000596046448,37,19,15,8,25,49,97,58,50,21.5,21.5,24.3,24.3,6,30.0
1396.341,12,12,30,55,-3.4000000953674316,-1.899999976158142,0.04000000283122063,0.15000000596046448,37,19,15,8,25,49,97,58,50,21.5,21.5,24.3,24.3,6,30.0
1396.842,12,12,30,55,-3.4000000953674316,-1.899999976158142,0.04000000283122063,0.15000000596046448,37,19,15,8,25,49,97,58,50,21.5,21.5,24.3,24.3,6,30.0
1397.357,12,12,30,55,-3.4000000953674316,-1.899999976158142,0.04000000283122063,0.15000000596046448,37,19,15,8,25,49,97,58,50,21.5,21.5,24.3,24.3,6,30.0
1397.863,12,12,30,55,-3.4000000953674316,-1.899999976158142,0.04000000283122063,0.15000000596046448,37,19,15,8,25,49,97,58,50,21.5,21.5,24.3,24.3,6,30.0
1398.355,12,12,30,55,-3.4000000953674316,-1.899999976158142,0.04000000283122063,0.15000000596046448,37,19,15,8,25,49,97,58,50,21.5,21.5,24.3,24.3,6,30.0
1398.861,12,12,30,55,-3.4000000953674316,-1.899999976158142,0.04000000283122063,0.15000000596046448,37,19,15,8,25,49,97,58,50,21.5,21.5,24.3,24.3,6,30.0
1399.349,12,12,30,55,-3.4000000953674316,-1.899999976158142,0.04000000283122063,0.15000000596046448,37,19,15,8,25,49,97,58,50,21.5,21.5,24.3,24.3,6,30.0
1399.841,12,12,30,55,-3.4000000953674316,-1.899999976158142,0.04000000283122063,0.15000000596046448,37,19,15,8,25,49,97,58,50,21.5,21.5,24.3,24.3,6,30.0
1400.345,12,12,30,55,-3.4000000953674316,-1.899999976158142,0.04000000283122063,0.15000000596046448,37,19,15,8,25,49,97,58,50,21.5,21.5,24.3,24.3,6,30.0
1400.841,12,12,30,55,-3.4000000953674316,-1.899999976158142,0.04000000283122063,0.15000000596046448,37,19,15,8,25,49,97,58,50,21.5,21.5,24.3,24.3,6,30.0
1401.341,12,12,30,55,-3.4000000953674316,-1.899999976158142,0.04000000283122063,0.15000000596046448,37,19,15,8,25,49,97,58,50,21.5,21.5,24.3,24.3,6,30.0
1401.849,12,12,30,55,-3.4000000953674316,-1.899999976158142,0.04000000283122063,0.15000000596046448,37,19,15,8,25,49,97,58,50,21.5,21.5,24.3,24.3,6,30.0
1402.347,12,12,30,55,-3.4000000953674316,-1.899999976158142,0.04000000283122063,0.15000000596046448,37,19,15,8,25,49,97,58,50,21.5,21.5,24.3,24.3,6,30.0
1402.86,12,12,30,55,-3.4000000953674316,-1.899999976158142,0.04000000283122063,0.15000000596046448,37,19,15,8,25,49,97,58,50,21.5,21.5,24.3,24.3,6,30.0
1403.335,12,12,30,55,-3.4000000953674316,-1.899999976158142,0.04000000283122063,0.15000000596046448,37,19,15,8,25,49,97,58,50,21.5,21.5,24.3,24.3,6,30.0
1403.845,12,12,30,55,-3.4000000953674316,-1.899999976158142,0.04000000283122063,0.15000000596046448,37,19,15,8,25,49,97,58,50,21.5,21.5,24.3,24.3,6,30.0
1404.338,12,12,30,55,-3.4000000953674316,-1.899999976158142,0.04000000283122063,0.15000000596046448,37,19,15,8,25,49,97,58,50,21.5,21.5,24.3,24.3,6,30.0
1404.858,12,12,30,55,-3.4000000953674316,-1.899999976158142,0.04000000283122063,0.15000000596046448,37,19,15,8,25,49,97,58,50,21.5,21.5,24.3,24.3,6,30.0
1405.35,12,12,30,55,-3.4000000953674316,-1.899999976158142,0.04000000283122063,0.15000000596046448,37,19,15,8,25,49,97,58,50,21.5,21.5,24.3,24.3,6,30.0
1405.843,12,12,30,55,-3.4000000953674316,-1.899999976158142,0.04000000283122063,0.15000000596046448,37,19,15,8,25,49,97,58,50,21.5,21.5,24.3,24.3,6,30.0
1406.341,12,12,30,55,-3.4000000953674316,-1.899999976158142,0.04000000283122063,0.15000000596046448,37,19,15,8,25,49,97,58,50,21.5,21.5,24.3,24.3,6,30.0
1406.836,12,12,30,55,-3.4000000953674316,-1.899999976158142,0.04000000283122063,0.15000000596046448,37,19,15,8,25,49,97,58,50,21.5,21.5,24.3,24.3,6,30.0
1407.346,12,12,30,55,-3.4000000953674316,-1.899999976158142,0.04000000283122063,0.15000000596046448,37,19,15,8,25,49,97,58,50,21.5,21.5,24.3,24.3,6,30.0
1407.845,12,12,30,55,-3.4000000953674316,-1.899999976158142,0.04000000283122063,0.15000000596046448,37,19,15,8,25,49,97,58,50,21.5,21.5,24.3,24.3,6,30.0
1408.349,12,12,30,55,-3.4000000953674316,-1.899999976158142,0.04000000283122063,0.15000000596046448,37,19,15,8,25,49,97,58,50,21.5,21.5,24.3,24.3,6,30.0
1408.836,12,12,30,55,-3.4000000953674316,-1.899999976158142,0.04000000283122063,0.15000000596046448,37,19,15,8,25,49,97,58,50,21.5,21.5,24.3,24.3,6,30.0
1409.339,12,12,30,55,-3.4000000953674316,-1.899999976158142,0.04000000283122063,0.15000000596046448,37,19,15,8,25,49,97,58,50,21.5,21.5,24.3,24.3,6,30.0
1409.843,12,12,30,55,-3.4000000953674316,-1.899999976158142,0.04000000283122063,0.15000000596046448,37,19,15,8,25,49,97,58,50,21.5,21.5,24.3,24.3,6,30.0
1410.354,12,12,30,55,-3.4000000953674316,-1.899999976158142,0.04000000283122063,0.15000000596046448,37,19,15,8,25,49,97,58,50,21.5,21.5,24.3,24.3,6,30.0
1410.851,12,12,30,55,-3.4000000953674316,-1.899999976158142,0.04000000283122063,0.15000000596046448,37,19,15,8,25,49,97,58,50,21.5,21.5,24.3,24.3,6,30.0
1411.351,12,12,30,55,-3.4000000953674316,-1.899999976158142,0.04000000283122063,0.15000000596046448,37,19,15,8,25,49,97,58,50,21.5,21.5,24.3,24.3,6,30.0
1411.837,12,12,30,55,-3.4000000953674316,-1.899999976158142,0.04000000283122063,0.15000000596046448,37,19,15,8,25,49,97,58,50,21.5,21.5,24.3,24.3,6,30.0
1412.333,12,12,30,55,-3.4000000953674316,-1.899999976158142,0.04000000283122063,0.15000000596046448,37,19,15,8,25,49,97,58,50,21.5,21.5,24.3,24.3,6,30.0
1412.841,12,12,30,55,-3.4000000953674316,-1.899999976158142,0.04000000283122063,0.15000000596046448,37,19,15,8,25,49,97,58,50,21.5,21.5,24.3,24.3,6,30.0
1413.343,12,12,30,55,-3.4000000953674316,-1.899999976158142,0.04000000283122063,0.15000000596046448,37,19,15,8,25,49,97,58,50,21.5,21.5,24.3,24.3,6,30.0
1413.846,12,12,30,55,-3.4000000953674316,-1.899999976158142,0.04000000283122063,0.15000000596046448,37,19,15,8,25,49,97,58,50,21.5,21.5,24.3,24.3,6,30.0
1414.34,12,12,30,55,-3.4000000953674316,-1.899999976158142,0.04000000283122063,0.15000000596046448,37,19,15,8,25,49,97,58,50,21.5,21.5,24.3,24.3,6,30.0
1414.855,12,12,30,55,-3.4000000953674316,-1.899999976158142,0.04000000283122063,0.15000000596046448,37,19,15,8,25,49,97,58,50,21.5,21.5,24.3,24.3,6,30.0
1415.347,12,12,30,55,-3.4000000953674316,-1.899999976158142,0.04000000283122063,0.15000000596046448,37,19,15,8,25,49,97,58,50,21.5,21.5,24.3,24.3,6,30.0
1415.835,12,12,30,55,-3.4000000953674316,-1.899999976158142,0.04000000283122063,0.15000000596046448,37,19,15,8,25,49,97,58,50,21.5,21.5,24.3,24.3,6,30.0
1416.359,12,12,30,55,-3.4000000953674316,-1.899999976158142,0.04000000283122063,0.15000000596046448,37,19,15,8,25,49,97,58,50,21.5,21.5,24.3,24.3,6,30.0
1416.834,12,12,30,55,-3.4000000953674316,-1.899999976158142,0.04000000283122063,0.15000000596046448,37,19,15,8,25,49,97,58,50,21.5,21.5,24.3,24.3,6,30.0
1417.335,12,12,30,55,-3.4000000953674316,-1.899999976158142,0.04000000283122063,0.15000000596046448,37,19,15,8,25,49,97,58,50,21.5,21.5,24.3,24.3,6,30.0
1417.849,12,12,30,55,-3.4000000953674316,-1.899999976158142,0.04000000283122063,0.15000000596046448,37,19,15,8,25,49,97,58,50,21.5,21.5,24.3,24.3,6,30.0
1418.342,12,12,30,55,-3.4000000953674316,-1.899999976158142,0.04000000283122063,0.15000000596046448,37,19,15,8,25,49,97,58,50,21.5,21.5,24.3,24.3,6,30.0
1418.85,12,12,30,55,-3.4000000953674316,-1.899999976158142,0.04000000283122063,0.15000000596046448,37,19,15,8,25,49,97,58,50,21.5,21.5,24.3,24.3,6,30.0
1419.354,12,12,30,55,-3.4000000953674316,-1.899999976158142,0.04000000283122063,0.15000000596046448,37,19,15,8,25,49,97,58,50,21.5,21.5,24.3,24.3,6,30.0
1419.847,12,12,30,55,-3.4000000953674316,-1.899999976158142,0.04000000283122063,0.15000000596046448,37,19,15,8,25,49,97,58,50,21.5,21.5,24.3,24.3,6,30.0
1420.34,12,12,30,55,-3.4000000953674316,-1.899999976158142,0.04000000283122063,0.15000000596046448,37,19,15,8,25,49,97,58,50,21.5,21.5,24.3,24.3,6,30.0
1420.845,12,12,30,55,-3.4000000953674316,-1.899999976158142,0.04000000283122063,0.15000000596046448,37,19,15,8,25,49,97,58,50,21.5,21.5,24.3,24.3,6,30.0
1421.343,12,12,30,55,-3.4000000953674316,-1.899999976158142,0.04000000283122063,0.15000000596046448,37,19,15,8,25,49,97,58,50,21.5,21.5,24.3,24.3,6,30.0
1421.839,12,12,30,55,-3.4000000953674316,-1.899999976158142,0.04000000283122063,0.15000000596046448,37,19,15,8,25,49,97,58,50,21.5,21.5,24.3,24.3,6,30.0
1422.352,12,12,30,55,-3.4000000953674316,-1.899999976158142,0.04000000283122063,0.15000000596046448,37,19,15,8,25,49,97,58,50,21.5,21.5,24.3,24.3,6,30.0
1422.848,12,12,30,55,-3.4000000953674316,-1.899999976158142,0.04000000283122063,0.15000000596046448,37,19,15,8,25,49,97,58,50,21.5,21.5,24.3,24.3,6,30.0
1423.35,12,12,30,55,-3.4000000953674316,-1.899999976158142,0.04000000283122063,0.15000000596046448,37,19,15,8,25,49,97,58,50,21.5,21.5,24.3,24.3,6,30.0
1423.846,12,12,30,55,-3.4000000953674316,-1.899999976158142,0.04000000283122063,0.15000000596046448,37,19,15,8,25,49,97,58,50,21.5,21.5,24.3,24.3,6,30.0
1424.334,12,12,30,55,-3.4000000953674316,-1.899999976158142,0.04000000283122063,0.15000000596046448,37,19,15,8,25,49,97,58,50,21.5,21.5,24.3,24.3,6,30.0
1424.847,12,12,30,55,-3.4000000953674316,-1.899999976158142,0.04000000283122063,0.15000000596046448,37,19,15,8,25,49,97,58,50,21.5,21.5,24.3,24.3,6,30.0
1425.344,12,12,30,55,-3.4000000953674316,-1.899999976158142,0.04000000283122063,0.15000000596046448,37,19,15,8,25,49,97,58,50,21.5,21.5,24.3,24.3,6,30.0
1425.836,12,12,30,55,-3.4000000953674316,-1.899999976158142,0.04000000283122063,0.15000000596046448,37,19,15,8,25,49,97,58,50,21.5,21.5,24.3,24.3,6,30.0
1426.337,12,12,30,55,-3.4000000953674316,-1.899999976158142,0.04000000283122063,0.15000000596046448,37,19,15,8,25,49,97,58,50,21.5,21.5,24.3,24.3,6,30.0
1426.838,12,12,30,55,-3.4000000953674316,-1.899999976158142,0.04000000283122063,0.15000000596046448,37,19,15,8,25,49,97,58,50,21.5,21.5,24.3,24.3,6,30.0
1427.341,12,12,30,55,-3.4000000953674316,-1.899999976158142,0.04000000283122063,0.15000000596046448,37,19,15,8,25,49,97,58,50,21.5,21.5,24.3,24.3,6,30.0
1427.836,12,12,30,55,-3.4000000953674316,-1.899999976158142,0.04000000283122063,0.15000000596046448,37,19,15,8,25,49,97,58,50,21.5,21.5,24.3,24.3,6,30.0
1428.339,12,12,30,55,-3.4000000953674316,-1.899999976158142,0.04000000283122063,0.15000000596046448,37,19,15,8,25,49,97,58,50,21.5,21.5,24.3,24.3,6,30.0
1428.851,12,12,30,55,-3.4000000953674316,-1.899999976158142,0.04000000283122063,0.15000000596046448,37,19,15,8,25,49,97,58,50,21.5,21.5,24.3,24.3,6,30.0
1429.357,12,12,30,55,-3.4000000953674316,-1.899999976158142,0.04000000283122063,0.15000000596046448,37,19,15,8,25,49,97,58,50,21.5,21.5,24.3,24.3,6,30.0
1429.848,12,12,30,55,-3.4000000953674316,-1.899999976158142,0.04000000283122063,0.15000000596046448,37,19,15,8,25,49,97,58,50,21.5,21.5,24.3,24.3,6,30.0
1430.335,12,12,30,55,-3.4000000953674316,-1.899999976158142,0.04000000283122063,0.15000000596046448,37,19,15,8,25,49,97,58,50,21.5,21.5,24.3,24.3,6,30.0
1430.844,12,12,30,55,-3.4000000953674316,-1.899999976158142,0.04000000283122063,0.15000000596046448,37,19,15,8,25,49,97,58,50,21.5,21.5,24.3,24.3,6,30.0
1431.335,12,12,30,55,-3.4000000953674316,-1.899999976158142,0.04000000283122063,0.15000000596046448,37,19,15,8,25,49,97,58,50,21.5,21.5,24.3,24.3,6,30.0
1431.854,12,12,30,55,-3.4000000953674316,-1.899999976158142,0.04000000283122063,0.15000000596046448,37,19,15,8,25,49,97,58,50,21.5,21.5,24.3,24.3,6,30.0
1432.333,12,12,30,55,-3.4000000953674316,-1.899999976158142,0.04000000283122063,0.15000000596046448,37,19,15,8,25,49,97,58,50,21.5,21.5,24.3,24.3,6,30.0
1432.836,12,12,30,55,-3.4000000953674316,-1.899999976158142,0.04000000283122063,0.15000000596046448,37,19,15,8,25,49,97,58,50,21.5,21.5,24.3,24.3,6,30.0
1433.357,12,12,30,55,-3.4000000953674316,-1.899999976158142,0.04000000283122063,0.15000000596046448,37,19,15,8,25,49,97,58,50,21.5,21.5,24.3,24.3,6,30.0
1433.843,12,12,30,55,-3.4000000953674316,-1.899999976158142,0.04000000283122063,0.15000000596046448,37,19,15,8,25,49,97,58,50,21.5,21.5,24.3,24.3,6,30.0
1434.344,12,12,30,55,-3.4000000953674316,-1.899999976158142,0.04000000283122063,0.15000000596046448,37,19,15,8,25,49,97,58,50,21.5,21.5,24.3,24.3,6,30.0
1434.852,12,12,30,55,-3.4000000953674316,-1.899999976158142,0.04000000283122063,0.15000000596046448,37,19,15,8,25,49,97,58,50,21.5,21.5,24.3,24.3,6,30.0
1435.349,12,12,30,55,-3.4000000953674316,-1.899999976158142,0.04000000283122063,0.15000000596046448,37,19,15,8,25,49,97,58,50,21.5,21.5,24.3,24.3,6,30.0
1435.852,12,12,30,55,-3.4000000953674316,-1.899999976158142,0.04000000283122063,0.15000000596046448,37,19,15,8,25,49,97,58,50,21.5,21.5,24.3,24.3,6,30.0
1436.343,12,12,30,55,-3.4000000953674316,-1.899999976158142,0.04000000283122063,0.15000000596046448,37,19,15,8,25,49,97,58,50,21.5,21.5,24.3,24.3,6,30.0
1436.844,12,12,30,55,-3.4000000953674316,-1.899999976158142,0.04000000283122063,0.15000000596046448,37,19,15,8,25,49,97,58,50,21.5,21.5,24.3,24.3,6,30.0
1437.355,12,12,30,55,-3.4000000953674316,-1.899999976158142,0.04000000283122063,0.15000000596046448,37,19,15,8,25,49,97,58,50,21.5,21.5,24.3,24.3,6,30.0
1437.833,12,12,30,55,-3.4000000953674316,-1.899999976158142,0.04000000283122063,0.15000000596046448,37,19,15,8,25,49,97,58,50,21.5,21.5,24.3,24.3,6,30.0
1438.343,12,12,30,55,-3.4000000953674316,-1.899999976158142,0.04000000283122063,0.15000000596046448,37,19,15,8,25,49,97,58,50,21.5,21.5,24.3,24.3,6,30.0
1438.843,12,12,30,55,-3.4000000953674316,-1.899999976158142,0.04000000283122063,0.15000000596046448,37,19,15,8,25,49,97,58,50,21.5,21.5,24.3,24.3,6,30.0
1439.338,12,12,30,55,-3.4000000953674316,-1.899999976158142,0.04000000283122063,0.15000000596046448,37,19,15,8,25,49,97,58,50,21.5,21.5,24.3,24.3,6,30.0
1439.834,12,12,30,55,-3.4000000953674316,-1.899999976158142,0.04000000283122063,0.15000000596046448,37,19,15,8,25,49,97,58,50,21.5,21.5,24.3,24.3,6,30.0
1440.342,12,12,30,55,-3.4000000953674316,-1.899999976158142,0.04000000283122063,0.15000000596046448,37,19,15,8,25,49,97,58,50,21.5,21.5,24.3,24.3,6,30.0
1440.837,12,12,30,55,-3.4000000953674316,-1.899999976158142,0.04000000283122063,0.15000000596046448,37,19,15,8,25,49,97,58,50,21.5,21.5,24.3,24.3,6,30.0
1441.347,12,12,30,55,-3.4000000953674316,-1.899999976158142,0.04000000283122063,0.15000000596046448,37,19,15,8,25,49,97,58,50,21.5,21.5,24.3,24.3,6,30.0
1441.849,12,12,30,55,-3.4000000953674316,-1.899999976158142,0.04000000283122063,0.15000000596046448,37,19,15,8,25,49,97,58,50,21.5,21.5,24.3,24.3,6,30.0
1442.342,12,12,30,55,-3.4000000953674316,-1.899999976158142,0.04000000283122063,0.15000000596046448,37,19,15,8,25,49,97,58,50,21.5,21.5,24.3,24.3,6,30.0
1442.845,12,12,30,55,-3.4000000953674316,-1.899999976158142,0.04000000283122063,0.15000000596046448,37,19,15,8,25,49,97,58,50,21.5,21.5,24.3,24.3,6,30.0
1443.345,12,12,30,55,-3.4000000953674316,-1.899999976158142,0.04000000283122063,0.15000000596046448,37,19,15,8,25,49,97,58,50,21.5,21.5,24.3,24.3,6,30.0
1443.834,12,12,30,55,-3.4000000953674316,-1.899999976158142,0.04000000283122063,0.15000000596046448,37,19,15,8,25,49,97,58,50,21.5,21.5,24.3,24.3,6,30.0
1444.352,12,12,30,55,-3.4000000953674316,-1.899999976158142,0.04000000283122063,0.15000000596046448,37,19,15,8,25,49,97,58,50,21.5,21.5,24.3,24.3,6,30.0
1444.837,12,12,30,55,-3.4000000953674316,-1.899999976158142,0.04000000283122063,0.15000000596046448,37,19,15,8,25,49,97,58,50,21.5,21.5,24.3,24.3,6,30.0
1445.335,12,12,30,55,-3.4000000953674316,-1.899999976158142,0.04000000283122063,0.15000000596046448,37,19,15,8,25,49,97,58,50,21.5,21.5,24.3,24.3,6,30.0
1445.834,12,12,30,55,-3.4000000953674316,-1.899999976158142,0.04000000283122063,0.15000000596046448,37,19,15,8,25,49,97,58,50,21.5,21.5,24.3,24.3,6,30.0
1446.346,12,12,30,55,-3.4000000953674316,-1.899999976158142,0.04000000283122063,0.15000000596046448,37,19,15,8,25,49,97,58,50,21.5,21.5,24.3,24.3,6,30.0
1446.853,12,12,30,55,-3.4000000953674316,-1.899999976158142,0.04000000283122063,0.15000000596046448,37,19,15,8,25,49,97,58,50,21.5,21.5,24.3,24.3,6,30.0
1447.344,12,12,30,55,-3.4000000953674316,-1.899999976158142,0.04000000283122063,0.15000000596046448,37,19,15,8,25,49,97,58,50,21.5,21.5,24.3,24.3,6,30.0
1447.858,12,12,30,55,-3.4000000953674316,-1.899999976158142,0.04000000283122063,0.15000000596046448,37,19,15,8,25,49,97,58,50,21.5,21.5,24.3,24.3,6,30.0
1448.348,12,12,30,55,-3.4000000953674316,-1.899999976158142,0.04000000283122063,0.15000000596046448,37,19,15,8,25,49,97,58,50,21.5,21.5,24.3,24.3,6,30.0
1448.858,12,12,30,55,-3.4000000953674316,-1.899999976158142,0.04000000283122063,0.15000000596046448,37,19,15,8,25,49,97,58,50,21.5,21.5,24.3,24.3,6,30.0
1449.341,12,12,30,55,-3.4000000953674316,-1.899999976158142,0.04000000283122063,0.15000000596046448,37,19,15,8,25,49,97,58,50,21.5,21.5,24.3,24.3,6,30.0
1449.838,12,12,30,55,-3.4000000953674316,-1.899999976158142,0.04000000283122063,0.15000000596046448,37,19,15,8,25,49,97,58,50,21.5,21.5,24.3,24.3,6,30.0
1450.359,12,12,30,55,-3.4000000953674316,-1.899999976158142,0.04000000283122063,0.15000000596046448,37,19,15,8,25,49,97,58,50,21.5,21.5,24.3,24.3,6,30.0
1450.834,12,12,30,55,-3.4000000953674316,-1.899999976158142,0.04000000283122063,0.15000000596046448,37,19,15,8,25,49,97,58,50,21.5,21.5,24.3,24.3,6,30.0
1451.35,12,12,30,55,-3.4000000953674316,-1.899999976158142,0.04000000283122063,0.15000000596046448,37,19,15,8,25,49,97,58,50,21.5,21.5,24.3,24.3,6,30.0
1451.841,12,12,30,55,-3.4000000953674316,-1.899999976158142,0.04000000283122063,0.15000000596046448,37,19,15,8,25,49,97,58,50,21.5,21.5,24.3,24.3,6,30.0
1452.334,12,12,30,55,-3.4000000953674316,-1.899999976158142,0.04000000283122063,0.15000000596046448,37,19,15,8,25,49,97,58,50,21.5,21.5,24.3,24.3,6,30.0
1452.836,12,12,30,55,-3.4000000953674316,-1.899999976158142,0.04000000283122063,0.15000000596046448,37,19,15,8,25,49,97,58,50,21.5,21.5,24.3,24.3,6,30.0
1453.338,12,12,30,55,-3.4000000953674316,-1.899999976158142,0.04000000283122063,0.15000000596046448,37,19,15,8,25,49,97,58,50,21.5,21.5,24.3,24.3,6,30.0
1453.856,12,12,30,55,-3.4000000953674316,-1.899999976158142,0.04000000283122063,0.15000000596046448,37,19,15,8,25,49,97,58,50,21.5,21.5,24.3,24.3,6,30.0
1454.353,12,12,30,55,-3.4000000953674316,-1.899999976158142,0.04000000283122063,0.15000000596046448,37,19,15,8,25,49,97,58,50,21.5,21.5,24.3,24.3,6,30.0
1454.839,12,12,30,55,-3.4000000953674316,-1.899999976158142,0.04000000283122063,0.15000000596046448,37,19,15,8,25,49,97,58,50,21.5,21.5,24.3,24.3,6,30.0
1455.347,12,12,30,55,-3.4000000953674316,-1.899999976158142,0.04000000283122063,0.15000000596046448,37,19,15,8,25,49,97,58,50,21.5,21.5,24.3,24.3,6,30.0
1455.841,12,12,30,55,-3.4000000953674316,-1.899999976158142,0.04000000283122063,0.15000000596046448,37,19,15,8,25,49,97,58,50,21.5,21.5,24.3,24.3,6,30.0
1456.355,12,12,30,55,-3.4000000953674316,-1.899999976158142,0.04000000283122063,0.15000000596046448,37,19,15,8,25,49,97,58,50,21.5,21.5,24.3,24.3,6,30.0
1456.836,12,12,30,55,-3.4000000953674316,-1.899999976158142,0.04000000283122063,0.15000000596046448,37,19,15,8,25,49,97,58,50,21.5,21.5,24.3,24.3,6,30.0
1457.346,12,12,30,55,-3.4000000953674316,-1.899999976158142,0.04000000283122063,0.15000000596046448,37,19,15,8,25,49,97,58,50,21.5,21.5,24.3,24.3,6,30.0
1457.851,12,12,30,55,-3.4000000953674316,-1.899999976158142,0.04000000283122063,0.15000000596046448,37,19,15,8,25,49,97,58,50,21.5,21.5,24.3,24.3,6,30.0
1458.339,12,12,30,55,-3.4000000953674316,-1.899999976158142,0.04000000283122063,0.15000000596046448,37,19,15,8,25,49,97,58,50,21.5,21.5,24.3,24.3,6,30.0
1458.835,12,12,30,55,-3.4000000953674316,-1.899999976158142,0.04000000283122063,0.15000000596046448,37,19,15,8,25,49,97,58,50,21.5,21.5,24.3,24.3,6,30.0
1459.342,12,12,30,55,-3.4000000953674316,-1.899999976158142,0.04000000283122063,0.15000000596046448,37,19,15,8,25,49,97,58,50,21.5,21.5,24.3,24.3,6,30.0
1459.85,12,12,30,55,-3.4000000953674316,-1.899999976158142,0.04000000283122063,0.15000000596046448,37,19,15,8,25,49,97,58,50,21.5,21.5,24.3,24.3,6,30.0
1460.338,12,12,30,55,-3.4000000953674316,-1.899999976158142,0.04000000283122063,0.15000000596046448,37,19,15,8,25,49,97,58,50,21.5,21.5,24.3,24.3,6,30.0
1460.833,12,12,30,55,-3.4000000953674316,-1.899999976158142,0.04000000283122063,0.15000000596046448,37,19,15,8,25,49,97,58,50,21.5,21.5,24.3,24.3,6,30.0
1461.353,12,12,30,55,-3.4000000953674316,-1.899999976158142,0.04000000283122063,0.15000000596046448,37,19,15,8,25,49,97,58,50,21.5,21.5,24.3,24.3,6,30.0
1461.856,12,12,30,55,-3.4000000953674316,-1.899999976158142,0.04000000283122063,0.15000000596046448,37,19,15,8,25,49,97,58,50,21.5,21.5,24.3,24.3,6,30.0
1462.343,12,12,30,55,-3.4000000953674316,-1.899999976158142,0.04000000283122063,0.15000000596046448,37,19,15,8,25,49,97,58,50,21.5,21.5,24.3,24.3,6,30.0
1462.846,12,12,30,55,-3.4000000953674316,-1.899999976158142,0.04000000283122063,0.15000000596046448,37,19,15,8,25,49,97,58,50,21.5,21.5,24.3,24.3,6,30.0
1463.354,12,12,30,55,-3.4000000953674316,-1.899999976158142,0.04000000283122063,0.15000000596046448,37,19,15,8,25,49,97,58,50,21.5,21.5,24.3,24.3,6,30.0
1463.841,12,12,30,55,-3.4000000953674316,-1.899999976158142,0.04000000283122063,0.15000000596046448,37,19,15,8,25,49,97,58,50,21.5,21.5,24.3,24.3,6,30.0
1464.338,12,12,30,55,-3.4000000953674316,-1.899999976158142,0.04000000283122063,0.15000000596046448,37,19,15,8,25,49,97,58,50,21.5,21.5,24.3,24.3,6,30.0
1464.848,12,12,30,55,-3.4000000953674316,-1.899999976158142,0.04000000283122063,0.15000000596046448,37,19,15,8,25,49,97,58,50,21.5,21.5,24.3,24.3,6,30.0
1465.348,12,12,30,55,-3.4000000953674316,-1.899999976158142,0.04000000283122063,0.15000000596046448,37,19,15,8,25,49,97,58,50,21.5,21.5,24.3,24.3,6,30.0
1465.841,12,12,30,55,-3.4000000953674316,-1.899999976158142,0.04000000283122063,0.15000000596046448,37,19,15,8,25,49,97,58,50,21.5,21.5,24.3,24.3,6,30.0
1466.342,12,12,30,55,-3.4000000953674316,-1.899999976158142,0.04000000283122063,0.15000000596046448,37,19,15,8,25,49,97,58,50,21.5,21.5,24.3,24.3,6,30.0
1466.841,12,12,30,55,-3.4000000953674316,-1.899999976158142,0.04000000283122063,0.15000000596046448,37,19,15,8,25,49,97,58,50,21.5,21.5,24.3,24.3,6,30.0
1467.336,12,12,30,55,-3.4000000953674316,-1.899999976158142,0.04000000283122063,0.15000000596046448,37,19,15,8,25,49,97,58,50,21.5,21.5,24.3,24.3,6,30.0
1467.853,12,12,30,55,-3.4000000953674316,-1.899999976158142,0.04000000283122063,0.15000000596046448,37,19,15,8,25,49,97,58,50,21.5,21.5,24.3,24.3,6,30.0
1468.353,12,12,30,55,-3.4000000953674316,-1.899999976158142,0.04000000283122063,0.15000000596046448,37,19,15,8,25,49,97,58,50,21.5,21.5,24.3,24.3,6,30.0
1468.85,12,12,30,55,-3.4000000953674316,-1.899999976158142,0.04000000283122063,0.15000000596046448,37,19,15,8,25,49,97,58,50,21.5,21.5,24.3,24.3,6,30.0
1469.352,12,12,30,55,-3.4000000953674316,-1.899999976158142,0.04000000283122063,0.15000000596046448,37,19,15,8,25,49,97,58,50,21.5,21.5,24.3,24.3,6,30.0
1469.858,12,12,30,55,-3.4000000953674316,-1.899999976158142,0.04000000283122063,0.15000000596046448,37,19,15,8,25,49,97,58,50,21.5,21.5,24.3,24.3,6,30.0
1470.334,12,12,30,55,-3.4000000953674316,-1.899999976158142,0.04000000283122063,0.15000000596046448,37,19,15,8,25,49,97,58,50,21.5,21.5,24.3,24.3,6,30.0
1470.856,12,12,30,55,-3.4000000953674316,-1.899999976158142,0.04000000283122063,0.15000000596046448,37,19,15,8,25,49,97,58,50,21.5,21.5,24.3,24.3,6,30.0
1471.364,12,12,30,55,-3.4000000953674316,-1.899999976158142,0.04000000283122063,0.15000000596046448,37,19,15,8,25,49,97,58,50,21.5,21.5,24.3,24.3,6,30.0
1471.853,12,12,30,55,-3.4000000953674316,-1.899999976158142,0.04000000283122063,0.15000000596046448,37,19,15,8,25,49,97,58,50,21.5,21.5,24.3,24.3,6,30.0
1472.334,12,12,30,55,-3.4000000953674316,-1.899999976158142,0.04000000283122063,0.15000000596046448,37,19,15,8,25,49,97,58,50,21.5,21.5,24.3,24.3,6,30.0
1472.855,12,12,30,55,-3.4000000953674316,-1.899999976158142,0.04000000283122063,0.15000000596046448,37,19,15,8,25,49,97,58,50,21.5,21.5,24.3,24.3,6,30.0
1473.346,12,12,30,55,-3.4000000953674316,-1.899999976158142,0.04000000283122063,0.15000000596046448,37,19,15,8,25,49,97,58,50,21.5,21.5,24.3,24.3,6,30.0
1473.848,12,12,30,55,-3.4000000953674316,-1.899999976158142,0.04000000283122063,0.15000000596046448,37,19,15,8,25,49,97,58,50,21.5,21.5,24.3,24.3,6,30.0
1474.336,12,12,30,55,-3.4000000953674316,-1.899999976158142,0.04000000283122063,0.15000000596046448,37,19,15,8,25,49,97,58,50,21.5,21.5,24.3,24.3,6,30.0
1474.834,12,12,30,55,-3.4000000953674316,-1.899999976158142,0.04000000283122063,0.15000000596046448,37,19,15,8,25,49,97,58,50,21.5,21.5,24.3,24.3,6,30.0
1475.343,12,12,30,55,-3.4000000953674316,-1.899999976158142,0.04000000283122063,0.15000000596046448,37,19,15,8,25,49,97,58,50,21.5,21.5,24.3,24.3,6,30.0
1475.842,12,12,30,55,-3.4000000953674316,-1.899999976158142,0.04000000283122063,0.15000000596046448,37,19,15,8,25,49,97,58,50,21.5,21.5,24.3,24.3,6,30.0
1476.347,12,12,30,55,-3.4000000953674316,-1.899999976158142,0.04000000283122063,0.15000000596046448,37,19,15,8,25,49,97,58,50,21.5,21.5,24.3,24.3,6,30.0
1476.852,12,12,30,55,-3.4000000953674316,-1.899999976158142,0.04000000283122063,0.15000000596046448,37,19,15,8,25,49,97,58,50,21.5,21.5,24.3,24.3,6,30.0
1477.35,12,12,30,55,-3.4000000953674316,-1.899999976158142,0.04000000283122063,0.15000000596046448,37,19,15,8,25,49,97,58,50,21.5,21.5,24.3,24.3,6,30.0
1477.846,12,12,30,55,-3.4000000953674316,-1.899999976158142,0.04000000283122063,0.15000000596046448,37,19,15,8,25,49,97,58,50,21.5,21.5,24.3,24.3,6,30.0
1478.362,12,12,30,55,-3.4000000953674316,-1.899999976158142,0.04000000283122063,0.15000000596046448,37,19,15,8,25,49,97,58,50,21.5,21.5,24.3,24.3,6,30.0
1478.854,12,12,30,55,-3.4000000953674316,-1.899999976158142,0.04000000283122063,0.15000000596046448,37,19,15,8,25,49,97,58,50,21.5,21.5,24.3,24.3,6,30.0
1479.348,12,12,30,55,-3.4000000953674316,-1.899999976158142,0.04000000283122063,0.15000000596046448,37,19,15,8,25,49,97,58,50,21.5,21.5,24.3,24.3,6,30.0
1479.844,12,12,30,55,-3.4000000953674316,-1.899999976158142,0.04000000283122063,0.15000000596046448,37,19,15,8,25,49,97,58,50,21.5,21.5,24.3,24.3,6,30.0
1480.34,12,12,30,55,-3.4000000953674316,-1.899999976158142,0.04000000283122063,0.15000000596046448,37,19,15,8,25,49,97,58,50,21.5,21.5,24.3,24.3,6,30.0
1480.838,12,12,30,55,-3.4000000953674316,-1.899999976158142,0.04000000283122063,0.15000000596046448,37,19,15,8,25,49,97,58,50,21.5,21.5,24.3,24.3,6,30.0
1481.346,12,12,30,55,-3.4000000953674316,-1.899999976158142,0.04000000283122063,0.15000000596046448,37,19,15,8,25,49,97,58,50,21.5,21.5,24.3,24.3,6,30.0
1481.852,12,12,30,55,-3.4000000953674316,-1.899999976158142,0.04000000283122063,0.15000000596046448,37,19,15,8,25,49,97,58,50,21.5,21.5,24.3,24.3,6,30.0
1482.336,12,12,30,55,-3.4000000953674316,-1.899999976158142,0.04000000283122063,0.15000000596046448,37,19,15,8,25,49,97,58,50,21.5,21.5,24.3,24.3,6,30.0
1482.852,12,12,30,55,-3.4000000953674316,-1.899999976158142,0.04000000283122063,0.15000000596046448,37,19,15,8,25,49,97,58,50,21.5,21.5,24.3,24.3,6,30.0
1483.355,12,12,30,55,-3.4000000953674316,-1.899999976158142,0.04000000283122063,0.15000000596046448,37,19,15,8,25,49,97,58,50,21.5,21.5,24.3,24.3,6,30.0
1483.844,12,12,30,55,-3.4000000953674316,-1.899999976158142,0.04000000283122063,0.15000000596046448,37,19,15,8,25,49,97,58,50,21.5,21.5,24.3,24.3,6,30.0
1484.338,12,12,30,55,-3.4000000953674316,-1.899999976158142,0.04000000283122063,0.15000000596046448,37,19,15,8,25,49,97,58,50,21.5,21.5,24.3,24.3,6,30.0
1484.837,12,12,30,55,-3.4000000953674316,-1.899999976158142,0.04000000283122063,0.15000000596046448,37,19,15,8,25,49,97,58,50,21.5,21.5,24.3,24.3,6,30.0
1485.345,12,12,30,55,-3.4000000953674316,-1.899999976158142,0.04000000283122063,0.15000000596046448,37,19,15,8,25,49,97,58,50,21.5,21.5,24.3,24.3,6,30.0
1485.84,12,12,30,55,-3.4000000953674316,-1.899999976158142,0.04000000283122063,0.15000000596046448,37,19,15,8,25,49,97,58,50,21.5,21.5,24.3,24.3,6,30.0
1486.343,12,12,30,55,-3.4000000953674316,-1.899999976158142,0.04000000283122063,0.15000000596046448,37,19,15,8,25,49,97,58,50,21.5,21.5,24.3,24.3,6,30.0
1486.846,12,12,30,55,-3.4000000953674316,-1.899999976158142,0.04000000283122063,0.15000000596046448,37,19,15,8,25,49,97,58,50,21.5,21.5,24.3,24.3,6,30.0
1487.347,12,12,30,55,-3.4000000953674316,-1.899999976158142,0.04000000283122063,0.15000000596046448,37,19,15,8,25,49,97,58,50,21.5,21.5,24.3,24.3,6,30.0
1487.844,12,12,30,55,-3.4000000953674316,-1.899999976158142,0.04000000283122063,0.15000000596046448,37,19,15,8,25,49,97,58,50,21.5,21.5,24.3,24.3,6,30.0
1488.356,12,12,30,55,-3.4000000953674316,-1.899999976158142,0.04000000283122063,0.15000000596046448,37,19,15,8,25,49,97,58,50,21.5,21.5,24.3,24.3,6,30.0
1488.853,12,12,30,55,-3.4000000953674316,-1.899999976158142,0.04000000283122063,0.15000000596046448,37,19,15,8,25,49,97,58,50,21.5,21.5,24.3,24.3,6,30.0
1489.341,12,12,30,55,-3.4000000953674316,-1.899999976158142,0.04000000283122063,0.15000000596046448,37,19,15,8,25,49,97,58,50,21.5,21.5,24.3,24.3,6,30.0
1489.837,12,12,30,55,-3.4000000953674316,-1.899999976158142,0.04000000283122063,0.15000000596046448,37,19,15,8,25,49,97,58,50,21.5,21.5,24.3,24.3,6,30.0
1490.335,12,12,30,55,-3.4000000953674316,-1.899999976158142,0.04000000283122063,0.15000000596046448,37,19,15,8,25,49,97,58,50,21.5,21.5,24.3,24.3,6,30.0
1490.843,12,12,30,55,-3.4000000953674316,-1.899999976158142,0.04000000283122063,0.15000000596046448,37,19,15,8,25,49,97,58,50,21.5,21.5,24.3,24.3,6,30.0
1491.353,12,12,30,55,-3.4000000953674316,-1.899999976158142,0.04000000283122063,0.15000000596046448,37,19,15,8,25,49,97,58,50,21.5,21.5,24.3,24.3,6,30.0
1491.842,12,12,30,55,-3.4000000953674316,-1.899999976158142,0.04000000283122063,0.15000000596046448,37,19,15,8,25,49,97,58,50,21.5,21.5,24.3,24.3,6,30.0
1492.352,12,12,30,55,-3.4000000953674316,-1.899999976158142,0.04000000283122063,0.15000000596046448,37,19,15,8,25,49,97,58,50,21.5,21.5,24.3,24.3,6,30.0
1492.854,12,12,30,55,-3.4000000953674316,-1.899999976158142,0.04000000283122063,0.15000000596046448,37,19,15,8,25,49,97,58,50,21.5,21.5,24.3,24.3,6,30.0
1493.343,12,12,30,55,-3.4000000953674316,-1.899999976158142,0.04000000283122063,0.15000000596046448,37,19,15,8,25,49,97,58,50,21.5,21.5,24.3,24.3,6,30.0
1493.857,12,12,30,55,-3.4000000953674316,-1.899999976158142,0.04000000283122063,0.15000000596046448,37,19,15,8,25,49,97,58,50,21.5,21.5,24.3,24.3,6,30.0
1494.356,12,12,30,55,-3.4000000953674316,-1.899999976158142,0.04000000283122063,0.15000000596046448,37,19,15,8,25,49,97,58,50,21.5,21.5,24.3,24.3,6,30.0
1494.855,12,12,30,55,-3.4000000953674316,-1.899999976158142,0.04000000283122063,0.15000000596046448,37,19,15,8,25,49,97,58,50,21.5,21.5,24.3,24.3,6,30.0
1495.35,12,12,30,55,-3.4000000953674316,-1.899999976158142,0.04000000283122063,0.15000000596046448,37,19,15,8,25,49,97,58,50,21.5,21.5,24.3,24.3,6,30.0
1495.857,12,12,30,55,-3.4000000953674316,-1.899999976158142,0.04000000283122063,0.15000000596046448,37,19,15,8,25,49,97,58,50,21.5,21.5,24.3,24.3,6,30.0
1496.354,12,12,30,55,-3.4000000953674316,-1.899999976158142,0.04000000283122063,0.15000000596046448,37,19,15,8,25,49,97,58,50,21.5,21.5,24.3,24.3,6,30.0
1496.849,12,12,30,55,-3.4000000953674316,-1.899999976158142,0.04000000283122063,0.15000000596046448,37,19,15,8,25,49,97,58,50,21.5,21.5,24.3,24.3,6,30.0
1497.336,12,12,30,55,-3.4000000953674316,-1.899999976158142,0.04000000283122063,0.15000000596046448,37,19,15,8,25,49,97,58,50,21.5,21.5,24.3,24.3,6,30.0
1497.851,12,12,30,55,-3.4000000953674316,-1.899999976158142,0.04000000283122063,0.15000000596046448,37,19,15,8,25,49,97,58,50,21.5,21.5,24.3,24.3,6,30.0
1498.335,12,12,30,55,-3.4000000953674316,-1.899999976158142,0.04000000283122063,0.15000000596046448,37,19,15,8,25,49,97,58,50,21.5,21.5,24.3,24.3,6,30.0
1498.833,12,12,30,55,-3.4000000953674316,-1.899999976158142,0.04000000283122063,0.15000000596046448,37,19,15,8,25,49,97,58,50,21.5,21.5,24.3,24.3,6,30.0
1499.336,12,12,30,55,-3.4000000953674316,-1.899999976158142,0.04000000283122063,0.15000000596046448,37,19,15,8,25,49,97,58,50,21.5,21.5,24.3,24.3,6,30.0
1499.843,12,12,30,55,-3.4000000953674316,-1.899999976158142,0.04000000283122063,0.15000000596046448,37,19,15,8,25,49,97,58,50,21.5,21.5,24.3,24.3,6,30.0
1500.338,12,12,30,55,-3.4000000953674316,-1.899999976158142,0.04000000283122063,0.15000000596046448,37,19,15,8,25,49,97,58,50,21.5,21.5,24.3,24.3,6,30.0
1500.843,12,12,30,55,-3.4000000953674316,-1.899999976158142,0.04000000283122063,0.15000000596046448,37,19,15,8,25,49,97,58,50,21.5,21.5,24.3,24.3,6,30.0
1501.339,12,12,30,55,-3.4000000953674316,-1.899999976158142,0.04000000283122063,0.15000000596046448,37,19,15,8,25,49,97,58,50,21.5,21.5,24.3,24.3,6,30.0
1501.843,12,12,30,55,-3.4000000953674316,-1.899999976158142,0.04000000283122063,0.15000000596046448,37,19,15,8,25,49,97,58,50,21.5,21.5,24.3,24.3,6,30.0
1502.333,12,12,30,55,-3.4000000953674316,-1.899999976158142,0.04000000283122063,0.15000000596046448,37,19,15,8,25,49,97,58,50,21.5,21.5,24.3,24.3,6,30.0
1502.837,12,12,30,55,-3.4000000953674316,-1.899999976158142,0.04000000283122063,0.15000000596046448,37,19,15,8,25,49,97,58,50,21.5,21.5,24.3,24.3,6,30.0
1503.334,12,12,30,55,-3.4000000953674316,-1.899999976158142,0.04000000283122063,0.15000000596046448,37,19,15,8,25,49,97,58,50,21.5,21.5,24.3,24.3,6,30.0
1503.836,12,12,30,55,-3.4000000953674316,-1.899999976158142,0.04000000283122063,0.15000000596046448,37,19,15,8,25,49,97,58,50,21.5,21.5,24.3,24.3,6,30.0
1504.333,12,12,30,55,-3.4000000953674316,-1.899999976158142,0.04000000283122063,0.15000000596046448,37,19,15,8,25,49,97,58,50,21.5,21.5,24.3,24.3,6,30.0
1504.84,12,12,30,55,-3.4000000953674316,-1.899999976158142,0.04000000283122063,0.15000000596046448,37,19,15,8,25,49,97,58,50,21.5,21.5,24.3,24.3,6,30.0
1505.341,12,12,30,55,-3.4000000953674316,-1.899999976158142,0.04000000283122063,0.15000000596046448,37,19,15,8,25,49,97,58,50,21.5,21.5,24.3,24.3,6,30.0
1505.852,12,12,30,55,-3.4000000953674316,-1.899999976158142,0.04000000283122063,0.15000000596046448,37,19,15,8,25,49,97,58,50,21.5,21.5,24.3,24.3,6,30.0
1506.345,12,12,30,55,-3.4000000953674316,-1.899999976158142,0.04000000283122063,0.15000000596046448,37,19,15,8,25,49,97,58,50,21.5,21.5,24.3,24.3,6,30.0
1506.845,12,12,30,55,-3.4000000953674316,-1.899999976158142,0.04000000283122063,0.15000000596046448,37,19,15,8,25,49,97,58,50,21.5,21.5,24.3,24.3,6,30.0
1507.352,12,12,30,55,-3.4000000953674316,-1.899999976158142,0.04000000283122063,0.15000000596046448,37,19,15,8,25,49,97,58,50,21.5,21.5,24.3,24.3,6,30.0
1507.834,12,12,30,55,-3.4000000953674316,-1.899999976158142,0.04000000283122063,0.15000000596046448,37,19,15,8,25,49,97,58,50,21.5,21.5,24.3,24.3,6,30.0
1508.356,12,12,30,55,-3.4000000953674316,-1.899999976158142,0.04000000283122063,0.15000000596046448,37,19,15,8,25,49,97,58,50,21.5,21.5,24.3,24.3,6,30.0
1508.857,12,12,30,55,-3.4000000953674316,-1.899999976158142,0.04000000283122063,0.15000000596046448,37,19,15,8,25,49,97,58,50,21.5,21.5,24.3,24.3,6,30.0
1509.341,12,12,30,55,-3.4000000953674316,-1.899999976158142,0.04000000283122063,0.15000000596046448,37,19,15,8,25,49,97,58,50,21.5,21.5,24.3,24.3,6,30.0
1509.841,12,12,30,55,-3.4000000953674316,-1.899999976158142,0.04000000283122063,0.15000000596046448,37,19,15,8,25,49,97,58,50,21.5,21.5,24.3,24.3,6,30.0
1510.335,12,12,30,55,-3.4000000953674316,-1.899999976158142,0.04000000283122063,0.15000000596046448,37,19,15,8,25,49,97,58,50,21.5,21.5,24.3,24.3,6,30.0
1510.844,12,12,30,55,-3.4000000953674316,-1.899999976158142,0.04000000283122063,0.15000000596046448,37,19,15,8,25,49,97,58,50,21.5,21.5,24.3,24.3,6,30.0
1511.336,12,12,30,55,-3.4000000953674316,-1.899999976158142,0.04000000283122063,0.15000000596046448,37,19,15,8,25,49,97,58,50,21.5,21.5,24.3,24.3,6,30.0
1511.851,12,12,30,55,-3.4000000953674316,-1.899999976158142,0.04000000283122063,0.15000000596046448,37,19,15,8,25,49,97,58,50,21.5,21.5,24.3,24.3,6,30.0
1512.349,12,12,30,55,-3.4000000953674316,-1.899999976158142,0.04000000283122063,0.15000000596046448,37,19,15,8,25,49,97,58,50,21.5,21.5,24.3,24.3,6,30.0
1512.846,12,12,30,55,-3.4000000953674316,-1.899999976158142,0.04000000283122063,0.15000000596046448,37,19,15,8,25,49,97,58,50,21.5,21.5,24.3,24.3,6,30.0
1513.34,12,12,30,55,-3.4000000953674316,-1.899999976158142,0.04000000283122063,0.15000000596046448,37,19,15,8,25,49,97,58,50,21.5,21.5,24.3,24.3,6,30.0
1513.85,12,12,30,55,-3.4000000953674316,-1.899999976158142,0.04000000283122063,0.15000000596046448,37,19,15,8,25,49,97,58,50,21.5,21.5,24.3,24.3,6,30.0
1514.344,12,12,30,55,-3.4000000953674316,-1.899999976158142,0.04000000283122063,0.15000000596046448,37,19,15,8,25,49,97,58,50,21.5,21.5,24.3,24.3,6,30.0
1514.833,12,12,30,55,-3.4000000953674316,-1.899999976158142,0.04000000283122063,0.15000000596046448,37,19,15,8,25,49,97,58,50,21.5,21.5,24.3,24.3,6,30.0
1515.346,12,12,30,55,-3.4000000953674316,-1.899999976158142,0.04000000283122063,0.15000000596046448,37,19,15,8,25,49,97,58,50,21.5,21.5,24.3,24.3,6,30.0
1515.838,12,12,30,55,-3.4000000953674316,-1.899999976158142,0.04000000283122063,0.15000000596046448,37,19,15,8,25,49,97,58,50,21.5,21.5,24.3,24.3,6,30.0
1516.345,12,12,30,55,-3.4000000953674316,-1.899999976158142,0.04000000283122063,0.15000000596046448,37,19,15,8,25,49,97,58,50,21.5,21.5,24.3,24.3,6,30.0
1516.855,12,12,30,55,-3.4000000953674316,-1.899999976158142,0.04000000283122063,0.15000000596046448,37,19,15,8,25,49,97,58,50,21.5,21.5,24.3,24.3,6,30.0
1517.343,12,12,30,55,-3.4000000953674316,-1.899999976158142,0.04000000283122063,0.15000000596046448,37,19,15,8,25,49,97,58,50,21.5,21.5,24.3,24.3,6,30.0
1517.841,12,12,30,55,-3.4000000953674316,-1.899999976158142,0.04000000283122063,0.15000000596046448,37,19,15,8,25,49,97,58,50,21.5,21.5,24.3,24.3,6,30.0
1518.344,12,12,30,55,-3.4000000953674316,-1.899999976158142,0.04000000283122063,0.15000000596046448,37,19,15,8,25,49,97,58,50,21.5,21.5,24.3,24.3,6,30.0
1518.85,12,12,30,55,-3.4000000953674316,-1.899999976158142,0.04000000283122063,0.15000000596046448,37,19,15,8,25,49,97,58,50,21.5,21.5,24.3,24.3,6,30.0
1519.357,12,12,30,55,-3.4000000953674316,-1.899999976158142,0.04000000283122063,0.15000000596046448,37,19,15,8,25,49,97,58,50,21.5,21.5,24.3,24.3,6,30.0
1519.849,12,12,30,55,-3.4000000953674316,-1.899999976158142,0.04000000283122063,0.15000000596046448,37,19,15,8,25,49,97,58,50,21.5,21.5,24.3,24.3,6,30.0
1520.352,12,12,30,55,-3.4000000953674316,-1.899999976158142,0.04000000283122063,0.15000000596046448,37,19,15,8,25,49,97,58,50,21.5,21.5,24.3,24.3,6,30.0
1520.853,12,12,30,55,-3.4000000953674316,-1.899999976158142,0.04000000283122063,0.15000000596046448,37,19,15,8,25,49,97,58,50,21.5,21.5,24.3,24.3,6,30.0
1521.354,12,12,30,55,-3.4000000953674316,-1.899999976158142,0.04000000283122063,0.15000000596046448,37,19,15,8,25,49,97,58,50,21.5,21.5,24.3,24.3,6,30.0
1521.843,12,12,30,55,-3.4000000953674316,-1.899999976158142,0.04000000283122063,0.15000000596046448,37,19,15,8,25,49,97,58,50,21.5,21.5,24.3,24.3,6,30.0
1522.354,12,12,30,55,-3.4000000953674316,-1.899999976158142,0.04000000283122063,0.15000000596046448,37,19,15,8,25,49,97,58,50,21.5,21.5,24.3,24.3,6,30.0
1522.846,12,12,30,55,-3.4000000953674316,-1.899999976158142,0.04000000283122063,0.15000000596046448,37,19,15,8,25,49,97,58,50,21.5,21.5,24.3,24.3,6,30.0
1523.342,12,12,30,55,-3.4000000953674316,-1.899999976158142,0.04000000283122063,0.15000000596046448,37,19,15,8,25,49,97,58,50,21.5,21.5,24.3,24.3,6,30.0
1523.842,12,12,30,55,-3.4000000953674316,-1.899999976158142,0.04000000283122063,0.15000000596046448,37,19,15,8,25,49,97,58,50,21.5,21.5,24.3,24.3,6,30.0
1524.34,12,12,30,55,-3.4000000953674316,-1.899999976158142,0.04000000283122063,0.15000000596046448,37,19,15,8,25,49,97,58,50,21.5,21.5,24.3,24.3,6,30.0
1524.834,12,12,30,55,-3.4000000953674316,-1.899999976158142,0.04000000283122063,0.15000000596046448,37,19,15,8,25,49,97,58,50,21.5,21.5,24.3,24.3,6,30.0
1525.333,12,12,30,55,-3.4000000953674316,-1.899999976158142,0.04000000283122063,0.15000000596046448,37,19,15,8,25,49,97,58,50,21.5,21.5,24.3,24.3,6,30.0
1525.838,12,12,30,55,-3.4000000953674316,-1.899999976158142,0.04000000283122063,0.15000000596046448,37,19,15,8,25,49,97,58,50,21.5,21.5,24.3,24.3,6,30.0
1526.344,12,12,30,55,-3.4000000953674316,-1.899999976158142,0.04000000283122063,0.15000000596046448,37,19,15,8,25,49,97,58,50,21.5,21.5,24.3,24.3,6,30.0
1526.854,12,12,30,55,-3.4000000953674316,-1.899999976158142,0.04000000283122063,0.15000000596046448,37,19,15,8,25,49,97,58,50,21.5,21.5,24.3,24.3,6,30.0
1527.346,12,12,30,55,-3.4000000953674316,-1.899999976158142,0.04000000283122063,0.15000000596046448,37,19,15,8,25,49,97,58,50,21.5,21.5,24.3,24.3,6,30.0
1527.844,12,12,30,55,-3.4000000953674316,-1.899999976158142,0.04000000283122063,0.15000000596046448,37,19,15,8,25,49,97,58,50,21.5,21.5,24.3,24.3,6,30.0
1528.333,12,12,30,55,-3.4000000953674316,-1.899999976158142,0.04000000283122063,0.15000000596046448,37,19,15,8,25,49,97,58,50,21.5,21.5,24.3,24.3,6,30.0
1528.84,12,12,30,55,-3.4000000953674316,-1.899999976158142,0.04000000283122063,0.15000000596046448,37,19,15,8,25,49,97,58,50,21.5,21.5,24.3,24.3,6,30.0
1529.348,12,12,30,55,-3.4000000953674316,-1.899999976158142,0.04000000283122063,0.15000000596046448,37,19,15,8,25,49,97,58,50,21.5,21.5,24.3,24.3,6,30.0
1529.847,12,12,30,55,-3.4000000953674316,-1.899999976158142,0.04000000283122063,0.15000000596046448,37,19,15,8,25,49,97,58,50,21.5,21.5,24.3,24.3,6,30.0
1530.34,12,12,30,55,-3.4000000953674316,-1.899999976158142,0.04000000283122063,0.15000000596046448,37,19,15,8,25,49,97,58,50,21.5,21.5,24.3,24.3,6,30.0
1530.846,12,12,30,55,-3.4000000953674316,-1.899999976158142,0.04000000283122063,0.15000000596046448,37,19,15,8,25,49,97,58,50,21.5,21.5,24.3,24.3,6,30.0
1531.353,12,12,30,55,-3.4000000953674316,-1.899999976158142,0.04000000283122063,0.15000000596046448,37,19,15,8,25,49,97,58,50,21.5,21.5,24.3,24.3,6,30.0
1531.846,12,12,30,55,-3.4000000953674316,-1.899999976158142,0.04000000283122063,0.15000000596046448,37,19,15,8,25,49,97,58,50,21.5,21.5,24.3,24.3,6,30.0
1532.341,12,12,30,55,-3.4000000953674316,-1.899999976158142,0.04000000283122063,0.15000000596046448,37,19,15,8,25,49,97,58,50,21.5,21.5,24.3,24.3,6,30.0
1532.843,12,12,30,55,-3.4000000953674316,-1.899999976158142,0.04000000283122063,0.15000000596046448,37,19,15,8,25,49,97,58,50,21.5,21.5,24.3,24.3,6,30.0
1533.334,12,12,30,55,-3.4000000953674316,-1.899999976158142,0.04000000283122063,0.15000000596046448,37,19,15,8,25,49,97,58,50,21.5,21.5,24.3,24.3,6,30.0
1533.84,12,12,30,55,-3.4000000953674316,-1.899999976158142,0.04000000283122063,0.15000000596046448,37,19,15,8,25,49,97,58,50,21.5,21.5,24.3,24.3,6,30.0
1534.336,12,12,30,55,-3.4000000953674316,-1.899999976158142,0.04000000283122063,0.15000000596046448,37,19,15,8,25,49,97,58,50,21.5,21.5,24.3,24.3,6,30.0
1534.839,12,12,30,55,-3.4000000953674316,-1.899999976158142,0.04000000283122063,0.15000000596046448,37,19,15,8,25,49,97,58,50,21.5,21.5,24.3,24.3,6,30.0
1535.346,12,12,30,55,-3.4000000953674316,-1.899999976158142,0.04000000283122063,0.15000000596046448,37,19,15,8,25,49,97,58,50,21.5,21.5,24.3,24.3,6,30.0
1535.849,12,12,30,55,-3.4000000953674316,-1.899999976158142,0.04000000283122063,0.15000000596046448,37,19,15,8,25,49,97,58,50,21.5,21.5,24.3,24.3,6,30.0
1536.354,12,12,30,55,-3.4000000953674316,-1.899999976158142,0.04000000283122063,0.15000000596046448,37,19,15,8,25,49,97,58,50,21.5,21.5,24.3,24.3,6,30.0
1536.842,12,12,30,55,-3.4000000953674316,-1.899999976158142,0.04000000283122063,0.15000000596046448,37,19,15,8,25,49,97,58,50,21.5,21.5,24.3,24.3,6,30.0
1537.344,12,12,30,55,-3.4000000953674316,-1.899999976158142,0.04000000283122063,0.15000000596046448,37,19,15,8,25,49,97,58,50,21.5,21.5,24.3,24.3,6,30.0
1537.839,12,12,30,55,-3.4000000953674316,-1.899999976158142,0.04000000283122063,0.15000000596046448,37,19,15,8,25,49,97,58,50,21.5,21.5,24.3,24.3,6,30.0
1538.342,12,12,30,55,-3.4000000953674316,-1.899999976158142,0.04000000283122063,0.15000000596046448,37,19,15,8,25,49,97,58,50,21.5,21.5,24.3,24.3,6,30.0
1538.838,12,12,30,55,-3.4000000953674316,-1.899999976158142,0.04000000283122063,0.15000000596046448,37,19,15,8,25,49,97,58,50,21.5,21.5,24.3,24.3,6,30.0
1539.34,12,12,30,55,-3.4000000953674316,-1.899999976158142,0.04000000283122063,0.15000000596046448,37,19,15,8,25,49,97,58,50,21.5,21.5,24.3,24.3,6,30.0
1539.844,12,12,30,55,-3.4000000953674316,-1.899999976158142,0.04000000283122063,0.15000000596046448,37,19,15,8,25,49,97,58,50,21.5,21.5,24.3,24.3,6,30.0
1540.341,12,12,30,55,-3.4000000953674316,-1.899999976158142,0.04000000283122063,0.15000000596046448,37,19,15,8,25,49,97,58,50,21.5,21.5,24.3,24.3,6,30.0
1540.854,12,12,30,55,-3.4000000953674316,-1.899999976158142,0.04000000283122063,0.15000000596046448,37,19,15,8,25,49,97,58,50,21.5,21.5,24.3,24.3,6,30.0
1541.354,12,12,30,55,-3.4000000953674316,-1.899999976158142,0.04000000283122063,0.15000000596046448,37,19,15,8,25,49,97,58,50,21.5,21.5,24.3,24.3,6,30.0
1541.859,12,12,30,55,-3.4000000953674316,-1.899999976158142,0.04000000283122063,0.15000000596046448,37,19,15,8,25,49,97,58,50,21.5,21.5,24.3,24.3,6,30.0
1542.337,12,12,30,55,-3.4000000953674316,-1.899999976158142,0.04000000283122063,0.15000000596046448,37,19,15,8,25,49,97,58,50,21.5,21.5,24.3,24.3,6,30.0
1542.834,12,12,30,55,-3.4000000953674316,-1.899999976158142,0.04000000283122063,0.15000000596046448,37,19,15,8,25,49,97,58,50,21.5,21.5,24.3,24.3,6,30.0
1543.343,12,12,30,55,-3.4000000953674316,-1.899999976158142,0.04000000283122063,0.15000000596046448,37,19,15,8,25,49,97,58,50,21.5,21.5,24.3,24.3,6,30.0
1543.85,12,12,30,55,-3.4000000953674316,-1.899999976158142,0.04000000283122063,0.15000000596046448,37,19,15,8,25,49,97,58,50,21.5,21.5,24.3,24.3,6,30.0
1544.342,12,12,30,55,-3.4000000953674316,-1.899999976158142,0.04000000283122063,0.15000000596046448,37,19,15,8,25,49,97,58,50,21.5,21.5,24.3,24.3,6,30.0
1544.843,12,12,30,55,-3.4000000953674316,-1.899999976158142,0.04000000283122063,0.15000000596046448,37,19,15,8,25,49,97,58,50,21.5,21.5,24.3,24.3,6,30.0
1545.355,12,12,30,55,-3.4000000953674316,-1.899999976158142,0.04000000283122063,0.15000000596046448,37,19,15,8,25,49,97,58,50,21.5,21.5,24.3,24.3,6,30.0
1545.847,12,12,30,55,-3.4000000953674316,-1.899999976158142,0.04000000283122063,0.15000000596046448,37,19,15,8,25,49,97,58,50,21.5,21.5,24.3,24.3,6,30.0
1546.34,12,12,30,55,-3.4000000953674316,-1.899999976158142,0.04000000283122063,0.15000000596046448,37,19,15,8,25,49,97,58,50,21.5,21.5,24.3,24.3,6,30.0
1546.841,12,12,30,55,-3.4000000953674316,-1.899999976158142,0.04000000283122063,0.15000000596046448,37,19,15,8,25,49,97,58,50,21.5,21.5,24.3,24.3,6,30.0
1547.335,12,12,30,55,-3.4000000953674316,-1.899999976158142,0.04000000283122063,0.15000000596046448,37,19,15,8,25,49,97,58,50,21.5,21.5,24.3,24.3,6,30.0
1547.847,12,12,30,55,-3.4000000953674316,-1.899999976158142,0.04000000283122063,0.15000000596046448,37,19,15,8,25,49,97,58,50,21.5,21.5,24.3,24.3,6,30.0
1548.353,12,12,30,55,-3.4000000953674316,-1.899999976158142,0.04000000283122063,0.15000000596046448,37,19,15,8,25,49,97,58,50,21.5,21.5,24.3,24.3,6,30.0
1548.844,12,12,30,55,-3.4000000953674316,-1.899999976158142,0.04000000283122063,0.15000000596046448,37,19,15,8,25,49,97,58,50,21.5,21.5,24.3,24.3,6,30.0
1549.335,12,12,30,55,-3.4000000953674316,-1.899999976158142,0.04000000283122063,0.15000000596046448,37,19,15,8,25,49,97,58,50,21.5,21.5,24.3,24.3,6,30.0
1549.842,12,12,30,55,-3.4000000953674316,-1.899999976158142,0.04000000283122063,0.15000000596046448,37,19,15,8,25,49,97,58,50,21.5,21.5,24.3,24.3,6,30.0
1550.339,12,12,30,55,-3.4000000953674316,-1.899999976158142,0.04000000283122063,0.15000000596046448,37,19,15,8,25,49,97,58,50,21.5,21.5,24.3,24.3,6,30.0
1550.84,12,12,30,55,-3.4000000953674316,-1.899999976158142,0.04000000283122063,0.15000000596046448,37,19,15,8,25,49,97,58,50,21.5,21.5,24.3,24.3,6,30.0
1550.925,12,12,30,55,-3.4000000953674316,-1.899999976158142,0.04000000283122063,0.15000000596046448,37,19,15,8,25,49,97,58,50,21.5,21.5,24.3,24.3,6,30.0
