tempo,weather,track_temperature,air_temperature,total_laps,track_lenght,session_type,track_id,type_formula,session_time_left,session_duration,pit_speed_limit,weather_forecast,rain_percentage,track_temp_change,air_temp_change,time_forecast
74.832,0,39,26,18,4294,15,16,0,7200,7200,80,0,5,2,2,0
75.354,0,39,26,18,4294,15,16,0,7199,7200,80,0,5,2,2,0
75.857,0,39,26,18,4294,15,16,0,7198,7200,80,0,5,2,2,0
76.359,0,39,26,18,4294,15,16,0,7198,7200,80,0,5,2,2,0
76.857,1,39,25,18,4294,15,16,0,7197,7200,80,1,5,2,2,0
77.335,1,39,25,18,4294,15,16,0,7197,7200,80,1,5,2,2,0
77.847,1,39,25,18,4294,15,16,0,7196,7200,80,1,5,2,2,0
78.341,1,39,25,18,4294,15,16,0,7196,7200,80,1,5,2,2,0
78.856,1,39,25,18,4294,15,16,0,7195,7200,80,1,5,2,2,0
79.333,1,39,25,18,4294,15,16,0,7195,7200,80,1,5,2,2,0
79.849,1,39,25,18,4294,15,16,0,7194,7200,80,1,5,2,2,0
80.341,1,39,25,18,4294,15,16,0,7194,7200,80,1,5,2,2,0
80.855,1,39,25,18,4294,15,16,0,7193,7200,80,1,5,2,2,0
81.335,1,39,25,18,4294,15,16,0,7193,7200,80,1,5,2,2,0
81.848,1,39,25,18,4294,15,16,0,7192,7200,80,1,5,2,2,0
82.357,1,39,25,18,4294,15,16,0,7192,7200,80,1,5,2,2,0
82.852,1,39,25,18,4294,15,16,0,7191,7200,80,1,5,2,2,0
83.354,1,39,25,18,4294,15,16,0,7191,7200,80,1,5,2,2,0
83.837,1,39,25,18,4294,15,16,0,7190,7200,80,1,5,2,2,0
84.334,1,39,25,18,4294,15,16,0,7190,7200,80,1,5,2,2,0
84.854,1,39,25,18,4294,15,16,0,7189,7200,80,1,5,2,2,0
85.345,1,39,25,18,4294,15,16,0,7189,7200,80,1,5,2,2,0
85.835,1,39,25,18,4294,15,16,0,7188,7200,80,1,5,2,2,0
86.349,1,39,25,18,4294,15,16,0,7188,7200,80,1,5,2,2,0
86.835,1,39,25,18,4294,15,16,0,7187,7200,80,1,5,2,2,0
87.337,1,39,25,18,4294,15,16,0,7187,7200,80,1,5,2,2,0
87.851,1,39,25,18,4294,15,16,0,7186,7200,80,1,5,2,2,0
88.358,1,39,25,18,4294,15,16,0,7186,7200,80,1,5,2,2,0
88.835,1,39,25,18,4294,15,16,0,7185,7200,80,1,5,2,2,0
89.355,1,39,25,18,4294,15,16,0,7185,7200,80,1,5,2,2,0
89.855,1,39,25,18,4294,15,16,0,7184,7200,80,1,5,2,2,0
90.337,1,39,25,18,4294,15,16,0,7184,7200,80,1,5,2,2,0
90.855,1,39,25,18,4294,15,16,0,7183,7200,80,1,5,2,2,0
91.352,1,39,25,18,4294,15,16,0,7183,7200,80,1,5,2,2,0
91.841,1,39,25,18,4294,15,16,0,7182,7200,80,1,5,2,2,0
92.342,1,39,25,18,4294,15,16,0,7182,7200,80,1,5,2,2,0
92.849,1,39,25,18,4294,15,16,0,7181,7200,80,1,5,2,2,0
93.34,1,39,25,18,4294,15,16,0,7181,7200,80,1,5,2,2,0
93.854,1,39,25,18,4294,15,16,0,7180,7200,80,1,5,2,2,0
94.348,1,39,25,18,4294,15,16,0,7180,7200,80,1,5,2,2,0
94.851,1,39,25,18,4294,15,16,0,7179,7200,80,1,5,2,2,0
95.345,1,39,25,18,4294,15,16,0,7179,7200,80,1,5,2,2,0
95.844,1,39,25,18,4294,15,16,0,7178,7200,80,1,5,2,2,0
96.35,1,39,25,18,4294,15,16,0,7178,7200,80,1,5,2,2,0
96.847,1,39,25,18,4294,15,16,0,7177,7200,80,1,5,2,2,0
97.355,1,39,25,18,4294,15,16,0,7177,7200,80,1,5,2,2,0
97.837,1,39,25,18,4294,15,16,0,7176,7200,80,1,5,2,2,0
98.349,1,39,25,18,4294,15,16,0,7176,7200,80,1,5,2,2,0
98.854,1,39,25,18,4294,15,16,0,7175,7200,80,1,5,2,2,0
99.338,1,39,25,18,4294,15,16,0,7175,7200,80,1,5,2,2,0
99.836,1,39,25,18,4294,15,16,0,7174,7200,80,1,5,2,2,0
100.335,1,39,25,18,4294,15,16,0,7174,7200,80,1,5,2,2,0
100.858,1,39,25,18,4294,15,16,0,7173,7200,80,1,5,2,2,0
101.334,1,39,25,18,4294,15,16,0,7173,7200,80,1,5,2,2,0
101.834,1,39,25,18,4294,15,16,0,7173,7200,80,1,5,2,2,0
102.354,1,39,25,18,4294,15,16,0,7172,7200,80,1,5,2,2,0
102.856,1,39,25,18,4294,15,16,0,7171,7200,80,1,5,2,2,0
103.355,1,39,25,18,4294,15,16,0,7171,7200,80,1,5,2,2,0
103.834,1,39,25,18,4294,15,16,0,7171,7200,80,1,5,2,2,0
104.342,1,39,25,18,4294,15,16,0,7170,7200,80,1,5,2,2,0
104.833,1,39,25,18,4294,15,16,0,7170,7200,80,1,5,2,2,0
105.359,1,39,25,18,4294,15,16,0,7169,7200,80,1,5,2,2,0
105.836,1,39,25,18,4294,15,16,0,7169,7200,80,1,5,2,2,0
106.354,1,39,25,18,4294,15,16,0,7168,7200,80,1,5,2,2,0
106.85,1,39,25,18,4294,15,16,0,7167,7200,80,1,5,2,2,0
107.343,1,39,25,18,4294,15,16,0,7167,7200,80,1,5,2,2,0
107.859,1,39,25,18,4294,15,16,0,7166,7200,80,1,5,2,2,0
108.347,1,39,25,18,4294,15,16,0,7166,7200,80,1,5,2,2,0
108.835,1,39,25,18,4294,15,16,0,7165,7200,80,1,5,2,2,0
109.342,1,39,25,18,4294,15,16,0,7165,7200,80,1,5,2,2,0
109.852,1,39,25,18,4294,15,16,0,7164,7200,80,1,5,2,2,0
110.344,1,39,25,18,4294,15,16,0,7164,7200,80,1,5,2,2,0
110.837,1,39,25,18,4294,15,16,0,7163,7200,80,1,5,2,2,0
111.339,1,39,25,18,4294,15,16,0,7163,7200,80,1,5,2,2,0
111.842,1,39,25,18,4294,15,16,0,7162,7200,80,1,5,2,2,0
112.354,1,39,25,18,4294,15,16,0,7162,7200,80,1,5,2,2,0
112.855,1,39,25,18,4294,15,16,0,7161,7200,80,1,5,2,2,0
113.345,1,39,25,18,4294,15,16,0,7161,7200,80,1,5,2,2,0
113.856,1,39,25,18,4294,15,16,0,7160,7200,80,1,5,2,2,0
114.344,1,39,25,18,4294,15,16,0,7160,7200,80,1,5,2,2,0
114.856,1,39,25,18,4294,15,16,0,7159,7200,80,1,5,2,2,0
115.336,1,39,25,18,4294,15,16,0,7159,7200,80,1,5,2,2,0
115.847,1,39,25,18,4294,15,16,0,7158,7200,80,1,5,2,2,0
116.346,1,39,25,18,4294,15,16,0,7158,7200,80,1,5,2,2,0
116.855,1,39,25,18,4294,15,16,0,7157,7200,80,1,5,2,2,0
117.334,1,39,25,18,4294,15,16,0,7157,7200,80,1,5,2,2,0
117.84,1,39,25,18,4294,15,16,0,7156,7200,80,1,5,2,2,0
118.345,1,39,25,18,4294,15,16,0,7156,7200,80,1,5,2,2,0
118.855,1,39,25,18,4294,15,16,0,7155,7200,80,1,5,2,2,0
119.336,1,39,25,18,4294,15,16,0,7155,7200,80,1,5,2,2,0
119.842,1,39,25,18,4294,15,16,0,7154,7200,80,1,5,2,2,0
120.348,1,39,25,18,4294,15,16,0,7154,7200,80,1,5,2,2,0
120.844,1,39,25,18,4294,15,16,0,7153,7200,80,1,5,2,2,0
121.344,1,39,25,18,4294,15,16,0,7153,7200,80,1,5,2,2,0
121.838,1,39,25,18,4294,15,16,0,7152,7200,80,1,5,2,2,0
122.347,1,39,25,18,4294,15,16,0,7152,7200,80,1,5,2,2,0
122.844,1,39,25,18,4294,15,16,0,7151,7200,80,1,5,2,2,0
123.345,1,39,25,18,4294,15,16,0,7151,7200,80,1,5,2,2,0
123.839,1,39,25,18,4294,15,16,0,7150,7200,80,1,5,2,2,0
124.341,1,39,25,18,4294,15,16,0,7150,7200,80,1,5,2,2,0
124.854,1,39,25,18,4294,15,16,0,7149,7200,80,1,5,2,2,0
125.338,1,39,25,18,4294,15,16,0,7149,7200,80,1,5,2,2,0
125.849,1,39,25,18,4294,15,16,0,7148,7200,80,1,5,2,2,0
126.353,1,39,25,18,4294,15,16,0,7148,7200,80,1,5,2,2,0
126.847,1,39,25,18,4294,15,16,0,7147,7200,80,1,5,2,2,0
127.333,1,39,25,18,4294,15,16,0,7147,7200,80,1,5,2,2,0
127.837,1,39,25,18,4294,15,16,0,7146,7200,80,1,5,2,2,0
128.339,1,39,25,18,4294,15,16,0,7146,7200,80,1,5,2,2,0
128.836,1,39,25,18,4294,15,16,0,7145,7200,80,1,5,2,2,0
129.348,1,39,25,18,4294,15,16,0,7145,7200,80,1,5,2,2,0
129.844,1,39,25,18,4294,15,16,0,7144,7200,80,1,5,2,2,0
130.343,1,39,25,18,4294,15,16,0,7144,7200,80,1,5,2,2,0
130.834,1,39,25,18,4294,15,16,0,7143,7200,80,1,5,2,2,0
131.336,1,39,25,18,4294,15,16,0,7143,7200,80,1,5,2,2,0
131.841,1,39,25,18,4294,15,16,0,7142,7200,80,1,5,2,2,0
132.338,1,39,25,18,4294,15,16,0,7142,7200,80,1,5,2,2,0
132.843,1,39,25,18,4294,15,16,0,7141,7200,80,1,5,2,2,0
133.35,1,39,25,18,4294,15,16,0,7141,7200,80,1,5,2,2,0
133.84,1,39,25,18,4294,15,16,0,7140,7200,80,1,5,2,2,0
134.348,1,39,25,18,4294,15,16,0,7140,7200,80,1,5,2,2,0
134.854,1,39,25,18,4294,15,16,0,7139,7200,80,1,5,2,2,0
135.339,1,39,25,18,4294,15,16,0,7139,7200,80,1,5,2,2,0
135.843,1,39,25,18,4294,15,16,0,7138,7200,80,1,5,2,2,0
136.334,1,39,25,18,4294,15,16,0,7138,7200,80,1,5,2,2,0
136.835,1,39,25,18,4294,15,16,0,7137,7200,80,1,5,2,2,0
137.333,1,39,25,18,4294,15,16,0,7137,7200,80,1,5,2,2,0
137.845,1,39,25,18,4294,15,16,0,7136,7200,80,1,5,2,2,0
138.352,1,39,25,18,4294,15,16,0,7136,7200,80,1,5,2,2,0
138.841,1,39,25,18,4294,15,16,0,7135,7200,80,1,5,2,2,0
139.351,1,39,25,18,4294,15,16,0,7135,7200,80,1,5,2,2,0
139.853,1,39,25,18,4294,15,16,0,7134,7200,80,1,5,2,2,0
140.353,1,39,25,18,4294,15,16,0,7134,7200,80,1,5,2,2,0
140.837,1,39,25,18,4294,15,16,0,7133,7200,80,1,5,2,2,0
141.342,1,39,25,18,4294,15,16,0,7133,7200,80,1,5,2,2,0
141.853,1,39,25,18,4294,15,16,0,7132,7200,80,1,5,2,2,0
142.334,1,39,25,18,4294,15,16,0,7132,7200,80,1,5,2,2,0
142.852,1,39,25,18,4294,15,16,0,7131,7200,80,1,5,2,2,0
143.354,1,39,25,18,4294,15,16,0,7131,7200,80,1,5,2,2,0
143.855,1,39,25,18,4294,15,16,0,7130,7200,80,1,5,2,2,0
144.341,1,39,25,18,4294,15,16,0,7130,7200,80,1,5,2,2,0
144.838,1,39,25,18,4294,15,16,0,7129,7200,80,1,5,2,2,0
145.335,1,39,25,18,4294,15,16,0,7129,7200,80,1,5,2,2,0
145.832,1,39,25,18,4294,15,16,0,7128,7200,80,1,5,2,2,0
146.35,1,39,25,18,4294,15,16,0,7128,7200,80,1,5,2,2,0
146.833,1,39,25,18,4294,15,16,0,7127,7200,80,1,5,2,2,0
147.349,1,39,25,18,4294,15,16,0,7127,7200,80,1,5,2,2,0
147.843,1,39,25,18,4294,15,16,0,7126,7200,80,1,5,2,2,0
148.341,1,39,25,18,4294,15,16,0,7126,7200,80,1,5,2,2,0
148.837,1,39,25,18,4294,15,16,0,7125,7200,80,1,5,2,2,0
149.335,1,39,25,18,4294,15,16,0,7125,7200,80,1,5,2,2,0
149.844,1,39,25,18,4294,15,16,0,7124,7200,80,1,5,2,2,0
150.356,1,39,25,18,4294,15,16,0,7124,7200,80,1,5,2,2,0
150.855,1,39,25,18,4294,15,16,0,7123,7200,80,1,5,2,2,0
151.347,1,39,25,18,4294,15,16,0,7123,7200,80,1,5,2,2,0
151.838,1,39,25,18,4294,15,16,0,7122,7200,80,1,5,2,2,0
152.34,1,39,25,18,4294,15,16,0,7122,7200,80,1,5,2,2,0
152.848,1,39,25,18,4294,15,16,0,7121,7200,80,1,5,2,2,0
153.337,1,39,25,18,4294,15,16,0,7121,7200,80,1,5,2,2,0
153.853,1,39,25,18,4294,15,16,0,7120,7200,80,1,5,2,2,0
154.342,1,39,25,18,4294,15,16,0,7120,7200,80,1,5,2,2,0
154.85,1,39,25,18,4294,15,16,0,7119,7200,80,1,5,2,2,0
155.335,1,39,25,18,4294,15,16,0,7119,7200,80,1,5,2,2,0
155.834,1,39,25,18,4294,15,16,0,7118,7200,80,1,5,2,2,0
156.338,1,39,25,18,4294,15,16,0,7118,7200,80,1,5,2,2,0
156.838,1,39,25,18,4294,15,16,0,7117,7200,80,1,5,2,2,0
157.344,1,39,25,18,4294,15,16,0,7117,7200,80,1,5,2,2,0
157.841,1,39,25,18,4294,15,16,0,7116,7200,80,1,5,2,2,0
158.351,1,39,25,18,4294,15,16,0,7116,7200,80,1,5,2,2,0
158.853,1,39,25,18,4294,15,16,0,7115,7200,80,1,5,2,2,0
159.339,1,39,25,18,4294,15,16,0,7115,7200,80,1,5,2,2,0
159.844,1,39,25,18,4294,15,16,0,7114,7200,80,1,5,2,2,0
160.351,1,39,25,18,4294,15,16,0,7114,7200,80,1,5,2,2,0
160.842,1,39,25,18,4294,15,16,0,7113,7200,80,1,5,2,2,0
161.348,1,39,25,18,4294,15,16,0,7113,7200,80,1,5,2,2,0
161.85,1,39,25,18,4294,15,16,0,7112,7200,80,1,5,2,2,0
162.333,1,39,25,18,4294,15,16,0,7112,7200,80,1,5,2,2,0
162.836,1,39,25,18,4294,15,16,0,7111,7200,80,1,5,2,2,0
163.343,1,39,25,18,4294,15,16,0,7111,7200,80,1,5,2,2,0
163.839,1,39,25,18,4294,15,16,0,7110,7200,80,1,5,2,2,0
164.342,1,39,25,18,4294,15,16,0,7110,7200,80,1,5,2,2,0
164.843,1,39,25,18,4294,15,16,0,7109,7200,80,1,5,2,2,0
165.346,1,39,25,18,4294,15,16,0,7109,7200,80,1,5,2,2,0
165.855,1,39,25,18,4294,15,16,0,7108,7200,80,1,5,2,2,0
166.353,1,39,25,18,4294,15,16,0,7108,7200,80,1,5,2,2,0
166.855,1,39,25,18,4294,15,16,0,7107,7200,80,1,5,2,2,0
167.349,1,39,25,18,4294,15,16,0,7107,7200,80,1,5,2,2,0
167.836,1,39,25,18,4294,15,16,0,7106,7200,80,1,5,2,2,0
168.345,1,39,25,18,4294,15,16,0,7106,7200,80,1,5,2,2,0
168.849,1,39,25,18,4294,15,16,0,7105,7200,80,1,5,2,2,0
169.338,1,39,25,18,4294,15,16,0,7105,7200,80,1,5,2,2,0
169.845,1,39,25,18,4294,15,16,0,7104,7200,80,1,5,2,2,0
170.356,1,39,25,18,4294,15,16,0,7104,7200,80,1,5,2,2,0
170.851,1,39,25,18,4294,15,16,0,7103,7200,80,1,5,2,2,0
171.343,1,39,25,18,4294,15,16,0,7103,7200,80,1,5,2,2,0
171.835,1,39,25,18,4294,15,16,0,7103,7200,80,1,5,2,2,0
172.357,1,39,25,18,4294,15,16,0,7102,7200,80,1,5,2,2,0
172.853,1,39,25,18,4294,15,16,0,7101,7200,80,1,5,2,2,0
173.335,1,39,25,18,4294,15,16,0,7101,7200,80,1,5,2,2,0
173.846,1,39,25,18,4294,15,16,0,7100,7200,80,1,5,2,2,0
174.355,1,39,25,18,4294,15,16,0,7100,7200,80,1,5,2,2,0
174.851,1,39,25,18,4294,15,16,0,7099,7200,80,1,5,2,2,0
175.359,1,39,25,18,4294,15,16,0,7099,7200,80,1,5,2,2,0
175.854,1,39,25,18,4294,15,16,0,7098,7200,80,1,5,2,2,0
176.34,1,39,25,18,4294,15,16,0,7098,7200,80,1,5,2,2,0
176.843,1,39,25,18,4294,15,16,0,7097,7200,80,1,5,2,2,0
177.349,1,39,25,18,4294,15,16,0,7097,7200,80,1,5,2,2,0
177.847,1,39,25,18,4294,15,16,0,7096,7200,80,1,5,2,2,0
178.356,1,39,25,18,4294,15,16,0,7096,7200,80,1,5,2,2,0
178.852,1,39,25,18,4294,15,16,0,7095,7200,80,1,5,2,2,0
179.333,1,39,25,18,4294,15,16,0,7095,7200,80,1,5,2,2,0
179.834,1,39,25,18,4294,15,16,0,7094,7200,80,1,5,2,2,0
180.354,1,39,25,18,4294,15,16,0,7094,7200,80,1,5,2,2,0
180.857,1,39,25,18,4294,15,16,0,7093,7200,80,1,5,2,2,0
181.348,1,39,25,18,4294,15,16,0,7093,7200,80,1,5,2,2,0
181.835,1,39,25,18,4294,15,16,0,7092,7200,80,1,5,2,2,0
182.338,1,39,25,18,4294,15,16,0,7092,7200,80,1,5,2,2,0
182.852,1,39,25,18,4294,15,16,0,7091,7200,80,1,5,2,2,0
183.346,1,39,25,18,4294,15,16,0,7091,7200,80,1,5,2,2,0
183.835,1,39,25,18,4294,15,16,0,7091,7200,80,1,5,2,2,0
184.342,1,39,25,18,4294,15,16,0,7090,7200,80,1,5,2,2,0
184.834,1,39,25,18,4294,15,16,0,7090,7200,80,1,5,2,2,0
185.34,1,39,25,18,4294,15,16,0,7089,7200,80,1,5,2,2,0
185.857,1,39,25,18,4294,15,16,0,7088,7200,80,1,5,2,2,0
186.357,1,39,25,18,4294,15,16,0,7088,7200,80,1,5,2,2,0
186.852,1,39,25,18,4294,15,16,0,7087,7200,80,1,5,2,2,0
187.357,1,39,25,18,4294,15,16,0,7087,7200,80,1,5,2,2,0
187.846,1,39,25,18,4294,15,16,0,7086,7200,80,1,5,2,2,0
188.332,1,39,25,18,4294,15,16,0,7086,7200,80,1,5,2,2,0
188.846,1,39,25,18,4294,15,16,0,7085,7200,80,1,5,2,2,0
189.333,1,39,25,18,4294,15,16,0,7085,7200,80,1,5,2,2,0
189.842,1,39,25,18,4294,15,16,0,7084,7200,80,1,5,2,2,0
190.358,1,39,25,18,4294,15,16,0,7084,7200,80,1,5,2,2,0
190.838,1,39,25,18,4294,15,16,0,7083,7200,80,1,5,2,2,0
191.355,1,39,25,18,4294,15,16,0,7083,7200,80,1,5,2,2,0
191.835,1,39,25,18,4294,15,16,0,7082,7200,80,1,5,2,2,0
192.353,1,39,25,18,4294,15,16,0,7082,7200,80,1,5,2,2,0
192.834,1,39,25,18,4294,15,16,0,7082,7200,80,1,5,2,2,0
193.352,1,39,25,18,4294,15,16,0,7081,7200,80,1,5,2,2,0
193.857,1,39,25,18,4294,15,16,0,7080,7200,80,1,5,2,2,0
194.344,1,39,25,18,4294,15,16,0,7080,7200,80,1,5,2,2,0
194.856,1,39,25,18,4294,15,16,0,7079,7200,80,1,5,2,2,0
195.34,1,39,25,18,4294,15,16,0,7079,7200,80,1,5,2,2,0
195.856,1,39,25,18,4294,15,16,0,7078,7200,80,1,5,2,2,0
196.359,1,39,25,18,4294,15,16,0,7078,7200,80,1,5,2,2,0
196.855,1,39,25,18,4294,15,16,0,7077,7200,80,1,5,2,2,0
197.335,1,39,25,18,4294,15,16,0,7077,7200,80,1,5,2,2,0
197.847,1,39,25,18,4294,15,16,0,7076,7200,80,1,5,2,2,0
198.333,1,39,25,18,4294,15,16,0,7076,7200,80,1,5,2,2,0
198.847,1,39,25,18,4294,15,16,0,7075,7200,80,1,5,2,2,0
199.334,1,39,25,18,4294,15,16,0,7075,7200,80,1,5,2,2,0
199.84,1,39,25,18,4294,15,16,0,7074,7200,80,1,5,2,2,0
200.358,1,39,25,18,4294,15,16,0,7074,7200,80,1,5,2,2,0
200.834,1,39,25,18,4294,15,16,0,7073,7200,80,1,5,2,2,0
201.352,1,39,25,18,4294,15,16,0,7073,7200,80,1,5,2,2,0
201.855,1,39,25,18,4294,15,16,0,7072,7200,80,1,5,2,2,0
202.354,1,39,25,18,4294,15,16,0,7072,7200,80,1,5,2,2,0
202.84,1,39,25,18,4294,15,16,0,7071,7200,80,1,5,2,2,0
203.334,1,39,25,18,4294,15,16,0,7071,7200,80,1,5,2,2,0
204.0,1,39,25,18,4294,15,16,0,7200,7200,80,1,5,2,2,0
204.339,1,39,25,18,4294,15,16,0,7200,7200,80,1,5,2,2,0
204.84,1,39,25,18,4294,15,16,0,7200,7200,80,1,5,2,2,0
205.342,1,39,25,18,4294,15,16,0,7200,7200,80,1,5,2,2,0
205.859,1,39,25,18,4294,15,16,0,7200,7200,80,1,5,2,2,0
206.337,1,39,25,18,4294,15,16,0,7200,7200,80,1,5,2,2,0
206.851,1,39,25,18,4294,15,16,0,7200,7200,80,1,5,2,2,0
207.358,1,39,25,18,4294,15,16,0,7200,7200,80,1,5,2,2,0
207.842,1,39,25,18,4294,15,16,0,7200,7200,80,1,5,2,2,0
208.351,1,39,25,18,4294,15,16,0,7200,7200,80,1,5,2,2,0
208.837,1,39,25,18,4294,15,16,0,7200,7200,80,1,5,2,2,0
209.35,1,39,25,18,4294,15,16,0,7200,7200,80,1,5,2,2,0
209.835,1,39,25,18,4294,15,16,0,7200,7200,80,1,5,2,2,0
210.344,1,39,25,18,4294,15,16,0,7200,7200,80,1,5,2,2,0
210.858,1,39,25,18,4294,15,16,0,7199,7200,80,1,5,2,2,0
211.341,1,39,25,18,4294,15,16,0,7199,7200,80,1,5,2,2,0
211.853,1,39,25,18,4294,15,16,0,7198,7200,80,1,5,2,2,0
212.333,1,39,25,18,4294,15,16,0,7198,7200,80,1,5,2,2,0
212.84,1,39,25,18,4294,15,16,0,7197,7200,80,1,5,2,2,0
213.338,1,39,25,18,4294,15,16,0,7197,7200,80,1,5,2,2,0
213.844,1,39,25,18,4294,15,16,0,7196,7200,80,1,5,2,2,0
214.353,1,39,25,18,4294,15,16,0,7196,7200,80,1,5,2,2,0
214.842,1,39,25,18,4294,15,16,0,7195,7200,80,1,5,2,2,0
215.342,1,39,25,18,4294,15,16,0,7195,7200,80,1,5,2,2,0
215.846,1,39,25,18,4294,15,16,0,7194,7200,80,1,5,2,2,0
216.351,1,39,25,18,4294,15,16,0,7194,7200,80,1,5,2,2,0
216.843,1,39,25,18,4294,15,16,0,7193,7200,80,1,5,2,2,0
217.354,1,39,25,18,4294,15,16,0,7193,7200,80,1,5,2,2,0
217.845,1,39,25,18,4294,15,16,0,7192,7200,80,1,5,2,2,0
218.353,1,39,25,18,4294,15,16,0,7192,7200,80,1,5,2,2,0
218.84,1,39,25,18,4294,15,16,0,7191,7200,80,1,5,2,2,0
219.355,1,39,25,18,4294,15,16,0,7191,7200,80,1,5,2,2,0
219.852,1,39,25,18,4294,15,16,0,7190,7200,80,1,5,2,2,0
220.352,1,39,25,18,4294,15,16,0,7190,7200,80,1,5,2,2,0
220.835,1,39,25,18,4294,15,16,0,7189,7200,80,1,5,2,2,0
221.345,1,39,25,18,4294,15,16,0,7189,7200,80,1,5,2,2,0
221.836,1,39,25,18,4294,15,16,0,7188,7200,80,1,5,2,2,0
222.336,1,39,25,18,4294,15,16,0,7188,7200,80,1,5,2,2,0
222.853,1,39,25,18,4294,15,16,0,7187,7200,80,1,5,2,2,0
223.344,1,39,25,18,4294,15,16,0,7187,7200,80,1,5,2,2,0
223.833,1,39,25,18,4294,15,16,0,7186,7200,80,1,5,2,2,0
224.348,1,39,25,18,4294,15,16,0,7186,7200,80,1,5,2,2,0
224.836,1,39,25,18,4294,15,16,0,7185,7200,80,1,5,2,2,0
225.355,1,39,25,18,4294,15,16,0,7185,7200,80,1,5,2,2,0
225.838,1,39,25,18,4294,15,16,0,7184,7200,80,1,5,2,2,0
226.353,1,39,25,18,4294,15,16,0,7184,7200,80,1,5,2,2,0
226.844,1,39,25,18,4294,15,16,0,7183,7200,80,1,5,2,2,0
227.357,1,39,25,18,4294,15,16,0,7183,7200,80,1,5,2,2,0
227.839,1,39,25,18,4294,15,16,0,7182,7200,80,1,5,2,2,0
228.333,1,39,25,18,4294,15,16,0,7182,7200,80,1,5,2,2,0
228.858,1,39,25,18,4294,15,16,0,7181,7200,80,1,5,2,2,0
229.357,1,39,25,18,4294,15,16,0,7181,7200,80,1,5,2,2,0
229.838,1,39,25,18,4294,15,16,0,7180,7200,80,1,5,2,2,0
230.335,1,39,25,18,4294,15,16,0,7180,7200,80,1,5,2,2,0
230.839,1,39,25,18,4294,15,16,0,7179,7200,80,1,5,2,2,0
231.349,1,39,25,18,4294,15,16,0,7179,7200,80,1,5,2,2,0
231.854,1,39,25,18,4294,15,16,0,7178,7200,80,1,5,2,2,0
232.343,1,39,25,18,4294,15,16,0,7178,7200,80,1,5,2,2,0
232.834,1,39,25,18,4294,15,16,0,7177,7200,80,1,5,2,2,0
233.344,1,39,25,18,4294,15,16,0,7177,7200,80,1,5,2,2,0
233.849,1,39,25,18,4294,15,16,0,7176,7200,80,1,5,2,2,0
234.337,1,39,25,18,4294,15,16,0,7176,7200,80,1,5,2,2,0
234.845,1,39,25,18,4294,15,16,0,7175,7200,80,1,5,2,2,0
235.354,1,39,25,18,4294,15,16,0,7175,7200,80,1,5,2,2,0
235.857,1,39,25,18,4294,15,16,0,7174,7200,80,1,5,2,2,0
236.344,1,39,25,18,4294,15,16,0,7174,7200,80,1,5,2,2,0
236.833,1,39,25,18,4294,15,16,0,7173,7200,80,1,5,2,2,0
237.333,1,39,25,18,4294,15,16,0,7173,7200,80,1,5,2,2,0
237.858,1,39,25,18,4294,15,16,0,7172,7200,80,1,5,2,2,0
238.353,1,39,25,18,4294,15,16,0,7172,7200,80,1,5,2,2,0
238.844,1,39,25,18,4294,15,16,0,7171,7200,80,1,5,2,2,0
239.334,1,39,25,18,4294,15,16,0,7171,7200,80,1,5,2,2,0
239.852,1,39,25,18,4294,15,16,0,7170,7200,80,1,5,2,2,0
240.337,1,39,25,18,4294,15,16,0,7170,7200,80,1,5,2,2,0
240.857,1,39,25,18,4294,15,16,0,7169,7200,80,1,5,2,2,0
241.339,1,39,25,18,4294,15,16,0,7169,7200,80,1,5,2,2,0
241.836,1,39,25,18,4294,15,16,0,7168,7200,80,1,5,2,2,0
242.335,1,39,25,18,4294,15,16,0,7168,7200,80,1,5,2,2,0
242.852,1,39,25,18,4294,15,16,0,7167,7200,80,1,5,2,2,0
243.342,1,39,25,18,4294,15,16,0,7167,7200,80,1,5,2,2,0
243.855,1,39,25,18,4294,15,16,0,7166,7200,80,1,5,2,2,0
244.35,1,39,25,18,4294,15,16,0,7166,7200,80,1,5,2,2,0
244.843,1,39,25,18,4294,15,16,0,7165,7200,80,1,5,2,2,0
245.355,1,39,25,18,4294,15,16,0,7165,7200,80,1,5,2,2,0
245.85,1,39,25,18,4294,15,16,0,7164,7200,80,1,5,2,2,0
246.341,1,39,25,18,4294,15,16,0,7164,7200,80,1,5,2,2,0
246.845,1,39,25,18,4294,15,16,0,7163,7200,80,1,5,2,2,0
247.337,1,39,25,18,4294,15,16,0,7163,7200,80,1,5,2,2,0
247.84,1,39,25,18,4294,15,16,0,7162,7200,80,1,5,2,2,0
248.344,1,39,25,18,4294,15,16,0,7162,7200,80,1,5,2,2,0
248.845,1,39,25,18,4294,15,16,0,7161,7200,80,1,5,2,2,0
249.354,1,39,25,18,4294,15,16,0,7161,7200,80,1,5,2,2,0
249.855,1,39,25,18,4294,15,16,0,7160,7200,80,1,5,2,2,0
250.35,1,39,25,18,4294,15,16,0,7160,7200,80,1,5,2,2,0
250.85,1,39,25,18,4294,15,16,0,7159,7200,80,1,5,2,2,0
251.335,1,39,25,18,4294,15,16,0,7159,7200,80,1,5,2,2,0
251.835,1,39,25,18,4294,15,16,0,7158,7200,80,1,5,2,2,0
252.352,1,39,25,18,4294,15,16,0,7158,7200,80,1,5,2,2,0
252.852,1,39,25,18,4294,15,16,0,7157,7200,80,1,5,2,2,0
253.35,1,39,25,18,4294,15,16,0,7157,7200,80,1,5,2,2,0
253.851,1,39,25,18,4294,15,16,0,7156,7200,80,1,5,2,2,0
254.354,1,39,25,18,4294,15,16,0,7156,7200,80,1,5,2,2,0
254.841,1,39,25,18,4294,15,16,0,7155,7200,80,1,5,2,2,0
255.341,1,39,25,18,4294,15,16,0,7155,7200,80,1,5,2,2,0
255.847,1,39,25,18,4294,15,16,0,7154,7200,80,1,5,2,2,0
256.34,1,39,25,18,4294,15,16,0,7154,7200,80,1,5,2,2,0
256.839,1,39,25,18,4294,15,16,0,7153,7200,80,1,5,2,2,0
257.348,1,39,25,18,4294,15,16,0,7153,7200,80,1,5,2,2,0
257.835,1,39,25,18,4294,15,16,0,7152,7200,80,1,5,2,2,0
258.35,1,39,25,18,4294,15,16,0,7152,7200,80,1,5,2,2,0
258.853,1,39,25,18,4294,15,16,0,7151,7200,80,1,5,2,2,0
259.348,1,39,25,18,4294,15,16,0,7151,7200,80,1,5,2,2,0
259.839,1,39,25,18,4294,15,16,0,7150,7200,80,1,5,2,2,0
260.356,1,39,25,18,4294,15,16,0,7150,7200,80,1,5,2,2,0
260.854,1,39,25,18,4294,15,16,0,7149,7200,80,1,5,2,2,0
261.348,1,39,25,18,4294,15,16,0,7149,7200,80,1,5,2,2,0
261.854,1,39,25,18,4294,15,16,0,7148,7200,80,1,5,2,2,0
262.344,1,39,25,18,4294,15,16,0,7148,7200,80,1,5,2,2,0
262.851,1,39,25,18,4294,15,16,0,7147,7200,80,1,5,2,2,0
263.349,1,39,25,18,4294,15,16,0,7147,7200,80,1,5,2,2,0
263.842,1,39,25,18,4294,15,16,0,7146,7200,80,1,5,2,2,0
264.349,1,39,25,18,4294,15,16,0,7146,7200,80,1,5,2,2,0
264.852,1,39,25,18,4294,15,16,0,7145,7200,80,1,5,2,2,0
265.341,1,39,25,18,4294,15,16,0,7145,7200,80,1,5,2,2,0
265.848,1,39,25,18,4294,15,16,0,7144,7200,80,1,5,2,2,0
266.354,1,39,25,18,4294,15,16,0,7144,7200,80,1,5,2,2,0
266.843,1,39,25,18,4294,15,16,0,7143,7200,80,1,5,2,2,0
267.339,1,39,25,18,4294,15,16,0,7143,7200,80,1,5,2,2,0
267.834,1,39,25,18,4294,15,16,0,7142,7200,80,1,5,2,2,0
268.349,1,39,25,18,4294,15,16,0,7142,7200,80,1,5,2,2,0
268.853,1,39,25,18,4294,15,16,0,7141,7200,80,1,5,2,2,0
269.343,1,39,25,18,4294,15,16,0,7141,7200,80,1,5,2,2,0
269.846,1,39,25,18,4294,15,16,0,7140,7200,80,1,5,2,2,0
270.35,1,39,25,18,4294,15,16,0,7140,7200,80,1,5,2,2,0
270.837,1,39,25,18,4294,15,16,0,7139,7200,80,1,5,2,2,0
271.348,1,39,25,18,4294,15,16,0,7139,7200,80,1,5,2,2,0
271.843,1,39,25,18,4294,15,16,0,7138,7200,80,1,5,2,2,0
272.352,1,39,25,18,4294,15,16,0,7138,7200,80,1,5,2,2,0
272.848,1,39,25,18,4294,15,16,0,7137,7200,80,1,5,2,2,0
273.341,1,39,25,18,4294,15,16,0,7137,7200,80,1,5,2,2,0
273.848,1,39,25,18,4294,15,16,0,7136,7200,80,1,5,2,2,0
274.333,1,39,25,18,4294,15,16,0,7136,7200,80,1,5,2,2,0
274.847,1,39,25,18,4294,15,16,0,7135,7200,80,1,5,2,2,0
275.337,1,39,25,18,4294,15,16,0,7135,7200,80,1,5,2,2,0
275.853,1,39,25,18,4294,15,16,0,7134,7200,80,1,5,2,2,0
276.347,1,39,25,18,4294,15,16,0,7134,7200,80,1,5,2,2,0
276.85,1,39,25,18,4294,15,16,0,7133,7200,80,1,5,2,2,0
277.337,1,39,25,18,4294,15,16,0,7133,7200,80,1,5,2,2,0
277.838,1,39,25,18,4294,15,16,0,7132,7200,80,1,5,2,2,0
278.34,1,39,25,18,4294,15,16,0,7132,7200,80,1,5,2,2,0
278.855,1,39,25,18,4294,15,16,0,7131,7200,80,1,5,2,2,0
279.335,1,39,25,18,4294,15,16,0,7131,7200,80,1,5,2,2,0
279.848,1,39,25,18,4294,15,16,0,7130,7200,80,1,5,2,2,0
280.344,1,39,25,18,4294,15,16,0,7130,7200,80,1,5,2,2,0
280.852,1,39,25,18,4294,15,16,0,7129,7200,80,1,5,2,2,0
281.347,1,39,25,18,4294,15,16,0,7129,7200,80,1,5,2,2,0
281.85,1,39,25,18,4294,15,16,0,7128,7200,80,1,5,2,2,0
282.337,1,39,25,18,4294,15,16,0,7128,7200,80,1,5,2,2,0
282.848,1,39,25,18,4294,15,16,0,7127,7200,80,1,5,2,2,0
283.354,1,39,25,18,4294,15,16,0,7127,7200,80,1,5,2,2,0
283.856,1,39,25,18,4294,15,16,0,7126,7200,80,1,5,2,2,0
284.334,1,39,25,18,4294,15,16,0,7126,7200,80,1,5,2,2,0
284.858,1,39,25,18,4294,15,16,0,7125,7200,80,1,5,2,2,0
285.333,1,39,25,18,4294,15,16,0,7125,7200,80,1,5,2,2,0
285.851,1,39,25,18,4294,15,16,0,7124,7200,80,1,5,2,2,0
286.351,1,39,25,18,4294,15,16,0,7124,7200,80,1,5,2,2,0
286.833,1,39,25,18,4294,15,16,0,7123,7200,80,1,5,2,2,0
287.36,1,39,25,18,4294,15,16,0,7123,7200,80,1,5,2,2,0
287.843,1,39,25,18,4294,15,16,0,7122,7200,80,1,5,2,2,0
288.333,1,39,25,18,4294,15,16,0,7122,7200,80,1,5,2,2,0
288.844,1,39,25,18,4294,15,16,0,7121,7200,80,1,5,2,2,0
289.34,1,39,25,18,4294,15,16,0,7121,7200,80,1,5,2,2,0
289.836,1,39,25,18,4294,15,16,0,7120,7200,80,1,5,2,2,0
290.343,1,39,25,18,4294,15,16,0,7120,7200,80,1,5,2,2,0
290.835,1,39,25,18,4294,15,16,0,7119,7200,80,1,5,2,2,0
291.338,1,39,25,18,4294,15,16,0,7119,7200,80,1,5,2,2,0
291.834,1,39,25,18,4294,15,16,0,7118,7200,80,1,5,2,2,0
292.347,1,39,25,18,4294,15,16,0,7118,7200,80,1,5,2,2,0
292.857,1,39,25,18,4294,15,16,0,7117,7200,80,1,5,2,2,0
293.334,1,39,25,18,4294,15,16,0,7117,7200,80,1,5,2,2,0
293.838,1,39,25,18,4294,15,16,0,7116,7200,80,1,5,2,2,0
294.338,1,39,25,18,4294,15,16,0,7116,7200,80,1,5,2,2,0
294.853,1,39,25,18,4294,15,16,0,7115,7200,80,1,5,2,2,0
295.353,1,39,25,18,4294,15,16,0,7115,7200,80,1,5,2,2,0
295.836,1,39,25,18,4294,15,16,0,7114,7200,80,1,5,2,2,0
296.339,1,39,25,18,4294,15,16,0,7114,7200,80,1,5,2,2,0
296.842,1,39,25,18,4294,15,16,0,7113,7200,80,1,5,2,2,0
297.332,1,39,25,18,4294,15,16,0,7113,7200,80,1,5,2,2,0
297.852,1,39,25,18,4294,15,16,0,7112,7200,80,1,5,2,2,0
298.335,1,39,25,18,4294,15,16,0,7112,7200,80,1,5,2,2,0
298.854,1,39,25,18,4294,15,16,0,7111,7200,80,1,5,2,2,0
299.341,1,39,25,18,4294,15,16,0,7111,7200,80,1,5,2,2,0
299.842,1,39,25,18,4294,15,16,0,7110,7200,80,1,5,2,2,0
300.341,1,39,25,18,4294,15,16,0,7110,7200,80,1,5,2,2,0
300.833,1,39,25,18,4294,15,16,0,7109,7200,80,1,5,2,2,0
301.353,1,39,25,18,4294,15,16,0,7109,7200,80,1,5,2,2,0
301.835,1,39,25,18,4294,15,16,0,7108,7200,80,1,5,2,2,0
302.336,1,39,25,18,4294,15,16,0,7108,7200,80,1,5,2,2,0
302.847,1,39,25,18,4294,15,16,0,7107,7200,80,1,5,2,2,0
303.345,1,39,25,18,4294,15,16,0,7107,7200,80,1,5,2,2,0
303.856,1,39,25,18,4294,15,16,0,7106,7200,80,1,5,2,2,0
304.341,1,39,25,18,4294,15,16,0,7106,7200,80,1,5,2,2,0
304.841,1,39,25,18,4294,15,16,0,7105,7200,80,1,5,2,2,0
305.346,1,39,25,18,4294,15,16,0,7105,7200,80,1,5,2,2,0
305.857,1,39,25,18,4294,15,16,0,7104,7200,80,1,5,2,2,0
306.338,1,39,25,18,4294,15,16,0,7104,7200,80,1,5,2,2,0
306.857,1,39,25,18,4294,15,16,0,7103,7200,80,1,5,2,2,0
307.34,1,39,25,18,4294,15,16,0,7103,7200,80,1,5,2,2,0
307.843,1,39,25,18,4294,15,16,0,7102,7200,80,1,5,2,2,0
308.356,1,39,25,18,4294,15,16,0,7102,7200,80,1,5,2,2,0
308.847,1,39,25,18,4294,15,16,0,7101,7200,80,1,5,2,2,0
309.348,1,39,25,18,4294,15,16,0,7101,7200,80,1,5,2,2,0
309.838,1,39,25,18,4294,15,16,0,7100,7200,80,1,5,2,2,0
310.353,1,39,25,18,4294,15,16,0,7100,7200,80,1,5,2,2,0
310.856,1,39,25,18,4294,15,16,0,7099,7200,80,1,5,2,2,0
311.357,1,39,25,18,4294,15,16,0,7099,7200,80,1,5,2,2,0
311.854,1,39,25,18,4294,15,16,0,7098,7200,80,1,5,2,2,0
312.349,1,39,25,18,4294,15,16,0,7098,7200,80,1,5,2,2,0
312.845,1,39,25,18,4294,15,16,0,7097,7200,80,1,5,2,2,0
313.345,1,39,25,18,4294,15,16,0,7097,7200,80,1,5,2,2,0
313.838,1,39,25,18,4294,15,16,0,7096,7200,80,1,5,2,2,0
314.342,1,39,25,18,4294,15,16,0,7096,7200,80,1,5,2,2,0
314.85,1,39,25,18,4294,15,16,0,7095,7200,80,1,5,2,2,0
315.344,1,39,25,18,4294,15,16,0,7095,7200,80,1,5,2,2,0
315.838,1,39,25,18,4294,15,16,0,7094,7200,80,1,5,2,2,0
316.352,1,39,25,18,4294,15,16,0,7094,7200,80,1,5,2,2,0
316.852,1,39,25,18,4294,15,16,0,7093,7200,80,1,5,2,2,0
317.343,1,39,25,18,4294,15,16,0,7093,7200,80,1,5,2,2,0
317.841,1,39,25,18,4294,15,16,0,7092,7200,80,1,5,2,2,0
318.346,1,39,25,18,4294,15,16,0,7092,7200,80,1,5,2,2,0
318.845,1,39,25,18,4294,15,16,0,7091,7200,80,1,5,2,2,0
319.355,1,39,25,18,4294,15,16,0,7091,7200,80,1,5,2,2,0
319.844,1,39,25,18,4294,15,16,0,7090,7200,80,1,5,2,2,0
320.348,1,39,25,18,4294,15,16,0,7090,7200,80,1,5,2,2,0
320.846,1,39,25,18,4294,15,16,0,7089,7200,80,1,5,2,2,0
321.345,1,39,25,18,4294,15,16,0,7089,7200,80,1,5,2,2,0
321.851,1,39,25,18,4294,15,16,0,7088,7200,80,1,5,2,2,0
322.348,1,39,25,18,4294,15,16,0,7088,7200,80,1,5,2,2,0
322.844,1,39,25,18,4294,15,16,0,7087,7200,80,1,5,2,2,0
323.346,1,39,25,18,4294,15,16,0,7087,7200,80,1,5,2,2,0
323.847,1,39,25,18,4294,15,16,0,7086,7200,80,1,5,2,2,0
324.344,1,39,25,18,4294,15,16,0,7086,7200,80,1,5,2,2,0
324.842,1,39,25,18,4294,15,16,0,7085,7200,80,1,5,2,2,0
325.334,1,39,25,18,4294,15,16,0,7085,7200,80,1,5,2,2,0
325.853,1,39,25,18,4294,15,16,0,7084,7200,80,1,5,2,2,0
326.341,1,39,25,18,4294,15,16,0,7084,7200,80,1,5,2,2,0
326.853,1,39,25,18,4294,15,16,0,7083,7200,80,1,5,2,2,0
327.342,1,39,25,18,4294,15,16,0,7083,7200,80,1,5,2,2,0
327.846,1,39,25,18,4294,15,16,0,7082,7200,80,1,5,2,2,0
328.346,1,39,25,18,4294,15,16,0,7082,7200,80,1,5,2,2,0
328.846,1,39,25,18,4294,15,16,0,7081,7200,80,1,5,2,2,0
329.342,1,39,25,18,4294,15,16,0,7081,7200,80,1,5,2,2,0
329.844,1,39,25,18,4294,15,16,0,7080,7200,80,1,5,2,2,0
330.332,1,39,25,18,4294,15,16,0,7080,7200,80,1,5,2,2,0
330.833,1,39,25,18,4294,15,16,0,7079,7200,80,1,5,2,2,0
331.35,1,39,25,18,4294,15,16,0,7079,7200,80,1,5,2,2,0
331.853,1,39,25,18,4294,15,16,0,7078,7200,80,1,5,2,2,0
332.344,1,39,25,18,4294,15,16,0,7078,7200,80,1,5,2,2,0
332.837,1,39,25,18,4294,15,16,0,7077,7200,80,1,5,2,2,0
333.357,1,39,25,18,4294,15,16,0,7077,7200,80,1,5,2,2,0
333.841,1,39,25,18,4294,15,16,0,7076,7200,80,1,5,2,2,0
334.343,1,39,25,18,4294,15,16,0,7076,7200,80,1,5,2,2,0
334.851,1,39,25,18,4294,15,16,0,7075,7200,80,1,5,2,2,0
335.353,1,39,25,18,4294,15,16,0,7075,7200,80,1,5,2,2,0
335.833,1,39,25,18,4294,15,16,0,7074,7200,80,1,5,2,2,0
336.353,1,39,25,18,4294,15,16,0,7074,7200,80,1,5,2,2,0
336.852,1,39,25,18,4294,15,16,0,7073,7200,80,1,5,2,2,0
337.336,1,39,25,18,4294,15,16,0,7073,7200,80,1,5,2,2,0
337.85,1,39,25,18,4294,15,16,0,7072,7200,80,1,5,2,2,0
338.353,1,39,25,18,4294,15,16,0,7072,7200,80,1,5,2,2,0
338.836,1,39,25,18,4294,15,16,0,7071,7200,80,1,5,2,2,0
339.352,1,39,25,18,4294,15,16,0,7071,7200,80,1,5,2,2,0
339.849,1,39,25,18,4294,15,16,0,7070,7200,80,1,5,2,2,0
340.353,1,39,25,18,4294,15,16,0,7070,7200,80,1,5,2,2,0
340.844,1,39,25,18,4294,15,16,0,7069,7200,80,1,5,2,2,0
341.353,1,39,25,18,4294,15,16,0,7069,7200,80,1,5,2,2,0
341.837,1,39,25,18,4294,15,16,0,7068,7200,80,1,5,2,2,0
342.336,1,39,25,18,4294,15,16,0,7068,7200,80,1,5,2,2,0
342.842,1,39,25,18,4294,15,16,0,7067,7200,80,1,5,2,2,0
343.348,1,39,25,18,4294,15,16,0,7067,7200,80,1,5,2,2,0
343.851,1,39,25,18,4294,15,16,0,7066,7200,80,1,5,2,2,0
344.355,1,39,25,18,4294,15,16,0,7066,7200,80,1,5,2,2,0
344.834,1,39,25,18,4294,15,16,0,7065,7200,80,1,5,2,2,0
345.339,1,39,25,18,4294,15,16,0,7065,7200,80,1,5,2,2,0
345.851,1,39,25,18,4294,15,16,0,7064,7200,80,1,5,2,2,0
346.349,1,39,25,18,4294,15,16,0,7064,7200,80,1,5,2,2,0
346.844,1,39,25,18,4294,15,16,0,7063,7200,80,1,5,2,2,0
347.337,1,39,25,18,4294,15,16,0,7063,7200,80,1,5,2,2,0
347.84,1,39,25,18,4294,15,16,0,7062,7200,80,1,5,2,2,0
348.346,1,39,25,18,4294,15,16,0,7062,7200,80,1,5,2,2,0
348.844,1,39,25,18,4294,15,16,0,7061,7200,80,1,5,2,2,0
349.333,1,39,25,18,4294,15,16,0,7061,7200,80,1,5,2,2,0
349.846,1,39,25,18,4294,15,16,0,7060,7200,80,1,5,2,2,0
350.348,1,39,25,18,4294,15,16,0,7060,7200,80,1,5,2,2,0
350.84,1,39,25,18,4294,15,16,0,7059,7200,80,1,5,2,2,0
351.341,1,39,25,18,4294,15,16,0,7059,7200,80,1,5,2,2,0
351.847,1,39,25,18,4294,15,16,0,7058,7200,80,1,5,2,2,0
352.349,1,39,25,18,4294,15,16,0,7058,7200,80,1,5,2,2,0
352.842,1,39,25,18,4294,15,16,0,7057,7200,80,1,5,2,2,0
353.337,1,39,25,18,4294,15,16,0,7057,7200,80,1,5,2,2,0
353.836,1,39,25,18,4294,15,16,0,7056,7200,80,1,5,2,2,0
354.347,1,39,25,18,4294,15,16,0,7056,7200,80,1,5,2,2,0
354.836,1,39,25,18,4294,15,16,0,7055,7200,80,1,5,2,2,0
355.334,1,39,25,18,4294,15,16,0,7055,7200,80,1,5,2,2,0
355.833,1,39,25,18,4294,15,16,0,7054,7200,80,1,5,2,2,0
356.34,1,39,25,18,4294,15,16,0,7054,7200,80,1,5,2,2,0
356.841,1,39,25,18,4294,15,16,0,7053,7200,80,1,5,2,2,0
357.346,1,39,25,18,4294,15,16,0,7053,7200,80,1,5,2,2,0
357.847,1,39,25,18,4294,15,16,0,7052,7200,80,1,5,2,2,0
358.344,1,39,25,18,4294,15,16,0,7052,7200,80,1,5,2,2,0
358.849,1,39,25,18,4294,15,16,0,7051,7200,80,1,5,2,2,0
359.337,1,39,25,18,4294,15,16,0,7051,7200,80,1,5,2,2,0
359.845,1,39,25,18,4294,15,16,0,7050,7200,80,1,5,2,2,0
360.334,1,39,25,18,4294,15,16,0,7050,7200,80,1,5,2,2,0
360.839,1,39,25,18,4294,15,16,0,7049,7200,80,1,5,2,2,0
361.338,1,39,25,18,4294,15,16,0,7049,7200,80,1,5,2,2,0
361.839,1,39,25,18,4294,15,16,0,7048,7200,80,1,5,2,2,0
362.354,1,39,25,18,4294,15,16,0,7048,7200,80,1,5,2,2,0
362.847,1,39,25,18,4294,15,16,0,7047,7200,80,1,5,2,2,0
363.353,1,39,25,18,4294,15,16,0,7047,7200,80,1,5,2,2,0
363.853,1,39,25,18,4294,15,16,0,7046,7200,80,1,5,2,2,0
364.336,1,39,25,18,4294,15,16,0,7046,7200,80,1,5,2,2,0
364.845,1,39,25,18,4294,15,16,0,7045,7200,80,1,5,2,2,0
365.346,1,39,25,18,4294,15,16,0,7045,7200,80,1,5,2,2,0
365.855,1,39,25,18,4294,15,16,0,7044,7200,80,1,5,2,2,0
366.352,1,39,25,18,4294,15,16,0,7044,7200,80,1,5,2,2,0
366.85,1,39,25,18,4294,15,16,0,7043,7200,80,1,5,2,2,0
367.342,1,39,25,18,4294,15,16,0,7043,7200,80,1,5,2,2,0
367.833,1,39,25,18,4294,15,16,0,7042,7200,80,1,5,2,2,0
368.348,1,39,25,18,4294,15,16,0,7042,7200,80,1,5,2,2,0
368.841,1,39,25,18,4294,15,16,0,7041,7200,80,1,5,2,2,0
369.334,1,39,25,18,4294,15,16,0,7041,7200,80,1,5,2,2,0
369.846,1,39,25,18,4294,15,16,0,7040,7200,80,1,5,2,2,0
370.345,1,39,25,18,4294,15,16,0,7040,7200,80,1,5,2,2,0
370.852,1,39,25,18,4294,15,16,0,7039,7200,80,1,5,2,2,0
371.345,1,39,25,18,4294,15,16,0,7039,7200,80,1,5,2,2,0
371.833,1,39,25,18,4294,15,16,0,7038,7200,80,1,5,2,2,0
372.344,1,39,25,18,4294,15,16,0,7038,7200,80,1,5,2,2,0
372.842,1,39,25,18,4294,15,16,0,7037,7200,80,1,5,2,2,0
373.35,1,39,25,18,4294,15,16,0,7037,7200,80,1,5,2,2,0
373.853,1,39,25,18,4294,15,16,0,7036,7200,80,1,5,2,2,0
374.352,1,39,25,18,4294,15,16,0,7036,7200,80,1,5,2,2,0
374.854,1,39,25,18,4294,15,16,0,7035,7200,80,1,5,2,2,0
375.342,1,39,25,18,4294,15,16,0,7035,7200,80,1,5,2,2,0
375.836,1,39,25,18,4294,15,16,0,7034,7200,80,1,5,2,2,0
376.352,1,39,25,18,4294,15,16,0,7034,7200,80,1,5,2,2,0
376.833,1,39,25,18,4294,15,16,0,7033,7200,80,1,5,2,2,0
377.345,1,39,25,18,4294,15,16,0,7033,7200,80,1,5,2,2,0
377.844,1,39,25,18,4294,15,16,0,7032,7200,80,1,5,2,2,0
378.359,1,39,25,18,4294,15,16,0,7032,7200,80,1,5,2,2,0
378.857,1,39,25,18,4294,15,16,0,7031,7200,80,1,5,2,2,0
379.347,1,39,25,18,4294,15,16,0,7031,7200,80,1,5,2,2,0
379.844,1,39,25,18,4294,15,16,0,7030,7200,80,1,5,2,2,0
380.348,1,39,25,18,4294,15,16,0,7030,7200,80,1,5,2,2,0
380.856,1,39,25,18,4294,15,16,0,7029,7200,80,1,5,2,2,0
381.356,1,39,25,18,4294,15,16,0,7029,7200,80,1,5,2,2,0
381.835,1,39,25,18,4294,15,16,0,7028,7200,80,1,5,2,2,0
382.338,1,39,25,18,4294,15,16,0,7028,7200,80,1,5,2,2,0
382.843,1,39,25,18,4294,15,16,0,7027,7200,80,1,5,2,2,0
383.347,1,39,25,18,4294,15,16,0,7027,7200,80,1,5,2,2,0
383.853,1,39,25,18,4294,15,16,0,7026,7200,80,1,5,2,2,0
384.341,1,39,25,18,4294,15,16,0,7026,7200,80,1,5,2,2,0
384.844,1,39,25,18,4294,15,16,0,7025,7200,80,1,5,2,2,0
385.352,1,39,25,18,4294,15,16,0,7025,7200,80,1,5,2,2,0
385.833,1,39,25,18,4294,15,16,0,7024,7200,80,1,5,2,2,0
386.342,1,39,25,18,4294,15,16,0,7024,7200,80,1,5,2,2,0
386.844,1,39,25,18,4294,15,16,0,7023,7200,80,1,5,2,2,0
387.339,1,39,25,18,4294,15,16,0,7023,7200,80,1,5,2,2,0
387.833,1,39,25,18,4294,15,16,0,7022,7200,80,1,5,2,2,0
388.354,1,39,25,18,4294,15,16,0,7022,7200,80,1,5,2,2,0
388.848,1,39,25,18,4294,15,16,0,7021,7200,80,1,5,2,2,0
389.352,1,39,25,18,4294,15,16,0,7021,7200,80,1,5,2,2,0
389.836,1,39,25,18,4294,15,16,0,7020,7200,80,1,5,2,2,0
390.334,1,39,25,18,4294,15,16,0,7020,7200,80,1,5,2,2,0
390.84,1,39,25,18,4294,15,16,0,7019,7200,80,1,5,2,2,0
391.347,1,39,25,18,4294,15,16,0,7019,7200,80,1,5,2,2,0
391.852,1,39,25,18,4294,15,16,0,7018,7200,80,1,5,2,2,0
392.344,1,39,25,18,4294,15,16,0,7018,7200,80,1,5,2,2,0
392.846,1,39,25,18,4294,15,16,0,7017,7200,80,1,5,2,2,0
393.355,1,39,25,18,4294,15,16,0,7017,7200,80,1,5,2,2,0
393.84,1,39,25,18,4294,15,16,0,7016,7200,80,1,5,2,2,0
394.335,1,39,25,18,4294,15,16,0,7016,7200,80,1,5,2,2,0
394.843,1,39,25,18,4294,15,16,0,7015,7200,80,1,5,2,2,0
395.337,1,39,25,18,4294,15,16,0,7015,7200,80,1,5,2,2,0
395.835,1,39,25,18,4294,15,16,0,7014,7200,80,1,5,2,2,0
396.344,1,39,25,18,4294,15,16,0,7014,7200,80,1,5,2,2,0
396.853,1,39,25,18,4294,15,16,0,7013,7200,80,1,5,2,2,0
397.344,1,39,25,18,4294,15,16,0,7013,7200,80,1,5,2,2,0
397.841,1,39,25,18,4294,15,16,0,7012,7200,80,1,5,2,2,0
398.333,1,39,25,18,4294,15,16,0,7012,7200,80,1,5,2,2,0
398.85,1,39,25,18,4294,15,16,0,7011,7200,80,1,5,2,2,0
399.335,1,39,25,18,4294,15,16,0,7011,7200,80,1,5,2,2,0
399.841,1,39,25,18,4294,15,16,0,7010,7200,80,1,5,2,2,0
400.344,1,39,25,18,4294,15,16,0,7010,7200,80,1,5,2,2,0
400.84,1,39,25,18,4294,15,16,0,7009,7200,80,1,5,2,2,0
401.343,1,39,25,18,4294,15,16,0,7009,7200,80,1,5,2,2,0
401.843,1,39,25,18,4294,15,16,0,7008,7200,80,1,5,2,2,0
402.343,1,39,25,18,4294,15,16,0,7008,7200,80,1,5,2,2,0
402.852,1,39,25,18,4294,15,16,0,7007,7200,80,1,5,2,2,0
403.351,1,39,25,18,4294,15,16,0,7007,7200,80,1,5,2,2,0
403.838,1,39,25,18,4294,15,16,0,7006,7200,80,1,5,2,2,0
404.351,1,39,25,18,4294,15,16,0,7006,7200,80,1,5,2,2,0
404.852,1,39,25,18,4294,15,16,0,7005,7200,80,1,5,2,2,0
405.342,1,39,25,18,4294,15,16,0,7005,7200,80,1,5,2,2,0
405.853,1,39,25,18,4294,15,16,0,7004,7200,80,1,5,2,2,0
406.345,1,39,25,18,4294,15,16,0,7004,7200,80,1,5,2,2,0
406.853,1,39,25,18,4294,15,16,0,7003,7200,80,1,5,2,2,0
407.343,1,39,25,18,4294,15,16,0,7003,7200,80,1,5,2,2,0
407.842,1,39,25,18,4294,15,16,0,7002,7200,80,1,5,2,2,0
408.351,1,39,25,18,4294,15,16,0,7002,7200,80,1,5,2,2,0
408.85,1,39,25,18,4294,15,16,0,7001,7200,80,1,5,2,2,0
409.34,1,39,25,18,4294,15,16,0,7001,7200,80,1,5,2,2,0
409.837,1,39,25,18,4294,15,16,0,7000,7200,80,1,5,2,2,0
410.347,1,39,25,18,4294,15,16,0,7000,7200,80,1,5,2,2,0
410.853,1,39,25,18,4294,15,16,0,6999,7200,80,1,5,2,2,0
411.347,1,39,25,18,4294,15,16,0,6999,7200,80,1,5,2,2,0
411.845,1,39,25,18,4294,15,16,0,6998,7200,80,1,5,2,2,0
412.34,1,39,25,18,4294,15,16,0,6998,7200,80,1,5,2,2,0
412.85,1,39,25,18,4294,15,16,0,6997,7200,80,1,5,2,2,0
413.345,1,39,25,18,4294,15,16,0,6997,7200,80,1,5,2,2,0
413.835,1,39,25,18,4294,15,16,0,6996,7200,80,1,5,2,2,0
414.346,1,39,25,18,4294,15,16,0,6996,7200,80,1,5,2,2,0
414.851,1,39,25,18,4294,15,16,0,6995,7200,80,1,5,2,2,0
415.343,1,39,25,18,4294,15,16,0,6995,7200,80,1,5,2,2,0
415.838,1,39,25,18,4294,15,16,0,6994,7200,80,1,5,2,2,0
416.342,1,39,25,18,4294,15,16,0,6994,7200,80,1,5,2,2,0
416.834,1,39,25,18,4294,15,16,0,6993,7200,80,1,5,2,2,0
417.344,1,39,25,18,4294,15,16,0,6993,7200,80,1,5,2,2,0
417.847,1,39,25,18,4294,15,16,0,6992,7200,80,1,5,2,2,0
418.347,1,39,25,18,4294,15,16,0,6992,7200,80,1,5,2,2,0
418.833,1,39,25,18,4294,15,16,0,6991,7200,80,1,5,2,2,0
419.354,1,39,25,18,4294,15,16,0,6991,7200,80,1,5,2,2,0
419.847,1,39,25,18,4294,15,16,0,6990,7200,80,1,5,2,2,0
420.352,1,39,25,18,4294,15,16,0,6990,7200,80,1,5,2,2,0
420.836,1,39,25,18,4294,15,16,0,6989,7200,80,1,5,2,2,0
421.335,1,39,25,18,4294,15,16,0,6989,7200,80,1,5,2,2,0
421.833,1,39,25,18,4294,15,16,0,6988,7200,80,1,5,2,2,0
422.355,1,39,25,18,4294,15,16,0,6988,7200,80,1,5,2,2,0
422.843,1,39,25,18,4294,15,16,0,6987,7200,80,1,5,2,2,0
423.356,1,39,25,18,4294,15,16,0,6987,7200,80,1,5,2,2,0
423.857,1,39,25,18,4294,15,16,0,6986,7200,80,1,5,2,2,0
424.349,1,39,25,18,4294,15,16,0,6986,7200,80,1,5,2,2,0
424.839,1,39,25,18,4294,15,16,0,6985,7200,80,1,5,2,2,0
425.342,1,39,25,18,4294,15,16,0,6985,7200,80,1,5,2,2,0
425.839,1,39,25,18,4294,15,16,0,6984,7200,80,1,5,2,2,0
426.337,1,39,25,18,4294,15,16,0,6984,7200,80,1,5,2,2,0
426.836,1,39,25,18,4294,15,16,0,6983,7200,80,1,5,2,2,0
427.342,1,39,25,18,4294,15,16,0,6983,7200,80,1,5,2,2,0
427.851,1,39,25,18,4294,15,16,0,6982,7200,80,1,5,2,2,0
428.334,1,39,25,18,4294,15,16,0,6982,7200,80,1,5,2,2,0
428.833,1,39,25,18,4294,15,16,0,6981,7200,80,1,5,2,2,0
429.349,1,39,25,18,4294,15,16,0,6981,7200,80,1,5,2,2,0
429.841,1,39,25,18,4294,15,16,0,6980,7200,80,1,5,2,2,0
430.358,1,39,25,18,4294,15,16,0,6980,7200,80,1,5,2,2,0
430.841,1,39,25,18,4294,15,16,0,6979,7200,80,1,5,2,2,0
431.344,1,39,25,18,4294,15,16,0,6979,7200,80,1,5,2,2,0
431.854,1,39,25,18,4294,15,16,0,6978,7200,80,1,5,2,2,0
432.342,1,39,25,18,4294,15,16,0,6978,7200,80,1,5,2,2,0
432.855,1,39,25,18,4294,15,16,0,6977,7200,80,1,5,2,2,0
433.353,1,39,25,18,4294,15,16,0,6977,7200,80,1,5,2,2,0
433.847,1,39,25,18,4294,15,16,0,6976,7200,80,1,5,2,2,0
434.333,1,39,25,18,4294,15,16,0,6976,7200,80,1,5,2,2,0
434.854,1,39,25,18,4294,15,16,0,6975,7200,80,1,5,2,2,0
435.346,1,39,25,18,4294,15,16,0,6975,7200,80,1,5,2,2,0
435.838,1,39,25,18,4294,15,16,0,6974,7200,80,1,5,2,2,0
436.345,1,39,25,18,4294,15,16,0,6974,7200,80,1,5,2,2,0
436.848,1,39,25,18,4294,15,16,0,6973,7200,80,1,5,2,2,0
437.346,1,39,25,18,4294,15,16,0,6973,7200,80,1,5,2,2,0
437.834,1,39,25,18,4294,15,16,0,6972,7200,80,1,5,2,2,0
438.341,1,39,25,18,4294,15,16,0,6972,7200,80,1,5,2,2,0
438.855,1,39,25,18,4294,15,16,0,6971,7200,80,1,5,2,2,0
439.353,1,39,25,18,4294,15,16,0,6971,7200,80,1,5,2,2,0
439.833,1,39,25,18,4294,15,16,0,6970,7200,80,1,5,2,2,0
440.347,1,39,25,18,4294,15,16,0,6970,7200,80,1,5,2,2,0
440.842,1,39,25,18,4294,15,16,0,6969,7200,80,1,5,2,2,0
441.354,1,39,25,18,4294,15,16,0,6969,7200,80,1,5,2,2,0
441.845,1,39,25,18,4294,15,16,0,6968,7200,80,1,5,2,2,0
442.353,1,39,25,18,4294,15,16,0,6968,7200,80,1,5,2,2,0
442.847,1,39,25,18,4294,15,16,0,6967,7200,80,1,5,2,2,0
443.337,1,39,25,18,4294,15,16,0,6967,7200,80,1,5,2,2,0
443.858,1,39,25,18,4294,15,16,0,6966,7200,80,1,5,2,2,0
444.345,1,39,25,18,4294,15,16,0,6966,7200,80,1,5,2,2,0
444.84,1,39,25,18,4294,15,16,0,6965,7200,80,1,5,2,2,0
445.347,1,39,25,18,4294,15,16,0,6965,7200,80,1,5,2,2,0
445.853,1,39,25,18,4294,15,16,0,6964,7200,80,1,5,2,2,0
446.34,1,39,25,18,4294,15,16,0,6964,7200,80,1,5,2,2,0
446.86,1,39,25,18,4294,15,16,0,6963,7200,80,1,5,2,2,0
447.357,1,39,25,18,4294,15,16,0,6963,7200,80,1,5,2,2,0
447.845,1,39,25,18,4294,15,16,0,6962,7200,80,1,5,2,2,0
448.333,1,39,25,18,4294,15,16,0,6962,7200,80,1,5,2,2,0
448.856,1,39,25,18,4294,15,16,0,6961,7200,80,1,5,2,2,0
449.338,1,39,25,18,4294,15,16,0,6961,7200,80,1,5,2,2,0
449.858,1,39,25,18,4294,15,16,0,6960,7200,80,1,5,2,2,0
450.353,1,39,25,18,4294,15,16,0,6960,7200,80,1,5,2,2,0
450.86,1,39,25,18,4294,15,16,0,6959,7200,80,1,5,2,2,0
451.348,1,39,25,18,4294,15,16,0,6959,7200,80,1,5,2,2,0
451.855,1,39,25,18,4294,15,16,0,6958,7200,80,1,5,2,2,0
452.353,1,39,25,18,4294,15,16,0,6958,7200,80,1,5,2,2,0
452.84,1,39,25,18,4294,15,16,0,6957,7200,80,1,5,2,2,0
453.347,1,39,25,18,4294,15,16,0,6957,7200,80,1,5,2,2,0
453.837,1,39,25,18,4294,15,16,0,6956,7200,80,1,5,2,2,0
454.337,1,39,25,18,4294,15,16,0,6956,7200,80,1,5,2,2,0
454.835,1,39,25,18,4294,15,16,0,6955,7200,80,1,5,2,2,0
455.353,1,39,25,18,4294,15,16,0,6955,7200,80,1,5,2,2,0
455.835,1,39,25,18,4294,15,16,0,6954,7200,80,1,5,2,2,0
456.349,1,39,25,18,4294,15,16,0,6954,7200,80,1,5,2,2,0
456.833,1,39,25,18,4294,15,16,0,6953,7200,80,1,5,2,2,0
457.344,1,39,25,18,4294,15,16,0,6953,7200,80,1,5,2,2,0
457.847,1,39,25,18,4294,15,16,0,6952,7200,80,1,5,2,2,0
458.333,1,39,25,18,4294,15,16,0,6952,7200,80,1,5,2,2,0
458.839,1,39,25,18,4294,15,16,0,6951,7200,80,1,5,2,2,0
459.341,1,39,25,18,4294,15,16,0,6951,7200,80,1,5,2,2,0
459.855,1,39,25,18,4294,15,16,0,6950,7200,80,1,5,2,2,0
460.351,1,39,25,18,4294,15,16,0,6950,7200,80,1,5,2,2,0
460.852,1,39,25,18,4294,15,16,0,6949,7200,80,1,5,2,2,0
461.34,1,39,25,18,4294,15,16,0,6949,7200,80,1,5,2,2,0
461.835,1,39,25,18,4294,15,16,0,6948,7200,80,1,5,2,2,0
462.334,1,39,25,18,4294,15,16,0,6948,7200,80,1,5,2,2,0
462.852,1,39,25,18,4294,15,16,0,6947,7200,80,1,5,2,2,0
463.35,1,39,25,18,4294,15,16,0,6947,7200,80,1,5,2,2,0
463.836,1,39,25,18,4294,15,16,0,6946,7200,80,1,5,2,2,0
464.351,1,39,25,18,4294,15,16,0,6946,7200,80,1,5,2,2,0
464.852,1,39,25,18,4294,15,16,0,6945,7200,80,1,5,2,2,0
465.347,1,39,25,18,4294,15,16,0,6945,7200,80,1,5,2,2,0
465.841,1,39,25,18,4294,15,16,0,6944,7200,80,1,5,2,2,0
466.338,1,39,25,18,4294,15,16,0,6944,7200,80,1,5,2,2,0
466.849,1,39,25,18,4294,15,16,0,6943,7200,80,1,5,2,2,0
467.34,1,39,25,18,4294,15,16,0,6943,7200,80,1,5,2,2,0
467.85,1,39,25,18,4294,15,16,0,6942,7200,80,1,5,2,2,0
468.335,1,39,25,18,4294,15,16,0,6942,7200,80,1,5,2,2,0
468.853,1,39,25,18,4294,15,16,0,6941,7200,80,1,5,2,2,0
469.351,1,39,25,18,4294,15,16,0,6941,7200,80,1,5,2,2,0
469.85,1,39,25,18,4294,15,16,0,6940,7200,80,1,5,2,2,0
470.347,1,39,25,18,4294,15,16,0,6940,7200,80,1,5,2,2,0
470.841,1,39,25,18,4294,15,16,0,6939,7200,80,1,5,2,2,0
471.34,1,39,25,18,4294,15,16,0,6939,7200,80,1,5,2,2,0
471.843,1,39,25,18,4294,15,16,0,6938,7200,80,1,5,2,2,0
472.341,1,39,25,18,4294,15,16,0,6938,7200,80,1,5,2,2,0
472.846,1,39,25,18,4294,15,16,0,6937,7200,80,1,5,2,2,0
473.334,1,39,25,18,4294,15,16,0,6937,7200,80,1,5,2,2,0
473.85,1,39,25,18,4294,15,16,0,6936,7200,80,1,5,2,2,0
474.349,1,39,25,18,4294,15,16,0,6936,7200,80,1,5,2,2,0
474.846,1,39,25,18,4294,15,16,0,6935,7200,80,1,5,2,2,0
475.355,1,39,25,18,4294,15,16,0,6935,7200,80,1,5,2,2,0
475.849,1,39,25,18,4294,15,16,0,6934,7200,80,1,5,2,2,0
476.351,1,39,25,18,4294,15,16,0,6934,7200,80,1,5,2,2,0
476.849,1,39,25,18,4294,15,16,0,6933,7200,80,1,5,2,2,0
477.347,1,39,25,18,4294,15,16,0,6933,7200,80,1,5,2,2,0
477.85,1,39,25,18,4294,15,16,0,6932,7200,80,1,5,2,2,0
478.341,1,39,25,18,4294,15,16,0,6932,7200,80,1,5,2,2,0
478.839,1,39,25,18,4294,15,16,0,6931,7200,80,1,5,2,2,0
479.349,1,39,25,18,4294,15,16,0,6931,7200,80,1,5,2,2,0
479.848,1,39,25,18,4294,15,16,0,6930,7200,80,1,5,2,2,0
480.352,1,39,25,18,4294,15,16,0,6930,7200,80,1,5,2,2,0
480.846,1,39,25,18,4294,15,16,0,6929,7200,80,1,5,2,2,0
481.337,1,39,25,18,4294,15,16,0,6929,7200,80,1,5,2,2,0
481.84,1,39,25,18,4294,15,16,0,6928,7200,80,1,5,2,2,0
482.346,1,39,25,18,4294,15,16,0,6928,7200,80,1,5,2,2,0
482.836,1,39,25,18,4294,15,16,0,6927,7200,80,1,5,2,2,0
483.344,1,39,25,18,4294,15,16,0,6927,7200,80,1,5,2,2,0
483.846,1,39,25,18,4294,15,16,0,6926,7200,80,1,5,2,2,0
484.349,1,39,25,18,4294,15,16,0,6926,7200,80,1,5,2,2,0
484.838,1,39,25,18,4294,15,16,0,6925,7200,80,1,5,2,2,0
485.336,1,39,25,18,4294,15,16,0,6925,7200,80,1,5,2,2,0
485.846,1,39,25,18,4294,15,16,0,6924,7200,80,1,5,2,2,0
486.336,1,39,25,18,4294,15,16,0,6924,7200,80,1,5,2,2,0
486.849,1,39,25,18,4294,15,16,0,6923,7200,80,1,5,2,2,0
487.351,1,39,25,18,4294,15,16,0,6923,7200,80,1,5,2,2,0
487.852,1,39,25,18,4294,15,16,0,6922,7200,80,1,5,2,2,0
488.352,1,39,25,18,4294,15,16,0,6922,7200,80,1,5,2,2,0
488.835,1,39,25,18,4294,15,16,0,6921,7200,80,1,5,2,2,0
489.352,1,39,25,18,4294,15,16,0,6921,7200,80,1,5,2,2,0
489.836,1,39,25,18,4294,15,16,0,6920,7200,80,1,5,2,2,0
490.336,1,39,25,18,4294,15,16,0,6920,7200,80,1,5,2,2,0
490.841,1,39,25,18,4294,15,16,0,6919,7200,80,1,5,2,2,0
491.341,1,39,25,18,4294,15,16,0,6919,7200,80,1,5,2,2,0
491.843,1,39,25,18,4294,15,16,0,6918,7200,80,1,5,2,2,0
492.335,1,39,25,18,4294,15,16,0,6918,7200,80,1,5,2,2,0
492.841,1,39,25,18,4294,15,16,0,6917,7200,80,1,5,2,2,0
493.349,1,39,25,18,4294,15,16,0,6917,7200,80,1,5,2,2,0
493.836,1,39,25,18,4294,15,16,0,6916,7200,80,1,5,2,2,0
494.333,1,39,25,18,4294,15,16,0,6916,7200,80,1,5,2,2,0
494.835,1,39,25,18,4294,15,16,0,6915,7200,80,1,5,2,2,0
495.353,1,39,25,18,4294,15,16,0,6915,7200,80,1,5,2,2,0
495.852,1,39,25,18,4294,15,16,0,6914,7200,80,1,5,2,2,0
496.35,1,39,25,18,4294,15,16,0,6914,7200,80,1,5,2,2,0
496.853,1,39,25,18,4294,15,16,0,6913,7200,80,1,5,2,2,0
497.356,1,39,25,18,4294,15,16,0,6913,7200,80,1,5,2,2,0
497.844,1,39,25,18,4294,15,16,0,6912,7200,80,1,5,2,2,0
498.349,1,39,25,18,4294,15,16,0,6912,7200,80,1,5,2,2,0
498.848,1,39,25,18,4294,15,16,0,6911,7200,80,1,5,2,2,0
499.362,1,39,25,18,4294,15,16,0,6911,7200,80,1,5,2,2,0
499.863,1,39,25,18,4294,15,16,0,6910,7200,80,1,5,2,2,0
500.339,1,39,25,18,4294,15,16,0,6910,7200,80,1,5,2,2,0
500.841,1,39,25,18,4294,15,16,0,6909,7200,80,1,5,2,2,0
501.351,1,39,25,18,4294,15,16,0,6909,7200,80,1,5,2,2,0
501.853,1,39,25,18,4294,15,16,0,6908,7200,80,1,5,2,2,0
502.34,1,39,25,18,4294,15,16,0,6908,7200,80,1,5,2,2,0
502.835,1,39,25,18,4294,15,16,0,6907,7200,80,1,5,2,2,0
503.357,1,39,25,18,4294,15,16,0,6907,7200,80,1,5,2,2,0
503.846,1,39,25,18,4294,15,16,0,6906,7200,80,1,5,2,2,0
504.35,1,39,25,18,4294,15,16,0,6906,7200,80,1,5,2,2,0
504.856,1,39,25,18,4294,15,16,0,6905,7200,80,1,5,2,2,0
505.34,1,39,25,18,4294,15,16,0,6905,7200,80,1,5,2,2,0
505.833,1,39,25,18,4294,15,16,0,6904,7200,80,1,5,2,2,0
506.342,1,39,25,18,4294,15,16,0,6904,7200,80,1,5,2,2,0
506.833,1,39,25,18,4294,15,16,0,6903,7200,80,1,5,2,2,0
507.348,1,39,25,18,4294,15,16,0,6903,7200,80,1,5,2,2,0
507.845,1,39,25,18,4294,15,16,0,6902,7200,80,1,5,2,2,0
508.333,1,39,25,18,4294,15,16,0,6902,7200,80,1,5,2,2,0
508.848,1,39,25,18,4294,15,16,0,6901,7200,80,1,5,2,2,0
509.353,1,39,25,18,4294,15,16,0,6901,7200,80,1,5,2,2,0
509.835,1,39,25,18,4294,15,16,0,6900,7200,80,1,5,2,2,0
510.351,1,39,25,18,4294,15,16,0,6900,7200,80,1,5,2,2,0
510.838,1,39,25,18,4294,15,16,0,6899,7200,80,1,5,2,2,0
511.344,1,39,25,18,4294,15,16,0,6899,7200,80,1,5,2,2,0
511.854,1,39,25,18,4294,15,16,0,6898,7200,80,1,5,2,2,0
512.353,1,39,25,18,4294,15,16,0,6898,7200,80,1,5,2,2,0
512.852,1,39,25,18,4294,15,16,0,6897,7200,80,1,5,2,2,0
513.337,1,39,25,18,4294,15,16,0,6897,7200,80,1,5,2,2,0
513.836,1,39,25,18,4294,15,16,0,6896,7200,80,1,5,2,2,0
514.355,1,39,25,18,4294,15,16,0,6896,7200,80,1,5,2,2,0
514.848,1,39,25,18,4294,15,16,0,6895,7200,80,1,5,2,2,0
515.339,1,39,25,18,4294,15,16,0,6895,7200,80,1,5,2,2,0
515.851,1,39,25,18,4294,15,16,0,6894,7200,80,1,5,2,2,0
516.351,1,39,25,18,4294,15,16,0,6894,7200,80,1,5,2,2,0
516.846,1,39,25,18,4294,15,16,0,6893,7200,80,1,5,2,2,0
517.347,1,39,25,18,4294,15,16,0,6893,7200,80,1,5,2,2,0
517.841,1,39,25,18,4294,15,16,0,6892,7200,80,1,5,2,2,0
518.345,1,39,25,18,4294,15,16,0,6892,7200,80,1,5,2,2,0
518.847,1,39,25,18,4294,15,16,0,6891,7200,80,1,5,2,2,0
519.347,1,39,25,18,4294,15,16,0,6891,7200,80,1,5,2,2,0
519.849,1,39,25,18,4294,15,16,0,6890,7200,80,1,5,2,2,0
520.336,1,39,25,18,4294,15,16,0,6890,7200,80,1,5,2,2,0
520.852,1,39,25,18,4294,15,16,0,6889,7200,80,1,5,2,2,0
521.357,1,39,25,18,4294,15,16,0,6889,7200,80,1,5,2,2,0
521.862,1,39,25,18,4294,15,16,0,6888,7200,80,1,5,2,2,0
522.345,1,39,25,18,4294,15,16,0,6888,7200,80,1,5,2,2,0
522.85,1,39,25,18,4294,15,16,0,6887,7200,80,1,5,2,2,0
523.36,1,39,25,18,4294,15,16,0,6887,7200,80,1,5,2,2,0
523.854,1,39,25,18,4294,15,16,0,6886,7200,80,1,5,2,2,0
524.333,1,39,25,18,4294,15,16,0,6886,7200,80,1,5,2,2,0
524.848,1,39,25,18,4294,15,16,0,6885,7200,80,1,5,2,2,0
525.338,1,39,25,18,4294,15,16,0,6885,7200,80,1,5,2,2,0
525.839,1,39,25,18,4294,15,16,0,6884,7200,80,1,5,2,2,0
526.348,1,39,25,18,4294,15,16,0,6884,7200,80,1,5,2,2,0
526.848,1,39,25,18,4294,15,16,0,6883,7200,80,1,5,2,2,0
527.344,1,39,25,18,4294,15,16,0,6883,7200,80,1,5,2,2,0
527.846,1,39,25,18,4294,15,16,0,6882,7200,80,1,5,2,2,0
528.353,1,39,25,18,4294,15,16,0,6882,7200,80,1,5,2,2,0
528.833,1,39,25,18,4294,15,16,0,6881,7200,80,1,5,2,2,0
529.356,1,39,25,18,4294,15,16,0,6881,7200,80,1,5,2,2,0
529.851,1,39,25,18,4294,15,16,0,6880,7200,80,1,5,2,2,0
530.343,1,39,25,18,4294,15,16,0,6880,7200,80,1,5,2,2,0
530.839,1,39,25,18,4294,15,16,0,6879,7200,80,1,5,2,2,0
531.334,1,39,25,18,4294,15,16,0,6879,7200,80,1,5,2,2,0
531.857,1,39,25,18,4294,15,16,0,6878,7200,80,1,5,2,2,0
532.351,1,39,25,18,4294,15,16,0,6878,7200,80,1,5,2,2,0
532.849,1,39,25,18,4294,15,16,0,6877,7200,80,1,5,2,2,0
533.346,1,39,25,18,4294,15,16,0,6877,7200,80,1,5,2,2,0
533.838,1,39,25,18,4294,15,16,0,6876,7200,80,1,5,2,2,0
534.345,1,39,25,18,4294,15,16,0,6876,7200,80,1,5,2,2,0
534.834,1,39,25,18,4294,15,16,0,6875,7200,80,1,5,2,2,0
535.346,1,39,25,18,4294,15,16,0,6875,7200,80,1,5,2,2,0
535.847,1,39,25,18,4294,15,16,0,6874,7200,80,1,5,2,2,0
536.354,1,39,25,18,4294,15,16,0,6874,7200,80,1,5,2,2,0
536.845,1,39,25,18,4294,15,16,0,6873,7200,80,1,5,2,2,0
537.336,1,39,25,18,4294,15,16,0,6873,7200,80,1,5,2,2,0
537.848,1,39,25,18,4294,15,16,0,6872,7200,80,1,5,2,2,0
538.336,1,39,25,18,4294,15,16,0,6872,7200,80,1,5,2,2,0
538.834,1,39,25,18,4294,15,16,0,6871,7200,80,1,5,2,2,0
539.341,1,39,25,18,4294,15,16,0,6871,7200,80,1,5,2,2,0
539.846,1,39,25,18,4294,15,16,0,6870,7200,80,1,5,2,2,0
540.345,1,39,25,18,4294,15,16,0,6870,7200,80,1,5,2,2,0
540.853,1,39,25,18,4294,15,16,0,6869,7200,80,1,5,2,2,0
541.351,1,39,25,18,4294,15,16,0,6869,7200,80,1,5,2,2,0
541.84,1,39,25,18,4294,15,16,0,6868,7200,80,1,5,2,2,0
542.339,1,39,25,18,4294,15,16,0,6868,7200,80,1,5,2,2,0
542.843,1,39,25,18,4294,15,16,0,6867,7200,80,1,5,2,2,0
543.334,1,39,25,18,4294,15,16,0,6867,7200,80,1,5,2,2,0
543.85,1,39,25,18,4294,15,16,0,6866,7200,80,1,5,2,2,0
544.354,1,39,25,18,4294,15,16,0,6866,7200,80,1,5,2,2,0
544.841,1,39,25,18,4294,15,16,0,6865,7200,80,1,5,2,2,0
545.355,1,39,25,18,4294,15,16,0,6865,7200,80,1,5,2,2,0
545.854,1,39,25,18,4294,15,16,0,6864,7200,80,1,5,2,2,0
546.337,1,39,25,18,4294,15,16,0,6864,7200,80,1,5,2,2,0
546.843,1,39,25,18,4294,15,16,0,6863,7200,80,1,5,2,2,0
547.355,1,39,25,18,4294,15,16,0,6863,7200,80,1,5,2,2,0
547.845,1,39,25,18,4294,15,16,0,6862,7200,80,1,5,2,2,0
548.347,1,39,25,18,4294,15,16,0,6862,7200,80,1,5,2,2,0
548.848,1,39,25,18,4294,15,16,0,6861,7200,80,1,5,2,2,0
549.334,1,39,25,18,4294,15,16,0,6861,7200,80,1,5,2,2,0
549.847,1,39,25,18,4294,15,16,0,6860,7200,80,1,5,2,2,0
550.344,1,39,25,18,4294,15,16,0,6860,7200,80,1,5,2,2,0
550.84,1,39,25,18,4294,15,16,0,6859,7200,80,1,5,2,2,0
551.359,1,39,25,18,4294,15,16,0,6859,7200,80,1,5,2,2,0
551.845,1,39,25,18,4294,15,16,0,6858,7200,80,1,5,2,2,0
552.348,1,39,25,18,4294,15,16,0,6858,7200,80,1,5,2,2,0
552.855,1,39,25,18,4294,15,16,0,6857,7200,80,1,5,2,2,0
553.335,1,39,25,18,4294,15,16,0,6857,7200,80,1,5,2,2,0
553.848,1,39,25,18,4294,15,16,0,6856,7200,80,1,5,2,2,0
554.344,1,39,25,18,4294,15,16,0,6856,7200,80,1,5,2,2,0
554.854,1,39,25,18,4294,15,16,0,6855,7200,80,1,5,2,2,0
555.352,1,39,25,18,4294,15,16,0,6855,7200,80,1,5,2,2,0
555.849,1,39,25,18,4294,15,16,0,6854,7200,80,1,5,2,2,0
556.341,1,39,25,18,4294,15,16,0,6854,7200,80,1,5,2,2,0
556.846,1,39,25,18,4294,15,16,0,6853,7200,80,1,5,2,2,0
557.338,1,39,25,18,4294,15,16,0,6853,7200,80,1,5,2,2,0
557.854,1,39,25,18,4294,15,16,0,6852,7200,80,1,5,2,2,0
558.355,1,39,25,18,4294,15,16,0,6852,7200,80,1,5,2,2,0
558.843,1,39,25,18,4294,15,16,0,6851,7200,80,1,5,2,2,0
559.351,1,39,25,18,4294,15,16,0,6851,7200,80,1,5,2,2,0
559.843,1,39,25,18,4294,15,16,0,6850,7200,80,1,5,2,2,0
560.333,1,39,25,18,4294,15,16,0,6850,7200,80,1,5,2,2,0
560.847,1,39,25,18,4294,15,16,0,6849,7200,80,1,5,2,2,0
561.346,1,39,25,18,4294,15,16,0,6849,7200,80,1,5,2,2,0
561.84,1,39,25,18,4294,15,16,0,6848,7200,80,1,5,2,2,0
562.333,1,39,25,18,4294,15,16,0,6848,7200,80,1,5,2,2,0
562.845,1,39,25,18,4294,15,16,0,6847,7200,80,1,5,2,2,0
563.351,1,39,25,18,4294,15,16,0,6847,7200,80,1,5,2,2,0
563.851,1,39,25,18,4294,15,16,0,6846,7200,80,1,5,2,2,0
564.341,1,39,25,18,4294,15,16,0,6846,7200,80,1,5,2,2,0
564.848,1,39,25,18,4294,15,16,0,6845,7200,80,1,5,2,2,0
565.346,1,39,25,18,4294,15,16,0,6845,7200,80,1,5,2,2,0
565.848,1,39,25,18,4294,15,16,0,6844,7200,80,1,5,2,2,0
566.334,1,39,25,18,4294,15,16,0,6844,7200,80,1,5,2,2,0
566.842,1,39,25,18,4294,15,16,0,6843,7200,80,1,5,2,2,0
567.34,1,39,25,18,4294,15,16,0,6843,7200,80,1,5,2,2,0
567.835,1,39,25,18,4294,15,16,0,6842,7200,80,1,5,2,2,0
568.333,1,39,25,18,4294,15,16,0,6842,7200,80,1,5,2,2,0
568.841,1,39,25,18,4294,15,16,0,6841,7200,80,1,5,2,2,0
569.351,1,39,25,18,4294,15,16,0,6841,7200,80,1,5,2,2,0
569.853,1,39,25,18,4294,15,16,0,6840,7200,80,1,5,2,2,0
570.34,1,39,25,18,4294,15,16,0,6840,7200,80,1,5,2,2,0
570.841,1,39,25,18,4294,15,16,0,6839,7200,80,1,5,2,2,0
571.343,1,39,25,18,4294,15,16,0,6839,7200,80,1,5,2,2,0
571.856,1,39,25,18,4294,15,16,0,6838,7200,80,1,5,2,2,0
572.346,1,39,25,18,4294,15,16,0,6838,7200,80,1,5,2,2,0
572.846,1,39,25,18,4294,15,16,0,6837,7200,80,1,5,2,2,0
573.36,1,39,25,18,4294,15,16,0,6837,7200,80,1,5,2,2,0
573.858,1,39,25,18,4294,15,16,0,6836,7200,80,1,5,2,2,0
574.335,1,39,25,18,4294,15,16,0,6836,7200,80,1,5,2,2,0
574.847,1,39,25,18,4294,15,16,0,6835,7200,80,1,5,2,2,0
575.351,1,39,25,18,4294,15,16,0,6835,7200,80,1,5,2,2,0
575.833,1,39,25,18,4294,15,16,0,6834,7200,80,1,5,2,2,0
576.347,1,39,25,18,4294,15,16,0,6834,7200,80,1,5,2,2,0
576.856,1,39,25,18,4294,15,16,0,6833,7200,80,1,5,2,2,0
577.352,1,39,25,18,4294,15,16,0,6833,7200,80,1,5,2,2,0
577.846,1,39,25,18,4294,15,16,0,6832,7200,80,1,5,2,2,0
578.343,1,39,25,18,4294,15,16,0,6832,7200,80,1,5,2,2,0
578.839,1,39,25,18,4294,15,16,0,6831,7200,80,1,5,2,2,0
579.357,1,39,25,18,4294,15,16,0,6831,7200,80,1,5,2,2,0
579.833,1,39,25,18,4294,15,16,0,6830,7200,80,1,5,2,2,0
580.359,1,39,25,18,4294,15,16,0,6830,7200,80,1,5,2,2,0
580.833,1,39,25,18,4294,15,16,0,6829,7200,80,1,5,2,2,0
581.347,1,39,25,18,4294,15,16,0,6829,7200,80,1,5,2,2,0
581.842,1,39,25,18,4294,15,16,0,6828,7200,80,1,5,2,2,0
582.34,1,39,25,18,4294,15,16,0,6828,7200,80,1,5,2,2,0
582.847,1,39,25,18,4294,15,16,0,6827,7200,80,1,5,2,2,0
583.353,1,39,25,18,4294,15,16,0,6827,7200,80,1,5,2,2,0
583.854,1,39,25,18,4294,15,16,0,6826,7200,80,1,5,2,2,0
584.344,1,39,25,18,4294,15,16,0,6826,7200,80,1,5,2,2,0
584.848,1,39,25,18,4294,15,16,0,6825,7200,80,1,5,2,2,0
585.338,1,39,25,18,4294,15,16,0,6825,7200,80,1,5,2,2,0
585.839,1,39,25,18,4294,15,16,0,6824,7200,80,1,5,2,2,0
586.335,1,39,25,18,4294,15,16,0,6824,7200,80,1,5,2,2,0
586.849,1,39,25,18,4294,15,16,0,6823,7200,80,1,5,2,2,0
587.345,1,39,25,18,4294,15,16,0,6823,7200,80,1,5,2,2,0
587.836,1,39,25,18,4294,15,16,0,6822,7200,80,1,5,2,2,0
588.352,1,39,25,18,4294,15,16,0,6822,7200,80,1,5,2,2,0
588.855,1,39,25,18,4294,15,16,0,6821,7200,80,1,5,2,2,0
589.349,1,39,25,18,4294,15,16,0,6821,7200,80,1,5,2,2,0
589.843,1,39,25,18,4294,15,16,0,6820,7200,80,1,5,2,2,0
590.339,1,39,25,18,4294,15,16,0,6820,7200,80,1,5,2,2,0
590.855,1,39,25,18,4294,15,16,0,6819,7200,80,1,5,2,2,0
591.357,1,39,25,18,4294,15,16,0,6819,7200,80,1,5,2,2,0
591.858,1,39,25,18,4294,15,16,0,6818,7200,80,1,5,2,2,0
592.352,1,39,25,18,4294,15,16,0,6818,7200,80,1,5,2,2,0
592.833,1,39,25,18,4294,15,16,0,6817,7200,80,1,5,2,2,0
593.358,1,39,25,18,4294,15,16,0,6817,7200,80,1,5,2,2,0
593.841,1,39,25,18,4294,15,16,0,6816,7200,80,1,5,2,2,0
594.346,1,39,25,18,4294,15,16,0,6816,7200,80,1,5,2,2,0
594.833,1,39,25,18,4294,15,16,0,6815,7200,80,1,5,2,2,0
595.349,1,39,25,18,4294,15,16,0,6815,7200,80,1,5,2,2,0
595.849,1,39,25,18,4294,15,16,0,6814,7200,80,1,5,2,2,0
596.354,1,39,25,18,4294,15,16,0,6814,7200,80,1,5,2,2,0
596.846,1,39,25,18,4294,15,16,0,6813,7200,80,1,5,2,2,0
597.356,1,39,25,18,4294,15,16,0,6813,7200,80,1,5,2,2,0
597.845,1,39,25,18,4294,15,16,0,6812,7200,80,1,5,2,2,0
598.336,1,39,25,18,4294,15,16,0,6812,7200,80,1,5,2,2,0
598.848,1,39,25,18,4294,15,16,0,6811,7200,80,1,5,2,2,0
599.333,1,39,25,18,4294,15,16,0,6811,7200,80,1,5,2,2,0
599.854,1,39,25,18,4294,15,16,0,6810,7200,80,1,5,2,2,0
600.351,1,39,25,18,4294,15,16,0,6810,7200,80,1,5,2,2,0
600.84,1,39,25,18,4294,15,16,0,6809,7200,80,1,5,2,2,0
601.34,1,39,25,18,4294,15,16,0,6809,7200,80,1,5,2,2,0
601.843,1,39,25,18,4294,15,16,0,6808,7200,80,1,5,2,2,0
602.339,1,39,25,18,4294,15,16,0,6808,7200,80,1,5,2,2,0
602.84,1,39,25,18,4294,15,16,0,6807,7200,80,1,5,2,2,0
603.342,1,39,25,18,4294,15,16,0,6807,7200,80,1,5,2,2,0
603.857,1,39,25,18,4294,15,16,0,6806,7200,80,1,5,2,2,0
604.335,1,39,25,18,4294,15,16,0,6806,7200,80,1,5,2,2,0
604.851,1,39,25,18,4294,15,16,0,6805,7200,80,1,5,2,2,0
605.352,1,39,25,18,4294,15,16,0,6805,7200,80,1,5,2,2,0
605.85,1,39,25,18,4294,15,16,0,6804,7200,80,1,5,2,2,0
606.352,1,39,25,18,4294,15,16,0,6804,7200,80,1,5,2,2,0
606.848,1,39,25,18,4294,15,16,0,6803,7200,80,1,5,2,2,0
607.347,1,39,25,18,4294,15,16,0,6803,7200,80,1,5,2,2,0
607.837,1,39,25,18,4294,15,16,0,6802,7200,80,1,5,2,2,0
608.335,1,39,25,18,4294,15,16,0,6802,7200,80,1,5,2,2,0
608.833,1,39,25,18,4294,15,16,0,6801,7200,80,1,5,2,2,0
609.333,1,39,25,18,4294,15,16,0,6801,7200,80,1,5,2,2,0
609.849,1,39,25,18,4294,15,16,0,6800,7200,80,1,5,2,2,0
610.344,1,39,25,18,4294,15,16,0,6800,7200,80,1,5,2,2,0
610.845,1,39,25,18,4294,15,16,0,6799,7200,80,1,5,2,2,0
611.352,1,39,25,18,4294,15,16,0,6799,7200,80,1,5,2,2,0
611.851,1,39,25,18,4294,15,16,0,6798,7200,80,1,5,2,2,0
612.35,1,39,25,18,4294,15,16,0,6798,7200,80,1,5,2,2,0
612.839,1,39,25,18,4294,15,16,0,6797,7200,80,1,5,2,2,0
613.343,1,39,25,18,4294,15,16,0,6797,7200,80,1,5,2,2,0
613.837,1,39,25,18,4294,15,16,0,6796,7200,80,1,5,2,2,0
614.354,1,39,25,18,4294,15,16,0,6796,7200,80,1,5,2,2,0
614.839,1,39,25,18,4294,15,16,0,6795,7200,80,1,5,2,2,0
615.335,1,39,25,18,4294,15,16,0,6795,7200,80,1,5,2,2,0
615.837,1,39,25,18,4294,15,16,0,6794,7200,80,1,5,2,2,0
616.351,1,39,25,18,4294,15,16,0,6794,7200,80,1,5,2,2,0
616.854,1,39,25,18,4294,15,16,0,6793,7200,80,1,5,2,2,0
617.341,1,39,25,18,4294,15,16,0,6793,7200,80,1,5,2,2,0
617.85,1,39,25,18,4294,15,16,0,6792,7200,80,1,5,2,2,0
618.355,1,39,25,18,4294,15,16,0,6792,7200,80,1,5,2,2,0
618.851,1,39,25,18,4294,15,16,0,6791,7200,80,1,5,2,2,0
619.343,1,39,25,18,4294,15,16,0,6791,7200,80,1,5,2,2,0
619.851,1,39,25,18,4294,15,16,0,6790,7200,80,1,5,2,2,0
620.333,1,39,25,18,4294,15,16,0,6790,7200,80,1,5,2,2,0
620.851,1,39,25,18,4294,15,16,0,6789,7200,80,1,5,2,2,0
621.34,1,39,25,18,4294,15,16,0,6789,7200,80,1,5,2,2,0
621.851,1,39,25,18,4294,15,16,0,6788,7200,80,1,5,2,2,0
622.353,1,39,25,18,4294,15,16,0,6788,7200,80,1,5,2,2,0
622.835,1,39,25,18,4294,15,16,0,6787,7200,80,1,5,2,2,0
623.355,1,39,25,18,4294,15,16,0,6787,7200,80,1,5,2,2,0
623.841,1,39,25,18,4294,15,16,0,6786,7200,80,1,5,2,2,0
624.358,1,39,25,18,4294,15,16,0,6786,7200,80,1,5,2,2,0
624.851,1,39,25,18,4294,15,16,0,6785,7200,80,1,5,2,2,0
625.351,1,39,25,18,4294,15,16,0,6785,7200,80,1,5,2,2,0
625.845,1,39,25,18,4294,15,16,0,6784,7200,80,1,5,2,2,0
626.343,1,39,25,18,4294,15,16,0,6784,7200,80,1,5,2,2,0
626.835,1,39,25,18,4294,15,16,0,6783,7200,80,1,5,2,2,0
627.335,1,39,25,18,4294,15,16,0,6783,7200,80,1,5,2,2,0
627.833,1,39,25,18,4294,15,16,0,6782,7200,80,1,5,2,2,0
628.352,1,39,25,18,4294,15,16,0,6782,7200,80,1,5,2,2,0
628.835,1,39,25,18,4294,15,16,0,6781,7200,80,1,5,2,2,0
629.341,1,39,25,18,4294,15,16,0,6781,7200,80,1,5,2,2,0
629.846,1,39,25,18,4294,15,16,0,6780,7200,80,1,5,2,2,0
630.348,1,39,25,18,4294,15,16,0,6780,7200,80,1,5,2,2,0
630.842,1,39,25,18,4294,15,16,0,6779,7200,80,1,5,2,2,0
631.334,1,39,25,18,4294,15,16,0,6779,7200,80,1,5,2,2,0
631.84,1,39,25,18,4294,15,16,0,6778,7200,80,1,5,2,2,0
632.354,1,39,25,18,4294,15,16,0,6778,7200,80,1,5,2,2,0
632.834,1,39,25,18,4294,15,16,0,6777,7200,80,1,5,2,2,0
633.352,1,39,25,18,4294,15,16,0,6777,7200,80,1,5,2,2,0
633.841,1,39,25,18,4294,15,16,0,6776,7200,80,1,5,2,2,0
634.347,1,39,25,18,4294,15,16,0,6776,7200,80,1,5,2,2,0
634.85,1,39,25,18,4294,15,16,0,6775,7200,80,1,5,2,2,0
635.34,1,39,25,18,4294,15,16,0,6775,7200,80,1,5,2,2,0
635.846,1,39,25,18,4294,15,16,0,6774,7200,80,1,5,2,2,0
636.346,1,39,25,18,4294,15,16,0,6774,7200,80,1,5,2,2,0
636.839,1,39,25,18,4294,15,16,0,6773,7200,80,1,5,2,2,0
637.353,1,39,25,18,4294,15,16,0,6773,7200,80,1,5,2,2,0
637.838,1,39,25,18,4294,15,16,0,6772,7200,80,1,5,2,2,0
638.337,1,39,25,18,4294,15,16,0,6772,7200,80,1,5,2,2,0
638.833,1,39,25,18,4294,15,16,0,6771,7200,80,1,5,2,2,0
639.338,1,39,25,18,4294,15,16,0,6771,7200,80,1,5,2,2,0
639.85,1,39,25,18,4294,15,16,0,6770,7200,80,1,5,2,2,0
640.345,1,39,25,18,4294,15,16,0,6770,7200,80,1,5,2,2,0
640.853,1,39,25,18,4294,15,16,0,6769,7200,80,1,5,2,2,0
641.342,1,39,25,18,4294,15,16,0,6769,7200,80,1,5,2,2,0
641.853,1,39,25,18,4294,15,16,0,6768,7200,80,1,5,2,2,0
642.351,1,39,25,18,4294,15,16,0,6768,7200,80,1,5,2,2,0
642.832,1,39,25,18,4294,15,16,0,6767,7200,80,1,5,2,2,0
643.357,1,39,25,18,4294,15,16,0,6767,7200,80,1,5,2,2,0
643.846,1,39,25,18,4294,15,16,0,6766,7200,80,1,5,2,2,0
644.351,1,39,25,18,4294,15,16,0,6766,7200,80,1,5,2,2,0
644.855,1,39,25,18,4294,15,16,0,6765,7200,80,1,5,2,2,0
645.344,1,39,25,18,4294,15,16,0,6765,7200,80,1,5,2,2,0
645.856,1,39,25,18,4294,15,16,0,6764,7200,80,1,5,2,2,0
646.361,1,39,25,18,4294,15,16,0,6764,7200,80,1,5,2,2,0
646.833,1,39,25,18,4294,15,16,0,6763,7200,80,1,5,2,2,0
647.352,1,39,25,18,4294,15,16,0,6763,7200,80,1,5,2,2,0
647.839,1,39,25,18,4294,15,16,0,6762,7200,80,1,5,2,2,0
648.347,1,39,25,18,4294,15,16,0,6762,7200,80,1,5,2,2,0
648.85,1,39,25,18,4294,15,16,0,6761,7200,80,1,5,2,2,0
649.351,1,39,25,18,4294,15,16,0,6761,7200,80,1,5,2,2,0
649.854,1,39,25,18,4294,15,16,0,6760,7200,80,1,5,2,2,0
650.338,1,39,25,18,4294,15,16,0,6760,7200,80,1,5,2,2,0
650.842,1,39,25,18,4294,15,16,0,6759,7200,80,1,5,2,2,0
651.348,1,39,25,18,4294,15,16,0,6759,7200,80,1,5,2,2,0
651.837,1,39,25,18,4294,15,16,0,6758,7200,80,1,5,2,2,0
652.344,1,39,25,18,4294,15,16,0,6758,7200,80,1,5,2,2,0
652.837,1,39,25,18,4294,15,16,0,6757,7200,80,1,5,2,2,0
653.339,1,39,25,18,4294,15,16,0,6757,7200,80,1,5,2,2,0
653.847,1,39,25,18,4294,15,16,0,6756,7200,80,1,5,2,2,0
654.334,1,39,25,18,4294,15,16,0,6756,7200,80,1,5,2,2,0
654.857,1,39,25,18,4294,15,16,0,6755,7200,80,1,5,2,2,0
655.346,1,39,25,18,4294,15,16,0,6755,7200,80,1,5,2,2,0
655.855,1,39,25,18,4294,15,16,0,6754,7200,80,1,5,2,2,0
656.347,1,39,25,18,4294,15,16,0,6754,7200,80,1,5,2,2,0
656.854,1,39,25,18,4294,15,16,0,6753,7200,80,1,5,2,2,0
657.336,1,39,25,18,4294,15,16,0,6753,7200,80,1,5,2,2,0
657.834,1,39,25,18,4294,15,16,0,6752,7200,80,1,5,2,2,0
658.34,1,39,25,18,4294,15,16,0,6752,7200,80,1,5,2,2,0
658.847,1,39,25,18,4294,15,16,0,6751,7200,80,1,5,2,2,0
659.349,1,39,25,18,4294,15,16,0,6751,7200,80,1,5,2,2,0
659.856,1,39,25,18,4294,15,16,0,6750,7200,80,1,5,2,2,0
660.339,1,39,25,18,4294,15,16,0,6750,7200,80,1,5,2,2,0
660.852,1,39,25,18,4294,15,16,0,6749,7200,80,1,5,2,2,0
661.34,1,39,25,18,4294,15,16,0,6749,7200,80,1,5,2,2,0
661.855,1,39,25,18,4294,15,16,0,6748,7200,80,1,5,2,2,0
662.344,1,39,25,18,4294,15,16,0,6748,7200,80,1,5,2,2,0
662.837,1,39,25,18,4294,15,16,0,6747,7200,80,1,5,2,2,0
663.343,1,39,25,18,4294,15,16,0,6747,7200,80,1,5,2,2,0
663.856,1,39,25,18,4294,15,16,0,6746,7200,80,1,6,2,2,0
664.347,1,39,25,18,4294,15,16,0,6746,7200,80,1,6,2,2,0
664.85,1,39,25,18,4294,15,16,0,6745,7200,80,1,6,2,2,0
665.339,1,39,25,18,4294,15,16,0,6745,7200,80,1,6,2,2,0
665.854,1,39,25,18,4294,15,16,0,6744,7200,80,1,6,2,2,0
666.344,1,39,25,18,4294,15,16,0,6744,7200,80,1,6,2,2,0
666.857,1,39,25,18,4294,15,16,0,6743,7200,80,1,6,2,2,0
667.334,1,39,25,18,4294,15,16,0,6743,7200,80,1,6,2,2,0
667.838,1,39,25,18,4294,15,16,0,6742,7200,80,1,6,2,2,0
668.357,1,39,25,18,4294,15,16,0,6742,7200,80,1,6,2,2,0
668.838,1,39,25,18,4294,15,16,0,6741,7200,80,1,6,2,2,0
669.355,1,39,25,18,4294,15,16,0,6741,7200,80,1,6,2,2,0
669.847,1,39,25,18,4294,15,16,0,6740,7200,80,1,6,2,2,0
670.346,1,39,25,18,4294,15,16,0,6740,7200,80,1,6,2,2,0
670.849,1,39,25,18,4294,15,16,0,6739,7200,80,1,6,2,2,0
671.351,1,39,25,18,4294,15,16,0,6739,7200,80,1,6,2,2,0
671.848,1,39,25,18,4294,15,16,0,6738,7200,80,1,6,2,2,0
672.347,1,39,25,18,4294,15,16,0,6738,7200,80,1,6,2,2,0
672.842,1,39,25,18,4294,15,16,0,6737,7200,80,1,6,2,2,0
673.352,1,39,25,18,4294,15,16,0,6737,7200,80,1,6,2,2,0
673.833,1,39,25,18,4294,15,16,0,6736,7200,80,1,6,2,2,0
674.345,1,39,25,18,4294,15,16,0,6736,7200,80,1,6,2,2,0
674.845,1,39,25,18,4294,15,16,0,6735,7200,80,1,6,2,2,0
675.354,1,39,25,18,4294,15,16,0,6735,7200,80,1,6,2,2,0
675.856,1,39,25,18,4294,15,16,0,6734,7200,80,1,6,2,2,0
676.343,1,39,25,18,4294,15,16,0,6734,7200,80,1,6,2,2,0
676.833,1,39,25,18,4294,15,16,0,6733,7200,80,1,6,2,2,0
677.335,1,39,25,18,4294,15,16,0,6733,7200,80,1,6,2,2,0
677.834,1,39,25,18,4294,15,16,0,6732,7200,80,1,6,2,2,0
678.348,1,39,25,18,4294,15,16,0,6732,7200,80,1,6,2,2,0
678.848,1,39,25,18,4294,15,16,0,6731,7200,80,1,6,2,2,0
679.342,1,39,25,18,4294,15,16,0,6731,7200,80,1,6,2,2,0
679.848,1,39,25,18,4294,15,16,0,6730,7200,80,1,6,2,2,0
680.35,1,39,25,18,4294,15,16,0,6730,7200,80,1,6,2,2,0
680.853,1,39,25,18,4294,15,16,0,6729,7200,80,1,6,2,2,0
681.352,1,39,25,18,4294,15,16,0,6729,7200,80,1,6,2,2,0
681.851,1,39,25,18,4294,15,16,0,6728,7200,80,1,6,2,2,0
682.343,1,39,25,18,4294,15,16,0,6728,7200,80,1,6,2,2,0
682.836,1,39,25,18,4294,15,16,0,6727,7200,80,1,6,2,2,0
683.333,1,39,25,18,4294,15,16,0,6727,7200,80,1,6,2,2,0
683.842,1,39,25,18,4294,15,16,0,6726,7200,80,1,6,2,2,0
684.333,1,39,25,18,4294,15,16,0,6726,7200,80,1,6,2,2,0
684.85,1,39,25,18,4294,15,16,0,6725,7200,80,1,6,2,2,0
685.346,1,39,25,18,4294,15,16,0,6725,7200,80,1,6,2,2,0
685.834,1,39,25,18,4294,15,16,0,6724,7200,80,1,6,2,2,0
686.337,1,39,25,18,4294,15,16,0,6724,7200,80,1,6,2,2,0
686.842,1,39,25,18,4294,15,16,0,6723,7200,80,1,6,2,2,0
687.35,1,39,25,18,4294,15,16,0,6723,7200,80,1,6,2,2,0
687.844,1,39,25,18,4294,15,16,0,6722,7200,80,1,6,2,2,0
688.35,1,39,25,18,4294,15,16,0,6722,7200,80,1,6,2,2,0
688.85,1,39,25,18,4294,15,16,0,6721,7200,80,1,6,2,2,0
689.343,1,39,25,18,4294,15,16,0,6721,7200,80,1,6,2,2,0
689.849,1,39,25,18,4294,15,16,0,6720,7200,80,1,6,2,2,0
690.333,1,39,25,18,4294,15,16,0,6720,7200,80,1,6,2,2,0
690.847,1,39,25,18,4294,15,16,0,6719,7200,80,1,6,2,2,0
691.343,1,39,25,18,4294,15,16,0,6719,7200,80,1,6,2,2,0
691.85,1,39,25,18,4294,15,16,0,6718,7200,80,1,6,2,2,0
692.35,1,39,25,18,4294,15,16,0,6718,7200,80,1,6,2,2,0
692.833,1,39,25,18,4294,15,16,0,6717,7200,80,1,6,2,2,0
693.356,1,39,25,18,4294,15,16,0,6717,7200,80,1,6,2,2,0
693.845,1,39,25,18,4294,15,16,0,6716,7200,80,1,6,2,2,0
694.334,1,39,25,18,4294,15,16,0,6716,7200,80,1,6,2,2,0
694.853,1,39,25,18,4294,15,16,0,6715,7200,80,1,6,2,2,0
695.334,1,39,25,18,4294,15,16,0,6715,7200,80,1,6,2,2,0
695.836,1,39,25,18,4294,15,16,0,6714,7200,80,1,6,2,2,0
696.354,1,39,25,18,4294,15,16,0,6714,7200,80,1,6,2,2,0
696.841,1,39,25,18,4294,15,16,0,6713,7200,80,1,6,2,2,0
697.353,1,39,25,18,4294,15,16,0,6713,7200,80,1,6,2,2,0
697.845,1,39,25,18,4294,15,16,0,6712,7200,80,1,6,2,2,0
698.345,1,39,25,18,4294,15,16,0,6712,7200,80,1,6,2,2,0
698.845,1,39,25,18,4294,15,16,0,6711,7200,80,1,6,2,2,0
699.346,1,39,25,18,4294,15,16,0,6711,7200,80,1,6,2,2,0
699.845,1,39,25,18,4294,15,16,0,6710,7200,80,1,6,2,2,0
700.351,1,39,25,18,4294,15,16,0,6710,7200,80,1,6,2,2,0
700.851,1,39,25,18,4294,15,16,0,6709,7200,80,1,6,2,2,0
701.337,1,39,25,18,4294,15,16,0,6709,7200,80,1,6,2,2,0
701.853,1,39,25,18,4294,15,16,0,6708,7200,80,1,6,2,2,0
702.345,1,39,25,18,4294,15,16,0,6708,7200,80,1,6,2,2,0
702.838,1,39,25,18,4294,15,16,0,6707,7200,80,1,6,2,2,0
703.353,1,39,25,18,4294,15,16,0,6707,7200,80,1,6,2,2,0
703.838,1,39,25,18,4294,15,16,0,6706,7200,80,1,6,2,2,0
704.345,1,39,25,18,4294,15,16,0,6706,7200,80,1,6,2,2,0
704.836,1,39,25,18,4294,15,16,0,6705,7200,80,1,6,2,2,0
705.349,1,39,25,18,4294,15,16,0,6705,7200,80,1,6,2,2,0
705.854,1,39,25,18,4294,15,16,0,6704,7200,80,1,6,2,2,0
706.345,1,39,25,18,4294,15,16,0,6704,7200,80,1,6,2,2,0
706.837,1,39,25,18,4294,15,16,0,6703,7200,80,1,6,2,2,0
707.335,1,39,25,18,4294,15,16,0,6703,7200,80,1,6,2,2,0
707.843,1,39,25,18,4294,15,16,0,6702,7200,80,1,6,2,2,0
708.348,1,39,25,18,4294,15,16,0,6702,7200,80,1,6,2,2,0
708.852,1,39,25,18,4294,15,16,0,6701,7200,80,1,6,2,2,0
709.34,1,39,25,18,4294,15,16,0,6701,7200,80,1,6,2,2,0
709.852,1,39,25,18,4294,15,16,0,6700,7200,80,1,6,2,2,0
710.334,1,39,25,18,4294,15,16,0,6700,7200,80,1,6,2,2,0
710.854,1,39,25,18,4294,15,16,0,6699,7200,80,1,6,2,2,0
711.334,1,39,25,18,4294,15,16,0,6699,7200,80,1,6,2,2,0
711.835,1,39,25,18,4294,15,16,0,6698,7200,80,1,6,2,2,0
712.338,1,39,25,18,4294,15,16,0,6698,7200,80,1,6,2,2,0
712.833,1,39,25,18,4294,15,16,0,6697,7200,80,1,6,2,2,0
713.338,1,39,25,18,4294,15,16,0,6697,7200,80,1,6,2,2,0
713.85,1,39,25,18,4294,15,16,0,6696,7200,80,1,6,2,2,0
714.344,1,39,25,18,4294,15,16,0,6696,7200,80,1,6,2,2,0
714.839,1,39,25,18,4294,15,16,0,6695,7200,80,1,6,2,2,0
715.348,1,39,25,18,4294,15,16,0,6695,7200,80,1,6,2,2,0
715.848,1,39,25,18,4294,15,16,0,6694,7200,80,1,6,2,2,0
716.352,1,39,25,18,4294,15,16,0,6694,7200,80,1,6,2,2,0
716.839,1,39,25,18,4294,15,16,0,6693,7200,80,1,6,2,2,0
717.352,1,39,25,18,4294,15,16,0,6693,7200,80,1,6,2,2,0
717.839,1,39,25,18,4294,15,16,0,6692,7200,80,1,6,2,2,0
718.348,1,39,25,18,4294,15,16,0,6692,7200,80,1,6,2,2,0
718.859,1,39,25,18,4294,15,16,0,6691,7200,80,1,6,2,2,0
719.357,1,39,25,18,4294,15,16,0,6691,7200,80,1,6,2,2,0
719.849,1,39,25,18,4294,15,16,0,6690,7200,80,1,6,2,2,0
720.363,1,39,25,18,4294,15,16,0,6690,7200,80,1,6,2,2,0
720.838,1,39,25,18,4294,15,16,0,6689,7200,80,1,6,2,2,0
721.335,1,39,25,18,4294,15,16,0,6689,7200,80,1,6,2,2,0
721.833,1,39,25,18,4294,15,16,0,6688,7200,80,1,6,2,2,0
722.348,1,39,25,18,4294,15,16,0,6688,7200,80,1,6,2,2,0
722.85,1,39,25,18,4294,15,16,0,6687,7200,80,1,6,2,2,0
723.352,1,39,25,18,4294,15,16,0,6687,7200,80,1,6,2,2,0
723.851,1,39,25,18,4294,15,16,0,6686,7200,80,1,6,2,2,0
724.35,1,39,25,18,4294,15,16,0,6686,7200,80,1,6,2,2,0
724.837,1,39,25,18,4294,15,16,0,6685,7200,80,1,6,2,2,0
725.334,1,39,25,18,4294,15,16,0,6685,7200,80,1,6,2,2,0
725.844,1,39,25,18,4294,15,16,0,6684,7200,80,1,6,2,2,0
726.348,1,39,25,18,4294,15,16,0,6684,7200,80,1,6,2,2,0
726.843,1,39,25,18,4294,15,16,0,6683,7200,80,1,6,2,2,0
727.335,1,39,25,18,4294,15,16,0,6683,7200,80,1,6,2,2,0
727.85,1,39,25,18,4294,15,16,0,6682,7200,80,1,6,2,2,0
728.334,1,39,25,18,4294,15,16,0,6682,7200,80,1,6,2,2,0
728.854,1,39,25,18,4294,15,16,0,6681,7200,80,1,6,2,2,0
729.344,1,39,25,18,4294,15,16,0,6681,7200,80,1,6,2,2,0
729.838,1,39,25,18,4294,15,16,0,6680,7200,80,1,6,2,2,0
730.339,1,39,25,18,4294,15,16,0,6680,7200,80,1,6,2,2,0
730.833,1,39,25,18,4294,15,16,0,6679,7200,80,1,6,2,2,0
731.337,1,39,25,18,4294,15,16,0,6679,7200,80,1,6,2,2,0
731.834,1,39,25,18,4294,15,16,0,6678,7200,80,1,6,2,2,0
732.354,1,39,25,18,4294,15,16,0,6678,7200,80,1,6,2,2,0
732.834,1,39,25,18,4294,15,16,0,6677,7200,80,1,6,2,2,0
733.342,1,39,25,18,4294,15,16,0,6677,7200,80,1,6,2,2,0
733.844,1,39,25,18,4294,15,16,0,6676,7200,80,1,6,2,2,0
734.349,1,39,25,18,4294,15,16,0,6676,7200,80,1,6,2,2,0
734.84,1,39,25,18,4294,15,16,0,6675,7200,80,1,6,2,2,0
735.335,1,39,25,18,4294,15,16,0,6675,7200,80,1,6,2,2,0
735.847,1,39,25,18,4294,15,16,0,6674,7200,80,1,6,2,2,0
736.335,1,39,25,18,4294,15,16,0,6674,7200,80,1,6,2,2,0
736.844,1,39,25,18,4294,15,16,0,6673,7200,80,1,6,2,2,0
737.34,1,39,25,18,4294,15,16,0,6673,7200,80,1,6,2,2,0
737.834,1,39,25,18,4294,15,16,0,6672,7200,80,1,6,2,2,0
738.355,1,39,25,18,4294,15,16,0,6672,7200,80,1,6,2,2,0
738.849,1,39,25,18,4294,15,16,0,6671,7200,80,1,6,2,2,0
739.349,1,39,25,18,4294,15,16,0,6671,7200,80,1,6,2,2,0
739.857,1,39,25,18,4294,15,16,0,6670,7200,80,1,6,2,2,0
740.35,1,39,25,18,4294,15,16,0,6670,7200,80,1,6,2,2,0
740.857,1,39,25,18,4294,15,16,0,6669,7200,80,1,6,2,2,0
741.354,1,39,25,18,4294,15,16,0,6669,7200,80,1,6,2,2,0
741.841,1,39,25,18,4294,15,16,0,6668,7200,80,1,6,2,2,0
742.346,1,39,25,18,4294,15,16,0,6668,7200,80,1,6,2,2,0
742.851,1,39,25,18,4294,15,16,0,6667,7200,80,1,6,2,2,0
743.336,1,39,25,18,4294,15,16,0,6667,7200,80,1,6,2,2,0
743.84,1,39,25,18,4294,15,16,0,6666,7200,80,1,6,2,2,0
744.351,1,39,25,18,4294,15,16,0,6666,7200,80,1,6,2,2,0
744.86,1,39,25,18,4294,15,16,0,6665,7200,80,1,6,2,2,0
745.348,1,39,25,18,4294,15,16,0,6665,7200,80,1,6,2,2,0
745.843,1,39,25,18,4294,15,16,0,6664,7200,80,1,6,2,2,0
746.343,1,39,25,18,4294,15,16,0,6664,7200,80,1,6,2,2,0
746.841,1,39,25,18,4294,15,16,0,6663,7200,80,1,6,2,2,0
747.348,1,39,25,18,4294,15,16,0,6663,7200,80,1,6,2,2,0
747.836,1,39,25,18,4294,15,16,0,6662,7200,80,1,6,2,2,0
748.358,1,39,25,18,4294,15,16,0,6662,7200,80,1,6,2,2,0
748.854,1,39,25,18,4294,15,16,0,6661,7200,80,1,6,2,2,0
749.351,1,39,25,18,4294,15,16,0,6661,7200,80,1,6,2,2,0
749.846,1,39,25,18,4294,15,16,0,6660,7200,80,1,6,2,2,0
750.349,1,39,25,18,4294,15,16,0,6660,7200,80,1,6,2,2,0
750.841,1,39,25,18,4294,15,16,0,6659,7200,80,1,6,2,2,0
751.339,1,39,25,18,4294,15,16,0,6659,7200,80,1,6,2,2,0
751.85,1,39,25,18,4294,15,16,0,6658,7200,80,1,6,2,2,0
752.351,1,39,25,18,4294,15,16,0,6658,7200,80,1,6,2,2,0
752.84,1,39,25,18,4294,15,16,0,6657,7200,80,1,6,2,2,0
753.344,1,39,25,18,4294,15,16,0,6657,7200,80,1,6,2,2,0
753.848,1,39,25,18,4294,15,16,0,6656,7200,80,1,6,2,2,0
754.34,1,39,25,18,4294,15,16,0,6656,7200,80,1,6,2,2,0
754.84,1,39,25,18,4294,15,16,0,6655,7200,80,1,6,2,2,0
755.335,1,39,25,18,4294,15,16,0,6655,7200,80,1,6,2,2,0
755.851,1,39,25,18,4294,15,16,0,6654,7200,80,1,6,2,2,0
756.342,1,39,25,18,4294,15,16,0,6654,7200,80,1,6,2,2,0
756.841,1,39,25,18,4294,15,16,0,6653,7200,80,1,6,2,2,0
757.333,1,39,25,18,4294,15,16,0,6653,7200,80,1,6,2,2,0
757.855,1,39,25,18,4294,15,16,0,6652,7200,80,1,6,2,2,0
758.34,1,39,25,18,4294,15,16,0,6652,7200,80,1,6,2,2,0
758.838,1,39,25,18,4294,15,16,0,6651,7200,80,1,6,2,2,0
759.339,1,39,25,18,4294,15,16,0,6651,7200,80,1,6,2,2,0
759.833,1,39,25,18,4294,15,16,0,6650,7200,80,1,6,2,2,0
760.35,1,39,25,18,4294,15,16,0,6650,7200,80,1,6,2,2,0
760.84,1,39,25,18,4294,15,16,0,6649,7200,80,1,6,2,2,0
761.338,1,39,25,18,4294,15,16,0,6649,7200,80,1,6,2,2,0
761.853,1,39,25,18,4294,15,16,0,6648,7200,80,1,6,2,2,0
762.344,1,39,25,18,4294,15,16,0,6648,7200,80,1,6,2,2,0
762.842,1,39,25,18,4294,15,16,0,6647,7200,80,1,6,2,2,0
763.34,1,39,25,18,4294,15,16,0,6647,7200,80,1,6,2,2,0
763.838,1,39,25,18,4294,15,16,0,6646,7200,80,1,6,2,2,0
764.347,1,39,25,18,4294,15,16,0,6646,7200,80,1,6,2,2,0
764.843,1,39,25,18,4294,15,16,0,6645,7200,80,1,6,2,2,0
765.352,1,39,25,18,4294,15,16,0,6645,7200,80,1,6,2,2,0
765.854,1,39,25,18,4294,15,16,0,6644,7200,80,1,6,2,2,0
766.34,1,39,25,18,4294,15,16,0,6644,7200,80,1,6,2,2,0
766.856,1,39,25,18,4294,15,16,0,6643,7200,80,1,6,2,2,0
767.333,1,39,25,18,4294,15,16,0,6643,7200,80,1,6,2,2,0
767.834,1,39,25,18,4294,15,16,0,6642,7200,80,1,6,2,2,0
768.35,1,39,25,18,4294,15,16,0,6642,7200,80,1,6,2,2,0
768.854,1,39,25,18,4294,15,16,0,6641,7200,80,1,6,2,2,0
769.352,1,39,25,18,4294,15,16,0,6641,7200,80,1,6,2,2,0
769.838,1,39,25,18,4294,15,16,0,6640,7200,80,1,6,2,2,0
770.353,1,39,25,18,4294,15,16,0,6640,7200,80,1,6,2,2,0
770.836,1,39,25,18,4294,15,16,0,6639,7200,80,1,6,2,2,0
771.335,1,39,25,18,4294,15,16,0,6639,7200,80,1,6,2,2,0
771.848,1,39,25,18,4294,15,16,0,6638,7200,80,1,6,2,2,0
772.333,1,39,25,18,4294,15,16,0,6638,7200,80,1,6,2,2,0
772.832,1,39,25,18,4294,15,16,0,6637,7200,80,1,6,2,2,0
773.336,1,39,25,18,4294,15,16,0,6637,7200,80,1,6,2,2,0
773.837,1,39,25,18,4294,15,16,0,6636,7200,80,1,6,2,2,0
774.336,1,39,25,18,4294,15,16,0,6636,7200,80,1,6,2,2,0
774.842,1,39,25,18,4294,15,16,0,6635,7200,80,1,6,2,2,0
775.348,1,39,25,18,4294,15,16,0,6635,7200,80,1,6,2,2,0
775.838,1,39,25,18,4294,15,16,0,6634,7200,80,1,6,2,2,0
776.335,1,39,25,18,4294,15,16,0,6634,7200,80,1,6,2,2,0
776.852,1,39,25,18,4294,15,16,0,6633,7200,80,1,6,2,2,0
777.355,1,39,25,18,4294,15,16,0,6633,7200,80,1,6,2,2,0
777.836,1,39,25,18,4294,15,16,0,6632,7200,80,1,6,2,2,0
778.335,1,39,25,18,4294,15,16,0,6632,7200,80,1,6,2,2,0
778.839,1,39,25,18,4294,15,16,0,6631,7200,80,1,6,2,2,0
779.346,1,39,25,18,4294,15,16,0,6631,7200,80,1,6,2,2,0
779.855,1,39,25,18,4294,15,16,0,6630,7200,80,1,6,2,2,0
780.333,1,39,25,18,4294,15,16,0,6630,7200,80,1,6,2,2,0
780.834,1,39,25,18,4294,15,16,0,6629,7200,80,1,6,2,2,0
781.351,1,39,25,18,4294,15,16,0,6629,7200,80,1,6,2,2,0
781.837,1,39,25,18,4294,15,16,0,6628,7200,80,1,6,2,2,0
782.335,1,39,25,18,4294,15,16,0,6628,7200,80,1,6,2,2,0
782.834,1,39,25,18,4294,15,16,0,6627,7200,80,1,6,2,2,0
783.342,1,39,25,18,4294,15,16,0,6627,7200,80,1,6,2,2,0
783.839,1,39,25,18,4294,15,16,0,6626,7200,80,1,6,2,2,0
784.346,1,39,25,18,4294,15,16,0,6626,7200,80,1,6,2,2,0
784.854,1,39,25,18,4294,15,16,0,6625,7200,80,1,6,2,2,0
785.349,1,39,25,18,4294,15,16,0,6625,7200,80,1,6,2,2,0
785.852,1,39,25,18,4294,15,16,0,6624,7200,80,1,6,2,2,0
786.353,1,39,25,18,4294,15,16,0,6624,7200,80,1,6,2,2,0
786.846,1,39,25,18,4294,15,16,0,6623,7200,80,1,6,2,2,0
787.334,1,39,25,18,4294,15,16,0,6623,7200,80,1,6,2,2,0
787.835,1,39,25,18,4294,15,16,0,6622,7200,80,1,6,2,2,0
788.347,1,39,25,18,4294,15,16,0,6622,7200,80,1,6,2,2,0
788.85,1,39,25,18,4294,15,16,0,6621,7200,80,1,6,2,2,0
789.351,1,39,25,18,4294,15,16,0,6621,7200,80,1,6,2,2,0
789.85,1,39,25,18,4294,15,16,0,6620,7200,80,1,6,2,2,0
790.334,1,39,25,18,4294,15,16,0,6620,7200,80,1,6,2,2,0
790.855,1,39,25,18,4294,15,16,0,6619,7200,80,1,6,2,2,0
791.351,1,39,25,18,4294,15,16,0,6619,7200,80,1,6,2,2,0
791.855,1,39,25,18,4294,15,16,0,6618,7200,80,1,6,2,2,0
792.357,1,39,25,18,4294,15,16,0,6618,7200,80,1,6,2,2,0
792.834,1,39,25,18,4294,15,16,0,6617,7200,80,1,6,2,2,0
793.345,1,39,25,18,4294,15,16,0,6617,7200,80,1,6,2,2,0
793.836,1,39,25,18,4294,15,16,0,6616,7200,80,1,6,2,2,0
794.347,1,39,25,18,4294,15,16,0,6616,7200,80,1,6,2,2,0
794.856,1,39,25,18,4294,15,16,0,6615,7200,80,1,6,2,2,0
795.354,1,39,25,18,4294,15,16,0,6615,7200,80,1,6,2,2,0
795.849,1,39,25,18,4294,15,16,0,6614,7200,80,1,6,2,2,0
796.333,1,39,25,18,4294,15,16,0,6614,7200,80,1,6,2,2,0
796.841,1,39,25,18,4294,15,16,0,6613,7200,80,1,6,2,2,0
797.348,1,39,25,18,4294,15,16,0,6613,7200,80,1,6,2,2,0
797.859,1,39,25,18,4294,15,16,0,6612,7200,80,1,6,2,2,0
798.347,1,39,25,18,4294,15,16,0,6612,7200,80,1,6,2,2,0
798.848,1,39,25,18,4294,15,16,0,6611,7200,80,1,6,2,2,0
799.352,1,39,25,18,4294,15,16,0,6611,7200,80,1,6,2,2,0
799.855,1,39,25,18,4294,15,16,0,6610,7200,80,1,6,2,2,0
800.353,1,39,25,18,4294,15,16,0,6610,7200,80,1,6,2,2,0
800.85,1,39,25,18,4294,15,16,0,6609,7200,80,1,6,2,2,0
801.348,1,39,25,18,4294,15,16,0,6609,7200,80,1,6,2,2,0
801.852,1,39,25,18,4294,15,16,0,6608,7200,80,1,6,2,2,0
802.338,1,39,25,18,4294,15,16,0,6608,7200,80,1,6,2,2,0
802.856,1,39,25,18,4294,15,16,0,6607,7200,80,1,6,2,2,0
803.349,1,39,25,18,4294,15,16,0,6607,7200,80,1,6,2,2,0
803.841,1,39,25,18,4294,15,16,0,6606,7200,80,1,6,2,2,0
804.346,1,39,25,18,4294,15,16,0,6606,7200,80,1,6,2,2,0
804.844,1,39,25,18,4294,15,16,0,6605,7200,80,1,6,2,2,0
805.353,1,39,25,18,4294,15,16,0,6605,7200,80,1,6,2,2,0
805.851,1,39,25,18,4294,15,16,0,6604,7200,80,1,6,2,2,0
806.34,1,39,25,18,4294,15,16,0,6604,7200,80,1,6,2,2,0
806.841,1,39,25,18,4294,15,16,0,6603,7200,80,1,6,2,2,0
807.357,1,39,25,18,4294,15,16,0,6603,7200,80,1,6,2,2,0
807.854,1,39,25,18,4294,15,16,0,6602,7200,80,1,6,2,2,0
808.35,1,39,25,18,4294,15,16,0,6602,7200,80,1,6,2,2,0
808.839,1,39,25,18,4294,15,16,0,6601,7200,80,1,6,2,2,0
809.334,1,39,25,18,4294,15,16,0,6601,7200,80,1,6,2,2,0
809.846,1,39,25,18,4294,15,16,0,6600,7200,80,1,6,2,2,0
810.35,1,39,25,18,4294,15,16,0,6600,7200,80,1,6,2,2,0
810.854,1,39,25,18,4294,15,16,0,6599,7200,80,1,6,2,2,0
811.351,1,39,25,18,4294,15,16,0,6599,7200,80,1,6,2,2,0
811.836,1,39,25,18,4294,15,16,0,6598,7200,80,1,6,2,2,0
812.354,1,39,25,18,4294,15,16,0,6598,7200,80,1,6,2,2,0
812.858,1,39,25,18,4294,15,16,0,6597,7200,80,1,6,2,2,0
813.356,1,39,25,18,4294,15,16,0,6597,7200,80,1,6,2,2,0
813.845,1,39,25,18,4294,15,16,0,6596,7200,80,1,6,2,2,0
814.355,1,39,25,18,4294,15,16,0,6596,7200,80,1,6,2,2,0
814.857,1,39,25,18,4294,15,16,0,6595,7200,80,1,6,2,2,0
815.349,1,39,25,18,4294,15,16,0,6595,7200,80,1,6,2,2,0
815.853,1,39,25,18,4294,15,16,0,6594,7200,80,1,6,2,2,0
816.35,1,39,25,18,4294,15,16,0,6594,7200,80,1,6,2,2,0
816.851,1,39,25,18,4294,15,16,0,6593,7200,80,1,6,2,2,0
817.339,1,39,25,18,4294,15,16,0,6593,7200,80,1,6,2,2,0
817.837,1,39,25,18,4294,15,16,0,6592,7200,80,1,6,2,2,0
818.348,1,39,25,18,4294,15,16,0,6592,7200,80,1,6,2,2,0
818.855,1,39,25,18,4294,15,16,0,6591,7200,80,1,6,2,2,0
819.354,1,39,25,18,4294,15,16,0,6591,7200,80,1,6,2,2,0
819.841,1,39,25,18,4294,15,16,0,6590,7200,80,1,6,2,2,0
820.345,1,39,25,18,4294,15,16,0,6590,7200,80,1,6,2,2,0
820.84,1,39,25,18,4294,15,16,0,6589,7200,80,1,6,2,2,0
821.334,1,39,25,18,4294,15,16,0,6589,7200,80,1,6,2,2,0
821.846,1,39,25,18,4294,15,16,0,6588,7200,80,1,6,2,2,0
822.349,1,39,25,18,4294,15,16,0,6588,7200,80,1,6,2,2,0
822.857,1,39,25,18,4294,15,16,0,6587,7200,80,1,6,2,2,0
823.341,1,39,25,18,4294,15,16,0,6587,7200,80,1,6,2,2,0
823.85,1,39,25,18,4294,15,16,0,6586,7200,80,1,6,2,2,0
824.358,1,39,25,18,4294,15,16,0,6586,7200,80,1,6,2,2,0
824.833,1,39,25,18,4294,15,16,0,6585,7200,80,1,6,2,2,0
825.341,1,39,25,18,4294,15,16,0,6585,7200,80,1,6,2,2,0
825.855,1,39,25,18,4294,15,16,0,6584,7200,80,1,6,2,2,0
826.333,1,39,25,18,4294,15,16,0,6584,7200,80,1,6,2,2,0
826.849,1,39,25,18,4294,15,16,0,6583,7200,80,1,6,2,2,0
827.349,1,39,25,18,4294,15,16,0,6583,7200,80,1,6,2,2,0
827.843,1,39,25,18,4294,15,16,0,6582,7200,80,1,6,2,2,0
828.339,1,39,25,18,4294,15,16,0,6582,7200,80,1,6,2,2,0
828.833,1,39,25,18,4294,15,16,0,6581,7200,80,1,6,2,2,0
829.352,1,39,25,18,4294,15,16,0,6581,7200,80,1,6,2,2,0
829.852,1,39,25,18,4294,15,16,0,6580,7200,80,1,6,2,2,0
830.339,1,39,25,18,4294,15,16,0,6580,7200,80,1,6,2,2,0
830.853,1,39,25,18,4294,15,16,0,6579,7200,80,1,6,2,2,0
831.334,1,39,25,18,4294,15,16,0,6579,7200,80,1,6,2,2,0
831.833,1,39,25,18,4294,15,16,0,6578,7200,80,1,6,2,2,0
832.337,1,39,25,18,4294,15,16,0,6578,7200,80,1,6,2,2,0
832.852,1,39,25,18,4294,15,16,0,6577,7200,80,1,6,2,2,0
833.338,1,39,25,18,4294,15,16,0,6577,7200,80,1,6,2,2,0
833.851,1,39,25,18,4294,15,16,0,6576,7200,80,1,6,2,2,0
834.351,1,39,25,18,4294,15,16,0,6576,7200,80,1,6,2,2,0
834.838,1,39,25,18,4294,15,16,0,6575,7200,80,1,6,2,2,0
835.348,1,39,25,18,4294,15,16,0,6575,7200,80,1,6,2,2,0
835.85,1,39,25,18,4294,15,16,0,6574,7200,80,1,6,2,2,0
836.355,1,39,25,18,4294,15,16,0,6574,7200,80,1,6,2,2,0
836.851,1,39,25,18,4294,15,16,0,6573,7200,80,1,6,2,2,0
837.342,1,39,25,18,4294,15,16,0,6573,7200,80,1,6,2,2,0
837.84,1,39,25,18,4294,15,16,0,6572,7200,80,1,6,2,2,0
838.347,1,39,25,18,4294,15,16,0,6572,7200,80,1,6,2,2,0
838.84,1,39,25,18,4294,15,16,0,6571,7200,80,1,6,2,2,0
839.344,1,39,25,18,4294,15,16,0,6571,7200,80,1,6,2,2,0
839.834,1,39,25,18,4294,15,16,0,6570,7200,80,1,6,2,2,0
840.355,1,39,25,18,4294,15,16,0,6570,7200,80,1,6,2,2,0
840.842,1,39,25,18,4294,15,16,0,6569,7200,80,1,6,2,2,0
841.341,1,39,25,18,4294,15,16,0,6569,7200,80,1,6,2,2,0
841.842,1,39,25,18,4294,15,16,0,6568,7200,80,1,6,2,2,0
842.346,1,39,25,18,4294,15,16,0,6568,7200,80,1,6,2,2,0
842.845,1,39,25,18,4294,15,16,0,6567,7200,80,1,6,2,2,0
843.347,1,39,25,18,4294,15,16,0,6567,7200,80,1,6,2,2,0
843.846,1,39,25,18,4294,15,16,0,6566,7200,80,1,6,2,2,0
844.346,1,39,25,18,4294,15,16,0,6566,7200,80,1,6,2,2,0
844.839,1,39,25,18,4294,15,16,0,6565,7200,80,1,6,2,2,0
845.347,1,39,25,18,4294,15,16,0,6565,7200,80,1,6,2,2,0
845.843,1,39,25,18,4294,15,16,0,6564,7200,80,1,6,2,2,0
846.336,1,39,25,18,4294,15,16,0,6564,7200,80,1,6,2,2,0
846.844,1,39,25,18,4294,15,16,0,6563,7200,80,1,6,2,2,0
847.34,1,39,25,18,4294,15,16,0,6563,7200,80,1,6,2,2,0
847.861,1,39,25,18,4294,15,16,0,6562,7200,80,1,6,2,2,0
848.342,1,39,25,18,4294,15,16,0,6562,7200,80,1,6,2,2,0
848.846,1,39,25,18,4294,15,16,0,6561,7200,80,1,6,2,2,0
849.337,1,39,25,18,4294,15,16,0,6561,7200,80,1,6,2,2,0
849.836,1,39,25,18,4294,15,16,0,6560,7200,80,1,6,2,2,0
850.35,1,39,25,18,4294,15,16,0,6560,7200,80,1,6,2,2,0
850.85,1,39,25,18,4294,15,16,0,6559,7200,80,1,6,2,2,0
851.349,1,39,25,18,4294,15,16,0,6559,7200,80,1,6,2,2,0
851.84,1,39,25,18,4294,15,16,0,6558,7200,80,1,6,2,2,0
852.334,1,39,25,18,4294,15,16,0,6558,7200,80,1,6,2,2,0
852.842,1,39,25,18,4294,15,16,0,6557,7200,80,1,6,2,2,0
853.346,1,39,25,18,4294,15,16,0,6557,7200,80,1,6,2,2,0
853.839,1,39,25,18,4294,15,16,0,6556,7200,80,1,6,2,2,0
854.339,1,39,25,18,4294,15,16,0,6556,7200,80,1,6,2,2,0
854.851,1,39,25,18,4294,15,16,0,6555,7200,80,1,6,2,2,0
855.346,1,39,25,18,4294,15,16,0,6555,7200,80,1,6,2,2,0
855.84,1,39,25,18,4294,15,16,0,6554,7200,80,1,6,2,2,0
856.343,1,39,25,18,4294,15,16,0,6554,7200,80,1,6,2,2,0
856.848,1,39,25,18,4294,15,16,0,6553,7200,80,1,6,2,2,0
857.353,1,39,25,18,4294,15,16,0,6553,7200,80,1,6,2,2,0
857.834,1,39,25,18,4294,15,16,0,6552,7200,80,1,6,2,2,0
858.344,1,39,25,18,4294,15,16,0,6552,7200,80,1,6,2,2,0
858.85,1,39,25,18,4294,15,16,0,6551,7200,80,1,6,2,2,0
859.35,1,39,25,18,4294,15,16,0,6551,7200,80,1,6,2,2,0
859.835,1,39,25,18,4294,15,16,0,6550,7200,80,1,6,2,2,0
860.34,1,39,25,18,4294,15,16,0,6550,7200,80,1,6,2,2,0
860.839,1,39,25,18,4294,15,16,0,6549,7200,80,1,6,2,2,0
861.335,1,39,25,18,4294,15,16,0,6549,7200,80,1,6,2,2,0
861.846,1,39,25,18,4294,15,16,0,6548,7200,80,1,6,2,2,0
862.346,1,39,25,18,4294,15,16,0,6548,7200,80,1,6,2,2,0
862.852,1,39,25,18,4294,15,16,0,6547,7200,80,1,6,2,2,0
863.336,1,39,25,18,4294,15,16,0,6547,7200,80,1,6,2,2,0
863.835,1,39,25,18,4294,15,16,0,6546,7200,80,1,6,2,2,0
864.347,1,39,25,18,4294,15,16,0,6546,7200,80,1,6,2,2,0
864.853,1,39,25,18,4294,15,16,0,6545,7200,80,1,6,2,2,0
865.353,1,39,25,18,4294,15,16,0,6545,7200,80,1,6,2,2,0
865.852,1,39,25,18,4294,15,16,0,6544,7200,80,1,6,2,2,0
866.336,1,39,25,18,4294,15,16,0,6544,7200,80,1,6,2,2,0
866.833,1,39,25,18,4294,15,16,0,6543,7200,80,1,6,2,2,0
867.347,1,39,25,18,4294,15,16,0,6543,7200,80,1,6,2,2,0
867.841,1,39,25,18,4294,15,16,0,6542,7200,80,1,6,2,2,0
868.361,1,39,25,18,4294,15,16,0,6542,7200,80,1,6,2,2,0
868.86,1,39,25,18,4294,15,16,0,6541,7200,80,1,6,2,2,0
869.353,1,39,25,18,4294,15,16,0,6541,7200,80,1,6,2,2,0
869.854,1,39,25,18,4294,15,16,0,6540,7200,80,1,6,2,2,0
870.345,1,39,25,18,4294,15,16,0,6540,7200,80,1,6,2,2,0
870.849,1,39,25,18,4294,15,16,0,6539,7200,80,1,6,2,2,0
871.354,1,39,25,18,4294,15,16,0,6539,7200,80,1,6,2,2,0
871.858,1,39,25,18,4294,15,16,0,6538,7200,80,1,6,2,2,0
872.343,1,39,25,18,4294,15,16,0,6538,7200,80,1,6,2,2,0
872.852,1,39,25,18,4294,15,16,0,6537,7200,80,1,6,2,2,0
873.338,1,39,25,18,4294,15,16,0,6537,7200,80,1,6,2,2,0
873.852,1,39,25,18,4294,15,16,0,6536,7200,80,1,6,2,2,0
874.342,1,39,25,18,4294,15,16,0,6536,7200,80,1,6,2,2,0
874.852,1,39,25,18,4294,15,16,0,6535,7200,80,1,6,2,2,0
875.345,1,39,25,18,4294,15,16,0,6535,7200,80,1,6,2,2,0
875.86,1,39,25,18,4294,15,16,0,6534,7200,80,1,6,2,2,0
876.336,1,39,25,18,4294,15,16,0,6534,7200,80,1,6,2,2,0
876.852,1,39,25,18,4294,15,16,0,6533,7200,80,1,6,2,2,0
877.344,1,39,25,18,4294,15,16,0,6533,7200,80,1,6,2,2,0
877.844,1,39,25,18,4294,15,16,0,6532,7200,80,1,6,2,2,0
878.347,1,39,25,18,4294,15,16,0,6532,7200,80,1,6,2,2,0
878.843,1,39,25,18,4294,15,16,0,6531,7200,80,1,6,2,2,0
879.349,1,39,25,18,4294,15,16,0,6531,7200,80,1,6,2,2,0
879.835,1,39,25,18,4294,15,16,0,6530,7200,80,1,6,2,2,0
880.344,1,39,25,18,4294,15,16,0,6530,7200,80,1,6,2,2,0
880.856,1,39,25,18,4294,15,16,0,6529,7200,80,1,6,2,2,0
881.335,1,39,25,18,4294,15,16,0,6529,7200,80,1,6,2,2,0
881.835,1,39,25,18,4294,15,16,0,6528,7200,80,1,6,2,2,0
882.341,1,39,25,18,4294,15,16,0,6528,7200,80,1,6,2,2,0
882.833,1,39,25,18,4294,15,16,0,6527,7200,80,1,6,2,2,0
883.354,1,39,25,18,4294,15,16,0,6527,7200,80,1,6,2,2,0
883.839,1,39,25,18,4294,15,16,0,6526,7200,80,1,6,2,2,0
884.338,1,39,25,18,4294,15,16,0,6526,7200,80,1,6,2,2,0
884.844,1,39,25,18,4294,15,16,0,6525,7200,80,1,6,2,2,0
885.345,1,39,25,18,4294,15,16,0,6525,7200,80,1,6,2,2,0
885.838,1,39,25,18,4294,15,16,0,6524,7200,80,1,6,2,2,0
886.34,1,39,25,18,4294,15,16,0,6524,7200,80,1,6,2,2,0
886.834,1,39,25,18,4294,15,16,0,6523,7200,80,1,6,2,2,0
887.335,1,39,25,18,4294,15,16,0,6523,7200,80,1,6,2,2,0
887.841,1,39,25,18,4294,15,16,0,6522,7200,80,1,6,2,2,0
888.335,1,39,25,18,4294,15,16,0,6522,7200,80,1,6,2,2,0
888.848,1,39,25,18,4294,15,16,0,6521,7200,80,1,6,2,2,0
889.355,1,39,25,18,4294,15,16,0,6521,7200,80,1,6,2,2,0
889.847,1,39,25,18,4294,15,16,0,6520,7200,80,1,6,2,2,0
890.354,1,39,25,18,4294,15,16,0,6520,7200,80,1,6,2,2,0
890.842,1,39,25,18,4294,15,16,0,6519,7200,80,1,6,2,2,0
891.334,1,39,25,18,4294,15,16,0,6519,7200,80,1,6,2,2,0
891.84,1,39,25,18,4294,15,16,0,6518,7200,80,1,6,2,2,0
892.347,1,39,25,18,4294,15,16,0,6518,7200,80,1,6,2,2,0
892.843,1,39,25,18,4294,15,16,0,6517,7200,80,1,6,2,2,0
893.352,1,39,25,18,4294,15,16,0,6517,7200,80,1,6,2,2,0
893.85,1,39,25,18,4294,15,16,0,6516,7200,80,1,6,2,2,0
894.343,1,39,25,18,4294,15,16,0,6516,7200,80,1,6,2,2,0
894.855,1,39,25,18,4294,15,16,0,6515,7200,80,1,6,2,2,0
895.337,1,39,25,18,4294,15,16,0,6515,7200,80,1,6,2,2,0
895.838,1,39,25,18,4294,15,16,0,6514,7200,80,1,6,2,2,0
896.339,1,39,25,18,4294,15,16,0,6514,7200,80,1,6,2,2,0
896.847,1,39,25,18,4294,15,16,0,6513,7200,80,1,6,2,2,0
897.356,1,39,25,18,4294,15,16,0,6513,7200,80,1,6,2,2,0
897.852,1,39,25,18,4294,15,16,0,6512,7200,80,1,6,2,2,0
898.343,1,39,25,18,4294,15,16,0,6512,7200,80,1,6,2,2,0
898.837,1,39,25,18,4294,15,16,0,6511,7200,80,1,6,2,2,0
899.355,1,39,25,18,4294,15,16,0,6511,7200,80,1,6,2,2,0
899.851,1,39,25,18,4294,15,16,0,6510,7200,80,1,6,2,2,0
900.346,1,39,25,18,4294,15,16,0,6510,7200,80,1,6,2,2,0
900.843,1,39,25,18,4294,15,16,0,6509,7200,80,1,6,2,2,0
901.34,1,39,25,18,4294,15,16,0,6509,7200,80,1,6,2,2,0
901.841,1,39,25,18,4294,15,16,0,6508,7200,80,1,6,2,2,0
902.356,1,39,25,18,4294,15,16,0,6508,7200,80,1,6,2,2,0
902.854,1,39,25,18,4294,15,16,0,6507,7200,80,1,6,2,2,0
903.335,1,39,25,18,4294,15,16,0,6507,7200,80,1,6,2,2,0
903.851,1,39,25,18,4294,15,16,0,6506,7200,80,1,6,2,2,0
904.34,1,39,25,18,4294,15,16,0,6506,7200,80,1,6,2,2,0
904.845,1,39,25,18,4294,15,16,0,6505,7200,80,1,6,2,2,0
905.354,1,39,25,18,4294,15,16,0,6505,7200,80,1,6,2,2,0
905.844,1,39,25,18,4294,15,16,0,6504,7200,80,1,6,2,2,0
906.342,1,39,25,18,4294,15,16,0,6504,7200,80,1,6,2,2,0
906.837,1,39,25,18,4294,15,16,0,6503,7200,80,1,6,2,2,0
907.35,1,39,25,18,4294,15,16,0,6503,7200,80,1,6,2,2,0
907.85,1,39,25,18,4294,15,16,0,6502,7200,80,1,6,2,2,0
908.337,1,39,25,18,4294,15,16,0,6502,7200,80,1,6,2,2,0
908.848,1,39,25,18,4294,15,16,0,6501,7200,80,1,6,2,2,0
909.34,1,39,25,18,4294,15,16,0,6501,7200,80,1,6,2,2,0
909.837,1,39,25,18,4294,15,16,0,6500,7200,80,1,6,2,2,0
910.333,1,39,25,18,4294,15,16,0,6500,7200,80,1,6,2,2,0
910.836,1,39,25,18,4294,15,16,0,6499,7200,80,1,6,2,2,0
911.337,1,39,25,18,4294,15,16,0,6499,7200,80,1,6,2,2,0
911.846,1,39,25,18,4294,15,16,0,6498,7200,80,1,6,2,2,0
912.34,1,39,25,18,4294,15,16,0,6498,7200,80,1,6,2,2,0
912.836,1,39,25,18,4294,15,16,0,6497,7200,80,1,6,2,2,0
913.339,1,39,25,18,4294,15,16,0,6497,7200,80,1,6,2,2,0
913.849,1,39,25,18,4294,15,16,0,6496,7200,80,1,6,2,2,0
914.351,1,39,25,18,4294,15,16,0,6496,7200,80,1,6,2,2,0
914.853,1,39,25,18,4294,15,16,0,6495,7200,80,1,6,2,2,0
915.334,1,39,25,18,4294,15,16,0,6495,7200,80,1,6,2,2,0
915.847,1,39,25,18,4294,15,16,0,6494,7200,80,1,6,2,2,0
916.344,1,39,25,18,4294,15,16,0,6494,7200,80,1,6,2,2,0
916.847,1,39,25,18,4294,15,16,0,6493,7200,80,1,6,2,2,0
917.347,1,39,25,18,4294,15,16,0,6493,7200,80,1,6,2,2,0
917.836,1,39,25,18,4294,15,16,0,6492,7200,80,1,6,2,2,0
918.353,1,39,25,18,4294,15,16,0,6492,7200,80,1,6,2,2,0
918.844,1,39,25,18,4294,15,16,0,6491,7200,80,1,6,2,2,0
919.335,1,39,25,18,4294,15,16,0,6491,7200,80,1,6,2,2,0
919.832,1,39,25,18,4294,15,16,0,6490,7200,80,1,6,2,2,0
920.355,1,39,25,18,4294,15,16,0,6490,7200,80,1,6,2,2,0
920.833,1,39,25,18,4294,15,16,0,6489,7200,80,1,6,2,2,0
921.354,1,39,25,18,4294,15,16,0,6489,7200,80,1,6,2,2,0
921.841,1,39,25,18,4294,15,16,0,6488,7200,80,1,6,2,2,0
922.349,1,39,25,18,4294,15,16,0,6488,7200,80,1,6,2,2,0
922.839,1,39,25,18,4294,15,16,0,6487,7200,80,1,6,2,2,0
923.339,1,39,25,18,4294,15,16,0,6487,7200,80,1,6,2,2,0
923.852,1,39,25,18,4294,15,16,0,6486,7200,80,1,6,2,2,0
924.352,1,39,25,18,4294,15,16,0,6486,7200,80,1,6,2,2,0
924.848,1,39,25,18,4294,15,16,0,6485,7200,80,1,6,2,2,0
925.346,1,39,25,18,4294,15,16,0,6485,7200,80,1,6,2,2,0
925.839,1,39,25,18,4294,15,16,0,6484,7200,80,1,6,2,2,0
926.347,1,39,25,18,4294,15,16,0,6484,7200,80,1,6,2,2,0
926.847,1,39,25,18,4294,15,16,0,6483,7200,80,1,6,2,2,0
927.346,1,39,25,18,4294,15,16,0,6483,7200,80,1,6,2,2,0
927.849,1,39,25,18,4294,15,16,0,6482,7200,80,1,6,2,2,0
928.336,1,39,25,18,4294,15,16,0,6482,7200,80,1,6,2,2,0
928.838,1,39,25,18,4294,15,16,0,6481,7200,80,1,6,2,2,0
929.348,1,39,25,18,4294,15,16,0,6481,7200,80,1,6,2,2,0
929.838,1,39,25,18,4294,15,16,0,6480,7200,80,1,6,2,2,0
930.346,1,39,25,18,4294,15,16,0,6480,7200,80,1,6,2,2,0
930.852,1,39,25,18,4294,15,16,0,6479,7200,80,1,6,2,2,0
931.352,1,39,25,18,4294,15,16,0,6479,7200,80,1,6,2,2,0
931.851,1,39,25,18,4294,15,16,0,6478,7200,80,1,6,2,2,0
932.337,1,39,25,18,4294,15,16,0,6478,7200,80,1,6,2,2,0
932.833,1,39,25,18,4294,15,16,0,6477,7200,80,1,6,2,2,0
933.337,1,39,25,18,4294,15,16,0,6477,7200,80,1,6,2,2,0
933.842,1,39,25,18,4294,15,16,0,6476,7200,80,1,6,2,2,0
934.342,1,39,25,18,4294,15,16,0,6476,7200,80,1,6,2,2,0
934.849,1,39,25,18,4294,15,16,0,6475,7200,80,1,6,2,2,0
935.335,1,39,25,18,4294,15,16,0,6475,7200,80,1,6,2,2,0
935.834,1,39,25,18,4294,15,16,0,6474,7200,80,1,6,2,2,0
936.35,1,39,25,18,4294,15,16,0,6474,7200,80,1,6,2,2,0
936.845,1,39,25,18,4294,15,16,0,6473,7200,80,1,6,2,2,0
937.348,1,39,25,18,4294,15,16,0,6473,7200,80,1,6,2,2,0
937.833,1,39,25,18,4294,15,16,0,6472,7200,80,1,6,2,2,0
938.336,1,39,25,18,4294,15,16,0,6472,7200,80,1,6,2,2,0
938.854,1,39,25,18,4294,15,16,0,6471,7200,80,1,6,2,2,0
939.351,1,39,25,18,4294,15,16,0,6471,7200,80,1,6,2,2,0
939.836,1,39,25,18,4294,15,16,0,6470,7200,80,1,6,2,2,0
940.337,1,39,25,18,4294,15,16,0,6470,7200,80,1,6,2,2,0
940.853,1,39,25,18,4294,15,16,0,6469,7200,80,1,6,2,2,0
941.349,1,39,25,18,4294,15,16,0,6469,7200,80,1,6,2,2,0
941.854,1,39,25,18,4294,15,16,0,6468,7200,80,1,6,2,2,0
942.359,1,39,25,18,4294,15,16,0,6468,7200,80,1,6,2,2,0
942.841,1,39,25,18,4294,15,16,0,6467,7200,80,1,6,2,2,0
943.348,1,39,25,18,4294,15,16,0,6467,7200,80,1,6,2,2,0
943.859,1,39,25,18,4294,15,16,0,6466,7200,80,1,6,2,2,0
944.338,1,39,25,18,4294,15,16,0,6466,7200,80,1,6,2,2,0
944.844,1,39,25,18,4294,15,16,0,6465,7200,80,1,6,2,2,0
945.348,1,39,25,18,4294,15,16,0,6465,7200,80,1,6,2,2,0
945.856,1,39,25,18,4294,15,16,0,6464,7200,80,1,6,2,2,0
946.341,1,39,25,18,4294,15,16,0,6464,7200,80,1,6,2,2,0
946.834,1,39,25,18,4294,15,16,0,6463,7200,80,1,6,2,2,0
947.338,1,39,25,18,4294,15,16,0,6463,7200,80,1,6,2,2,0
947.845,1,39,25,18,4294,15,16,0,6462,7200,80,1,6,2,2,0
948.333,1,39,25,18,4294,15,16,0,6462,7200,80,1,6,2,2,0
948.835,1,39,25,18,4294,15,16,0,6461,7200,80,1,6,2,2,0
949.348,1,39,25,18,4294,15,16,0,6461,7200,80,1,6,2,2,0
949.835,1,39,25,18,4294,15,16,0,6460,7200,80,1,6,2,2,0
950.338,1,39,25,18,4294,15,16,0,6460,7200,80,1,6,2,2,0
950.834,1,39,25,18,4294,15,16,0,6459,7200,80,1,6,2,2,0
951.336,1,39,25,18,4294,15,16,0,6459,7200,80,1,6,2,2,0
951.847,1,39,25,18,4294,15,16,0,6458,7200,80,1,6,2,2,0
952.354,1,39,25,18,4294,15,16,0,6458,7200,80,1,6,2,2,0
952.859,1,39,25,18,4294,15,16,0,6457,7200,80,1,6,2,2,0
953.345,1,39,25,18,4294,15,16,0,6457,7200,80,1,6,2,2,0
953.854,1,39,25,18,4294,15,16,0,6456,7200,80,1,6,2,2,0
954.357,1,39,25,18,4294,15,16,0,6456,7200,80,1,6,2,2,0
954.841,1,39,25,18,4294,15,16,0,6455,7200,80,1,6,2,2,0
955.364,1,39,25,18,4294,15,16,0,6455,7200,80,1,6,2,2,0
955.853,1,39,25,18,4294,15,16,0,6454,7200,80,1,6,2,2,0
956.364,1,39,25,18,4294,15,16,0,6454,7200,80,1,6,2,2,0
956.847,1,39,25,18,4294,15,16,0,6453,7200,80,1,6,2,2,0
957.334,1,39,25,18,4294,15,16,0,6453,7200,80,1,6,2,2,0
957.862,1,39,25,18,4294,15,16,0,6452,7200,80,1,6,2,2,0
958.341,1,39,25,18,4294,15,16,0,6452,7200,80,1,6,2,2,0
958.865,1,39,25,18,4294,15,16,0,6451,7200,80,1,6,2,2,0
959.335,1,39,25,18,4294,15,16,0,6451,7200,80,1,6,2,2,0
959.833,1,39,25,18,4294,15,16,0,6450,7200,80,1,6,2,2,0
960.353,1,39,25,18,4294,15,16,0,6450,7200,80,1,6,2,2,0
960.844,1,39,25,18,4294,15,16,0,6449,7200,80,1,6,2,2,0
961.352,1,39,25,18,4294,15,16,0,6449,7200,80,1,6,2,2,0
961.835,1,39,25,18,4294,15,16,0,6448,7200,80,1,6,2,2,0
962.344,1,39,25,18,4294,15,16,0,6448,7200,80,1,6,2,2,0
962.84,1,39,25,18,4294,15,16,0,6447,7200,80,1,6,2,2,0
963.338,1,39,25,18,4294,15,16,0,6447,7200,80,1,6,2,2,0
963.836,1,39,25,18,4294,15,16,0,6446,7200,80,1,6,2,2,0
964.345,1,39,25,18,4294,15,16,0,6446,7200,80,1,6,2,2,0
964.838,1,39,25,18,4294,15,16,0,6445,7200,80,1,6,2,2,0
965.34,1,39,25,18,4294,15,16,0,6445,7200,80,1,6,2,2,0
965.852,1,39,25,18,4294,15,16,0,6444,7200,80,1,6,2,2,0
966.347,1,39,25,18,4294,15,16,0,6444,7200,80,1,6,2,2,0
966.855,1,39,25,18,4294,15,16,0,6443,7200,80,1,6,2,2,0
967.357,1,39,25,18,4294,15,16,0,6443,7200,80,1,6,2,2,0
967.835,1,39,25,18,4294,15,16,0,6442,7200,80,1,6,2,2,0
968.335,1,39,25,18,4294,15,16,0,6442,7200,80,1,6,2,2,0
968.859,1,39,25,18,4294,15,16,0,6441,7200,80,1,6,2,2,0
969.341,1,39,25,18,4294,15,16,0,6441,7200,80,1,6,2,2,0
969.853,1,39,25,18,4294,15,16,0,6440,7200,80,1,6,2,2,0
970.348,1,39,25,18,4294,15,16,0,6440,7200,80,1,6,2,2,0
970.847,1,39,25,18,4294,15,16,0,6439,7200,80,1,6,2,2,0
971.342,1,39,25,18,4294,15,16,0,6439,7200,80,1,6,2,2,0
971.836,1,39,25,18,4294,15,16,0,6438,7200,80,1,6,2,2,0
972.343,1,39,25,18,4294,15,16,0,6438,7200,80,1,6,2,2,0
972.84,1,39,25,18,4294,15,16,0,6437,7200,80,1,6,2,2,0
973.337,1,39,25,18,4294,15,16,0,6437,7200,80,1,6,2,2,0
973.842,1,39,25,18,4294,15,16,0,6436,7200,80,1,6,2,2,0
974.351,1,39,25,18,4294,15,16,0,6436,7200,80,1,6,2,2,0
974.849,1,39,25,18,4294,15,16,0,6435,7200,80,1,6,2,2,0
975.347,1,39,25,18,4294,15,16,0,6435,7200,80,1,6,2,2,0
975.853,1,39,25,18,4294,15,16,0,6434,7200,80,1,6,2,2,0
976.343,1,39,25,18,4294,15,16,0,6434,7200,80,1,6,2,2,0
976.834,1,39,25,18,4294,15,16,0,6433,7200,80,1,6,2,2,0
977.355,1,39,25,18,4294,15,16,0,6433,7200,80,1,6,2,2,0
977.833,1,39,25,18,4294,15,16,0,6432,7200,80,1,6,2,2,0
978.348,1,39,25,18,4294,15,16,0,6432,7200,80,1,6,2,2,0
978.838,1,39,25,18,4294,15,16,0,6431,7200,80,1,6,2,2,0
979.335,1,39,25,18,4294,15,16,0,6431,7200,80,1,6,2,2,0
979.853,1,39,25,18,4294,15,16,0,6430,7200,80,1,6,2,2,0
980.352,1,39,25,18,4294,15,16,0,6430,7200,80,1,6,2,2,0
980.861,1,39,25,18,4294,15,16,0,6429,7200,80,1,6,2,2,0
981.338,1,39,25,18,4294,15,16,0,6429,7200,80,1,6,2,2,0
981.849,1,39,25,18,4294,15,16,0,6428,7200,80,1,6,2,2,0
982.351,1,39,25,18,4294,15,16,0,6428,7200,80,1,6,2,2,0
982.857,1,39,25,18,4294,15,16,0,6427,7200,80,1,6,2,2,0
983.347,1,39,25,18,4294,15,16,0,6427,7200,80,1,6,2,2,0
983.839,1,39,25,18,4294,15,16,0,6426,7200,80,1,6,2,2,0
984.359,1,39,25,18,4294,15,16,0,6426,7200,80,1,6,2,2,0
984.859,1,39,25,18,4294,15,16,0,6425,7200,80,1,6,2,2,0
985.34,1,39,25,18,4294,15,16,0,6425,7200,80,1,6,2,2,0
985.852,1,39,25,18,4294,15,16,0,6424,7200,80,1,6,2,2,0
986.342,1,39,25,18,4294,15,16,0,6424,7200,80,1,6,2,2,0
986.836,1,39,25,18,4294,15,16,0,6423,7200,80,1,6,2,2,0
987.352,1,39,25,18,4294,15,16,0,6423,7200,80,1,6,2,2,0
987.85,1,39,25,18,4294,15,16,0,6422,7200,80,1,6,2,2,0
988.335,1,39,25,18,4294,15,16,0,6422,7200,80,1,6,2,2,0
988.849,1,39,25,18,4294,15,16,0,6421,7200,80,1,6,2,2,0
989.342,1,39,25,18,4294,15,16,0,6421,7200,80,1,6,2,2,0
989.851,1,39,25,18,4294,15,16,0,6420,7200,80,1,6,2,2,0
990.356,1,39,25,18,4294,15,16,0,6420,7200,80,1,6,2,2,0
990.853,1,39,25,18,4294,15,16,0,6419,7200,80,1,6,2,2,0
991.337,1,39,25,18,4294,15,16,0,6419,7200,80,1,6,2,2,0
991.833,1,39,25,18,4294,15,16,0,6418,7200,80,1,6,0,2,0
992.334,1,39,25,18,4294,15,16,0,6418,7200,80,1,6,0,2,0
992.855,1,39,25,18,4294,15,16,0,6417,7200,80,1,6,0,2,0
993.336,1,39,25,18,4294,15,16,0,6417,7200,80,1,6,0,2,0
993.833,1,39,25,18,4294,15,16,0,6416,7200,80,1,6,0,2,0
994.339,1,39,25,18,4294,15,16,0,6416,7200,80,1,6,0,2,0
994.843,1,39,25,18,4294,15,16,0,6415,7200,80,1,6,0,2,0
995.334,1,39,25,18,4294,15,16,0,6415,7200,80,1,6,0,2,0
995.84,1,39,25,18,4294,15,16,0,6414,7200,80,1,6,0,2,0
996.343,1,39,25,18,4294,15,16,0,6414,7200,80,1,6,0,2,0
996.835,1,39,25,18,4294,15,16,0,6413,7200,80,1,6,0,2,0
997.336,1,39,25,18,4294,15,16,0,6413,7200,80,1,6,0,2,0
997.838,1,39,25,18,4294,15,16,0,6412,7200,80,1,6,0,2,0
998.345,1,39,25,18,4294,15,16,0,6412,7200,80,1,6,0,2,0
998.843,1,39,25,18,4294,15,16,0,6411,7200,80,1,6,0,2,0
999.346,1,39,25,18,4294,15,16,0,6411,7200,80,1,6,0,2,0
999.845,1,39,25,18,4294,15,16,0,6410,7200,80,1,6,0,2,0
1000.335,1,39,25,18,4294,15,16,0,6410,7200,80,1,6,0,2,0
1000.844,1,39,25,18,4294,15,16,0,6409,7200,80,1,6,0,2,0
1001.354,1,39,25,18,4294,15,16,0,6409,7200,80,1,6,0,2,0
1001.851,1,39,25,18,4294,15,16,0,6408,7200,80,1,6,0,2,0
1002.343,1,39,25,18,4294,15,16,0,6408,7200,80,1,6,0,2,0
1002.847,1,39,25,18,4294,15,16,0,6407,7200,80,1,6,0,2,0
1003.348,1,39,25,18,4294,15,16,0,6407,7200,80,1,6,0,2,0
1003.843,1,39,25,18,4294,15,16,0,6406,7200,80,1,6,0,2,0
1004.344,1,39,25,18,4294,15,16,0,6406,7200,80,1,6,0,2,0
1004.843,1,39,25,18,4294,15,16,0,6405,7200,80,1,6,0,2,0
1005.335,1,39,25,18,4294,15,16,0,6405,7200,80,1,6,0,2,0
1005.836,1,39,25,18,4294,15,16,0,6404,7200,80,1,6,0,2,0
1006.344,1,39,25,18,4294,15,16,0,6404,7200,80,1,6,0,2,0
1006.842,1,39,25,18,4294,15,16,0,6403,7200,80,1,6,0,2,0
1007.351,1,39,25,18,4294,15,16,0,6403,7200,80,1,6,0,2,0
1007.844,1,39,25,18,4294,15,16,0,6402,7200,80,1,6,0,2,0
1008.337,1,39,25,18,4294,15,16,0,6402,7200,80,1,6,0,2,0
1008.839,1,39,25,18,4294,15,16,0,6401,7200,80,1,6,0,2,0
1009.347,1,39,25,18,4294,15,16,0,6401,7200,80,1,6,0,2,0
1009.845,1,39,25,18,4294,15,16,0,6400,7200,80,1,6,0,2,0
1010.35,1,39,25,18,4294,15,16,0,6400,7200,80,1,6,0,2,0
1010.848,1,39,25,18,4294,15,16,0,6399,7200,80,1,6,0,2,0
1011.349,1,39,25,18,4294,15,16,0,6399,7200,80,1,6,0,2,0
1011.839,1,39,25,18,4294,15,16,0,6398,7200,80,1,6,0,2,0
1012.347,1,39,25,18,4294,15,16,0,6398,7200,80,1,6,0,2,0
1012.844,1,39,25,18,4294,15,16,0,6397,7200,80,1,6,0,2,0
1013.357,1,39,25,18,4294,15,16,0,6397,7200,80,1,6,0,2,0
1013.845,1,39,25,18,4294,15,16,0,6396,7200,80,1,6,0,2,0
1014.341,1,39,25,18,4294,15,16,0,6396,7200,80,1,6,0,2,0
1014.847,1,39,25,18,4294,15,16,0,6395,7200,80,1,6,0,2,0
1015.354,1,39,25,18,4294,15,16,0,6395,7200,80,1,6,0,2,0
1015.841,1,39,25,18,4294,15,16,0,6394,7200,80,1,6,0,2,0
1016.352,1,39,25,18,4294,15,16,0,6394,7200,80,1,6,0,2,0
1016.855,1,39,25,18,4294,15,16,0,6393,7200,80,1,6,0,2,0
1017.348,1,39,25,18,4294,15,16,0,6393,7200,80,1,6,0,2,0
1017.852,1,39,25,18,4294,15,16,0,6392,7200,80,1,6,0,2,0
1018.335,1,39,25,18,4294,15,16,0,6392,7200,80,1,6,0,2,0
1018.849,1,39,25,18,4294,15,16,0,6391,7200,80,1,6,0,2,0
1019.342,1,39,25,18,4294,15,16,0,6391,7200,80,1,6,0,2,0
1019.838,1,39,25,18,4294,15,16,0,6390,7200,80,1,6,0,2,0
1020.338,1,39,25,18,4294,15,16,0,6390,7200,80,1,6,0,2,0
1020.846,1,39,25,18,4294,15,16,0,6389,7200,80,1,6,0,2,0
1021.347,1,39,25,18,4294,15,16,0,6389,7200,80,1,6,0,2,0
1021.833,1,39,25,18,4294,15,16,0,6388,7200,80,1,6,0,2,0
1022.341,1,39,25,18,4294,15,16,0,6388,7200,80,1,6,0,2,0
1022.846,1,39,25,18,4294,15,16,0,6387,7200,80,1,6,0,2,0
1023.345,1,39,25,18,4294,15,16,0,6387,7200,80,1,6,0,2,0
1023.847,1,39,25,18,4294,15,16,0,6386,7200,80,1,6,0,2,0
1024.341,1,39,25,18,4294,15,16,0,6386,7200,80,1,6,0,2,0
1024.851,1,39,25,18,4294,15,16,0,6385,7200,80,1,6,0,2,0
1025.345,1,39,25,18,4294,15,16,0,6385,7200,80,1,6,0,2,0
1025.837,1,39,25,18,4294,15,16,0,6384,7200,80,1,6,0,2,0
1026.351,1,39,25,18,4294,15,16,0,6384,7200,80,1,6,0,2,0
1026.854,1,39,25,18,4294,15,16,0,6383,7200,80,1,6,0,2,0
1027.334,1,39,25,18,4294,15,16,0,6383,7200,80,1,6,0,2,0
1027.852,1,39,25,18,4294,15,16,0,6382,7200,80,1,6,0,2,0
1028.347,1,39,25,18,4294,15,16,0,6382,7200,80,1,6,0,2,0
1028.848,1,39,25,18,4294,15,16,0,6381,7200,80,1,6,0,2,0
1029.333,1,39,25,18,4294,15,16,0,6381,7200,80,1,6,0,2,0
1029.846,1,39,25,18,4294,15,16,0,6380,7200,80,1,6,0,2,0
1030.335,1,39,25,18,4294,15,16,0,6380,7200,80,1,6,0,2,0
1030.854,1,39,25,18,4294,15,16,0,6379,7200,80,1,6,0,2,0
1031.353,1,39,25,18,4294,15,16,0,6379,7200,80,1,6,0,2,0
1031.839,1,39,25,18,4294,15,16,0,6378,7200,80,1,6,0,2,0
1032.345,1,39,25,18,4294,15,16,0,6378,7200,80,1,6,0,2,0
1032.858,1,39,25,18,4294,15,16,0,6377,7200,80,1,6,0,2,0
1033.353,1,39,25,18,4294,15,16,0,6377,7200,80,1,6,0,2,0
1033.848,1,39,25,18,4294,15,16,0,6376,7200,80,1,6,0,2,0
1034.361,1,39,25,18,4294,15,16,0,6376,7200,80,1,6,0,2,0
1034.858,1,39,25,18,4294,15,16,0,6375,7200,80,1,6,0,2,0
1035.355,1,39,25,18,4294,15,16,0,6375,7200,80,1,6,0,2,0
1035.852,1,39,25,18,4294,15,16,0,6374,7200,80,1,6,0,2,0
1036.335,1,39,25,18,4294,15,16,0,6374,7200,80,1,6,0,2,0
1036.844,1,39,25,18,4294,15,16,0,6373,7200,80,1,6,0,2,0
1037.358,1,39,25,18,4294,15,16,0,6373,7200,80,1,6,0,2,0
1037.842,1,39,25,18,4294,15,16,0,6372,7200,80,1,6,0,2,0
1038.354,1,39,25,18,4294,15,16,0,6372,7200,80,1,6,0,2,0
1038.857,1,39,25,18,4294,15,16,0,6371,7200,80,1,6,0,2,0
1039.344,1,39,25,18,4294,15,16,0,6371,7200,80,1,6,0,2,0
1039.839,1,39,25,18,4294,15,16,0,6370,7200,80,1,6,0,2,0
1040.351,1,39,25,18,4294,15,16,0,6370,7200,80,1,6,0,2,0
1040.843,1,39,25,18,4294,15,16,0,6369,7200,80,1,6,0,2,0
1041.343,1,39,25,18,4294,15,16,0,6369,7200,80,1,6,0,2,0
1041.855,1,39,25,18,4294,15,16,0,6368,7200,80,1,6,0,2,0
1042.338,1,39,25,18,4294,15,16,0,6368,7200,80,1,6,0,2,0
1042.833,1,39,25,18,4294,15,16,0,6367,7200,80,1,6,0,2,0
1043.353,1,39,25,18,4294,15,16,0,6367,7200,80,1,6,0,2,0
1043.841,1,39,25,18,4294,15,16,0,6366,7200,80,1,6,0,2,0
1044.344,1,39,25,18,4294,15,16,0,6366,7200,80,1,6,0,2,0
1044.842,1,39,25,18,4294,15,16,0,6365,7200,80,1,6,0,2,0
1045.345,1,39,25,18,4294,15,16,0,6365,7200,80,1,6,0,2,0
1045.835,1,39,25,18,4294,15,16,0,6364,7200,80,1,6,0,2,0
1046.357,1,39,25,18,4294,15,16,0,6364,7200,80,1,6,0,2,0
1046.835,1,39,25,18,4294,15,16,0,6363,7200,80,1,6,0,2,0
1047.348,1,39,25,18,4294,15,16,0,6363,7200,80,1,6,0,2,0
1047.843,1,39,25,18,4294,15,16,0,6362,7200,80,1,6,0,2,0
1048.336,1,39,25,18,4294,15,16,0,6362,7200,80,1,6,0,2,0
1048.852,1,39,25,18,4294,15,16,0,6361,7200,80,1,6,0,2,0
1049.346,1,39,25,18,4294,15,16,0,6361,7200,80,1,6,0,2,0
1049.851,1,39,25,18,4294,15,16,0,6360,7200,80,1,6,0,2,0
1050.341,1,39,25,18,4294,15,16,0,6360,7200,80,1,6,0,2,0
1050.85,1,39,25,18,4294,15,16,0,6359,7200,80,1,6,0,2,0
1051.357,1,39,25,18,4294,15,16,0,6359,7200,80,1,6,0,2,0
1051.833,1,39,25,18,4294,15,16,0,6358,7200,80,1,6,0,2,0
1052.345,1,39,25,18,4294,15,16,0,6358,7200,80,1,6,2,2,0
1052.846,1,39,25,18,4294,15,16,0,6357,7200,80,1,6,2,2,0
1053.341,1,39,25,18,4294,15,16,0,6357,7200,80,1,6,2,2,0
1053.838,1,39,25,18,4294,15,16,0,6356,7200,80,1,6,2,2,0
1054.358,1,39,25,18,4294,15,16,0,6356,7200,80,1,6,2,2,0
1054.852,1,39,25,18,4294,15,16,0,6355,7200,80,1,6,2,2,0
1055.353,1,39,25,18,4294,15,16,0,6355,7200,80,1,6,2,2,0
1055.845,1,39,25,18,4294,15,16,0,6354,7200,80,1,6,2,2,0
1056.357,1,39,25,18,4294,15,16,0,6354,7200,80,1,6,2,2,0
1056.837,1,39,25,18,4294,15,16,0,6353,7200,80,1,6,2,2,0
1057.335,1,39,25,18,4294,15,16,0,6353,7200,80,1,6,2,2,0
1057.837,1,39,25,18,4294,15,16,0,6352,7200,80,1,6,2,2,0
1058.359,1,39,25,18,4294,15,16,0,6352,7200,80,1,6,2,2,0
1058.844,1,39,25,18,4294,15,16,0,6351,7200,80,1,6,2,2,0
1059.339,1,39,25,18,4294,15,16,0,6351,7200,80,1,6,2,2,0
1059.857,1,39,25,18,4294,15,16,0,6350,7200,80,1,6,2,2,0
1060.334,1,39,25,18,4294,15,16,0,6350,7200,80,1,6,2,2,0
1060.838,1,39,25,18,4294,15,16,0,6349,7200,80,1,6,2,2,0
1061.341,1,39,25,18,4294,15,16,0,6349,7200,80,1,6,2,2,0
1061.835,1,39,25,18,4294,15,16,0,6348,7200,80,1,6,2,2,0
1062.334,1,39,25,18,4294,15,16,0,6348,7200,80,1,6,2,2,0
1062.855,1,39,25,18,4294,15,16,0,6347,7200,80,1,6,2,2,0
1063.353,1,39,25,18,4294,15,16,0,6347,7200,80,1,6,2,2,0
1063.851,1,39,25,18,4294,15,16,0,6346,7200,80,1,6,2,2,0
1064.338,1,39,25,18,4294,15,16,0,6346,7200,80,1,6,2,2,0
1064.853,1,39,25,18,4294,15,16,0,6345,7200,80,1,6,2,2,0
1065.337,1,39,25,18,4294,15,16,0,6345,7200,80,1,6,2,2,0
1065.856,1,39,25,18,4294,15,16,0,6344,7200,80,1,6,2,2,0
1066.341,1,39,25,18,4294,15,16,0,6344,7200,80,1,6,2,2,0
1066.841,1,39,25,18,4294,15,16,0,6343,7200,80,1,6,2,2,0
1067.339,1,39,25,18,4294,15,16,0,6343,7200,80,1,6,2,2,0
1067.837,1,39,25,18,4294,15,16,0,6342,7200,80,1,6,2,2,0
1068.335,1,39,25,18,4294,15,16,0,6342,7200,80,1,6,2,2,0
1068.843,1,39,25,18,4294,15,16,0,6341,7200,80,1,6,2,2,0
1069.34,1,39,25,18,4294,15,16,0,6341,7200,80,1,6,2,2,0
1069.833,1,39,25,18,4294,15,16,0,6340,7200,80,1,6,2,2,0
1070.343,1,39,25,18,4294,15,16,0,6340,7200,80,1,6,2,2,0
1070.855,1,39,25,18,4294,15,16,0,6339,7200,80,1,6,2,2,0
1071.334,1,39,25,18,4294,15,16,0,6339,7200,80,1,6,2,2,0
1071.854,1,39,25,18,4294,15,16,0,6338,7200,80,1,6,2,2,0
1072.352,1,39,25,18,4294,15,16,0,6338,7200,80,1,6,2,2,0
1072.841,1,39,25,18,4294,15,16,0,6337,7200,80,1,6,2,2,0
1073.352,1,39,25,18,4294,15,16,0,6337,7200,80,1,6,2,2,0
1073.836,1,39,25,18,4294,15,16,0,6336,7200,80,1,6,2,2,0
1074.35,1,39,25,18,4294,15,16,0,6336,7200,80,1,6,2,2,0
1074.834,1,39,25,18,4294,15,16,0,6335,7200,80,1,6,2,2,0
1075.346,1,39,25,18,4294,15,16,0,6335,7200,80,1,6,2,2,0
1075.852,1,39,25,18,4294,15,16,0,6334,7200,80,1,6,2,2,0
1076.354,1,39,25,18,4294,15,16,0,6334,7200,80,1,6,2,2,0
1076.834,1,39,25,18,4294,15,16,0,6333,7200,80,1,6,2,2,0
1077.354,1,39,25,18,4294,15,16,0,6333,7200,80,1,6,2,2,0
1077.835,1,39,25,18,4294,15,16,0,6332,7200,80,1,6,2,2,0
1078.352,1,39,25,18,4294,15,16,0,6332,7200,80,1,6,2,2,0
1078.837,1,39,25,18,4294,15,16,0,6331,7200,80,1,6,2,2,0
1079.352,1,39,25,18,4294,15,16,0,6331,7200,80,1,6,2,2,0
1079.848,1,39,25,18,4294,15,16,0,6330,7200,80,1,6,2,2,0
1080.347,1,39,25,18,4294,15,16,0,6330,7200,80,1,6,2,2,0
1080.852,1,39,25,18,4294,15,16,0,6329,7200,80,1,6,2,2,0
1081.346,1,39,25,18,4294,15,16,0,6329,7200,80,1,6,2,2,0
1081.847,1,39,25,18,4294,15,16,0,6328,7200,80,1,6,2,2,0
1082.344,1,39,25,18,4294,15,16,0,6328,7200,80,1,6,2,2,0
1082.845,1,39,25,18,4294,15,16,0,6327,7200,80,1,6,2,2,0
1083.336,1,39,25,18,4294,15,16,0,6327,7200,80,1,6,2,2,0
1083.847,1,39,25,18,4294,15,16,0,6326,7200,80,1,6,2,2,0
1084.341,1,39,25,18,4294,15,16,0,6326,7200,80,1,6,2,2,0
1084.855,1,39,25,18,4294,15,16,0,6325,7200,80,1,6,2,2,0
1085.354,1,39,25,18,4294,15,16,0,6325,7200,80,1,6,2,2,0
1085.846,1,39,25,18,4294,15,16,0,6324,7200,80,1,6,2,2,0
1086.354,1,39,25,18,4294,15,16,0,6324,7200,80,1,6,2,2,0
1086.834,1,39,25,18,4294,15,16,0,6323,7200,80,1,6,2,2,0
1087.34,1,39,25,18,4294,15,16,0,6323,7200,80,1,6,2,2,0
1087.852,1,39,25,18,4294,15,16,0,6322,7200,80,1,6,2,2,0
1088.333,1,39,25,18,4294,15,16,0,6322,7200,80,1,6,2,2,0
1088.846,1,39,25,18,4294,15,16,0,6321,7200,80,1,6,2,2,0
1089.342,1,39,25,18,4294,15,16,0,6321,7200,80,1,6,2,2,0
1089.856,1,39,25,18,4294,15,16,0,6320,7200,80,1,6,2,2,0
1090.351,1,39,25,18,4294,15,16,0,6320,7200,80,1,6,2,2,0
1090.837,1,39,25,18,4294,15,16,0,6319,7200,80,1,6,2,2,0
1091.352,1,39,25,18,4294,15,16,0,6319,7200,80,1,6,2,2,0
1091.851,1,39,25,18,4294,15,16,0,6318,7200,80,1,6,2,2,0
1092.35,1,39,25,18,4294,15,16,0,6318,7200,80,1,6,2,2,0
1092.845,1,39,25,18,4294,15,16,0,6317,7200,80,1,6,2,2,0
1093.343,1,39,25,18,4294,15,16,0,6317,7200,80,1,6,2,2,0
1093.837,1,39,25,18,4294,15,16,0,6316,7200,80,1,6,2,2,0
1094.351,1,39,25,18,4294,15,16,0,6316,7200,80,1,6,2,2,0
1094.845,1,39,25,18,4294,15,16,0,6315,7200,80,1,6,2,2,0
1095.342,1,39,25,18,4294,15,16,0,6315,7200,80,1,6,2,2,0
1095.851,1,39,25,18,4294,15,16,0,6314,7200,80,1,6,2,2,0
1096.353,1,39,25,18,4294,15,16,0,6314,7200,80,1,6,2,2,0
1096.845,1,39,25,18,4294,15,16,0,6313,7200,80,1,6,2,2,0
1097.355,1,39,25,18,4294,15,16,0,6313,7200,80,1,6,2,2,0
1097.851,1,39,25,18,4294,15,16,0,6312,7200,80,1,6,2,2,0
1098.351,1,39,25,18,4294,15,16,0,6312,7200,80,1,6,2,2,0
1098.835,1,39,25,18,4294,15,16,0,6311,7200,80,1,6,2,2,0
1099.345,1,39,25,18,4294,15,16,0,6311,7200,80,1,6,2,2,0
1099.834,1,39,25,18,4294,15,16,0,6310,7200,80,1,6,2,2,0
1100.338,1,39,25,18,4294,15,16,0,6310,7200,80,1,6,2,2,0
1100.847,1,39,25,18,4294,15,16,0,6309,7200,80,1,6,2,2,0
1101.351,1,39,25,18,4294,15,16,0,6309,7200,80,1,6,2,2,0
1101.851,1,39,25,18,4294,15,16,0,6308,7200,80,1,6,2,2,0
1102.341,1,39,25,18,4294,15,16,0,6308,7200,80,1,6,2,2,0
1102.846,1,39,25,18,4294,15,16,0,6307,7200,80,1,6,2,2,0
1103.356,1,39,25,18,4294,15,16,0,6307,7200,80,1,6,2,2,0
1103.857,1,39,25,18,4294,15,16,0,6306,7200,80,1,6,2,2,0
1104.34,1,39,25,18,4294,15,16,0,6306,7200,80,1,6,2,2,0
1104.845,1,39,25,18,4294,15,16,0,6305,7200,80,1,6,2,2,0
1105.358,1,39,25,18,4294,15,16,0,6305,7200,80,1,6,2,2,0
1105.854,1,39,25,18,4294,15,16,0,6304,7200,80,1,6,2,2,0
1106.36,1,39,25,18,4294,15,16,0,6304,7200,80,1,6,2,2,0
1106.835,1,39,25,18,4294,15,16,0,6303,7200,80,1,6,2,2,0
1107.354,1,39,25,18,4294,15,16,0,6303,7200,80,1,6,2,2,0
1107.84,1,39,25,18,4294,15,16,0,6302,7200,80,1,6,2,2,0
1108.356,1,39,25,18,4294,15,16,0,6302,7200,80,1,6,2,2,0
1108.838,1,39,25,18,4294,15,16,0,6301,7200,80,1,6,2,2,0
1109.348,1,39,25,18,4294,15,16,0,6301,7200,80,1,6,2,2,0
1109.856,1,39,25,18,4294,15,16,0,6300,7200,80,1,6,2,2,0
1110.34,1,39,25,18,4294,15,16,0,6300,7200,80,1,6,2,2,0
1110.844,1,39,25,18,4294,15,16,0,6299,7200,80,1,6,2,2,0
1111.333,1,39,25,18,4294,15,16,0,6299,7200,80,1,6,2,2,0
1111.848,1,39,25,18,4294,15,16,0,6298,7200,80,1,6,2,2,0
1112.341,1,39,25,18,4294,15,16,0,6298,7200,80,1,6,2,2,0
1112.833,1,39,25,18,4294,15,16,0,6297,7200,80,1,6,2,2,0
1113.333,1,39,25,18,4294,15,16,0,6297,7200,80,1,6,2,2,0
1113.838,1,39,25,18,4294,15,16,0,6296,7200,80,1,6,2,2,0
1114.345,1,39,25,18,4294,15,16,0,6296,7200,80,1,6,2,2,0
1114.84,1,39,25,18,4294,15,16,0,6295,7200,80,1,6,2,2,0
1115.336,1,39,25,18,4294,15,16,0,6295,7200,80,1,6,2,2,0
1115.853,1,39,25,18,4294,15,16,0,6294,7200,80,1,6,2,2,0
1116.338,1,39,25,18,4294,15,16,0,6294,7200,80,1,6,2,2,0
1116.843,1,39,25,18,4294,15,16,0,6293,7200,80,1,6,2,2,0
1117.343,1,39,25,18,4294,15,16,0,6293,7200,80,1,6,2,2,0
1117.833,1,39,25,18,4294,15,16,0,6292,7200,80,1,6,2,2,0
1118.334,1,39,25,18,4294,15,16,0,6292,7200,80,1,6,2,2,0
1118.847,1,39,25,18,4294,15,16,0,6291,7200,80,1,6,2,2,0
1119.343,1,39,25,18,4294,15,16,0,6291,7200,80,1,6,2,2,0
1119.842,1,39,25,18,4294,15,16,0,6290,7200,80,1,6,2,2,0
1120.351,1,39,25,18,4294,15,16,0,6290,7200,80,1,6,2,2,0
1120.845,1,39,25,18,4294,15,16,0,6289,7200,80,1,6,2,2,0
1121.352,1,39,25,18,4294,15,16,0,6289,7200,80,1,6,2,2,0
1121.833,1,39,25,18,4294,15,16,0,6288,7200,80,1,6,2,2,0
1122.344,1,39,25,18,4294,15,16,0,6288,7200,80,1,6,2,2,0
1122.854,1,39,25,18,4294,15,16,0,6287,7200,80,1,6,2,2,0
1123.35,1,39,25,18,4294,15,16,0,6287,7200,80,1,6,2,2,0
1123.839,1,39,25,18,4294,15,16,0,6286,7200,80,1,6,2,2,0
1124.333,1,39,25,18,4294,15,16,0,6286,7200,80,1,6,2,2,0
1124.855,1,39,25,18,4294,15,16,0,6285,7200,80,1,6,2,2,0
1125.352,1,39,25,18,4294,15,16,0,6285,7200,80,1,6,2,2,0
1125.84,1,39,25,18,4294,15,16,0,6284,7200,80,1,6,2,2,0
1126.343,1,39,25,18,4294,15,16,0,6284,7200,80,1,6,2,2,0
1126.839,1,39,25,18,4294,15,16,0,6283,7200,80,1,6,2,2,0
1127.347,1,39,25,18,4294,15,16,0,6283,7200,80,1,6,2,2,0
1127.842,1,39,25,18,4294,15,16,0,6282,7200,80,1,6,2,2,0
1128.35,1,39,25,18,4294,15,16,0,6282,7200,80,1,6,2,2,0
1128.857,1,39,25,18,4294,15,16,0,6281,7200,80,1,6,2,2,0
1129.352,1,39,25,18,4294,15,16,0,6281,7200,80,1,6,2,2,0
1129.852,1,39,25,18,4294,15,16,0,6280,7200,80,1,6,2,2,0
1130.341,1,39,25,18,4294,15,16,0,6280,7200,80,1,6,2,2,0
1130.846,1,39,25,18,4294,15,16,0,6279,7200,80,1,6,2,2,0
1131.347,1,39,25,18,4294,15,16,0,6279,7200,80,1,6,2,2,0
1131.841,1,39,25,18,4294,15,16,0,6278,7200,80,1,6,2,2,0
1132.35,1,39,25,18,4294,15,16,0,6278,7200,80,1,6,2,2,0
1132.836,1,39,25,18,4294,15,16,0,6277,7200,80,1,6,2,2,0
1133.351,1,39,25,18,4294,15,16,0,6277,7200,80,1,6,2,2,0
1133.852,1,39,25,18,4294,15,16,0,6276,7200,80,1,6,2,2,0
1134.335,1,39,25,18,4294,15,16,0,6276,7200,80,1,6,2,2,0
1134.839,1,39,25,18,4294,15,16,0,6275,7200,80,1,6,2,2,0
1135.336,1,39,25,18,4294,15,16,0,6275,7200,80,1,6,2,2,0
1135.859,1,39,25,18,4294,15,16,0,6274,7200,80,1,6,2,2,0
1136.333,1,39,25,18,4294,15,16,0,6274,7200,80,1,6,2,2,0
1136.852,1,39,25,18,4294,15,16,0,6273,7200,80,1,6,2,2,0
1137.353,1,39,25,18,4294,15,16,0,6273,7200,80,1,6,2,2,0
1137.847,1,39,25,18,4294,15,16,0,6272,7200,80,1,6,2,2,0
1138.358,1,39,25,18,4294,15,16,0,6272,7200,80,1,6,2,2,0
1138.856,1,39,25,18,4294,15,16,0,6271,7200,80,1,6,2,2,0
1139.355,1,39,25,18,4294,15,16,0,6271,7200,80,1,6,2,2,0
1139.835,1,39,25,18,4294,15,16,0,6270,7200,80,1,6,2,2,0
1140.355,1,39,25,18,4294,15,16,0,6270,7200,80,1,6,2,2,0
1140.841,1,39,25,18,4294,15,16,0,6269,7200,80,1,6,2,2,0
1141.337,1,39,25,18,4294,15,16,0,6269,7200,80,1,6,2,2,0
1141.836,1,39,25,18,4294,15,16,0,6268,7200,80,1,6,2,2,0
1142.352,1,39,25,18,4294,15,16,0,6268,7200,80,1,6,2,2,0
1142.833,1,39,25,18,4294,15,16,0,6267,7200,80,1,6,2,2,0
1143.353,1,39,25,18,4294,15,16,0,6267,7200,80,1,6,2,2,0
1143.846,1,39,25,18,4294,15,16,0,6266,7200,80,1,6,2,2,0
1144.342,1,39,25,18,4294,15,16,0,6266,7200,80,1,6,2,2,0
1144.836,1,39,25,18,4294,15,16,0,6265,7200,80,1,6,2,2,0
1145.348,1,39,25,18,4294,15,16,0,6265,7200,80,1,6,2,2,0
1145.844,1,39,25,18,4294,15,16,0,6264,7200,80,1,6,2,2,0
1146.356,1,39,25,18,4294,15,16,0,6264,7200,80,1,6,2,2,0
1146.834,1,39,25,18,4294,15,16,0,6263,7200,80,1,6,2,2,0
1147.344,1,39,25,18,4294,15,16,0,6263,7200,80,1,6,2,2,0
1147.836,1,39,25,18,4294,15,16,0,6262,7200,80,1,6,2,2,0
1148.339,1,39,25,18,4294,15,16,0,6262,7200,80,1,6,2,2,0
1148.836,1,39,25,18,4294,15,16,0,6261,7200,80,1,6,2,2,0
1149.336,1,39,25,18,4294,15,16,0,6261,7200,80,1,6,2,2,0
1149.843,1,39,25,18,4294,15,16,0,6260,7200,80,1,6,2,2,0
1150.354,1,39,25,18,4294,15,16,0,6260,7200,80,1,6,2,2,0
1150.844,1,39,25,18,4294,15,16,0,6259,7200,80,1,6,2,2,0
1151.346,1,39,25,18,4294,15,16,0,6259,7200,80,1,6,2,2,0
1151.849,1,39,25,18,4294,15,16,0,6258,7200,80,1,6,2,2,0
1152.342,1,39,25,18,4294,15,16,0,6258,7200,80,1,6,2,2,0
1152.849,1,39,25,18,4294,15,16,0,6257,7200,80,1,6,2,2,0
1153.342,1,39,25,18,4294,15,16,0,6257,7200,80,1,6,2,2,0
1153.843,1,39,25,18,4294,15,16,0,6256,7200,80,1,6,2,2,0
1154.344,1,39,25,18,4294,15,16,0,6256,7200,80,1,6,2,2,0
1154.835,1,39,25,18,4294,15,16,0,6255,7200,80,1,6,2,2,0
1155.352,1,39,25,18,4294,15,16,0,6255,7200,80,1,6,2,2,0
1155.844,1,39,25,18,4294,15,16,0,6254,7200,80,1,6,2,2,0
1156.342,1,39,25,18,4294,15,16,0,6254,7200,80,1,6,2,2,0
1156.842,1,39,25,18,4294,15,16,0,6253,7200,80,1,6,2,2,0
1157.338,1,39,25,18,4294,15,16,0,6253,7200,80,1,6,2,2,0
1157.854,1,39,25,18,4294,15,16,0,6252,7200,80,1,6,2,2,0
1158.354,1,39,25,18,4294,15,16,0,6252,7200,80,1,6,2,2,0
1158.839,1,39,25,18,4294,15,16,0,6251,7200,80,1,6,2,2,0
1159.343,1,39,25,18,4294,15,16,0,6251,7200,80,1,6,2,2,0
1159.854,1,39,25,18,4294,15,16,0,6250,7200,80,1,6,2,2,0
1160.351,1,39,25,18,4294,15,16,0,6250,7200,80,1,6,2,2,0
1160.848,1,39,25,18,4294,15,16,0,6249,7200,80,1,6,2,2,0
1161.352,1,39,25,18,4294,15,16,0,6249,7200,80,1,6,2,2,0
1161.846,1,39,25,18,4294,15,16,0,6248,7200,80,1,6,2,2,0
1162.354,1,39,25,18,4294,15,16,0,6248,7200,80,1,6,2,2,0
1162.843,1,39,25,18,4294,15,16,0,6247,7200,80,1,6,2,2,0
1163.349,1,39,25,18,4294,15,16,0,6247,7200,80,1,6,2,2,0
1163.837,1,39,25,18,4294,15,16,0,6246,7200,80,1,6,2,2,0
1164.351,1,39,25,18,4294,15,16,0,6246,7200,80,1,6,2,2,0
1164.849,1,39,25,18,4294,15,16,0,6245,7200,80,1,6,2,2,0
1165.333,1,39,25,18,4294,15,16,0,6245,7200,80,1,6,2,2,0
1165.845,1,39,25,18,4294,15,16,0,6244,7200,80,1,6,2,2,0
1166.338,1,39,25,18,4294,15,16,0,6244,7200,80,1,6,2,2,0
1166.847,1,39,25,18,4294,15,16,0,6243,7200,80,1,6,2,2,0
1167.338,1,39,25,18,4294,15,16,0,6243,7200,80,1,6,2,2,0
1167.847,1,39,25,18,4294,15,16,0,6242,7200,80,1,6,2,2,0
1168.347,1,39,25,18,4294,15,16,0,6242,7200,80,1,6,2,2,0
1168.833,1,39,25,18,4294,15,16,0,6241,7200,80,1,6,2,2,0
1169.342,1,39,25,18,4294,15,16,0,6241,7200,80,1,6,2,2,0
1169.843,1,39,25,18,4294,15,16,0,6240,7200,80,1,6,2,2,0
1170.333,1,39,25,18,4294,15,16,0,6240,7200,80,1,6,2,2,0
1170.846,1,39,25,18,4294,15,16,0,6239,7200,80,1,6,2,2,0
1171.347,1,39,25,18,4294,15,16,0,6239,7200,80,1,6,2,2,0
1171.853,1,39,25,18,4294,15,16,0,6238,7200,80,1,6,2,2,0
1172.34,1,39,25,18,4294,15,16,0,6238,7200,80,1,6,2,2,0
1172.836,1,39,25,18,4294,15,16,0,6237,7200,80,1,6,2,2,0
1173.348,1,39,25,18,4294,15,16,0,6237,7200,80,1,6,2,2,0
1173.835,1,39,25,18,4294,15,16,0,6236,7200,80,1,6,2,2,0
1174.352,1,39,25,18,4294,15,16,0,6236,7200,80,1,6,2,2,0
1174.854,1,39,25,18,4294,15,16,0,6235,7200,80,1,6,2,2,0
1175.351,1,39,25,18,4294,15,16,0,6235,7200,80,1,6,2,2,0
1175.846,1,39,25,18,4294,15,16,0,6234,7200,80,1,6,2,2,0
1176.338,1,39,25,18,4294,15,16,0,6234,7200,80,1,6,2,2,0
1176.84,1,39,25,18,4294,15,16,0,6233,7200,80,1,6,2,2,0
1177.345,1,39,25,18,4294,15,16,0,6233,7200,80,1,6,2,2,0
1177.85,1,39,25,18,4294,15,16,0,6232,7200,80,1,6,2,2,0
1178.334,1,39,25,18,4294,15,16,0,6232,7200,80,1,6,2,2,0
1178.834,1,39,25,18,4294,15,16,0,6231,7200,80,1,6,2,2,0
1179.353,1,39,25,18,4294,15,16,0,6231,7200,80,1,6,2,2,0
1179.859,1,39,25,18,4294,15,16,0,6230,7200,80,1,6,2,2,0
1180.341,1,39,25,18,4294,15,16,0,6230,7200,80,1,6,2,2,0
1180.862,1,39,25,18,4294,15,16,0,6229,7200,80,1,6,2,2,0
1181.343,1,39,25,18,4294,15,16,0,6229,7200,80,1,6,2,2,0
1181.849,1,39,25,18,4294,15,16,0,6228,7200,80,1,6,2,2,0
1182.34,1,39,25,18,4294,15,16,0,6228,7200,80,1,6,2,2,0
1182.851,1,39,25,18,4294,15,16,0,6227,7200,80,1,6,2,2,0
1183.34,1,39,25,18,4294,15,16,0,6227,7200,80,1,6,2,2,0
1183.838,1,39,25,18,4294,15,16,0,6226,7200,80,1,6,2,2,0
1184.359,1,39,25,18,4294,15,16,0,6226,7200,80,1,6,2,2,0
1184.85,1,39,25,18,4294,15,16,0,6225,7200,80,1,6,2,2,0
1185.333,1,39,25,18,4294,15,16,0,6225,7200,80,1,6,2,2,0
1185.859,1,39,25,18,4294,15,16,0,6224,7200,80,1,6,2,2,0
1186.358,1,39,25,18,4294,15,16,0,6224,7200,80,1,6,2,2,0
1186.839,1,39,25,18,4294,15,16,0,6223,7200,80,1,6,2,2,0
1187.354,1,39,25,18,4294,15,16,0,6223,7200,80,1,6,2,2,0
1187.844,1,39,25,18,4294,15,16,0,6222,7200,80,1,6,2,2,0
1188.355,1,39,25,18,4294,15,16,0,6222,7200,80,1,6,2,2,0
1188.849,1,39,25,18,4294,15,16,0,6221,7200,80,1,6,2,2,0
1189.338,1,39,25,18,4294,15,16,0,6221,7200,80,1,6,2,2,0
1189.853,1,39,25,18,4294,15,16,0,6220,7200,80,1,6,2,2,0
1190.344,1,39,25,18,4294,15,16,0,6220,7200,80,1,6,2,2,0
1190.847,1,39,25,18,4294,15,16,0,6219,7200,80,1,6,2,2,0
1191.342,1,39,25,18,4294,15,16,0,6219,7200,80,1,6,2,2,0
1191.834,1,39,25,18,4294,15,16,0,6218,7200,80,1,6,2,2,0
1192.354,1,39,25,18,4294,15,16,0,6218,7200,80,1,6,2,2,0
1192.841,1,39,25,18,4294,15,16,0,6217,7200,80,1,6,2,2,0
1193.334,1,39,25,18,4294,15,16,0,6217,7200,80,1,6,2,2,0
1193.839,1,39,25,18,4294,15,16,0,6216,7200,80,1,6,2,2,0
1194.333,1,39,25,18,4294,15,16,0,6216,7200,80,1,6,2,2,0
1194.834,1,39,25,18,4294,15,16,0,6215,7200,80,1,6,2,2,0
1195.355,1,39,25,18,4294,15,16,0,6215,7200,80,1,6,2,2,0
1195.834,1,39,25,18,4294,15,16,0,6214,7200,80,1,6,2,2,0
1196.346,1,39,25,18,4294,15,16,0,6214,7200,80,1,6,2,2,0
1196.86,1,39,25,18,4294,15,16,0,6213,7200,80,1,6,2,2,0
1197.342,1,39,25,18,4294,15,16,0,6213,7200,80,1,6,2,2,0
1197.856,1,39,25,18,4294,15,16,0,6212,7200,80,1,6,2,2,0
1198.335,1,39,25,18,4294,15,16,0,6212,7200,80,1,6,2,2,0
1198.844,1,39,25,18,4294,15,16,0,6211,7200,80,1,6,2,2,0
1199.345,1,39,25,18,4294,15,16,0,6211,7200,80,1,6,2,2,0
1199.836,1,39,25,18,4294,15,16,0,6210,7200,80,1,6,2,2,0
1200.353,1,39,25,18,4294,15,16,0,6210,7200,80,1,6,2,2,0
1200.854,1,39,25,18,4294,15,16,0,6209,7200,80,1,6,2,2,0
1201.351,1,39,25,18,4294,15,16,0,6209,7200,80,1,6,2,2,0
1201.85,1,39,25,18,4294,15,16,0,6208,7200,80,1,6,2,2,0
1202.353,1,39,25,18,4294,15,16,0,6208,7200,80,1,6,2,2,0
1202.846,1,39,25,18,4294,15,16,0,6207,7200,80,1,6,2,2,0
1203.357,1,39,25,18,4294,15,16,0,6207,7200,80,1,6,2,2,0
1203.844,1,39,25,18,4294,15,16,0,6206,7200,80,1,6,2,2,0
1204.339,1,39,25,18,4294,15,16,0,6206,7200,80,1,6,2,2,0
1204.842,1,39,25,18,4294,15,16,0,6205,7200,80,1,6,2,2,0
1205.347,1,39,25,18,4294,15,16,0,6205,7200,80,1,6,2,2,0
1205.847,1,39,25,18,4294,15,16,0,6204,7200,80,1,6,2,2,0
1206.34,1,39,25,18,4294,15,16,0,6204,7200,80,1,6,2,2,0
1206.843,1,39,25,18,4294,15,16,0,6203,7200,80,1,6,2,2,0
1207.352,1,39,25,18,4294,15,16,0,6203,7200,80,1,6,2,2,0
1207.848,1,39,25,18,4294,15,16,0,6202,7200,80,1,6,2,2,0
1208.335,1,39,25,18,4294,15,16,0,6202,7200,80,1,6,2,2,0
1208.847,1,39,25,18,4294,15,16,0,6201,7200,80,1,6,2,2,0
1209.343,1,39,25,18,4294,15,16,0,6201,7200,80,1,6,2,2,0
1209.845,1,39,25,18,4294,15,16,0,6200,7200,80,1,6,2,2,0
1210.336,1,39,25,18,4294,15,16,0,6200,7200,80,1,6,2,2,0
1210.838,1,39,25,18,4294,15,16,0,6199,7200,80,1,6,2,2,0
1211.346,1,39,25,18,4294,15,16,0,6199,7200,80,1,6,2,2,0
1211.846,1,39,25,18,4294,15,16,0,6198,7200,80,1,6,2,2,0
1212.352,1,39,25,18,4294,15,16,0,6198,7200,80,1,6,2,2,0
1212.849,1,39,25,18,4294,15,16,0,6197,7200,80,1,6,2,2,0
1213.333,1,39,25,18,4294,15,16,0,6197,7200,80,1,6,2,2,0
1213.85,1,39,25,18,4294,15,16,0,6196,7200,80,1,6,2,2,0
1214.345,1,39,25,18,4294,15,16,0,6196,7200,80,1,6,2,2,0
1214.854,1,39,25,18,4294,15,16,0,6195,7200,80,1,6,2,2,0
1215.343,1,39,25,18,4294,15,16,0,6195,7200,80,1,6,2,2,0
1215.843,1,39,25,18,4294,15,16,0,6194,7200,80,1,6,2,2,0
1216.345,1,39,25,18,4294,15,16,0,6194,7200,80,1,6,2,2,0
1216.841,1,39,25,18,4294,15,16,0,6193,7200,80,1,6,2,2,0
1217.333,1,39,25,18,4294,15,16,0,6193,7200,80,1,6,2,2,0
1217.845,1,39,25,18,4294,15,16,0,6192,7200,80,1,6,2,2,0
1218.355,1,39,25,18,4294,15,16,0,6192,7200,80,1,6,2,2,0
1218.843,1,39,25,18,4294,15,16,0,6191,7200,80,1,6,2,2,0
1219.343,1,39,25,18,4294,15,16,0,6191,7200,80,1,6,2,2,0
1219.856,1,39,25,18,4294,15,16,0,6190,7200,80,1,6,2,2,0
1220.335,1,39,25,18,4294,15,16,0,6190,7200,80,1,6,2,2,0
1220.852,1,39,25,18,4294,15,16,0,6189,7200,80,1,6,2,2,0
1221.34,1,39,25,18,4294,15,16,0,6189,7200,80,1,6,2,2,0
1221.845,1,39,25,18,4294,15,16,0,6188,7200,80,1,6,2,2,0
1222.34,1,39,25,18,4294,15,16,0,6188,7200,80,1,6,2,2,0
1222.855,1,39,25,18,4294,15,16,0,6187,7200,80,1,6,2,2,0
1223.338,1,39,25,18,4294,15,16,0,6187,7200,80,1,6,2,2,0
1223.84,1,39,25,18,4294,15,16,0,6186,7200,80,1,6,2,2,0
1224.338,1,39,25,18,4294,15,16,0,6186,7200,80,1,6,2,2,0
1224.844,1,39,25,18,4294,15,16,0,6185,7200,80,1,6,2,2,0
1225.334,1,39,25,18,4294,15,16,0,6185,7200,80,1,6,2,2,0
1225.848,1,39,25,18,4294,15,16,0,6184,7200,80,1,6,2,2,0
1226.333,1,39,25,18,4294,15,16,0,6184,7200,80,1,6,2,2,0
1226.84,1,39,25,18,4294,15,16,0,6183,7200,80,1,6,2,2,0
1227.35,1,39,25,18,4294,15,16,0,6183,7200,80,1,6,2,2,0
1227.847,1,39,25,18,4294,15,16,0,6182,7200,80,1,6,2,2,0
1228.339,1,39,25,18,4294,15,16,0,6182,7200,80,1,6,2,2,0
1228.843,1,39,25,18,4294,15,16,0,6181,7200,80,1,6,2,2,0
1229.356,1,39,25,18,4294,15,16,0,6181,7200,80,1,6,2,2,0
1229.856,1,39,25,18,4294,15,16,0,6180,7200,80,1,6,2,2,0
1230.333,1,39,25,18,4294,15,16,0,6180,7200,80,1,6,2,2,0
1230.847,1,39,25,18,4294,15,16,0,6179,7200,80,1,6,2,2,0
1231.344,1,39,25,18,4294,15,16,0,6179,7200,80,1,6,2,2,0
1231.839,1,39,25,18,4294,15,16,0,6178,7200,80,1,6,2,2,0
1232.342,1,39,25,18,4294,15,16,0,6178,7200,80,1,6,2,2,0
1232.844,1,39,25,18,4294,15,16,0,6177,7200,80,1,6,2,2,0
1233.355,1,39,25,18,4294,15,16,0,6177,7200,80,1,6,2,2,0
1233.843,1,39,25,18,4294,15,16,0,6176,7200,80,1,6,2,2,0
1234.352,1,39,25,18,4294,15,16,0,6176,7200,80,1,6,2,2,0
1234.839,1,39,25,18,4294,15,16,0,6175,7200,80,1,6,2,2,0
1235.342,1,39,25,18,4294,15,16,0,6175,7200,80,1,6,2,2,0
1235.835,1,39,25,18,4294,15,16,0,6174,7200,80,1,6,2,2,0
1236.344,1,39,25,18,4294,15,16,0,6174,7200,80,1,6,2,2,0
1236.846,1,39,25,18,4294,15,16,0,6173,7200,80,1,6,2,2,0
1237.335,1,39,25,18,4294,15,16,0,6173,7200,80,1,6,2,2,0
1237.833,1,39,25,18,4294,15,16,0,6172,7200,80,1,6,2,2,0
1238.351,1,39,25,18,4294,15,16,0,6172,7200,80,1,6,2,2,0
1238.84,1,39,25,18,4294,15,16,0,6171,7200,80,1,6,2,2,0
1239.348,1,39,25,18,4294,15,16,0,6171,7200,80,1,6,2,2,0
1239.835,1,39,25,18,4294,15,16,0,6170,7200,80,1,6,2,2,0
1240.338,1,39,25,18,4294,15,16,0,6170,7200,80,1,6,2,2,0
1240.837,1,39,25,18,4294,15,16,0,6169,7200,80,1,6,2,2,0
1241.341,1,39,25,18,4294,15,16,0,6169,7200,80,1,6,2,2,0
1241.848,1,39,25,18,4294,15,16,0,6168,7200,80,1,6,2,2,0
1242.34,1,39,25,18,4294,15,16,0,6168,7200,80,1,6,2,2,0
1242.837,1,39,25,18,4294,15,16,0,6167,7200,80,1,6,2,2,0
1243.333,1,39,25,18,4294,15,16,0,6167,7200,80,1,6,2,2,0
1243.851,1,39,25,18,4294,15,16,0,6166,7200,80,1,6,2,2,0
1244.333,1,39,25,18,4294,15,16,0,6166,7200,80,1,6,2,2,0
1244.839,1,39,25,18,4294,15,16,0,6165,7200,80,1,6,2,2,0
1245.352,1,39,25,18,4294,15,16,0,6165,7200,80,1,6,2,2,0
1245.837,1,39,25,18,4294,15,16,0,6164,7200,80,1,6,2,2,0
1246.349,1,39,25,18,4294,15,16,0,6164,7200,80,1,6,2,2,0
1246.852,1,39,25,18,4294,15,16,0,6163,7200,80,1,6,2,2,0
1247.348,1,39,25,18,4294,15,16,0,6163,7200,80,1,6,2,2,0
1247.846,1,39,25,18,4294,15,16,0,6162,7200,80,1,6,2,2,0
1248.354,1,39,25,18,4294,15,16,0,6162,7200,80,1,6,2,2,0
1248.833,1,39,25,18,4294,15,16,0,6161,7200,80,1,6,2,2,0
1249.356,1,39,25,18,4294,15,16,0,6161,7200,80,1,6,2,2,0
1249.835,1,39,25,18,4294,15,16,0,6160,7200,80,1,6,2,2,0
1250.344,1,39,25,18,4294,15,16,0,6160,7200,80,1,6,2,2,0
1250.842,1,39,25,18,4294,15,16,0,6159,7200,80,1,6,2,2,0
1251.351,1,39,25,18,4294,15,16,0,6159,7200,80,1,6,2,2,0
1251.849,1,39,25,18,4294,15,16,0,6158,7200,80,1,6,2,2,0
1252.358,1,39,25,18,4294,15,16,0,6158,7200,80,1,6,2,2,0
1252.838,1,39,25,18,4294,15,16,0,6157,7200,80,1,6,2,2,0
1253.354,1,39,25,18,4294,15,16,0,6157,7200,80,1,6,2,2,0
1253.845,1,39,25,18,4294,15,16,0,6156,7200,80,1,6,2,2,0
1254.356,1,39,25,18,4294,15,16,0,6156,7200,80,1,6,2,2,0
1254.849,1,39,25,18,4294,15,16,0,6155,7200,80,1,6,2,2,0
1255.348,1,39,25,18,4294,15,16,0,6155,7200,80,1,6,2,2,0
1255.833,1,39,25,18,4294,15,16,0,6154,7200,80,1,6,2,2,0
1256.349,1,39,25,18,4294,15,16,0,6154,7200,80,1,6,2,2,0
1256.836,1,39,25,18,4294,15,16,0,6153,7200,80,1,6,2,2,0
1257.357,1,39,25,18,4294,15,16,0,6153,7200,80,1,6,2,2,0
1257.849,1,39,25,18,4294,15,16,0,6152,7200,80,1,6,2,2,0
1258.339,1,39,25,18,4294,15,16,0,6152,7200,80,1,6,2,2,0
1258.841,1,39,25,18,4294,15,16,0,6151,7200,80,1,6,2,2,0
1259.353,1,39,25,18,4294,15,16,0,6151,7200,80,1,6,2,2,0
1259.851,1,39,25,18,4294,15,16,0,6150,7200,80,1,6,2,2,0
1260.346,1,39,25,18,4294,15,16,0,6150,7200,80,1,6,2,2,0
1260.835,1,39,25,18,4294,15,16,0,6149,7200,80,1,6,2,2,0
1261.35,1,39,25,18,4294,15,16,0,6149,7200,80,1,6,2,2,0
1261.855,1,39,25,18,4294,15,16,0,6148,7200,80,1,6,2,2,0
1262.356,1,39,25,18,4294,15,16,0,6148,7200,80,1,6,2,2,0
1262.846,1,39,25,18,4294,15,16,0,6147,7200,80,1,6,2,2,0
1263.335,1,39,25,18,4294,15,16,0,6147,7200,80,1,6,2,2,0
1263.842,1,39,25,18,4294,15,16,0,6146,7200,80,1,6,2,2,0
1264.347,1,39,25,18,4294,15,16,0,6146,7200,80,1,6,2,2,0
1264.845,1,39,25,18,4294,15,16,0,6145,7200,80,1,6,2,2,0
1265.336,1,39,25,18,4294,15,16,0,6145,7200,80,1,6,2,2,0
1265.856,1,39,25,18,4294,15,16,0,6144,7200,80,1,6,2,2,0
1266.34,1,39,25,18,4294,15,16,0,6144,7200,80,1,6,2,2,0
1266.84,1,39,25,18,4294,15,16,0,6143,7200,80,1,6,2,2,0
1267.335,1,39,25,18,4294,15,16,0,6143,7200,80,1,6,2,2,0
1267.84,1,39,25,18,4294,15,16,0,6142,7200,80,1,6,2,2,0
1268.343,1,39,25,18,4294,15,16,0,6142,7200,80,1,6,2,2,0
1268.846,1,39,25,18,4294,15,16,0,6141,7200,80,1,6,2,2,0
1269.353,1,39,25,18,4294,15,16,0,6141,7200,80,1,6,2,2,0
1269.854,1,39,25,18,4294,15,16,0,6140,7200,80,1,6,2,2,0
1270.351,1,39,25,18,4294,15,16,0,6140,7200,80,1,6,2,2,0
1270.847,1,39,25,18,4294,15,16,0,6139,7200,80,1,6,2,2,0
1271.333,1,39,25,18,4294,15,16,0,6139,7200,80,1,6,2,2,0
1271.84,1,39,25,18,4294,15,16,0,6138,7200,80,1,6,2,2,0
1272.342,1,39,25,18,4294,15,16,0,6138,7200,80,1,6,2,2,0
1272.855,1,39,25,18,4294,15,16,0,6137,7200,80,1,6,2,2,0
1273.354,1,39,25,18,4294,15,16,0,6137,7200,80,1,6,2,2,0
1273.833,1,39,25,18,4294,15,16,0,6136,7200,80,1,6,2,2,0
1274.342,1,39,25,18,4294,15,16,0,6136,7200,80,1,6,2,2,0
1274.843,1,39,25,18,4294,15,16,0,6135,7200,80,1,6,2,2,0
1275.347,1,39,25,18,4294,15,16,0,6135,7200,80,1,6,2,2,0
1275.856,1,39,25,18,4294,15,16,0,6134,7200,80,1,6,2,2,0
1276.346,1,39,25,18,4294,15,16,0,6134,7200,80,1,6,2,2,0
1276.857,1,39,25,18,4294,15,16,0,6133,7200,80,1,6,2,2,0
1277.354,1,39,25,18,4294,15,16,0,6133,7200,80,1,6,2,2,0
1277.849,1,39,25,18,4294,15,16,0,6132,7200,80,1,6,2,2,0
1278.335,1,39,25,18,4294,15,16,0,6132,7200,80,1,6,2,2,0
1278.843,1,39,25,18,4294,15,16,0,6131,7200,80,1,6,2,2,0
1279.349,1,39,25,18,4294,15,16,0,6131,7200,80,1,6,2,2,0
1279.853,1,39,25,18,4294,15,16,0,6130,7200,80,1,6,2,2,0
1280.344,1,39,25,18,4294,15,16,0,6130,7200,80,1,6,2,2,0
1280.85,1,39,25,18,4294,15,16,0,6129,7200,80,1,6,2,2,0
1281.35,1,39,25,18,4294,15,16,0,6129,7200,80,1,6,2,2,0
1281.839,1,39,25,18,4294,15,16,0,6128,7200,80,1,6,2,2,0
1282.352,1,39,25,18,4294,15,16,0,6128,7200,80,1,6,2,2,0
1282.837,1,39,25,18,4294,15,16,0,6127,7200,80,1,6,2,2,0
1283.357,1,39,25,18,4294,15,16,0,6127,7200,80,1,6,2,2,0
1283.848,1,39,25,18,4294,15,16,0,6126,7200,80,1,6,2,2,0
1284.343,1,39,25,18,4294,15,16,0,6126,7200,80,1,6,2,2,0
1284.847,1,39,25,18,4294,15,16,0,6125,7200,80,1,6,2,2,0
1285.352,1,39,25,18,4294,15,16,0,6125,7200,80,1,6,2,2,0
1285.85,1,39,25,18,4294,15,16,0,6124,7200,80,1,6,2,2,0
1286.334,1,39,25,18,4294,15,16,0,6124,7200,80,1,6,2,2,0
1286.853,1,39,25,18,4294,15,16,0,6123,7200,80,1,6,2,2,0
1287.344,1,39,25,18,4294,15,16,0,6123,7200,80,1,6,2,2,0
1287.835,1,39,25,18,4294,15,16,0,6122,7200,80,1,6,2,2,0
1288.351,1,39,25,18,4294,15,16,0,6122,7200,80,1,6,2,2,0
1288.835,1,39,25,18,4294,15,16,0,6121,7200,80,1,6,2,2,0
1289.356,1,39,25,18,4294,15,16,0,6121,7200,80,1,6,2,2,0
1289.853,1,39,25,18,4294,15,16,0,6120,7200,80,1,6,2,2,0
1290.352,1,39,25,18,4294,15,16,0,6120,7200,80,1,6,2,2,0
1290.84,1,39,25,18,4294,15,16,0,6119,7200,80,1,6,2,2,0
1291.334,1,39,25,18,4294,15,16,0,6119,7200,80,1,6,2,2,0
1291.854,1,39,25,18,4294,15,16,0,6118,7200,80,1,6,2,2,0
1292.333,1,39,25,18,4294,15,16,0,6118,7200,80,1,6,2,2,0
1292.846,1,39,25,18,4294,15,16,0,6117,7200,80,1,6,2,2,0
1293.344,1,39,25,18,4294,15,16,0,6117,7200,80,1,6,2,2,0
1293.837,1,39,25,18,4294,15,16,0,6116,7200,80,1,6,2,2,0
1294.348,1,39,25,18,4294,15,16,0,6116,7200,80,1,6,2,2,0
1294.855,1,39,25,18,4294,15,16,0,6115,7200,80,1,6,2,2,0
1295.35,1,39,25,18,4294,15,16,0,6115,7200,80,1,6,2,2,0
1295.84,1,39,25,18,4294,15,16,0,6114,7200,80,1,6,2,2,0
1296.347,1,39,25,18,4294,15,16,0,6114,7200,80,1,6,2,2,0
1296.838,1,39,25,18,4294,15,16,0,6113,7200,80,1,6,2,2,0
1297.352,1,39,25,18,4294,15,16,0,6113,7200,80,1,6,2,2,0
1297.834,1,39,25,18,4294,15,16,0,6112,7200,80,1,6,2,2,0
1298.336,1,39,25,18,4294,15,16,0,6112,7200,80,1,6,2,2,0
1298.842,1,39,25,18,4294,15,16,0,6111,7200,80,1,6,2,2,0
1299.356,1,39,25,18,4294,15,16,0,6111,7200,80,1,6,2,2,0
1299.847,1,39,25,18,4294,15,16,0,6110,7200,80,1,6,2,2,0
1300.352,1,39,25,18,4294,15,16,0,6110,7200,80,1,6,2,2,0
1300.852,1,39,25,18,4294,15,16,0,6109,7200,80,1,6,2,2,0
1301.333,1,39,25,18,4294,15,16,0,6109,7200,80,1,6,2,2,0
1301.856,1,39,25,18,4294,15,16,0,6108,7200,80,1,6,2,2,0
1302.342,1,39,25,18,4294,15,16,0,6108,7200,80,1,6,2,2,0
1302.845,1,39,25,18,4294,15,16,0,6107,7200,80,1,6,2,2,0
1303.35,1,39,25,18,4294,15,16,0,6107,7200,80,1,6,2,2,0
1303.836,1,39,25,18,4294,15,16,0,6106,7200,80,1,6,2,2,0
1304.339,1,39,25,18,4294,15,16,0,6106,7200,80,1,6,2,2,0
1304.853,1,39,25,18,4294,15,16,0,6105,7200,80,1,6,2,2,0
1305.345,1,39,25,18,4294,15,16,0,6105,7200,80,1,6,2,2,0
1305.842,1,39,25,18,4294,15,16,0,6104,7200,80,1,6,2,2,0
1306.341,1,39,25,18,4294,15,16,0,6104,7200,80,1,6,2,2,0
1306.844,1,39,25,18,4294,15,16,0,6103,7200,80,1,6,2,2,0
1307.338,1,39,25,18,4294,15,16,0,6103,7200,80,1,6,2,2,0
1307.852,1,39,25,18,4294,15,16,0,6102,7200,80,1,6,2,2,0
1308.337,1,39,25,18,4294,15,16,0,6102,7200,80,1,6,2,2,0
1308.853,1,39,25,18,4294,15,16,0,6101,7200,80,1,6,2,2,0
1309.338,1,39,25,18,4294,15,16,0,6101,7200,80,1,6,2,2,0
1309.842,1,39,25,18,4294,15,16,0,6100,7200,80,1,6,2,2,0
1310.337,1,39,25,18,4294,15,16,0,6100,7200,80,1,6,2,2,0
1310.835,1,39,25,18,4294,15,16,0,6099,7200,80,1,6,2,2,0
1311.335,1,39,25,18,4294,15,16,0,6099,7200,80,1,6,2,2,0
1311.854,1,39,25,18,4294,15,16,0,6098,7200,80,1,6,2,2,0
1312.342,1,39,25,18,4294,15,16,0,6098,7200,80,1,6,2,2,0
1312.842,1,39,25,18,4294,15,16,0,6097,7200,80,1,6,2,2,0
1313.336,1,39,25,18,4294,15,16,0,6097,7200,80,1,6,2,2,0
1313.85,1,39,25,18,4294,15,16,0,6096,7200,80,1,6,2,2,0
1314.344,1,39,25,18,4294,15,16,0,6096,7200,80,1,6,2,2,0
1314.833,1,39,25,18,4294,15,16,0,6095,7200,80,1,6,2,2,0
1315.348,1,39,25,18,4294,15,16,0,6095,7200,80,1,6,2,2,0
1315.842,1,39,25,18,4294,15,16,0,6094,7200,80,1,6,2,2,0
1316.335,1,39,25,18,4294,15,16,0,6094,7200,80,1,6,2,2,0
1316.834,1,39,25,18,4294,15,16,0,6093,7200,80,1,6,2,2,0
1317.353,1,39,25,18,4294,15,16,0,6093,7200,80,1,6,2,2,0
1317.842,1,39,25,18,4294,15,16,0,6092,7200,80,1,6,2,2,0
1318.35,1,39,25,18,4294,15,16,0,6092,7200,80,1,6,2,2,0
1318.845,1,39,25,18,4294,15,16,0,6091,7200,80,1,6,2,2,0
1319.351,1,39,25,18,4294,15,16,0,6091,7200,80,1,6,2,2,0
1319.847,1,39,25,18,4294,15,16,0,6090,7200,80,1,6,2,2,0
1320.338,1,39,25,18,4294,15,16,0,6090,7200,80,1,6,2,2,0
1320.851,1,39,25,18,4294,15,16,0,6089,7200,80,1,6,2,2,0
1321.355,1,39,25,18,4294,15,16,0,6089,7200,80,1,6,2,2,0
1321.838,1,39,25,18,4294,15,16,0,6088,7200,80,1,6,2,2,0
1322.353,1,39,25,18,4294,15,16,0,6088,7200,80,1,6,2,2,0
1322.854,1,39,25,18,4294,15,16,0,6087,7200,80,1,6,2,2,0
1323.344,1,39,25,18,4294,15,16,0,6087,7200,80,1,6,2,2,0
1323.854,1,39,25,18,4294,15,16,0,6086,7200,80,1,6,2,2,0
1324.363,1,39,25,18,4294,15,16,0,6086,7200,80,1,6,2,2,0
1324.839,1,39,25,18,4294,15,16,0,6085,7200,80,1,6,2,2,0
1325.341,1,39,25,18,4294,15,16,0,6085,7200,80,1,6,2,2,0
1325.835,1,39,25,18,4294,15,16,0,6084,7200,80,1,6,2,2,0
1326.333,1,39,25,18,4294,15,16,0,6084,7200,80,1,6,2,2,0
1326.851,1,39,25,18,4294,15,16,0,6083,7200,80,1,6,2,2,0
1327.36,1,39,25,18,4294,15,16,0,6083,7200,80,1,6,2,2,0
1327.845,1,39,25,18,4294,15,16,0,6082,7200,80,1,6,2,2,0
1328.351,1,39,25,18,4294,15,16,0,6082,7200,80,1,6,2,2,0
1328.853,1,39,25,18,4294,15,16,0,6081,7200,80,1,6,2,2,0
1329.358,1,39,25,18,4294,15,16,0,6081,7200,80,1,6,2,2,0
1329.849,1,39,25,18,4294,15,16,0,6080,7200,80,1,6,2,2,0
1330.344,1,39,25,18,4294,15,16,0,6080,7200,80,1,6,2,2,0
1330.857,1,39,25,18,4294,15,16,0,6079,7200,80,1,6,2,2,0
1331.353,1,39,25,18,4294,15,16,0,6079,7200,80,1,6,2,2,0
1331.854,1,39,25,18,4294,15,16,0,6078,7200,80,1,6,2,2,0
1332.354,1,39,25,18,4294,15,16,0,6078,7200,80,1,6,2,2,0
1332.835,1,39,25,18,4294,15,16,0,6077,7200,80,1,6,2,2,0
1333.353,1,39,25,18,4294,15,16,0,6077,7200,80,1,6,2,2,0
1333.842,1,39,25,18,4294,15,16,0,6076,7200,80,1,6,2,2,0
1334.353,1,39,25,18,4294,15,16,0,6076,7200,80,1,6,2,2,0
1334.843,1,39,25,18,4294,15,16,0,6075,7200,80,1,6,2,2,0
1335.349,1,39,25,18,4294,15,16,0,6075,7200,80,1,6,2,2,0
1335.837,1,39,25,18,4294,15,16,0,6074,7200,80,1,6,2,2,0
1336.345,1,39,25,18,4294,15,16,0,6074,7200,80,1,6,2,2,0
1336.85,1,39,25,18,4294,15,16,0,6073,7200,80,1,6,2,2,0
1337.354,1,39,25,18,4294,15,16,0,6073,7200,80,1,6,2,2,0
1337.853,1,39,25,18,4294,15,16,0,6072,7200,80,1,6,2,2,0
1338.338,1,39,25,18,4294,15,16,0,6072,7200,80,1,6,2,2,0
1338.833,1,39,25,18,4294,15,16,0,6071,7200,80,1,6,2,2,0
1339.341,1,39,25,18,4294,15,16,0,6071,7200,80,1,6,2,2,0
1339.837,1,39,25,18,4294,15,16,0,6070,7200,80,1,6,2,2,0
1340.34,1,39,25,18,4294,15,16,0,6070,7200,80,1,6,2,2,0
1340.855,1,39,25,18,4294,15,16,0,6069,7200,80,1,6,2,2,0
1341.344,1,39,25,18,4294,15,16,0,6069,7200,80,1,6,2,2,0
1341.852,1,39,25,18,4294,15,16,0,6068,7200,80,1,6,2,2,0
1342.345,1,39,25,18,4294,15,16,0,6068,7200,80,1,6,2,2,0
1342.849,1,39,25,18,4294,15,16,0,6067,7200,80,1,6,2,2,0
1343.341,1,39,25,18,4294,15,16,0,6067,7200,80,1,6,2,2,0
1343.84,1,39,25,18,4294,15,16,0,6066,7200,80,1,6,2,2,0
1344.358,1,39,25,18,4294,15,16,0,6066,7200,80,1,6,2,2,0
1344.845,1,39,25,18,4294,15,16,0,6065,7200,80,1,6,2,2,0
1345.336,1,39,25,18,4294,15,16,0,6065,7200,80,1,6,2,2,0
1345.851,1,39,25,18,4294,15,16,0,6064,7200,80,1,6,2,2,0
1346.354,1,39,25,18,4294,15,16,0,6064,7200,80,1,6,2,2,0
1346.833,1,39,25,18,4294,15,16,0,6063,7200,80,1,6,2,2,0
1347.34,1,39,25,18,4294,15,16,0,6063,7200,80,1,6,2,2,0
1347.845,1,39,25,18,4294,15,16,0,6062,7200,80,1,6,2,2,0
1348.345,1,39,25,18,4294,15,16,0,6062,7200,80,1,6,2,2,0
1348.848,1,39,25,18,4294,15,16,0,6061,7200,80,1,6,2,2,0
1349.333,1,39,25,18,4294,15,16,0,6061,7200,80,1,6,2,2,0
1349.839,1,39,25,18,4294,15,16,0,6060,7200,80,1,6,2,2,0
1350.335,1,39,25,18,4294,15,16,0,6060,7200,80,1,6,2,2,0
1350.847,1,39,25,18,4294,15,16,0,6059,7200,80,1,6,2,2,0
1351.353,1,39,25,18,4294,15,16,0,6059,7200,80,1,6,2,2,0
1351.841,1,39,25,18,4294,15,16,0,6058,7200,80,1,6,2,2,0
1352.348,1,39,25,18,4294,15,16,0,6058,7200,80,1,6,2,2,0
1352.85,1,39,25,18,4294,15,16,0,6057,7200,80,1,6,2,2,0
1353.34,1,39,25,18,4294,15,16,0,6057,7200,80,1,6,2,2,0
1353.852,1,39,25,18,4294,15,16,0,6056,7200,80,1,6,2,2,0
1354.348,1,39,25,18,4294,15,16,0,6056,7200,80,1,6,2,2,0
1354.857,1,39,25,18,4294,15,16,0,6055,7200,80,1,6,2,2,0
1355.35,1,39,25,18,4294,15,16,0,6055,7200,80,1,6,2,2,0
1355.854,1,39,25,18,4294,15,16,0,6054,7200,80,1,6,2,2,0
1356.344,1,39,25,18,4294,15,16,0,6054,7200,80,1,6,2,2,0
1356.853,1,39,25,18,4294,15,16,0,6053,7200,80,1,6,2,2,0
1357.349,1,39,25,18,4294,15,16,0,6053,7200,80,1,6,2,2,0
1357.85,1,39,25,18,4294,15,16,0,6052,7200,80,1,6,2,2,0
1358.349,1,39,25,18,4294,15,16,0,6052,7200,80,1,6,2,2,0
1358.852,1,39,25,18,4294,15,16,0,6051,7200,80,1,6,2,2,0
1359.335,1,39,25,18,4294,15,16,0,6051,7200,80,1,6,2,2,0
1359.833,1,39,25,18,4294,15,16,0,6050,7200,80,1,6,2,2,0
1360.352,1,39,25,18,4294,15,16,0,6050,7200,80,1,6,2,2,0
1360.843,1,39,25,18,4294,15,16,0,6049,7200,80,1,6,2,2,0
1361.347,1,39,25,18,4294,15,16,0,6049,7200,80,1,6,2,2,0
1361.839,1,39,25,18,4294,15,16,0,6048,7200,80,1,6,2,2,0
1362.338,1,39,25,18,4294,15,16,0,6048,7200,80,1,6,2,2,0
1362.837,1,39,25,18,4294,15,16,0,6047,7200,80,1,6,2,2,0
1363.355,1,39,25,18,4294,15,16,0,6047,7200,80,1,6,2,2,0
1363.839,1,39,25,18,4294,15,16,0,6046,7200,80,1,6,2,2,0
1364.354,1,39,25,18,4294,15,16,0,6046,7200,80,1,6,2,2,0
1364.843,1,39,25,18,4294,15,16,0,6045,7200,80,1,6,2,2,0
1365.34,1,39,25,18,4294,15,16,0,6045,7200,80,1,6,2,2,0
1365.844,1,39,25,18,4294,15,16,0,6044,7200,80,1,6,2,2,0
1366.356,1,39,25,18,4294,15,16,0,6044,7200,80,1,6,2,2,0
1366.845,1,39,25,18,4294,15,16,0,6043,7200,80,1,6,2,2,0
1367.334,1,39,25,18,4294,15,16,0,6043,7200,80,1,6,2,2,0
1367.851,1,39,25,18,4294,15,16,0,6042,7200,80,1,6,2,2,0
1368.35,1,39,25,18,4294,15,16,0,6042,7200,80,1,6,2,2,0
1368.84,1,39,25,18,4294,15,16,0,6041,7200,80,1,6,2,2,0
1369.353,1,39,25,18,4294,15,16,0,6041,7200,80,1,6,2,2,0
1369.854,1,39,25,18,4294,15,16,0,6040,7200,80,1,6,2,2,0
1370.344,1,39,25,18,4294,15,16,0,6040,7200,80,1,6,2,2,0
1370.842,1,39,25,18,4294,15,16,0,6039,7200,80,1,6,2,2,0
1371.348,1,39,25,18,4294,15,16,0,6039,7200,80,1,6,2,2,0
1371.851,1,39,25,18,4294,15,16,0,6038,7200,80,1,6,2,2,0
1372.344,1,39,25,18,4294,15,16,0,6038,7200,80,1,6,2,2,0
1372.833,1,39,25,18,4294,15,16,0,6037,7200,80,1,6,2,2,0
1373.341,1,39,25,18,4294,15,16,0,6037,7200,80,1,6,2,2,0
1373.837,1,39,25,18,4294,15,16,0,6036,7200,80,1,6,2,2,0
1374.356,1,39,25,18,4294,15,16,0,6036,7200,80,1,6,2,2,0
1374.848,1,39,25,18,4294,15,16,0,6035,7200,80,1,6,2,2,0
1375.353,1,39,25,18,4294,15,16,0,6035,7200,80,1,6,2,2,0
1375.844,1,39,25,18,4294,15,16,0,6034,7200,80,1,6,2,2,0
1376.336,1,39,25,18,4294,15,16,0,6034,7200,80,1,6,2,2,0
1376.853,1,39,25,18,4294,15,16,0,6033,7200,80,1,6,2,2,0
1377.336,1,39,25,18,4294,15,16,0,6033,7200,80,1,6,2,2,0
1377.846,1,39,25,18,4294,15,16,0,6032,7200,80,1,6,2,2,0
1378.354,1,39,25,18,4294,15,16,0,6032,7200,80,1,6,2,2,0
1378.844,1,39,25,18,4294,15,16,0,6031,7200,80,1,6,2,2,0
1379.348,1,39,25,18,4294,15,16,0,6031,7200,80,1,6,2,2,0
1379.836,1,39,25,18,4294,15,16,0,6030,7200,80,1,6,2,2,0
1380.334,1,39,25,18,4294,15,16,0,6030,7200,80,1,6,2,2,0
1380.844,1,39,25,18,4294,15,16,0,6029,7200,80,1,6,2,2,0
1381.336,1,39,25,18,4294,15,16,0,6029,7200,80,1,6,2,2,0
1381.846,1,39,25,18,4294,15,16,0,6028,7200,80,1,6,2,2,0
1382.345,1,39,25,18,4294,15,16,0,6028,7200,80,1,6,2,2,0
1382.849,1,39,25,18,4294,15,16,0,6027,7200,80,1,6,2,2,0
1383.337,1,39,25,18,4294,15,16,0,6027,7200,80,1,6,2,2,0
1383.838,1,39,25,18,4294,15,16,0,6026,7200,80,1,6,2,2,0
1384.339,1,39,25,18,4294,15,16,0,6026,7200,80,1,6,2,2,0
1384.837,1,39,25,18,4294,15,16,0,6025,7200,80,1,6,2,2,0
1385.353,1,39,25,18,4294,15,16,0,6025,7200,80,1,6,2,2,0
1385.851,1,39,25,18,4294,15,16,0,6024,7200,80,1,6,2,2,0
1386.35,1,39,25,18,4294,15,16,0,6024,7200,80,1,6,2,2,0
1386.848,1,39,25,18,4294,15,16,0,6023,7200,80,1,6,2,2,0
1387.339,1,39,25,18,4294,15,16,0,6023,7200,80,1,6,2,2,0
1387.85,1,39,25,18,4294,15,16,0,6022,7200,80,1,6,2,2,0
1388.342,1,39,25,18,4294,15,16,0,6022,7200,80,1,6,2,2,0
1388.835,1,39,25,18,4294,15,16,0,6021,7200,80,1,6,2,2,0
1389.34,1,39,25,18,4294,15,16,0,6021,7200,80,1,6,2,2,0
1389.845,1,39,25,18,4294,15,16,0,6020,7200,80,1,6,2,2,0
1390.343,1,39,25,18,4294,15,16,0,6020,7200,80,1,6,2,2,0
1390.841,1,39,25,18,4294,15,16,0,6019,7200,80,1,6,2,2,0
1391.333,1,39,25,18,4294,15,16,0,6019,7200,80,1,6,2,2,0
1391.844,1,39,25,18,4294,15,16,0,6018,7200,80,1,6,2,2,0
1392.352,1,39,25,18,4294,15,16,0,6018,7200,80,1,6,2,2,0
1392.846,1,39,25,18,4294,15,16,0,6017,7200,80,1,6,2,2,0
1393.348,1,39,25,18,4294,15,16,0,6017,7200,80,1,6,2,2,0
1393.839,1,39,25,18,4294,15,16,0,6016,7200,80,1,6,2,2,0
1394.336,1,39,25,18,4294,15,16,0,6016,7200,80,1,6,2,2,0
1394.85,1,39,25,18,4294,15,16,0,6015,7200,80,1,6,2,2,0
1395.335,1,39,25,18,4294,15,16,0,6015,7200,80,1,6,2,2,0
1395.843,1,39,25,18,4294,15,16,0,6014,7200,80,1,6,2,2,0
1396.341,1,39,25,18,4294,15,16,0,6014,7200,80,1,6,2,2,0
1396.842,1,39,25,18,4294,15,16,0,6013,7200,80,1,6,2,2,0
1397.357,1,39,25,18,4294,15,16,0,6013,7200,80,1,6,2,2,0
1397.863,1,39,25,18,4294,15,16,0,6012,7200,80,1,6,2,2,0
1398.355,1,39,25,18,4294,15,16,0,6012,7200,80,1,6,2,2,0
1398.86,1,39,25,18,4294,15,16,0,6011,7200,80,1,6,2,2,0
1399.348,1,39,25,18,4294,15,16,0,6011,7200,80,1,6,2,2,0
1399.841,1,39,25,18,4294,15,16,0,6010,7200,80,1,6,2,2,0
1400.345,1,39,25,18,4294,15,16,0,6010,7200,80,1,6,2,2,0
1400.841,1,39,25,18,4294,15,16,0,6009,7200,80,1,6,2,2,0
1401.341,1,39,25,18,4294,15,16,0,6009,7200,80,1,6,2,2,0
1401.849,1,39,25,18,4294,15,16,0,6008,7200,80,1,6,2,2,0
1402.347,1,39,25,18,4294,15,16,0,6008,7200,80,1,6,2,2,0
1402.86,1,39,25,18,4294,15,16,0,6007,7200,80,1,6,2,2,0
1403.335,1,39,25,18,4294,15,16,0,6007,7200,80,1,6,2,2,0
1403.845,1,39,25,18,4294,15,16,0,6006,7200,80,1,6,2,2,0
1404.338,1,39,25,18,4294,15,16,0,6006,7200,80,1,6,2,2,0
1404.858,1,39,25,18,4294,15,16,0,6005,7200,80,1,6,2,2,0
1405.35,1,39,25,18,4294,15,16,0,6005,7200,80,1,6,2,2,0
1405.843,1,39,25,18,4294,15,16,0,6004,7200,80,1,6,2,2,0
1406.341,1,39,25,18,4294,15,16,0,6004,7200,80,1,6,2,2,0
1406.835,1,39,25,18,4294,15,16,0,6003,7200,80,1,6,2,2,0
1407.346,1,39,25,18,4294,15,16,0,6003,7200,80,1,6,2,2,0
1407.845,1,39,25,18,4294,15,16,0,6002,7200,80,1,6,2,2,0
1408.349,1,39,25,18,4294,15,16,0,6002,7200,80,1,6,2,2,0
1408.836,1,39,25,18,4294,15,16,0,6001,7200,80,1,6,2,2,0
1409.339,1,39,25,18,4294,15,16,0,6001,7200,80,1,6,2,2,0
1409.843,1,39,25,18,4294,15,16,0,6000,7200,80,1,6,2,2,0
1410.354,1,39,25,18,4294,15,16,0,6000,7200,80,1,6,2,2,0
1410.85,1,39,25,18,4294,15,16,0,5999,7200,80,1,6,2,2,0
1411.35,1,39,25,18,4294,15,16,0,5999,7200,80,1,6,2,2,0
1411.837,1,39,25,18,4294,15,16,0,5998,7200,80,1,6,2,2,0
1412.333,1,39,25,18,4294,15,16,0,5998,7200,80,1,6,2,2,0
1412.84,1,39,25,18,4294,15,16,0,5997,7200,80,1,6,2,2,0
1413.343,1,39,25,18,4294,15,16,0,5997,7200,80,1,6,2,2,0
1413.846,1,39,25,18,4294,15,16,0,5996,7200,80,1,6,2,2,0
1414.34,1,39,25,18,4294,15,16,0,5996,7200,80,1,6,2,2,0
1414.854,1,39,25,18,4294,15,16,0,5995,7200,80,1,6,2,2,0
1415.346,1,39,25,18,4294,15,16,0,5995,7200,80,1,6,2,2,0
1415.835,1,39,25,18,4294,15,16,0,5994,7200,80,1,6,2,2,0
1416.359,1,39,25,18,4294,15,16,0,5994,7200,80,1,6,2,2,0
1416.833,1,39,25,18,4294,15,16,0,5993,7200,80,1,6,2,2,0
1417.335,1,39,25,18,4294,15,16,0,5993,7200,80,1,6,2,2,0
1417.849,1,39,25,18,4294,15,16,0,5992,7200,80,1,6,2,2,0
1418.341,1,39,25,18,4294,15,16,0,5992,7200,80,1,6,2,2,0
1418.85,1,39,25,18,4294,15,16,0,5991,7200,80,1,6,2,2,0
1419.353,1,39,25,18,4294,15,16,0,5991,7200,80,1,6,2,2,0
1419.847,1,39,25,18,4294,15,16,0,5990,7200,80,1,6,2,2,0
1420.34,1,39,25,18,4294,15,16,0,5990,7200,80,1,6,2,2,0
1420.845,1,39,25,18,4294,15,16,0,5989,7200,80,1,6,2,2,0
1421.343,1,39,25,18,4294,15,16,0,5989,7200,80,1,6,2,2,0
1421.839,1,39,25,18,4294,15,16,0,5988,7200,80,1,6,2,2,0
1422.352,1,39,25,18,4294,15,16,0,5988,7200,80,1,6,2,2,0
1422.847,1,39,25,18,4294,15,16,0,5987,7200,80,1,6,2,2,0
1423.35,1,39,25,18,4294,15,16,0,5987,7200,80,1,6,2,2,0
1423.845,1,39,25,18,4294,15,16,0,5986,7200,80,1,6,2,2,0
1424.333,1,39,25,18,4294,15,16,0,5986,7200,80,1,6,2,2,0
1424.847,1,39,25,18,4294,15,16,0,5985,7200,80,1,6,2,2,0
1425.344,1,39,25,18,4294,15,16,0,5985,7200,80,1,6,2,2,0
1425.836,1,39,25,18,4294,15,16,0,5984,7200,80,1,6,2,2,0
1426.337,1,39,25,18,4294,15,16,0,5984,7200,80,1,6,2,2,0
1426.837,1,39,25,18,4294,15,16,0,5983,7200,80,1,6,2,2,0
1427.341,1,39,25,18,4294,15,16,0,5983,7200,80,1,6,2,2,0
1427.836,1,39,25,18,4294,15,16,0,5982,7200,80,1,6,2,2,0
1428.338,1,39,25,18,4294,15,16,0,5982,7200,80,1,6,2,2,0
1428.851,1,39,25,18,4294,15,16,0,5981,7200,80,1,6,2,2,0
1429.356,1,39,25,18,4294,15,16,0,5981,7200,80,1,6,2,2,0
1429.847,1,39,25,18,4294,15,16,0,5980,7200,80,1,6,2,2,0
1430.335,1,39,25,18,4294,15,16,0,5980,7200,80,1,6,2,2,0
1430.844,1,39,25,18,4294,15,16,0,5979,7200,80,1,6,2,2,0
1431.334,1,39,25,18,4294,15,16,0,5979,7200,80,1,6,2,2,0
1431.853,1,39,25,18,4294,15,16,0,5978,7200,80,1,6,2,2,0
1432.333,1,39,25,18,4294,15,16,0,5978,7200,80,1,6,2,2,0
1432.836,1,39,25,18,4294,15,16,0,5977,7200,80,1,6,2,2,0
1433.357,1,39,25,18,4294,15,16,0,5977,7200,80,1,6,2,2,0
1433.843,1,39,25,18,4294,15,16,0,5976,7200,80,1,6,2,2,0
1434.344,1,39,25,18,4294,15,16,0,5976,7200,80,1,6,2,2,0
1434.851,1,39,25,18,4294,15,16,0,5975,7200,80,1,6,2,2,0
1435.349,1,39,25,18,4294,15,16,0,5975,7200,80,1,6,2,2,0
1435.851,1,39,25,18,4294,15,16,0,5974,7200,80,1,6,2,2,0
1436.343,1,39,25,18,4294,15,16,0,5974,7200,80,1,6,2,2,0
1436.844,1,39,25,18,4294,15,16,0,5973,7200,80,1,6,2,2,0
1437.355,1,39,25,18,4294,15,16,0,5973,7200,80,1,6,2,2,0
1437.833,1,39,25,18,4294,15,16,0,5972,7200,80,1,6,2,2,0
1438.342,1,39,25,18,4294,15,16,0,5972,7200,80,1,6,2,2,0
1438.843,1,39,25,18,4294,15,16,0,5971,7200,80,1,6,2,2,0
1439.338,1,39,25,18,4294,15,16,0,5971,7200,80,1,6,2,2,0
1439.834,1,39,25,18,4294,15,16,0,5970,7200,80,1,6,2,2,0
1440.342,1,39,25,18,4294,15,16,0,5970,7200,80,1,6,2,2,0
1440.837,1,39,25,18,4294,15,16,0,5969,7200,80,1,6,2,2,0
1441.347,1,39,25,18,4294,15,16,0,5969,7200,80,1,6,2,2,0
1441.849,1,39,25,18,4294,15,16,0,5968,7200,80,1,6,2,2,0
1442.342,1,39,25,18,4294,15,16,0,5968,7200,80,1,6,2,2,0
1442.845,1,39,25,18,4294,15,16,0,5967,7200,80,1,6,2,2,0
1443.345,1,39,25,18,4294,15,16,0,5967,7200,80,1,6,2,2,0
1443.834,1,39,25,18,4294,15,16,0,5966,7200,80,1,6,2,2,0
1444.352,1,39,25,18,4294,15,16,0,5966,7200,80,1,6,2,2,0
1444.836,1,39,25,18,4294,15,16,0,5965,7200,80,1,6,2,2,0
1445.335,1,39,25,18,4294,15,16,0,5965,7200,80,1,6,2,2,0
1445.833,1,39,25,18,4294,15,16,0,5964,7200,80,1,6,2,2,0
1446.346,1,39,25,18,4294,15,16,0,5964,7200,80,1,6,2,2,0
1446.853,1,39,25,18,4294,15,16,0,5963,7200,80,1,6,2,2,0
1447.344,1,39,25,18,4294,15,16,0,5963,7200,80,1,6,2,2,0
1447.858,1,39,25,18,4294,15,16,0,5962,7200,80,1,6,2,2,0
1448.348,1,39,25,18,4294,15,16,0,5962,7200,80,1,6,2,2,0
1448.858,1,39,25,18,4294,15,16,0,5961,7200,80,1,6,2,2,0
1449.341,1,39,25,18,4294,15,16,0,5961,7200,80,1,6,2,2,0
1449.838,1,39,25,18,4294,15,16,0,5960,7200,80,1,6,2,2,0
1450.359,1,39,25,18,4294,15,16,0,5960,7200,80,1,6,2,2,0
1450.834,1,39,25,18,4294,15,16,0,5959,7200,80,1,6,2,2,0
1451.35,1,39,25,18,4294,15,16,0,5959,7200,80,1,6,2,2,0
1451.841,1,39,25,18,4294,15,16,0,5958,7200,80,1,6,2,2,0
1452.334,1,39,25,18,4294,15,16,0,5958,7200,80,1,6,2,2,0
1452.835,1,39,25,18,4294,15,16,0,5957,7200,80,1,6,2,2,0
1453.337,1,39,25,18,4294,15,16,0,5957,7200,80,1,6,2,2,0
1453.855,1,39,25,18,4294,15,16,0,5956,7200,80,1,6,2,2,0
1454.352,1,39,25,18,4294,15,16,0,5956,7200,80,1,6,2,2,0
1454.839,1,39,25,18,4294,15,16,0,5955,7200,80,1,6,2,2,0
1455.347,1,39,25,18,4294,15,16,0,5955,7200,80,1,6,2,2,0
1455.841,1,39,25,18,4294,15,16,0,5954,7200,80,1,6,2,2,0
1456.355,1,39,25,18,4294,15,16,0,5954,7200,80,1,6,2,2,0
1456.836,1,39,25,18,4294,15,16,0,5953,7200,80,1,6,2,2,0
1457.346,1,39,25,18,4294,15,16,0,5953,7200,80,1,6,2,2,0
1457.851,1,39,25,18,4294,15,16,0,5952,7200,80,1,6,2,2,0
1458.339,1,39,25,18,4294,15,16,0,5952,7200,80,1,6,2,2,0
1458.835,1,39,25,18,4294,15,16,0,5951,7200,80,1,6,2,2,0
1459.342,1,39,25,18,4294,15,16,0,5951,7200,80,1,6,2,2,0
1459.85,1,39,25,18,4294,15,16,0,5950,7200,80,1,6,2,2,0
1460.338,1,39,25,18,4294,15,16,0,5950,7200,80,1,6,2,2,0
1460.833,1,39,25,18,4294,15,16,0,5949,7200,80,1,6,2,2,0
1461.353,1,39,25,18,4294,15,16,0,5949,7200,80,1,6,2,2,0
1461.855,1,39,25,18,4294,15,16,0,5948,7200,80,1,6,2,2,0
1462.342,1,39,25,18,4294,15,16,0,5948,7200,80,1,6,2,2,0
1462.845,1,39,25,18,4294,15,16,0,5947,7200,80,1,6,2,2,0
1463.354,1,39,25,18,4294,15,16,0,5947,7200,80,1,6,2,2,0
1463.841,1,39,25,18,4294,15,16,0,5946,7200,80,1,6,2,2,0
1464.338,1,39,25,18,4294,15,16,0,5946,7200,80,1,6,2,2,0
1464.848,1,39,25,18,4294,15,16,0,5945,7200,80,1,6,2,2,0
1465.348,1,39,25,18,4294,15,16,0,5945,7200,80,1,6,2,2,0
1465.84,1,39,25,18,4294,15,16,0,5944,7200,80,1,6,2,2,0
1466.342,1,39,25,18,4294,15,16,0,5944,7200,80,1,6,2,2,0
1466.841,1,39,25,18,4294,15,16,0,5943,7200,80,1,6,2,2,0
1467.335,1,39,25,18,4294,15,16,0,5943,7200,80,1,6,2,2,0
1467.853,1,39,25,18,4294,15,16,0,5942,7200,80,1,6,2,2,0
1468.353,1,39,25,18,4294,15,16,0,5942,7200,80,1,6,2,2,0
1468.849,1,39,25,18,4294,15,16,0,5941,7200,80,1,6,2,2,0
1469.351,1,39,25,18,4294,15,16,0,5941,7200,80,1,6,2,2,0
1469.857,1,39,25,18,4294,15,16,0,5940,7200,80,1,6,2,2,0
1470.333,1,39,25,18,4294,15,16,0,5940,7200,80,1,6,2,2,0
1470.856,1,39,25,18,4294,15,16,0,5939,7200,80,1,6,2,2,0
1471.364,1,39,25,18,4294,15,16,0,5939,7200,80,1,6,2,2,0
1471.853,1,39,25,18,4294,15,16,0,5938,7200,80,1,6,2,2,0
1472.334,1,39,25,18,4294,15,16,0,5938,7200,80,1,6,2,2,0
1472.855,1,39,25,18,4294,15,16,0,5937,7200,80,1,6,2,2,0
1473.346,1,39,25,18,4294,15,16,0,5937,7200,80,1,6,2,2,0
1473.848,1,39,25,18,4294,15,16,0,5936,7200,80,1,6,2,2,0
1474.336,1,39,25,18,4294,15,16,0,5936,7200,80,1,6,2,2,0
1474.834,1,39,25,18,4294,15,16,0,5935,7200,80,1,6,2,2,0
1475.343,1,39,25,18,4294,15,16,0,5935,7200,80,1,6,2,2,0
1475.842,1,39,25,18,4294,15,16,0,5934,7200,80,1,6,2,2,0
1476.346,1,39,25,18,4294,15,16,0,5934,7200,80,1,6,2,2,0
1476.852,1,39,25,18,4294,15,16,0,5933,7200,80,1,6,2,2,0
1477.35,1,39,25,18,4294,15,16,0,5933,7200,80,1,6,2,2,0
1477.845,1,39,25,18,4294,15,16,0,5932,7200,80,1,6,2,2,0
1478.362,1,39,25,18,4294,15,16,0,5932,7200,80,1,6,2,2,0
1478.854,1,39,25,18,4294,15,16,0,5931,7200,80,1,6,2,2,0
1479.347,1,39,25,18,4294,15,16,0,5931,7200,80,1,6,2,2,0
1479.844,1,39,25,18,4294,15,16,0,5930,7200,80,1,6,2,2,0
1480.339,1,39,25,18,4294,15,16,0,5930,7200,80,1,6,2,2,0
1480.838,1,39,25,18,4294,15,16,0,5929,7200,80,1,6,2,2,0
1481.345,1,39,25,18,4294,15,16,0,5929,7200,80,1,6,2,2,0
1481.851,1,39,25,18,4294,15,16,0,5928,7200,80,1,6,2,2,0
1482.335,1,39,25,18,4294,15,16,0,5928,7200,80,1,6,2,2,0
1482.852,1,39,25,18,4294,15,16,0,5927,7200,80,1,6,2,2,0
1483.355,1,39,25,18,4294,15,16,0,5927,7200,80,1,6,2,2,0
1483.844,1,39,25,18,4294,15,16,0,5926,7200,80,1,6,2,2,0
1484.337,1,39,25,18,4294,15,16,0,5926,7200,80,1,6,2,2,0
1484.837,1,39,25,18,4294,15,16,0,5925,7200,80,1,6,2,2,0
1485.345,1,39,25,18,4294,15,16,0,5925,7200,80,1,6,2,2,0
1485.84,1,39,25,18,4294,15,16,0,5924,7200,80,1,6,2,2,0
1486.343,1,39,25,18,4294,15,16,0,5924,7200,80,1,6,2,2,0
1486.846,1,39,25,18,4294,15,16,0,5923,7200,80,1,6,2,2,0
1487.346,1,39,25,18,4294,15,16,0,5923,7200,80,1,6,2,2,0
1487.844,1,39,25,18,4294,15,16,0,5922,7200,80,1,6,2,2,0
1488.356,1,39,25,18,4294,15,16,0,5922,7200,80,1,6,2,2,0
1488.853,1,39,25,18,4294,15,16,0,5921,7200,80,1,6,2,2,0
1489.341,1,39,25,18,4294,15,16,0,5921,7200,80,1,6,2,2,0
1489.837,1,39,25,18,4294,15,16,0,5920,7200,80,1,6,2,2,0
1490.335,1,39,25,18,4294,15,16,0,5920,7200,80,1,6,2,2,0
1490.843,1,39,25,18,4294,15,16,0,5919,7200,80,1,6,2,2,0
1491.353,1,39,25,18,4294,15,16,0,5919,7200,80,1,6,2,2,0
1491.842,1,39,25,18,4294,15,16,0,5918,7200,80,1,6,2,2,0
1492.352,1,39,25,18,4294,15,16,0,5918,7200,80,1,6,2,2,0
1492.854,1,39,25,18,4294,15,16,0,5917,7200,80,1,6,2,2,0
1493.343,1,39,25,18,4294,15,16,0,5917,7200,80,1,6,2,2,0
1493.857,1,39,25,18,4294,15,16,0,5916,7200,80,1,6,2,2,0
1494.356,1,39,25,18,4294,15,16,0,5916,7200,80,1,6,2,2,0
1494.855,1,39,25,18,4294,15,16,0,5915,7200,80,1,6,2,2,0
1495.35,1,39,25,18,4294,15,16,0,5915,7200,80,1,6,2,2,0
1495.857,1,39,25,18,4294,15,16,0,5914,7200,80,1,6,2,2,0
1496.354,1,39,25,18,4294,15,16,0,5914,7200,80,1,6,2,2,0
1496.849,1,39,25,18,4294,15,16,0,5913,7200,80,1,6,2,2,0
1497.335,1,39,25,18,4294,15,16,0,5913,7200,80,1,6,2,2,0
1497.85,1,39,25,18,4294,15,16,0,5912,7200,80,1,6,2,2,0
1498.334,1,39,25,18,4294,15,16,0,5912,7200,80,1,6,2,2,0
1498.833,1,39,25,18,4294,15,16,0,5911,7200,80,1,6,2,2,0
1499.336,1,39,25,18,4294,15,16,0,5911,7200,80,1,6,2,2,0
1499.843,1,39,25,18,4294,15,16,0,5910,7200,80,1,6,2,2,0
1500.338,1,39,25,18,4294,15,16,0,5910,7200,80,1,6,2,2,0
1500.843,1,39,25,18,4294,15,16,0,5909,7200,80,1,6,2,2,0
1501.339,1,39,25,18,4294,15,16,0,5909,7200,80,1,6,2,2,0
1501.843,1,39,25,18,4294,15,16,0,5908,7200,80,1,6,2,2,0
1502.333,1,39,25,18,4294,15,16,0,5908,7200,80,1,6,2,2,0
1502.837,1,39,25,18,4294,15,16,0,5907,7200,80,1,6,2,2,0
1503.334,1,39,25,18,4294,15,16,0,5907,7200,80,1,6,2,2,0
1503.836,1,39,25,18,4294,15,16,0,5906,7200,80,1,6,2,2,0
1504.333,1,39,25,18,4294,15,16,0,5906,7200,80,1,6,2,2,0
1504.839,1,39,25,18,4294,15,16,0,5905,7200,80,1,6,2,2,0
1505.341,1,39,25,18,4294,15,16,0,5905,7200,80,1,6,2,2,0
1505.852,1,39,25,18,4294,15,16,0,5904,7200,80,1,6,2,2,0
1506.345,1,39,25,18,4294,15,16,0,5904,7200,80,1,6,2,2,0
1506.845,1,39,25,18,4294,15,16,0,5903,7200,80,1,6,2,2,0
1507.352,1,39,25,18,4294,15,16,0,5903,7200,80,1,6,2,2,0
1507.834,1,39,25,18,4294,15,16,0,5902,7200,80,1,6,2,2,0
1508.356,1,39,25,18,4294,15,16,0,5902,7200,80,1,6,2,2,0
1508.856,1,39,25,18,4294,15,16,0,5901,7200,80,1,6,2,2,0
1509.341,1,39,25,18,4294,15,16,0,5901,7200,80,1,6,2,2,0
1509.841,1,39,25,18,4294,15,16,0,5900,7200,80,1,6,2,2,0
1510.335,1,39,25,18,4294,15,16,0,5900,7200,80,1,6,2,2,0
1510.844,1,39,25,18,4294,15,16,0,5899,7200,80,1,6,2,2,0
1511.336,1,39,25,18,4294,15,16,0,5899,7200,80,1,6,2,2,0
1511.85,1,39,25,18,4294,15,16,0,5898,7200,80,1,6,2,2,0
1512.348,1,39,25,18,4294,15,16,0,5898,7200,80,1,6,2,2,0
1512.845,1,39,25,18,4294,15,16,0,5897,7200,80,1,6,2,2,0
1513.339,1,39,25,18,4294,15,16,0,5897,7200,80,1,6,2,2,0
1513.85,1,39,25,18,4294,15,16,0,5896,7200,80,1,6,2,2,0
1514.344,1,39,25,18,4294,15,16,0,5896,7200,80,1,6,2,2,0
1514.833,1,39,25,18,4294,15,16,0,5895,7200,80,1,6,2,2,0
1515.345,1,39,25,18,4294,15,16,0,5895,7200,80,1,6,2,2,0
1515.837,1,39,25,18,4294,15,16,0,5894,7200,80,1,6,2,2,0
1516.345,1,39,25,18,4294,15,16,0,5894,7200,80,1,6,2,2,0
1516.855,1,39,25,18,4294,15,16,0,5893,7200,80,1,6,2,2,0
1517.343,1,39,25,18,4294,15,16,0,5893,7200,80,1,6,2,2,0
1517.841,1,39,25,18,4294,15,16,0,5892,7200,80,1,6,2,2,0
1518.344,1,39,25,18,4294,15,16,0,5892,7200,80,1,6,2,2,0
1518.849,1,39,25,18,4294,15,16,0,5891,7200,80,1,6,2,2,0
1519.357,1,39,25,18,4294,15,16,0,5891,7200,80,1,6,2,2,0
1519.849,1,39,25,18,4294,15,16,0,5890,7200,80,1,6,2,2,0
1520.351,1,39,25,18,4294,15,16,0,5890,7200,80,1,6,2,2,0
1520.852,1,39,25,18,4294,15,16,0,5889,7200,80,1,6,2,2,0
1521.354,1,39,25,18,4294,15,16,0,5889,7200,80,1,6,2,2,0
1521.843,1,39,25,18,4294,15,16,0,5888,7200,80,1,6,2,2,0
1522.353,1,39,25,18,4294,15,16,0,5888,7200,80,1,6,2,2,0
1522.846,1,39,25,18,4294,15,16,0,5887,7200,80,1,6,2,2,0
1523.341,1,39,25,18,4294,15,16,0,5887,7200,80,1,6,2,2,0
1523.841,1,39,25,18,4294,15,16,0,5886,7200,80,1,6,2,2,0
1524.34,1,39,25,18,4294,15,16,0,5886,7200,80,1,6,2,2,0
1524.834,1,39,25,18,4294,15,16,0,5885,7200,80,1,6,2,2,0
1525.333,1,39,25,18,4294,15,16,0,5885,7200,80,1,6,2,2,0
1525.838,1,39,25,18,4294,15,16,0,5884,7200,80,1,6,2,2,0
1526.343,1,39,25,18,4294,15,16,0,5884,7200,80,1,6,2,2,0
1526.854,1,39,25,18,4294,15,16,0,5883,7200,80,1,6,2,2,0
1527.346,1,39,25,18,4294,15,16,0,5883,7200,80,1,6,2,2,0
1527.844,1,39,25,18,4294,15,16,0,5882,7200,80,1,6,2,2,0
1528.333,1,39,25,18,4294,15,16,0,5882,7200,80,1,6,2,2,0
1528.84,1,39,25,18,4294,15,16,0,5881,7200,80,1,6,2,2,0
1529.347,1,39,25,18,4294,15,16,0,5881,7200,80,1,6,2,2,0
1529.846,1,39,25,18,4294,15,16,0,5880,7200,80,1,6,2,2,0
1530.339,1,39,25,18,4294,15,16,0,5880,7200,80,1,6,2,2,0
1530.846,1,39,25,18,4294,15,16,0,5879,7200,80,1,6,2,2,0
1531.352,1,39,25,18,4294,15,16,0,5879,7200,80,1,6,2,2,0
1531.845,1,38,25,18,4294,15,16,0,5878,7200,80,1,6,2,2,0
1532.341,1,38,25,18,4294,15,16,0,5878,7200,80,1,6,2,2,0
1532.842,1,38,25,18,4294,15,16,0,5877,7200,80,1,6,2,2,0
1533.333,1,38,25,18,4294,15,16,0,5877,7200,80,1,6,2,2,0
1533.84,1,38,25,18,4294,15,16,0,5876,7200,80,1,6,2,2,0
1534.335,1,38,25,18,4294,15,16,0,5876,7200,80,1,6,2,2,0
1534.838,1,38,25,18,4294,15,16,0,5875,7200,80,1,6,2,2,0
1535.346,1,38,25,18,4294,15,16,0,5875,7200,80,1,6,2,2,0
1535.849,1,38,25,18,4294,15,16,0,5874,7200,80,1,6,2,2,0
1536.354,1,38,25,18,4294,15,16,0,5874,7200,80,1,6,2,2,0
1536.842,1,38,25,18,4294,15,16,0,5873,7200,80,1,6,2,2,0
1537.344,1,38,25,18,4294,15,16,0,5873,7200,80,1,6,2,2,0
1537.838,1,38,25,18,4294,15,16,0,5872,7200,80,1,6,2,2,0
1538.342,1,38,25,18,4294,15,16,0,5872,7200,80,1,6,2,2,0
1538.837,1,38,25,18,4294,15,16,0,5871,7200,80,1,6,2,2,0
1539.34,1,38,25,18,4294,15,16,0,5871,7200,80,1,6,2,2,0
1539.844,1,38,25,18,4294,15,16,0,5870,7200,80,1,6,2,2,0
1540.341,1,38,25,18,4294,15,16,0,5870,7200,80,1,6,2,2,0
1540.854,1,38,25,18,4294,15,16,0,5869,7200,80,1,6,2,2,0
1541.354,1,38,25,18,4294,15,16,0,5869,7200,80,1,6,2,2,0
1541.859,1,38,25,18,4294,15,16,0,5868,7200,80,1,6,2,2,0
1542.337,1,38,25,18,4294,15,16,0,5868,7200,80,1,6,2,2,0
1542.834,1,38,25,18,4294,15,16,0,5867,7200,80,1,6,2,2,0
1543.343,1,38,25,18,4294,15,16,0,5867,7200,80,1,6,2,2,0
1543.85,1,38,25,18,4294,15,16,0,5866,7200,80,1,6,2,2,0
1544.342,1,38,25,18,4294,15,16,0,5866,7200,80,1,6,2,2,0
1544.843,1,38,25,18,4294,15,16,0,5865,7200,80,1,6,2,2,0
1545.355,1,38,25,18,4294,15,16,0,5865,7200,80,1,6,2,2,0
1545.847,1,38,25,18,4294,15,16,0,5864,7200,80,1,6,2,2,0
1546.34,1,38,25,18,4294,15,16,0,5864,7200,80,1,6,2,2,0
1546.841,1,38,25,18,4294,15,16,0,5863,7200,80,1,6,2,2,0
1547.335,1,38,25,18,4294,15,16,0,5863,7200,80,1,6,2,2,0
1547.847,1,38,25,18,4294,15,16,0,5862,7200,80,1,6,2,2,0
1548.352,1,38,25,18,4294,15,16,0,5862,7200,80,1,6,2,2,0
1548.844,1,38,25,18,4294,15,16,0,5861,7200,80,1,6,2,2,0
1549.335,1,38,25,18,4294,15,16,0,5861,7200,80,1,6,2,2,0
1549.842,1,38,25,18,4294,15,16,0,5860,7200,80,1,6,2,2,0
1550.339,1,38,25,18,4294,15,16,0,5860,7200,80,1,6,2,2,0
1550.839,1,38,25,18,4294,15,16,0,5859,7200,80,1,6,2,2,0
1550.925,1,38,25,18,4294,15,16,0,5859,7200,80,1,6,2,2,0
