time,size,raw_hex
11.989,45,e90719011201030000000000000000f6cf3244000000000000000013ff4255544e01000000000000000183390b
12.137,45,e90719011201030000000000000000f6cf3244000000000000000013ff4255544e00000000000000000183390b
13.044,45,e90719011201030000000000000000f6cf3244000000000000000013ff4255544e20000000000000000183390b
13.13,45,e90719011201030000000000000000f6cf3244000000000000000013ff4255544e00000000000000000183390b
13.427,45,e90719011201030000000000000000f6cf3244000000000000000013ff4255544e01000000000000000183390b
13.557,45,e90719011201030000000000000000f6cf3244000000000000000013ff4255544e0000000000000000c06b561c
14.839,45,e90719011201030000000000000000f6cf3244000000000000000013ff4255544e1000000000000000c0f67765
15.016,45,e90719011201030000000000000000f6cf3244000000000000000013ff4255544e000000000000000001000000
15.112,45,e90719011201030000000000000000f6cf3244000000000000000013ff4255544e100000000000000000000000
15.22,45,e90719011201030000000000000000f6cf3244000000000000000013ff4255544e000000000000000001000000
15.316,45,e90719011201030000000000000000f6cf3244000000000000000013ff4255544e100000000000000000000000
15.423,45,e90719011201030000000000000000f6cf3244000000000000000013ff4255544e000000000000000010000000
15.494,45,e90719011201030000000000000000f6cf3244000000000000000013ff4255544e100000000000000000000000
15.578,45,e90719011201030000000000000000f6cf3244000000000000000013ff4255544e000000000000000001000000
15.638,45,e90719011201030000000000000000f6cf3244000000000000000013ff4255544e010000000000000000000000
15.66,45,e90719011201030000000000000000f6cf3244000000000000000013ff4255544e000000000000000000000000
16.347,45,e90719011201030000000000000000f6cf3244000000000000000013ff4255544e20000000000000006007b534
16.453,45,e90719011201030000000000000000f6cf3244000000000000000013ff4255544e000000000000000000000000
16.555,45,e90719011201030000000000000000f6cf3244000000000000000013ff4255544e2000000000000000c0f67765
16.653,45,e90719011201030000000000000000f6cf3244000000000000000013ff4255544e000000000000000001000000
16.739,45,e90719011201030000000000000000f6cf3244000000000000000013ff4255544e010000000000000000000000
16.84,45,e90719011201030000000000000000f6cf3244000000000000000013ff4255544e00000000000000006007b534
17.623,45,e90719011201030000000000000000f6cf3244000000000000000013ff4255544e010000000000000001000000
17.766,45,e90719011201030000000000000000f6cf3244000000000000000013ff4255544e00000000000000001800805e
18.459,45,e90719011201030000000000000000f6cf3244000000000000000013ff4255544e0100000000000000c0f61765
18.594,45,e90719011201030000000000000000f6cf3244000000000000000013ff4255544e000000000000000000000000
19.251,45,e90719011201030000000000000000f6cf3244000000000000000013ff4255544e200000000000000010000000
19.337,45,e90719011201030000000000000000f6cf3244000000000000000013ff4255544e000000000000000000000000
19.539,45,e90719011201030000000000000000f6cf3244000000000000000013ff4255544e800000000000000001000000
19.658,45,e90719011201030000000000000000f6cf3244000000000000000013ff4255544e000000000000000001000000
19.81,45,e90719011201030000000000000000f6cf3244000000000000000013ff4255544e800000000000000080000000
19.907,45,e90719011201030000000000000000f6cf3244000000000000000013ff4255544e000000000000000000000000
19.982,45,e90719011201030000000000000000f6cf3244000000000000000013ff4255544e0100000000000000c01943d4
20.098,45,e90719011201030000000000000000f6cf3244000000000000000013ff4255544e00000000000000005fefafb5
20.661,45,e90719011201030000000000000000f6cf3244000000000000000013ff4255544e8000000000000000c0f69765
20.737,45,e90719011201030000000000000000f6cf3244000000000000000013ff4255544e000000000000000060edb434
20.848,45,e90719011201030000000000000000f6cf3244000000000000000013ff4255544e800000000000000080000000
20.956,45,e90719011201030000000000000000f6cf3244000000000000000013ff4255544e0000000000000000c0f61765
21.056,45,e90719011201030000000000000000f6cf3244000000000000000013ff4255544e8000000000000000c0f61765
21.147,45,e90719011201030000000000000000f6cf3244000000000000000013ff4255544e00000000000000000183390b
21.31,45,e90719011201030000000000000000f6cf3244000000000000000013ff4255544e200000000000000001000000
21.429,45,e90719011201030000000000000000f6cf3244000000000000000013ff4255544e000000000000000001000000
23.719,45,e90719011201030000000000000000f6cf3244000000000000000013ff4255544e040000000000000000000000
23.843,45,e90719011201030000000000000000f6cf3244000000000000000013ff4255544e000000000000000060000000
24.78,45,e90719011201030000000000000000f6cf3244000000000000000013ff4255544e400000000000000000000000
24.949,45,e90719011201030000000000000000f6cf3244000000000000000013ff4255544e000000000000000001000000
25.511,45,e90719011201030000000000000000f6cf3244000000000000000013ff4255544e800000000000000001000000
25.627,45,e90719011201030000000000000000f6cf3244000000000000000013ff4255544e0000000000000000c0f67765
25.766,45,e90719011201030000000000000000f6cf3244000000000000000013ff4255544e10000000000000000183390b
25.901,45,e90719011201030000000000000000f6cf3244000000000000000013ff4255544e000000000000000001000000
26.489,45,e90719011201030000000000000000f6cf3244000000000000000013ff4255544e2000000000000000f168e388
26.614,45,e90719011201030000000000000000f6cf3244000000000000000013ff4255544e000000000000000000000000
26.657,45,e90719011201030000000000000000f6cf3244000000000000000013ff4255544e010000000000000000000000
26.816,45,e90719011201030000000000000000f6cf3244000000000000000013ff4255544e000000000000000000000000
27.34,45,e90719011201030000000000000000f6cf3244000000000000000013ff4255544e0400000000000000c0000000
27.469,45,e90719011201030000000000000000f6cf3244000000000000000013ff4255544e000000000000000000000000
28.272,45,e90719011201030000000000000000f6cf3244000000000000000013ff4255544e400000000000000001000000
28.434,45,e90719011201030000000000000000f6cf3244000000000000000013ff4255544e000000000000000080000000
28.531,45,e90719011201030000000000000000f6cf3244000000000000000013ff4255544e01000000000000000183390b
28.674,45,e90719011201030000000000000000f6cf3244000000000000000013ff4255544e00000000000000000183390b
31.819,45,e90719011201030000000000000000f6cf3244000000000000000013ff4255544e10000000000000000000ffff
31.944,45,e90719011201030000000000000000f6cf3244000000000000000013ff4255544e00000000000000000183390b
32.546,45,e90719011201030000000000000000f6cf3244000000000000000013ff4255544e20000000000000000183390b
32.648,45,e90719011201030000000000000000f6cf3244000000000000000013ff4255544e00000000000000000183390b
32.698,45,e90719011201030000000000000000f6cf3244000000000000000013ff4255544e040000000000000001000000
32.846,45,e90719011201030000000000000000f6cf3244000000000000000013ff4255544e000000000000000001000000
33.418,45,e90719011201030000000000000000f6cf3244000000000000000013ff4255544e100000000000000001000000
33.511,45,e90719011201030000000000000000f6cf3244000000000000000013ff4255544e00000000000000000183390b
34.813,45,e90719011201030000000000000000f6cf3244000000000000000013ff4255544e0100000000000000c0000000
34.867,45,e90719011201030000000000000000f6cf3244000000000000000013ff4255544e000000000000000010000000
57.825,45,e9071901120103c37dc6794b11c8de00000000000000000000000013ff4255544e010000005a172d575a172d57
57.935,45,e9071901120103c37dc6794b11c8de00000000000000000000000013ff4255544e000000005a172d575a172d57
58.882,45,e9071901120103c37dc6794b11c8de00000000000000000000000013ff4255544e010000005a172d575a172d57
58.973,45,e9071901120103c37dc6794b11c8de00000000000000000000000013ff4255544e000000005a172d575a172d57
60.394,45,e9071901120103c37dc6794b11c8de00000000000000000000000013ff4255544e010000005a172d575a172d57
60.58,45,e9071901120103c37dc6794b11c8de00000000000000000000000013ff4255544e000000005a172d575a172d57
63.535,45,e9071901120103c37dc6794b11c8de00000000000000000000000013ff4255544e080000005a172d575a172d57
63.661,45,e9071901120103c37dc6794b11c8de00000000000000000000000013ff4255544e000000005a172d575a172d57
65.174,45,e9071901120103c37dc6794b11c8de00000000000000000000000013ff4255544e400000005a172d575a172d57
65.359,45,e9071901120103c37dc6794b11c8de00000000000000000000000013ff4255544e000000005a172d575a172d57
68.01,45,e9071901120103c37dc6794b11c8de00000000000000000000000013ff4255544e010000005a172d575a172d57
68.165,45,e9071901120103c37dc6794b11c8de00000000000000000000000013ff4255544e000000005a172d575a172d57
68.382,45,e9071901120103c37dc6794b11c8de00000000000000000000000013ff4255544e001000005a172d575a172d57
68.474,45,e9071901120103c37dc6794b11c8de00000000000000000000000013ff4255544e000000005a172d575a172d57
68.906,45,e9071901120103c37dc6794b11c8de00000000000000000000000013ff4255544e200000005a172d575a172d57
68.999,45,e9071901120103c37dc6794b11c8de00000000000000000000000013ff4255544e000000005a172d575a172d57
69.091,45,e9071901120103c37dc6794b11c8de00000000000000000000000013ff4255544e010000005a172d575a172d57
69.153,45,e9071901120103c37dc6794b11c8de00000000000000000000000013ff4255544e000000005a172d575a172d57
69.401,45,e9071901120103c37dc6794b11c8de00000000000000000000000013ff4255544e040000005a172d575a172d57
69.525,45,e9071901120103c37dc6794b11c8de00000000000000000000000013ff4255544e000000005a172d575a172d57
69.957,45,e9071901120103c37dc6794b11c8de00000000000000000000000013ff4255544e010000005a172d575a172d57
70.052,45,e9071901120103c37dc6794b11c8de00000000000000000000000013ff4255544e000000005a172d575a172d57
71.874,45,e9071901120103c37dc6794b11c8de00000000000000000000000013ff535354410300000070eda21903000000
72.202,45,e9071901120103c37dc6794b11c8de00000000000000000000000000004255544e010000005a172d575a172d57
72.825,45,e9071901120103c37dc6794b11c8de00000000000000000000000000004255544e011000005a172d575a172d57
73.216,45,e9071901120103c37dc6794b11c8de00000000000000000000000000004255544e010000005a172d575a172d57
73.374,45,e9071901120103c37dc6794b11c8de00000000000000000000000000004255544e011000005a172d575a172d57
74.722,45,e9071901120103c37dc6794b11c8de00000000000000000000000000004c474f54000000000000000000000000
74.83,45,e9071901120103c37dc6794b11c8de000000000000000000000000000053434152030056730000000000000000
75.093,45,e9071901120103c37dc6794b11c8ded436883e050000000500000013ff4255544e01000000000000005a172d57
75.146,45,e9071901120103c37dc6794b11c8def13ba33e060000000600000013ff4255544e00000000000000005a172d57
75.302,45,e9071901120103c37dc6794b11c8debd98f33e090000000900000013ff4255544e40000000000000005a172d57
76.227,45,e9071901120103c37dc6794b11c8de2941b33f1c0000001c00000013ff4255544e00100000000000005a172d57
76.776,45,e9071901120103c37dc6794b11c8de418cf93f270000002700000013ff4255544e40100000000000005a172d57
76.856,45,e9071901120103c37dc6794b11c8de9cd70140280000002800000013ff4255544e00100000000000005a172d57
77.711,45,e9071901120103c37dc6794b11c8dee66938403a0000003a00000013ff4255544e10100000000000005a172d57
78.039,45,e9071901120103c37dc6794b11c8de6d384d40400000004000000013ff4255544e50100000000000005a172d57
78.147,45,e9071901120103c37dc6794b11c8de2c3f5440420000004200000013ff4255544e10100000000000005a172d57
78.34,45,e9071901120103c37dc6794b11c8ded67a6040460000004600000013ff4255544e50100000000000005a172d57
78.424,45,e9071901120103c37dc6794b11c8de3fc96540480000004800000013ff4255544e40100000000000005a172d57
78.452,45,e9071901120103c37dc6794b11c8de21916740480000004800000013ff4255544e40000000000000005a172d57
78.481,45,e9071901120103c37dc6794b11c8deca586940490000004900000013ff4255544e60000000000000005a172d57
78.509,45,e9071901120103c37dc6794b11c8de11276b40490000004900000013ff4255544e20000000000000005a172d57
79.249,45,e9071901120103c37dc6794b11c8de39458d40580000005800000013ff4255544e00000000000000005a172d57
79.417,45,e9071901120103c37dc6794b11c8de5ba692405c0000005c00000013ff4255544e00100000000000005a172d57
79.501,45,e9071901120103c37dc6794b11c8dea45795405d0000005d00000013ff4255544e10100000000000005a172d57
79.556,45,e9071901120103c37dc6794b11c8dec82197405e0000005e00000013ff4255544e00100000000000005a172d57
80.679,45,e9071901120103c37dc6794b11c8dee35abb40750000007500000013ff4255544e00000000000000005a172d57
81.003,45,e9071901120103c37dc6794b11c8de7dd7c5407b0000007b00000013ff4255544e40000000000000005a172d57
81.027,45,e9071901120103c37dc6794b11c8de62a1c6407c0000007c00000013ff4255544e00000000000000005a172d57
81.101,45,e9071901120103c37dc6794b11c8de5efbc8407d0000007d00000013ff4255544e00000400000000005a172d57
81.173,45,e9071901120103c37dc6794b11c8deaf53cb407f0000007f00000013ff4255544e00080400000000005a172d57
81.669,45,e9071901120103c37dc6794b11c8de8a72db40890000008900000013ff4255544e00080000000000005a172d57
81.895,45,e9071901120103c37dc6794b11c8de3e90e2408d0000008d00000013ff4255544e00000000000000005a172d57
82.02,45,e9071901120103c37dc6794b11c8de455ee640900000009000000013ff4255544e00100000000000005a172d57
82.305,45,e9071901120103c37dc6794b11c8deae53ef40950000009500000013ff4255544e40100000000000005a172d57
82.484,45,e9071901120103c37dc6794b11c8de7c1df540990000009900000013ff4255544e40100400000000005a172d57
82.696,45,e9071901120103c37dc6794b11c8defc3cfc409d0000009d00000013ff4255544e40100000000000005a172d57
82.852,45,e9071901120103c37dc6794b11c8de2ca60041a0000000a000000013ff4255544e60100000000000005a172d57
83.096,45,e9071901120103c37dc6794b11c8dede5e0441a5000000a500000013ff4255544e40100000000000005a172d57
83.173,45,e9071901120103c37dc6794b11c8de96930541a7000000a700000013ff4255544e50100000000000005a172d57
83.25,45,e9071901120103c37dc6794b11c8defccc0641a8000000a800000013ff4255544e00100000000000005a172d57
83.623,45,e9071901120103c37dc6794b11c8de85df0c41b0000000b000000013ff4255544e40100000000000005a172d57
83.767,45,e9071901120103c37dc6794b11c8de622b0f41b3000000b300000013ff4255544e00100000000000005a172d57
84.002,45,e9071901120103c37dc6794b11c8de1df81241b7000000b700000013ff4255544e40100000000000005a172d57
84.025,45,e9071901120103c37dc6794b11c8de77581341b8000000b800000013ff4255544e40000000000000005a172d57
86.451,45,e9071901120103c37dc6794b11c8debb043a41e8000000e800000013ff4255544e50000000000000005a172d57
86.787,45,e9071901120103c37dc6794b11c8de6f7e3f41ef000000ef00000013ff4255544e40000000000000005a172d57
87.0,45,e9071901120103c37dc6794b11c8dec3ed4241f3000000f300000013ff4255544e50000000000000005a172d57
89.831,45,e9071901120103c37dc6794b11c8dedc2b70412c0100002c01000013ff4255544e40000000000000005a172d57
90.167,45,e9071901120103c37dc6794b11c8de32947541330100003301000013ff4255544e00000000000000005a172d57
90.462,45,e9071901120103c37dc6794b11c8deff397a41390100003901000013ff4255544e40000000000000005a172d57
90.662,45,e9071901120103c37dc6794b11c8de606c7d413d0100003d01000013ff4255544e60000000000000005a172d57
91.233,45,e9071901120103c37dc6794b11c8dee9538341480100004801000013ff4255544e20000000000000005a172d57
91.4,45,e9071901120103c37dc6794b11c8dee9a684414b0100004b01000013ff4255544e60000000000000005a172d57
91.792,45,e9071901120103c37dc6794b11c8de4ec38741530100005301000013ff4255544e40000000000000005a172d57
92.033,45,e9071901120103c37dc6794b11c8deb1b68941580100005801000013ff4255544e60000000000000005a172d57
92.44,45,e9071901120103c37dc6794b11c8def9f48c41600100006001000013ff4255544e60100000000000005a172d57
92.636,45,e9071901120103c37dc6794b11c8debf878e41640100006401000013ff4255544e40100000000000005a172d57
93.267,45,e9071901120103c37dc6794b11c8deea989341710100007101000013ff4255544e00000000000000005a172d57
93.587,45,e9071901120103c37dc6794b11c8de371d9641770100007701000013ff4255544e40000000000000005a172d57
93.735,45,e9071901120103c37dc6794b11c8de175097417a0100007a01000013ff4255544e40100000000000005a172d57
94.043,45,e9071901120103c37dc6794b11c8de33ce9941800100008001000013ff4255544e40500000000000005a172d57
94.16,45,e9071901120103c37dc6794b11c8de1dbf9a41830100008301000013ff4255544e40100000000000005a172d57
94.347,45,e9071901120103c37dc6794b11c8de273e9c41860100008601000013ff4255544e50100000000000005a172d57
94.706,45,e9071901120103c37dc6794b11c8de8c179f418d0100008d01000013ff4255544e40500000000000005a172d57
94.826,45,e9071901120103c37dc6794b11c8dea10ea041900100009001000013ff4255544e40100000000000005a172d57
94.874,45,e9071901120103c37dc6794b11c8deb171a041910100009101000013ff4255544e50100000000000005a172d57
95.467,45,e9071901120103c37dc6794b11c8de672ba5419d0100009d01000013ff4255544e40100000000000005a172d57
95.593,45,e9071901120103c37dc6794b11c8de5b28a6419f0100009f01000013ff4255544e40500000000000005a172d57
95.72,45,e9071901120103c37dc6794b11c8def429a741a2010000a201000013ff4255544e60100000000000005a172d57
95.891,45,e9071901120103c37dc6794b11c8de9b91a841a5010000a501000013ff4255544e40100000000000005a172d57
95.938,45,e9071901120103c37dc6794b11c8de15f5a841a6010000a601000013ff4255544e50100000000000005a172d57
95.986,45,e9071901120103c37dc6794b11c8de7657a941a7010000a701000013ff4255544e10100000000000005a172d57
96.248,45,e9071901120103c37dc6794b11c8de2a6fab41ac010000ac01000013ff4255544e10000000000000005a172d57
96.796,45,e9071901120103c37dc6794b11c8de2bc1af41b7010000b701000013ff4255544e50100000000000005a172d57
97.277,45,e9071901120103c37dc6794b11c8dea89db341c1010000c101000013ff4255544e10100000000000005a172d57
97.303,45,e9071901120103c37dc6794b11c8dec6d1b341c1010000c101000013ff4255544e50100000000000005a172d57
97.597,45,e9071901120103c37dc6794b11c8de4421b641c7010000c701000013ff4255544e40100000000000005a172d57
97.94,45,e9071901120103c37dc6794b11c8de32e9b841ce010000ce01000013ff4255544e50100000000000005a172d57
97.965,45,e9071901120103c37dc6794b11c8def31db941cf010000cf01000013ff4255544e40100000000000005a172d57
98.094,45,e9071901120103c37dc6794b11c8de3d25ba41d1010000d101000013ff4255544e60100000000000005a172d57
98.171,45,e9071901120103c37dc6794b11c8ded5c2ba41d3010000d301000013ff4255544e20100000000000005a172d57
98.425,45,e9071901120103c37dc6794b11c8de8ccdbc41d8010000d801000013ff4255544e20000000000000005a172d57
98.503,45,e9071901120103c37dc6794b11c8de236abd41d9010000d901000013ff4255544e00000000000000005a172d57
98.687,45,e9071901120103c37dc6794b11c8dea9ddbe41dd010000dd01000013ff4255544e10000000000000005a172d57
99.338,45,e9071901120103c37dc6794b11c8dee003c441ea010000ea01000013ff4255544e50000000000000005a172d57
99.393,45,e9071901120103c37dc6794b11c8ded677c441eb010000eb01000013ff4255544e40000000000000005a172d57
99.506,45,e9071901120103c37dc6794b11c8de065ec541ed010000ed01000013ff4255544e60000000000000005a172d57
99.56,45,e9071901120103c37dc6794b11c8de74d0c541ef010000ef01000013ff4255544e60100000000000005a172d57
99.588,45,e9071901120103c37dc6794b11c8de9009c641ef010000ef01000013ff4255544e20100000000000005a172d57
99.95,45,e9071901120103c37dc6794b11c8de07e8c841f6010000f601000013ff4255544e60100000000000005a172d57
100.01,45,e9071901120103c37dc6794b11c8de275dc941f7010000f701000013ff4255544e40100000000000005a172d57
100.101,45,e9071901120103c37dc6794b11c8ded210ca41f9010000f901000013ff4255544e50100000000000005a172d57
100.19,45,e9071901120103c37dc6794b11c8de4bc8ca41fb010000fb01000013ff4255544e10100000000000005a172d57
100.219,45,e9071901120103c37dc6794b11c8dea905cb41fc010000fc01000013ff4255544e50100000000000005a172d57
100.335,45,e9071901120103c37dc6794b11c8ded6f6cb41fe010000fe01000013ff4255544e10100000000000005a172d57
100.613,45,e9071901120103c37dc6794b11c8de973ace41040200000402000013ff4255544e50100000000000005a172d57
100.695,45,e9071901120103c37dc6794b11c8de21e5ce41050200000502000013ff4255544e40100000000000005a172d57
100.777,45,e9071901120103c37dc6794b11c8de318ecf41070200000702000013ff4255544e60100000000000005a172d57
100.885,45,e9071901120103c37dc6794b11c8de006ed041090200000902000013ff4255544e20100000000000005a172d57
101.333,45,e9071901120103c37dc6794b11c8ded2f2d341120200001202000013ff4255544e60100000000000005a172d57
101.395,45,e9071901120103c37dc6794b11c8dee468d441130200001302000013ff4255544e40100000000000005a172d57
101.456,45,e9071901120103c37dc6794b11c8deb4e2d441140200001402000013ff4255544e50100000000000005a172d57
101.546,45,e9071901120103c37dc6794b11c8dec59dd541160200001602000013ff4255544e10100000000000005a172d57
101.752,45,e9071901120103c37dc6794b11c8de074cd7411a0200001a02000013ff4255544e50100000000000005a172d57
101.834,45,e9071901120103c37dc6794b11c8de64fed7411c0200001c02000013ff4255544e40100000000000005a172d57
101.966,45,e9071901120103c37dc6794b11c8dee318d9411f0200001f02000013ff4255544e60100000000000005a172d57
102.072,45,e9071901120103c37dc6794b11c8de85f2d941210200002102000013ff4255544e20100000000000005a172d57
102.251,45,e9071901120103c37dc6794b11c8def167db41240200002402000013ff4255544e60100000000000005a172d57
102.303,45,e9071901120103c37dc6794b11c8deadd0db41250200002502000013ff4255544e40100000000000005a172d57
102.38,45,e9071901120103c37dc6794b11c8ded06ddc41270200002702000013ff4255544e50100000000000005a172d57
102.431,45,e9071901120103c37dc6794b11c8de3bd8dc41280200002802000013ff4255544e10100000000000005a172d57
102.856,45,e9071901120103c37dc6794b11c8deef31e041300200003002000013ff4255544e50100000000000005a172d57
102.884,45,e9071901120103c37dc6794b11c8de3169e041310200003102000013ff4255544e40100000000000005a172d57
102.969,45,e9071901120103c37dc6794b11c8debc11e141330200003302000013ff4255544e60100000000000005a172d57
103.028,45,e9071901120103c37dc6794b11c8de0984e141340200003402000013ff4255544e20100000000000005a172d57
103.526,45,e9071901120103c37dc6794b11c8de2f82e5413e0200003e02000013ff4255544e20000000000000005a172d57
103.584,45,e9071901120103c37dc6794b11c8def0f7e5413f0200003f02000013ff4255544e60000000000000005a172d57
103.611,45,e9071901120103c37dc6794b11c8deaa32e641400200004002000013ff4255544e40000000000000005a172d57
103.667,45,e9071901120103c37dc6794b11c8deb2a6e641410200004102000013ff4255544e50000000000000005a172d57
103.723,45,e9071901120103c37dc6794b11c8de5f1ae741420200004202000013ff4255544e10000000000000005a172d57
103.833,45,e9071901120103c37dc6794b11c8dedffee741440200004402000013ff4255544e10100000000000005a172d57
104.154,45,e9071901120103c37dc6794b11c8deba97ea414a0200004a02000013ff4255544e50100000000000005a172d57
104.261,45,e9071901120103c37dc6794b11c8defb71eb414d0200004d02000013ff4255544e40100000000000005a172d57
104.369,45,e9071901120103c37dc6794b11c8de854dec414f0200004f02000013ff4255544e60100000000000005a172d57
104.503,45,e9071901120103c37dc6794b11c8dec260ed41510200005102000013ff4255544e20100000000000005a172d57
104.805,45,e9071901120103c37dc6794b11c8ded5c5ef41570200005702000013ff4255544e60100000000000005a172d57
104.833,45,e9071901120103c37dc6794b11c8de2bfeef41580200005802000013ff4255544e40100000000000005a172d57
104.889,45,e9071901120103c37dc6794b11c8decc6ef041590200005902000013ff4255544e50100000000000005a172d57
104.916,45,e9071901120103c37dc6794b11c8ded4a7f0415a0200005a02000013ff4255544e10100000000000005a172d57
105.522,45,e9071901120103c37dc6794b11c8de4385f541660200006602000013ff4255544e50100000000000005a172d57
105.577,45,e9071901120103c37dc6794b11c8ded5f4f541670200006702000013ff4255544e40100000000000005a172d57
105.662,45,e9071901120103c37dc6794b11c8de559df641690200006902000013ff4255544e60100000000000005a172d57
105.719,45,e9071901120103c37dc6794b11c8dec30ff7416a0200006a02000013ff4255544e20500000000000005a172d57
105.865,45,e9071901120103c37dc6794b11c8de4634f8416d0200006d02000013ff4255544e20100000000000005a172d57
106.298,45,e9071901120103c37dc6794b11c8de6eaffb41750200007502000013ff4255544e60100000000000005a172d57
106.382,45,e9071901120103c37dc6794b11c8de3d5efc41770200007702000013ff4255544e40100000000000005a172d57
106.466,45,e9071901120103c37dc6794b11c8deae0bfd41790200007902000013ff4255544e50100000000000005a172d57
106.522,45,e9071901120103c37dc6794b11c8de8d7efd417a0200007a02000013ff4255544e10100000000000005a172d57
106.958,45,e9071901120103c37dc6794b11c8dedd810042820200008202000013ff4255544e50100000000000005a172d57
106.985,45,e9071901120103c37dc6794b11c8de8e9d0042830200008302000013ff4255544e40100000000000005a172d57
107.04,45,e9071901120103c37dc6794b11c8dee8d40042840200008402000013ff4255544e60100000000000005a172d57
107.126,45,e9071901120103c37dc6794b11c8def6280142860200008602000013ff4255544e20100000000000005a172d57
107.623,45,e9071901120103c37dc6794b11c8dedb190342900200009002000013ff4255544e60100000000000005a172d57
107.712,45,e9071901120103c37dc6794b11c8de08790342920200009202000013ff4255544e40100000000000005a172d57
107.829,45,e9071901120103c37dc6794b11c8dee9f30342940200009402000013ff4255544e50100000000000005a172d57
107.888,45,e9071901120103c37dc6794b11c8de38300442950200009502000013ff4255544e10100000000000005a172d57
108.242,45,e9071901120103c37dc6794b11c8de48a605429c0200009c02000013ff4255544e50100000000000005a172d57
108.268,45,e9071901120103c37dc6794b11c8de88c105429d0200009d02000013ff4255544e40100000000000005a172d57
108.506,45,e9071901120103c37dc6794b11c8de0bb50642a1020000a102000013ff4255544e60100000000000005a172d57
108.559,45,e9071901120103c37dc6794b11c8de4beb0642a3020000a302000013ff4255544e20100000000000005a172d57
108.861,45,e9071901120103c37dc6794b11c8de241d0842a9020000a902000013ff4255544e20000000000000005a172d57
108.888,45,e9071901120103c37dc6794b11c8de52390842a9020000a902000013ff4255544e00000000000000005a172d57
108.914,45,e9071901120103c37dc6794b11c8de5c550842aa020000aa02000013ff4255544e00080000000000005a172d57
108.94,45,e9071901120103c37dc6794b11c8de30710842aa020000aa02000013ff4255544e50080000000000005a172d57
108.966,45,e9071901120103c37dc6794b11c8ded38c0842ab020000ab02000013ff4255544e50280000000000005a172d57
109.069,45,e9071901120103c37dc6794b11c8de5bf80842ad020000ad02000013ff4255544e50080000000000005a172d57
109.094,45,e9071901120103c37dc6794b11c8ded8120942ad020000ad02000013ff4255544e40080000000000005a172d57
109.171,45,e9071901120103c37dc6794b11c8dea1610942af020000af02000013ff4255544e40280000000000005a172d57
109.27,45,e9071901120103c37dc6794b11c8de5bc90942b1020000b102000013ff4255544e50080000000000005a172d57
109.39,45,e9071901120103c37dc6794b11c8dea3470a42b3020000b302000013ff4255544e40280000000000005a172d57
109.487,45,e9071901120103c37dc6794b11c8dea5aa0a42b5020000b502000013ff4255544e40080000000000005a172d57
109.607,45,e9071901120103c37dc6794b11c8de63260b42b8020000b802000013ff4255544e40280000000000005a172d57
109.753,45,e9071901120103c37dc6794b11c8decfba0b42ba020000ba02000013ff4255544e40080000000000005a172d57
110.003,45,e9071901120103c37dc6794b11c8de76b60c42bf020000bf02000013ff4255544e50080000000000005a172d57
110.344,45,e9071901120103c37dc6794b11c8de5b180e42c6020000c602000013ff4255544e50000000000000005a172d57
111.239,45,e9071901120103c37dc6794b11c8deddaa1142d8020000d802000013ff4255544e50000400000000005a172d57
111.635,45,e9071901120103c37dc6794b11c8ded8491342e0020000e002000013ff4255544e50000000000000005a172d57
112.055,45,e9071901120103c37dc6794b11c8de4de91442e8020000e802000013ff4255544e50100000000000005a172d57
112.245,45,e9071901120103c37dc6794b11c8de6ba71542ec020000ec02000013ff4255544e40100000000000005a172d57
112.646,45,e9071901120103c37dc6794b11c8ded8451742f4020000f402000013ff4255544e60000000000000005a172d57
112.672,45,e9071901120103c37dc6794b11c8dec9601742f5020000f502000013ff4255544e20000000000000005a172d57
113.04,45,e9071901120103c37dc6794b11c8ded6d71842fc020000fc02000013ff4255544e00000000000000005a172d57
113.066,45,e9071901120103c37dc6794b11c8de34f31842fd020000fd02000013ff4255544e10000000000000005a172d57
113.245,45,e9071901120103c37dc6794b11c8de41ae1942000300000003000013ff4255544e10100000000000005a172d57
113.27,45,e9071901120103c37dc6794b11c8de7bc81942010300000103000013ff4255544e50100000000000005a172d57
113.32,45,e9071901120103c37dc6794b11c8de55fc1942020300000203000013ff4255544e40100000000000005a172d57
113.673,45,e9071901120103c37dc6794b11c8def1641b42090300000903000013ff4255544e50100000000000005a172d57
113.751,45,e9071901120103c37dc6794b11c8dee7b21b420a0300000a03000013ff4255544e40100000000000005a172d57
113.777,45,e9071901120103c37dc6794b11c8de12cd1b420b0300000b03000013ff4255544e00100000000000005a172d57
113.803,45,e9071901120103c37dc6794b11c8de56e71b420b0300000b03000013ff4255544e00500000000000005a172d57
113.909,45,e9071901120103c37dc6794b11c8deb9511c420e0300000e03000013ff4255544e00100000000000005a172d57
113.991,45,e9071901120103c37dc6794b11c8dee9a21c420f0300000f03000013ff4255544e40100000000000005a172d57
114.099,45,e9071901120103c37dc6794b11c8de28111d42110300001103000013ff4255544e00100000000000005a172d57
114.343,45,e9071901120103c37dc6794b11c8ded40c1e42160300001603000013ff4255544e40100000000000005a172d57
114.551,45,e9071901120103c37dc6794b11c8deb0e51e421a0300001a03000013ff4255544e40500000000000005a172d57
114.679,45,e9071901120103c37dc6794b11c8dee0691f421d0300001d03000013ff4255544e40100000000000005a172d57
115.411,45,e9071901120103c37dc6794b11c8de885922422c0300002c03000013ff4255544e50100000000000005a172d57
115.458,45,e9071901120103c37dc6794b11c8de9c8c22422d0300002d03000013ff4255544e50000000000000005a172d57
115.555,45,e9071901120103c37dc6794b11c8ded3f022422e0300002e03000013ff4255544e10000000000000005a172d57
115.772,45,e9071901120103c37dc6794b11c8de94ce2342330300003303000013ff4255544e50000000000000005a172d57
115.95,45,e9071901120103c37dc6794b11c8deff7e2442360300003603000013ff4255544e50100000000000005a172d57
116.055,45,e9071901120103c37dc6794b11c8de59e82442380300003803000013ff4255544e40100000000000005a172d57
116.162,45,e9071901120103c37dc6794b11c8de5e5425423b0300003b03000013ff4255544e60100000000000005a172d57
116.321,45,e9071901120103c37dc6794b11c8deb5f725423e0300003e03000013ff4255544e40100000000000005a172d57
116.567,45,e9071901120103c37dc6794b11c8de1dfc2642430300004303000013ff4255544e50100000000000005a172d57
116.952,45,e9071901120103c37dc6794b11c8de238628424a0300004a03000013ff4255544e10100000000000005a172d57
117.125,45,e9071901120103c37dc6794b11c8de903429424e0300004e03000013ff4255544e10000000000000005a172d57
117.333,45,e9071901120103c37dc6794b11c8de5c052a42520300005203000013ff4255544e50000000000000005a172d57
117.359,45,e9071901120103c37dc6794b11c8de25202a42530300005303000013ff4255544e40000000000000005a172d57
117.411,45,e9071901120103c37dc6794b11c8de8a552a42540300005403000013ff4255544e60000000000000005a172d57
117.437,45,e9071901120103c37dc6794b11c8de56702a42540300005403000013ff4255544e60100000000000005a172d57
117.541,45,e9071901120103c37dc6794b11c8deb1da2a42560300005603000013ff4255544e20100000000000005a172d57
117.692,45,e9071901120103c37dc6794b11c8de6e782b42590300005903000013ff4255544e60100000000000005a172d57
117.963,45,e9071901120103c37dc6794b11c8de28902c425f0300005f03000013ff4255544e40100000000000005a172d57
118.011,45,e9071901120103c37dc6794b11c8de9ec22c42600300006003000013ff4255544e50100000000000005a172d57
118.06,45,e9071901120103c37dc6794b11c8deb8f42c42610300006103000013ff4255544e10100000000000005a172d57
118.606,45,e9071901120103c37dc6794b11c8deea252f426b0300006b03000013ff4255544e50100000000000005a172d57
118.63,45,e9071901120103c37dc6794b11c8de393e2f426c0300006c03000013ff4255544e40100000000000005a172d57
118.655,45,e9071901120103c37dc6794b11c8dec7562f426c0300006c03000013ff4255544e60000000000000005a172d57
118.729,45,e9071901120103c37dc6794b11c8dedaa02f426e0300006e03000013ff4255544e20000000000000005a172d57
118.779,45,e9071901120103c37dc6794b11c8def4d22f426f0300006f03000013ff4255544e20100000000000005a172d57
119.36,45,e9071901120103c37dc6794b11c8defa2832427b0300007b03000013ff4255544e60100000000000005a172d57
119.384,45,e9071901120103c37dc6794b11c8dee94132427b0300007b03000013ff4255544e40100000000000005a172d57
119.432,45,e9071901120103c37dc6794b11c8de837332427c0300007c03000013ff4255544e50100000000000005a172d57
119.456,45,e9071901120103c37dc6794b11c8de218c32427d0300007d03000013ff4255544e10100000000000005a172d57
120.061,45,e9071901120103c37dc6794b11c8dec4f53442890300008903000013ff4255544e50100000000000005a172d57
120.085,45,e9071901120103c37dc6794b11c8deaf0e3542890300008903000013ff4255544e40100000000000005a172d57
120.134,45,e9071901120103c37dc6794b11c8de814035428a0300008a03000013ff4255544e60100000000000005a172d57
120.206,45,e9071901120103c37dc6794b11c8defa8a35428c0300008c03000013ff4255544e20100000000000005a172d57
120.63,45,e9071901120103c37dc6794b11c8de223f3742940300009403000013ff4255544e40100000000000005a172d57
120.725,45,e9071901120103c37dc6794b11c8deee9f3742960300009603000013ff4255544e50100000000000005a172d57
120.796,45,e9071901120103c37dc6794b11c8de18e93742970300009703000013ff4255544e10100000000000005a172d57
121.079,45,e9071901120103c37dc6794b11c8dedc0b39429d0300009d03000013ff4255544e00100000000000005a172d57
121.126,45,e9071901120103c37dc6794b11c8ded83b39429e0300009e03000013ff4255544e20100000000000005a172d57
121.606,45,e9071901120103c37dc6794b11c8deda263b42a8030000a803000013ff4255544e00100000000000005a172d57
121.653,45,e9071901120103c37dc6794b11c8de78573b42a8030000a803000013ff4255544e50100000000000005a172d57
121.7,45,e9071901120103c37dc6794b11c8deb6873b42a9030000a903000013ff4255544e10100000000000005a172d57
122.251,45,e9071901120103c37dc6794b11c8de7bbb3d42b4030000b403000013ff4255544e50100000000000005a172d57
122.298,45,e9071901120103c37dc6794b11c8de7deb3d42b5030000b503000013ff4255544e40100000000000005a172d57
122.371,45,e9071901120103c37dc6794b11c8de6e343e42b7030000b703000013ff4255544e60100000000000005a172d57
122.445,45,e9071901120103c37dc6794b11c8de277e3e42b8030000b803000013ff4255544e20100000000000005a172d57
122.752,45,e9071901120103c37dc6794b11c8dec2bd3f42be030000be03000013ff4255544e60100000000000005a172d57
122.775,45,e9071901120103c37dc6794b11c8de9ed53f42bf030000bf03000013ff4255544e40100000000000005a172d57
123.415,45,e9071901120103c37dc6794b11c8dea4644242cc030000cc03000013ff4255544e60100000000000005a172d57
123.461,45,e9071901120103c37dc6794b11c8deff934242cd030000cd03000013ff4255544e20100000000000005a172d57
123.507,45,e9071901120103c37dc6794b11c8dea4c34242ce030000ce03000013ff4255544e20000000000000005a172d57
123.718,45,e9071901120103c37dc6794b11c8defe994342d2030000d203000013ff4255544e60000000000000005a172d57
124.294,45,e9071901120103c37dc6794b11c8de70e74542dd030000dd03000013ff4255544e40000000000000005a172d57
124.411,45,e9071901120103c37dc6794b11c8de6d5f4642e0030000e003000013ff4255544e60000000000000005a172d57
125.125,45,e9071901120103c37dc6794b11c8dedb374942ee030000ee03000013ff4255544e40000000000000005a172d57
125.361,45,e9071901120103c37dc6794b11c8de2a2d4a42f3030000f303000013ff4255544e60000000000000005a172d57
125.802,45,e9071901120103c37dc6794b11c8de45f04b42fb030000fb03000013ff4255544e40000000000000005a172d57
125.966,45,e9071901120103c37dc6794b11c8debe974c42ff030000ff03000013ff4255544e60000000000000005a172d57
126.125,45,e9071901120103c37dc6794b11c8de383e4d42020400000204000013ff4255544e40000000000000005a172d57
126.193,45,e9071901120103c37dc6794b11c8de9a834d42030400000304000013ff4255544e40100000000000005a172d57
126.727,45,e9071901120103c37dc6794b11c8de74a24f420e0400000e04000013ff4255544e60100000000000005a172d57
126.965,45,e9071901120103c37dc6794b11c8de34965042130400001304000013ff4255544e20100000000000005a172d57
127.079,45,e9071901120103c37dc6794b11c8de370e5142150400001504000013ff4255544e20000000000000005a172d57
127.216,45,e9071901120103c37dc6794b11c8de9c9a5142180400001804000013ff4255544e60000000000000005a172d57
127.263,45,e9071901120103c37dc6794b11c8de8cc95142190400001904000013ff4255544e40000000000000005a172d57
127.406,45,e9071901120103c37dc6794b11c8de015852421b0400001b04000013ff4255544e60000000000000005a172d57
127.48,45,e9071901120103c37dc6794b11c8de13a252421d0400001d04000013ff4255544e20000000000000005a172d57
127.584,45,e9071901120103c37dc6794b11c8dedb0753421f0400001f04000013ff4255544e60000000000000005a172d57
127.662,45,e9071901120103c37dc6794b11c8de48565342210400002104000013ff4255544e40000000000000005a172d57
127.813,45,e9071901120103c37dc6794b11c8de3cf45342240400002404000013ff4255544e40100000000000005a172d57
127.86,45,e9071901120103c37dc6794b11c8de96275442250400002504000013ff4255544e40000000000000005a172d57
127.933,45,e9071901120103c37dc6794b11c8def8725442260400002604000013ff4255544e60000000000000005a172d57
127.957,45,e9071901120103c37dc6794b11c8deca8b5442270400002704000013ff4255544e60100000000000005a172d57
128.147,45,e9071901120103c37dc6794b11c8decb5055422a0400002a04000013ff4255544e40100000000000005a172d57
128.363,45,e9071901120103c37dc6794b11c8de962b56422f0400002f04000013ff4255544e60100000000000005a172d57
128.536,45,e9071901120103c37dc6794b11c8de2ada5642320400003204000013ff4255544e40100000000000005a172d57
128.689,45,e9071901120103c37dc6794b11c8de5f745742350400003504000013ff4255544e00100000000000005a172d57
128.787,45,e9071901120103c37dc6794b11c8de4cdb5742370400003704000013ff4255544e00000000000000005a172d57
129.199,45,e9071901120103c37dc6794b11c8ded78259423f0400003f04000013ff4255544e40000000000000005a172d57
129.626,45,e9071901120103c37dc6794b11c8de9a345b42480400004804000013ff4255544e40080000000000005a172d57
129.675,45,e9071901120103c37dc6794b11c8de85685b42490400004904000013ff4255544e40280000000000005a172d57
129.747,45,e9071901120103c37dc6794b11c8de0cb55b424a0400004a04000013ff4255544e40080000000000005a172d57
129.868,45,e9071901120103c37dc6794b11c8dee4305c424d0400004d04000013ff4255544e40280000000000005a172d57
129.965,45,e9071901120103c37dc6794b11c8ded3935c424f0400004f04000013ff4255544e40080000000000005a172d57
130.193,45,e9071901120103c37dc6794b11c8def9775d42530400005304000013ff4255544e60080000000000005a172d57
130.269,45,e9071901120103c37dc6794b11c8de34c65d42550400005504000013ff4255544e60000000000000005a172d57
130.649,45,e9071901120103c37dc6794b11c8deec535f425c0400005c04000013ff4255544e40000000000000005a172d57
130.765,45,e9071901120103c37dc6794b11c8de7dcb5f425f0400005f04000013ff4255544e60080000000000005a172d57
130.947,45,e9071901120103c37dc6794b11c8dedd876042620400006204000013ff4255544e60000000000000005a172d57
131.104,45,e9071901120103c37dc6794b11c8dec9296142660400006604000013ff4255544e20000000000000005a172d57
131.218,45,e9071901120103c37dc6794b11c8decd9c6142680400006804000013ff4255544e60000000000000005a172d57
131.383,45,e9071901120103c37dc6794b11c8dedd4162426b0400006b04000013ff4255544e20000000000000005a172d57
131.793,45,e9071901120103c37dc6794b11c8de47e46342730400007304000013ff4255544e60000000000000005a172d57
131.977,45,e9071901120103c37dc6794b11c8ded9a56442770400007704000013ff4255544e60100000000000005a172d57
132.067,45,e9071901120103c37dc6794b11c8dedf026542790400007904000013ff4255544e20100000000000005a172d57
132.247,45,e9071901120103c37dc6794b11c8de14bb65427c0400007c04000013ff4255544e20000000000000005a172d57
132.632,45,e9071901120103c37dc6794b11c8de9d446742840400008404000013ff4255544e60000000000000005a172d57
132.937,45,e9071901120103c37dc6794b11c8deaf7968428a0400008a04000013ff4255544e60100000000000005a172d57
133.146,45,e9071901120103c37dc6794b11c8de275169428e0400008e04000013ff4255544e40100000000000005a172d57
133.998,45,e9071901120103c37dc6794b11c8debfba6c429f0400009f04000013ff4255544e50100000000000005a172d57
134.138,45,e9071901120103c37dc6794b11c8debb476d42a2040000a204000013ff4255544e10100000000000005a172d57
134.161,45,e9071901120103c37dc6794b11c8dea55f6d42a3040000a304000013ff4255544e10000000000000005a172d57
134.208,45,e9071901120103c37dc6794b11c8ded68f6d42a4040000a404000013ff4255544e10100000000000005a172d57
134.325,45,e9071901120103c37dc6794b11c8ded8076e42a6040000a604000013ff4255544e10000000000000005a172d57
135.843,45,e9071901120103c37dc6794b11c8def21d7442c4040000c404000013ff4255544e50000000000000005a172d57
135.952,45,e9071901120103c37dc6794b11c8debf8f7442c6040000c604000013ff4255544e40000000000000005a172d57
136.063,45,e9071901120103c37dc6794b11c8de81007542c9040000c904000013ff4255544e50000000000000005a172d57
136.152,45,e9071901120103c37dc6794b11c8de145b7542ca040000ca04000013ff4255544e10000000000000005a172d57
137.333,45,e9071901120103c37dc6794b11c8de4e137a42e2040000e204000013ff4255544e50000000000000005a172d57
137.498,45,e9071901120103c37dc6794b11c8de02b77a42e5040000e504000013ff4255544e40000000000000005a172d57
137.723,45,e9071901120103c37dc6794b11c8de92987b42ea040000ea04000013ff4255544e40100000000000005a172d57
138.124,45,e9071901120103c37dc6794b11c8def83a7d42f2040000f204000013ff4255544e50100000000000005a172d57
138.192,45,e9071901120103c37dc6794b11c8dea9817d42f3040000f304000013ff4255544e40100000000000005a172d57
139.009,45,e9071901120103c37dc6794b11c8de79608042040500000405000013ff4255544e60100000000000005a172d57
139.111,45,e9071901120103c37dc6794b11c8de57928042060500000605000013ff4255544e20100000000000005a172d57
139.137,45,e9071901120103c37dc6794b11c8de159f8042060500000605000013ff4255544e60100000000000005a172d57
139.217,45,e9071901120103c37dc6794b11c8de5bc68042080500000805000013ff4255544e40100000000000005a172d57
139.243,45,e9071901120103c37dc6794b11c8deb7d38042080500000805000013ff4255544e00100000000000005a172d57
139.658,45,e9071901120103c37dc6794b11c8defbaa8142110500001105000013ff4255544e00000000000000005a172d57
139.852,45,e9071901120103c37dc6794b11c8de12108242140500001405000013ff4255544e40000000000000005a172d57
140.018,45,e9071901120103c37dc6794b11c8dee4658242180500001805000013ff4255544e40080000000000005a172d57
140.661,45,e9071901120103c37dc6794b11c8de56aa8342250500002505000013ff4255544e40000000000000005a172d57
140.737,45,e9071901120103c37dc6794b11c8defed18342260500002605000013ff4255544e40080000000000005a172d57
140.813,45,e9071901120103c37dc6794b11c8de44f98342280500002805000013ff4255544e40280000000000005a172d57
140.935,45,e9071901120103c37dc6794b11c8dec83984422a0500002a05000013ff4255544e40080000000000005a172d57
140.985,45,e9071901120103c37dc6794b11c8de125384422b0500002b05000013ff4255544e40000000000000005a172d57
141.289,45,e9071901120103c37dc6794b11c8de20ec8442310500003105000013ff4255544e40100000000000005a172d57
141.68,45,e9071901120103c37dc6794b11c8de2bb58542390500003905000013ff4255544e00100000000000005a172d57
141.804,45,e9071901120103c37dc6794b11c8dec6f585423b0500003b05000013ff4255544e10100000000000005a172d57
141.975,45,e9071901120103c37dc6794b11c8de2d4e86423f0500003f05000013ff4255544e40100000000000005a172d57
142.124,45,e9071901120103c37dc6794b11c8dec0998642420500004205000013ff4255544e60100000000000005a172d57
142.36,45,e9071901120103c37dc6794b11c8de800f8742470500004705000013ff4255544e40100000000000005a172d57
142.44,45,e9071901120103c37dc6794b11c8defa378742480500004805000013ff4255544e40180000000000005a172d57
142.466,45,e9071901120103c37dc6794b11c8de94458742490500004905000013ff4255544e40080000000000005a172d57
142.623,45,e9071901120103c37dc6794b11c8de889687424c0500004c05000013ff4255544e60080000000000005a172d57
143.008,45,e9071901120103c37dc6794b11c8deb75b8842530500005305000013ff4255544e40080000000000005a172d57
143.413,45,e9071901120103c37dc6794b11c8dec42389425c0500005c05000013ff4255544e40000000000000005a172d57
143.444,45,e9071901120103c37dc6794b11c8def03289425c0500005c05000013ff4255544e40100000000000005a172d57
144.021,45,e9071901120103c37dc6794b11c8de295f8a42680500006805000013ff4255544e50100000000000005a172d57
144.182,45,e9071901120103c37dc6794b11c8de3eb38a426b0500006b05000013ff4255544e40100000000000005a172d57
144.262,45,e9071901120103c37dc6794b11c8de6cdc8a426d0500006d05000013ff4255544e50100000000000005a172d57
144.393,45,e9071901120103c37dc6794b11c8de86208b426f0500006f05000013ff4255544e40100000000000005a172d57
144.471,45,e9071901120103c37dc6794b11c8ded4488b42710500007105000013ff4255544e40180000000000005a172d57
144.522,45,e9071901120103c37dc6794b11c8de7e638b42720500007205000013ff4255544e40080000000000005a172d57
144.647,45,e9071901120103c37dc6794b11c8de17a58b42740500007405000013ff4255544e60080000000000005a172d57
144.838,45,e9071901120103c37dc6794b11c8de58098c42780500007805000013ff4255544e20080000000000005a172d57
144.955,45,e9071901120103c37dc6794b11c8de0c468c427b0500007b05000013ff4255544e20000000000000005a172d57
146.262,45,e9071901120103c37dc6794b11c8de39e88e42950500009505000013ff4255544e60000000000000005a172d57
146.529,45,e9071901120103c37dc6794b11c8de796d8f429a0500009a05000013ff4255544e60100000000000005a172d57
146.738,45,e9071901120103c37dc6794b11c8de35d78f429e0500009e05000013ff4255544e60000000000000005a172d57
147.725,45,e9071901120103c37dc6794b11c8debccf9142b2050000b205000013ff4255544e40000000000000005a172d57
147.795,45,e9071901120103c37dc6794b11c8de1bf49142b3050000b305000013ff4255544e00000000000000005a172d57
147.888,45,e9071901120103c37dc6794b11c8de31249242b5050000b505000013ff4255544e00080000000000005a172d57
148.092,45,e9071901120103c37dc6794b11c8deff8d9242b9050000b905000013ff4255544e00000000000000005a172d57
148.115,45,e9071901120103c37dc6794b11c8de99999242ba050000ba05000013ff4255544e00080000000000005a172d57
148.182,45,e9071901120103c37dc6794b11c8de54bc9242bb050000bb05000013ff4255544e00000000000000005a172d57
148.318,45,e9071901120103c37dc6794b11c8de82019342be050000be05000013ff4255544e00100000000000005a172d57
148.881,45,e9071901120103c37dc6794b11c8de76219442c9050000c905000013ff4255544e10100000000000005a172d57
148.972,45,e9071901120103c37dc6794b11c8de46509442cb050000cb05000013ff4255544e00100000000000005a172d57
149.288,45,e9071901120103c37dc6794b11c8de64f29442d1050000d105000013ff4255544e40100000000000005a172d57
149.614,45,e9071901120103c37dc6794b11c8deba979542d8050000d805000013ff4255544e40500000000000005a172d57
149.729,45,e9071901120103c37dc6794b11c8de53d39542da050000da05000013ff4255544e40100000000000005a172d57
150.191,45,e9071901120103c37dc6794b11c8defdbe9642e3050000e305000013ff4255544e50100000000000005a172d57
150.331,45,e9071901120103c37dc6794b11c8de88069742e6050000e605000013ff4255544e50500000000000005a172d57
150.475,45,e9071901120103c37dc6794b11c8de1b4f9742e9050000e905000013ff4255544e50100000000000005a172d57
150.737,45,e9071901120103c37dc6794b11c8debbd59742ee050000ee05000013ff4255544e40100000000000005a172d57
150.901,45,e9071901120103c37dc6794b11c8de692a9842f1050000f105000013ff4255544e50100000000000005a172d57
151.231,45,e9071901120103c37dc6794b11c8de2ed39842f8050000f805000013ff4255544e50500000000000005a172d57
151.394,45,e9071901120103c37dc6794b11c8de14279942fb050000fb05000013ff4255544e50100000000000005a172d57
151.602,45,e9071901120103c37dc6794b11c8de94919942ff050000ff05000013ff4255544e40100000000000005a172d57
151.838,45,e9071901120103c37dc6794b11c8de4a099a42040600000406000013ff4255544e50100000000000005a172d57
152.228,45,e9071901120103c37dc6794b11c8de70d39a420c0600000c06000013ff4255544e50500000000000005a172d57
152.362,45,e9071901120103c37dc6794b11c8deae189b420f0600000f06000013ff4255544e50100000000000005a172d57
152.916,45,e9071901120103c37dc6794b11c8de54339c421a0600001a06000013ff4255544e40100000000000005a172d57
153.162,45,e9071901120103c37dc6794b11c8de53b29c421f0600001f06000013ff4255544e50100000000000005a172d57
153.423,45,e9071901120103c37dc6794b11c8de6b399d42240600002406000013ff4255544e40100000000000005a172d57
153.509,45,e9071901120103c37dc6794b11c8de84659d42260600002606000013ff4255544e40500000000000005a172d57
153.617,45,e9071901120103c37dc6794b11c8debc9c9d42280600002806000013ff4255544e40100000000000005a172d57
153.725,45,e9071901120103c37dc6794b11c8debcd39d422a0600002a06000013ff4255544e50100000000000005a172d57
153.94,45,e9071901120103c37dc6794b11c8dec9419e422e0600002e06000013ff4255544e40100000000000005a172d57
154.218,45,e9071901120103c37dc6794b11c8de87d19e42340600003406000013ff4255544e00100000000000005a172d57
154.381,45,e9071901120103c37dc6794b11c8dec0269f42370600003706000013ff4255544e40100000000000005a172d57
154.763,45,e9071901120103c37dc6794b11c8de61e99f423f0600003f06000013ff4255544e00100000000000005a172d57
154.914,45,e9071901120103c37dc6794b11c8deac34a042420600004206000013ff4255544e00180000000000005a172d57
154.936,45,e9071901120103c37dc6794b11c8deb43fa042420600004206000013ff4255544e00380000000000005a172d57
154.98,45,e9071901120103c37dc6794b11c8deec55a042430600004306000013ff4255544e00280000000000005a172d57
155.044,45,e9071901120103c37dc6794b11c8de5177a042440600004406000013ff4255544e00080000000000005a172d57
155.107,45,e9071901120103c37dc6794b11c8de5f98a042460600004606000013ff4255544e00280000000000005a172d57
155.19,45,e9071901120103c37dc6794b11c8de06c4a042470600004706000013ff4255544e00080000000000005a172d57
155.293,45,e9071901120103c37dc6794b11c8de0cf9a042490600004906000013ff4255544e00280000000000005a172d57
155.375,45,e9071901120103c37dc6794b11c8de0323a1424b0600004b06000013ff4255544e00080000000000005a172d57
155.5,45,e9071901120103c37dc6794b11c8de3562a1424d0600004d06000013ff4255544e00280000000000005a172d57
155.607,45,e9071901120103c37dc6794b11c8de0098a142500600005006000013ff4255544e00080000000000005a172d57
155.719,45,e9071901120103c37dc6794b11c8de7dcfa142520600005206000013ff4255544e00280000000000005a172d57
155.788,45,e9071901120103c37dc6794b11c8dee0f1a142530600005306000013ff4255544e40080000000000005a172d57
155.833,45,e9071901120103c37dc6794b11c8de0309a242540600005406000013ff4255544e50080000000000005a172d57
155.901,45,e9071901120103c37dc6794b11c8dee92ba242550600005506000013ff4255544e40080000000000005a172d57
155.967,45,e9071901120103c37dc6794b11c8de794ea242570600005706000013ff4255544e40280000000000005a172d57
156.074,45,e9071901120103c37dc6794b11c8ded586a242590600005906000013ff4255544e40080000000000005a172d57
156.182,45,e9071901120103c37dc6794b11c8def0bda2425b0600005b06000013ff4255544e50080000000000005a172d57
156.382,45,e9071901120103c37dc6794b11c8de0d23a3425f0600005f06000013ff4255544e10080000000000005a172d57
157.018,45,e9071901120103c37dc6794b11c8de3d68a4426c0600006c06000013ff4255544e50080000000000005a172d57
157.041,45,e9071901120103c37dc6794b11c8dec773a4426c0600006c06000013ff4255544e50000000000000005a172d57
157.128,45,e9071901120103c37dc6794b11c8de84a1a4426e0600006e06000013ff4255544e50100000000000005a172d57
157.387,45,e9071901120103c37dc6794b11c8deaf26a542730600007306000013ff4255544e50000000000000005a172d57
157.77,45,e9071901120103c37dc6794b11c8deefe6a5427b0600007b06000013ff4255544e50100000000000005a172d57
157.817,45,e9071901120103c37dc6794b11c8ded7fea5427c0600007c06000013ff4255544e50180000000000005a172d57
157.841,45,e9071901120103c37dc6794b11c8def30aa6427c0600007c06000013ff4255544e50380000000000005a172d57
157.864,45,e9071901120103c37dc6794b11c8de0a17a6427d0600007d06000013ff4255544e50280000000000005a172d57
157.911,45,e9071901120103c37dc6794b11c8de362fa6427e0600007e06000013ff4255544e40280000000000005a172d57
157.98,45,e9071901120103c37dc6794b11c8de2753a6427f0600007f06000013ff4255544e40080000000000005a172d57
158.135,45,e9071901120103c37dc6794b11c8de83a4a642820600008206000013ff4255544e50080000000000005a172d57
158.897,45,e9071901120103c37dc6794b11c8dea22aa842910600009106000013ff4255544e50000000000000005a172d57
159.142,45,e9071901120103c37dc6794b11c8de81a7a842960600009606000013ff4255544e40000000000000005a172d57
159.163,45,e9071901120103c37dc6794b11c8def8b2a842970600009706000013ff4255544e40100000000000005a172d57
159.251,45,e9071901120103c37dc6794b11c8de78e0a842980600009806000013ff4255544e00100000000000005a172d57
159.654,45,e9071901120103c37dc6794b11c8de2db1a942a1060000a106000013ff4255544e40100000000000005a172d57
160.82,45,e9071901120103c37dc6794b11c8deb903ac42b8060000b806000013ff4255544e40500000000000005a172d57
160.949,45,e9071901120103c37dc6794b11c8dea446ac42ba060000ba06000013ff4255544e40100000000000005a172d57
161.413,45,e9071901120103c37dc6794b11c8de2d34ad42c4060000c406000013ff4255544e40100400000000005a172d57
161.696,45,e9071901120103c37dc6794b11c8deadcaad42c9060000c906000013ff4255544e40100000000000005a172d57
161.771,45,e9071901120103c37dc6794b11c8de4cf1ad42cb060000cb06000013ff4255544e40500000000000005a172d57
161.891,45,e9071901120103c37dc6794b11c8dedc2cae42cd060000cd06000013ff4255544e40100000000000005a172d57
162.074,45,e9071901120103c37dc6794b11c8dec786ae42d1060000d106000013ff4255544e50100000000000005a172d57
162.19,45,e9071901120103c37dc6794b11c8deefbfae42d3060000d306000013ff4255544e50000000000000005a172d57
162.237,45,e9071901120103c37dc6794b11c8de15d7ae42d4060000d406000013ff4255544e10000000000000005a172d57
162.881,45,e9071901120103c37dc6794b11c8dec320b042e1060000e106000013ff4255544e50000000000000005a172d57
162.903,45,e9071901120103c37dc6794b11c8dea12cb042e1060000e106000013ff4255544e40000000000000005a172d57
162.993,45,e9071901120103c37dc6794b11c8de345bb042e3060000e306000013ff4255544e60000000000000005a172d57
163.059,45,e9071901120103c37dc6794b11c8de897db042e5060000e506000013ff4255544e20000000000000005a172d57
163.124,45,e9071901120103c37dc6794b11c8deae9fb042e6060000e606000013ff4255544e20100000000000005a172d57
163.476,45,e9071901120103c37dc6794b11c8dea452b142ed060000ed06000013ff4255544e60100000000000005a172d57
163.499,45,e9071901120103c37dc6794b11c8de0f5eb142ed060000ed06000013ff4255544e40100000000000005a172d57
163.522,45,e9071901120103c37dc6794b11c8de8e69b142ee060000ee06000013ff4255544e00100000000000005a172d57
163.545,45,e9071901120103c37dc6794b11c8de0775b142ee060000ee06000013ff4255544e10100000000000005a172d57
163.593,45,e9071901120103c37dc6794b11c8de5e8cb142ef060000ef06000013ff4255544e10000000000000005a172d57
163.911,45,e9071901120103c37dc6794b11c8de812db242f6060000f606000013ff4255544e10000400000000005a172d57
164.027,45,e9071901120103c37dc6794b11c8de876bb242f8060000f806000013ff4255544e10800400000000005a172d57
164.164,45,e9071901120103c37dc6794b11c8de4ab9b242fb060000fb06000013ff4255544e10000000000000005a172d57
164.183,45,e9071901120103c37dc6794b11c8de53c3b242fb060000fb06000013ff4255544e50000000000000005a172d57
164.202,45,e9071901120103c37dc6794b11c8de42cdb242fc060000fc06000013ff4255544e40000000000000005a172d57
164.24,45,e9071901120103c37dc6794b11c8dec0e0b242fc060000fc06000013ff4255544e60000000000000005a172d57
164.279,45,e9071901120103c37dc6794b11c8de54f4b242fd060000fd06000013ff4255544e20000000000000005a172d57
164.32,45,e9071901120103c37dc6794b11c8deae08b342fe060000fe06000013ff4255544e20100000000000005a172d57
164.793,45,e9071901120103c37dc6794b11c8dea5f1b342070700000707000013ff4255544e60100000000000005a172d57
164.868,45,e9071901120103c37dc6794b11c8dea416b442090700000907000013ff4255544e40100000000000005a172d57
164.917,45,e9071901120103c37dc6794b11c8deac2fb4420a0700000a07000013ff4255544e50100000000000005a172d57
164.942,45,e9071901120103c37dc6794b11c8de643cb4420a0700000a07000013ff4255544e10100000000000005a172d57
165.519,45,e9071901120103c37dc6794b11c8deb063b542160700001607000013ff4255544e10000000000000005a172d57
165.76,45,e9071901120103c37dc6794b11c8dee7e0b5421b0700001b07000013ff4255544e10100000000000005a172d57
165.855,45,e9071901120103c37dc6794b11c8deac11b6421c0700001c07000013ff4255544e50100000000000005a172d57
165.879,45,e9071901120103c37dc6794b11c8dedd1db6421d0700001d07000013ff4255544e40100000000000005a172d57
165.929,45,e9071901120103c37dc6794b11c8de3236b6421e0700001e07000013ff4255544e60100000000000005a172d57
166.086,45,e9071901120103c37dc6794b11c8de9a82b642210700002107000013ff4255544e20100000000000005a172d57
166.327,45,e9071901120103c37dc6794b11c8de88fdb642260700002607000013ff4255544e20500000000000005a172d57
166.429,45,e9071901120103c37dc6794b11c8def333b742280700002807000013ff4255544e20100000000000005a172d57
166.53,45,e9071901120103c37dc6794b11c8de6a68b7422a0700002a07000013ff4255544e60100000000000005a172d57
166.58,45,e9071901120103c37dc6794b11c8de4782b7422b0700002b07000013ff4255544e40100000000000005a172d57
166.605,45,e9071901120103c37dc6794b11c8de1d8fb7422b0700002b07000013ff4255544e50100000000000005a172d57
166.63,45,e9071901120103c37dc6794b11c8def09bb7422c0700002c07000013ff4255544e10100000000000005a172d57
167.685,45,e9071901120103c37dc6794b11c8de2eb7b942410700004107000013ff4255544e50100000000000005a172d57
167.761,45,e9071901120103c37dc6794b11c8de36deb942430700004307000013ff4255544e40100000000000005a172d57
167.835,45,e9071901120103c37dc6794b11c8de1605ba42440700004407000013ff4255544e60100000000000005a172d57
168.012,45,e9071901120103c37dc6794b11c8de545fba42480700004807000013ff4255544e20100000000000005a172d57
168.14,45,e9071901120103c37dc6794b11c8de1da0ba424a0700004a07000013ff4255544e60100000000000005a172d57
168.191,45,e9071901120103c37dc6794b11c8de37baba424b0700004b07000013ff4255544e40100000000000005a172d57
168.243,45,e9071901120103c37dc6794b11c8de61d4ba424c0700004c07000013ff4255544e50100000000000005a172d57
168.294,45,e9071901120103c37dc6794b11c8dea0eeba424d0700004d07000013ff4255544e10100000000000005a172d57
169.255,45,e9071901120103c37dc6794b11c8dea7d6bc42600700006007000013ff4255544e40100000000000005a172d57
169.364,45,e9071901120103c37dc6794b11c8de260fbd42630700006307000013ff4255544e60100000000000005a172d57
169.525,45,e9071901120103c37dc6794b11c8dec362bd42660700006607000013ff4255544e20100000000000005a172d57
169.901,45,e9071901120103c37dc6794b11c8de3521be426d0700006d07000013ff4255544e60100000000000005a172d57
169.93,45,e9071901120103c37dc6794b11c8de392fbe426e0700006e07000013ff4255544e40100000000000005a172d57
170.23,45,e9071901120103c37dc6794b11c8defec3be42740700007407000013ff4255544e40500000000000005a172d57
170.388,45,e9071901120103c37dc6794b11c8deaa12bf42770700007707000013ff4255544e50100000000000005a172d57
170.485,45,e9071901120103c37dc6794b11c8de2f43bf42790700007907000013ff4255544e10100000000000005a172d57
170.91,45,e9071901120103c37dc6794b11c8de8c21c042810700008107000013ff4255544e50100000000000005a172d57
170.971,45,e9071901120103c37dc6794b11c8de3a40c042830700008307000013ff4255544e40100000000000005a172d57
171.03,45,e9071901120103c37dc6794b11c8def25ec042840700008407000013ff4255544e60100000000000005a172d57
171.175,45,e9071901120103c37dc6794b11c8de25abc042870700008707000013ff4255544e20100000000000005a172d57
171.591,45,e9071901120103c37dc6794b11c8dee382c1428f0700008f07000013ff4255544e60100000000000005a172d57
171.671,45,e9071901120103c37dc6794b11c8ded6acc142910700009107000013ff4255544e40100000000000005a172d57
171.753,45,e9071901120103c37dc6794b11c8de95d6c142920700009207000013ff4255544e50100000000000005a172d57
171.807,45,e9071901120103c37dc6794b11c8de4af2c142930700009307000013ff4255544e10100000000000005a172d57
172.125,45,e9071901120103c37dc6794b11c8de4797c2429a0700009a07000013ff4255544e10000000000000005a172d57
172.357,45,e9071901120103c37dc6794b11c8deb90ec3429e0700009e07000013ff4255544e50000000000000005a172d57
172.383,45,e9071901120103c37dc6794b11c8dee51bc3429f0700009f07000013ff4255544e40000000000000005a172d57
172.465,45,e9071901120103c37dc6794b11c8dec843c342a1070000a107000013ff4255544e60000000000000005a172d57
172.494,45,e9071901120103c37dc6794b11c8de6451c342a1070000a107000013ff4255544e60100000000000005a172d57
172.584,45,e9071901120103c37dc6794b11c8dea37bc342a3070000a307000013ff4255544e20100000000000005a172d57
172.704,45,e9071901120103c37dc6794b11c8de72b7c342a5070000a507000013ff4255544e20000000000000005a172d57
172.912,45,e9071901120103c37dc6794b11c8ded522c442aa070000aa07000013ff4255544e20100000000000005a172d57
173.054,45,e9071901120103c37dc6794b11c8def46dc442ac070000ac07000013ff4255544e60100000000000005a172d57
173.109,45,e9071901120103c37dc6794b11c8de338bc442ad070000ad07000013ff4255544e40100000000000005a172d57
173.164,45,e9071901120103c37dc6794b11c8def2a7c442af070000af07000013ff4255544e50100000000000005a172d57
173.192,45,e9071901120103c37dc6794b11c8de34b6c442af070000af07000013ff4255544e10100000000000005a172d57
173.763,45,e9071901120103c37dc6794b11c8de40dac542bb070000bb07000013ff4255544e50100000000000005a172d57
173.791,45,e9071901120103c37dc6794b11c8dec2e8c542bb070000bb07000013ff4255544e40100000000000005a172d57
173.846,45,e9071901120103c37dc6794b11c8de6005c642bc070000bc07000013ff4255544e60100000000000005a172d57
173.928,45,e9071901120103c37dc6794b11c8deca2fc642be070000be07000013ff4255544e20100000000000005a172d57
174.236,45,e9071901120103c37dc6794b11c8de27cbc642c4070000c407000013ff4255544e60100000000000005a172d57
174.295,45,e9071901120103c37dc6794b11c8de5ae8c642c5070000c507000013ff4255544e40100000000000005a172d57
174.354,45,e9071901120103c37dc6794b11c8def305c742c6070000c607000013ff4255544e10100000000000005a172d57
175.301,45,e9071901120103c37dc6794b11c8de56ecc842d9070000d907000013ff4255544e50100000000000005a172d57
175.358,45,e9071901120103c37dc6794b11c8de7409c942da070000da07000013ff4255544e40100000000000005a172d57
175.388,45,e9071901120103c37dc6794b11c8de1118c942db070000db07000013ff4255544e60100000000000005a172d57
175.417,45,e9071901120103c37dc6794b11c8ded926c942dc070000dc07000013ff4255544e20100000000000005a172d57
175.992,45,e9071901120103c37dc6794b11c8defc4fca42e7070000e707000013ff4255544e20000000000000005a172d57
176.02,45,e9071901120103c37dc6794b11c8de385eca42e8070000e807000013ff4255544e40000000000000005a172d57
176.047,45,e9071901120103c37dc6794b11c8de656cca42e8070000e807000013ff4255544e50000000000000005a172d57
176.074,45,e9071901120103c37dc6794b11c8de897aca42e9070000e907000013ff4255544e10000000000000005a172d57
176.632,45,e9071901120103c37dc6794b11c8de3899cb42f4070000f407000013ff4255544e10100000000000005a172d57
176.711,45,e9071901120103c37dc6794b11c8de4fc2cb42f6070000f607000013ff4255544e40100000000000005a172d57
176.763,45,e9071901120103c37dc6794b11c8de8eddcb42f7070000f707000013ff4255544e60100000000000005a172d57
176.868,45,e9071901120103c37dc6794b11c8de8613cc42f9070000f907000013ff4255544e20100000000000005a172d57
177.476,45,e9071901120103c37dc6794b11c8de0c4ccd42050800000508000013ff4255544e60100000000000005a172d57
177.527,45,e9071901120103c37dc6794b11c8de1966cd42060800000608000013ff4255544e40100000000000005a172d57
177.605,45,e9071901120103c37dc6794b11c8de648dcd42070800000708000013ff4255544e50100000000000005a172d57
177.657,45,e9071901120103c37dc6794b11c8dee2a7cd42080800000808000013ff4255544e10100000000000005a172d57
178.068,45,e9071901120103c37dc6794b11c8deda76ce42110800001108000013ff4255544e10000000000000005a172d57
178.174,45,e9071901120103c37dc6794b11c8de14afce42130800001308000013ff4255544e00000000000000005a172d57
178.226,45,e9071901120103c37dc6794b11c8de81cace42140800001408000013ff4255544e60000000000000005a172d57
178.253,45,e9071901120103c37dc6794b11c8de24d8ce42140800001408000013ff4255544e60080000000000005a172d57
178.278,45,e9071901120103c37dc6794b11c8de95e5ce42150800001508000013ff4255544e20080000000000005a172d57
178.304,45,e9071901120103c37dc6794b11c8de0cf3ce42150800001508000013ff4255544e20280000000000005a172d57
178.355,45,e9071901120103c37dc6794b11c8dec00dcf42160800001608000013ff4255544e20080000000000005a172d57
178.382,45,e9071901120103c37dc6794b11c8de101bcf42170800001708000013ff4255544e60080000000000005a172d57
178.485,45,e9071901120103c37dc6794b11c8de1350cf42190800001908000013ff4255544e60280000000000005a172d57
178.535,45,e9071901120103c37dc6794b11c8de926acf421a0800001a08000013ff4255544e60080000000000005a172d57
178.664,45,e9071901120103c37dc6794b11c8de04accf421d0800001d08000013ff4255544e40280000000000005a172d57
178.797,45,e9071901120103c37dc6794b11c8de54eecf421f0800001f08000013ff4255544e40080000000000005a172d57
178.824,45,e9071901120103c37dc6794b11c8ded6fbcf42200800002008000013ff4255544e00080000000000005a172d57
179.357,45,e9071901120103c37dc6794b11c8de780ed1422b0800002b08000013ff4255544e10080000000000005a172d57
179.409,45,e9071901120103c37dc6794b11c8de2b29d1422c0800002c08000013ff4255544e00080000000000005a172d57
179.487,45,e9071901120103c37dc6794b11c8ded050d1422d0800002d08000013ff4255544e00280000000000005a172d57
179.618,45,e9071901120103c37dc6794b11c8de6893d142300800003008000013ff4255544e00080000000000005a172d57
179.725,45,e9071901120103c37dc6794b11c8de63c9d142320800003208000013ff4255544e10080000000000005a172d57
179.807,45,e9071901120103c37dc6794b11c8de65f2d142330800003308000013ff4255544e00080000000000005a172d57
179.944,45,e9071901120103c37dc6794b11c8ded937d242360800003608000013ff4255544e10080000000000005a172d57
179.999,45,e9071901120103c37dc6794b11c8dec853d242370800003708000013ff4255544e00080000000000005a172d57
180.164,45,e9071901120103c37dc6794b11c8de2ea8d2423b0800003b08000013ff4255544e10080000000000005a172d57
180.218,45,e9071901120103c37dc6794b11c8de42c4d2423c0800003c08000013ff4255544e00080000000000005a172d57
181.213,45,e9071901120103c37dc6794b11c8defbc0d442500800005008000013ff4255544e00080400000000005a172d57
181.42,45,e9071901120103c37dc6794b11c8de4230d542540800005408000013ff4255544e00000400000000005a172d57
181.537,45,e9071901120103c37dc6794b11c8dea16fd542560800005608000013ff4255544e00000000000000005a172d57
181.703,45,e9071901120103c37dc6794b11c8de7dc3d542590800005908000013ff4255544e00100000000000005a172d57
183.424,45,e9071901120103c37dc6794b11c8de6230d9427c0800007c08000013ff4255544e00180000000000005a172d57
183.613,45,e9071901120103c37dc6794b11c8de218fd942800800008008000013ff4255544e00080000000000005a172d57
183.641,45,e9071901120103c37dc6794b11c8def49cd942800800008008000013ff4255544e10080000000000005a172d57
183.696,45,e9071901120103c37dc6794b11c8ded4b8d942810800008108000013ff4255544e00080000000000005a172d57
183.807,45,e9071901120103c37dc6794b11c8de1ff1d942830800008308000013ff4255544e10080000000000005a172d57
184.076,45,e9071901120103c37dc6794b11c8ded97cda42890800008908000013ff4255544e00080000000000005a172d57
184.208,45,e9071901120103c37dc6794b11c8dedcc0da428b0800008b08000013ff4255544e20080000000000005a172d57
184.342,45,e9071901120103c37dc6794b11c8dedf04db428e0800008e08000013ff4255544e00080000000000005a172d57
184.806,45,e9071901120103c37dc6794b11c8ded4f1db42970800009708000013ff4255544e00000000000000005a172d57
185.126,45,e9071901120103c37dc6794b11c8debc96dc429e0800009e08000013ff4255544e40000000000000005a172d57
188.173,45,e9071901120103c37dc6794b11c8dedaade242db080000db08000013ff4255544e40100000000000005a172d57
188.252,45,e9071901120103c37dc6794b11c8de45d7e242dc080000dc08000013ff4255544e40000000000000005a172d57
189.306,45,e9071901120103c37dc6794b11c8de9bf2e442f2080000f208000013ff4255544e00000000000000005a172d57
201.828,45,e9071901120103c37dc6794b11c8dedafdfd42ed090000ed09000013ff4255544e00000400000000005a172d57
203.808,45,e9071901120103c37dc6794b11c8de00000000130a0000130a00000000534341520303f34c0000000000000000
203.808,45,e9071901120103c37dc6794b11c8de00000000130a0000130a000000004255544e000000005a172d575a172d57
204.31,45,e9071901120103c37dc6794b11c8de00000000190a0000190a000013ff4255544e010000005a172d575a172d57
204.395,45,e9071901120103c37dc6794b11c8de000000001c0a00001c0a000013ff4255544e011000005a172d575a172d57
204.812,45,e9071901120103c37dc6794b11c8de00000000240a0000240a000013ff53544c470108f328e70e0000626f6f6c
205.236,45,e9071901120103c37dc6794b11c8de000000002e0a00002e0a000013ff4255544e411000005a172d575a172d57
205.609,45,e9071901120103c37dc6794b11c8de00000000360a0000360a000013ff53544c4702a36c29e70e0000626f6f6c
205.913,45,e9071901120103c37dc6794b11c8de000000003c0a00003c0a000013ff4255544e011000005a172d575a172d57
206.127,45,e9071901120103c37dc6794b11c8de00000000410a0000410a000013ff4255544e411000005a172d575a172d57
206.416,45,e9071901120103c37dc6794b11c8de00000000470a0000470a000013ff53544c4703c0e729e70e0000626f6f6c
207.225,45,e9071901120103c37dc6794b11c8de00000000570a0000570a000013ff53544c470441632ae70e0000626f6f6c
208.005,45,e9071901120103c37dc6794b11c8de00000000680a0000680a000013ff53544c470531da2ae70e0000626f6f6c
210.476,45,e9071901120103c37dc6794b11c8de000000009d0a00009d0a000013ff4c474f5400000000a8dde00d00000000
210.776,45,e9071901120103c37dc6794b11c8de69db433ea30a0000a30a000013ff4255544e401000005a172d575a172d57
210.992,45,e9071901120103c37dc6794b11c8de319bd03ea80a0000a80a000013ff4255544e400000005a172d575a172d57
211.233,45,e9071901120103c37dc6794b11c8deda2d263fad0a0000ad0a000013ff4255544e401000005a172d575a172d57
212.305,45,e9071901120103c37dc6794b11c8def16bdc3fc30a0000c30a000013ff4255544e400000005a172d575a172d57
212.496,45,e9071901120103c37dc6794b11c8dee968f43fc80a0000c80a000013ff4255544e401000005a172d575a172d57
213.671,45,e9071901120103c37dc6794b11c8de74334540e10a0000e10a000013ff4255544e001000005a172d575a172d57
213.785,45,e9071901120103c37dc6794b11c8dec36d4c40e40a0000e40a000013ff4255544e005000005a172d575a172d57
213.901,45,e9071901120103c37dc6794b11c8de85bf5340e70a0000e70a000013ff4255544e001000005a172d575a172d57
214.131,45,e9071901120103c37dc6794b11c8de7b8d6240ec0a0000ec0a000013ff4f56544b090d00004142ec3c48889d3f
214.598,45,e9071901120103c37dc6794b11c8de8a5f8040f50a0000f50a000013ff4255544e005000005a172d575a172d57
214.734,45,e9071901120103c37dc6794b11c8de97be8440f80a0000f80a000013ff4255544e001000005a172d575a172d57
215.185,45,e9071901120103c37dc6794b11c8de304a9340020b0000020b000013ff4f56544b04000000ea48d63c1dc99a3f
215.263,45,e9071901120103c37dc6794b11c8de25cb9540030b0000030b000013ff4255544e001004005a172d575a172d57
215.468,45,e9071901120103c37dc6794b11c8de18779c40080b0000080b000013ff4255544e005004005a172d575a172d57
215.495,45,e9071901120103c37dc6794b11c8de8e479d40090b0000090b000013ff4255544e005000005a172d575a172d57
215.614,45,e9071901120103c37dc6794b11c8de404ea1400b0b00000b0b000013ff4255544e001000005a172d575a172d57
216.253,45,e9071901120103c37dc6794b11c8dea2a8b540190b0000190b000013ff4255544e005000005a172d575a172d57
216.376,45,e9071901120103c37dc6794b11c8debb96b9401c0b00001c0b000013ff4f56544b1207000071a1c83c2e14993f
216.376,45,e9071901120103c37dc6794b11c8debb96b9401c0b00001c0b000013ff4f56544b080e000071a1c83c2e14993f
216.4,45,e9071901120103c37dc6794b11c8de9e5fba401c0b00001c0b000013ff4255544e001000005a172d575a172d57
216.426,45,e9071901120103c37dc6794b11c8de7228bb401d0b00001d0b000013ff53505450135021484301011350214843
216.94,45,e9071901120103c37dc6794b11c8de7baacb40280b0000280b000013ff535054500a9ce44c4301010a9ce44c43
217.037,45,e9071901120103c37dc6794b11c8dea7c6ce402a0b00002a0b000013ff535054500cce52504301010cce525043
217.158,45,e9071901120103c37dc6794b11c8de1babd2402c0b00002c0b000013ff4255544e401000005a172d575a172d57
217.183,45,e9071901120103c37dc6794b11c8def670d3402d0b00002d0b000013ff4255544e501000005a172d575a172d57
217.206,45,e9071901120103c37dc6794b11c8dec838d4402d0b00002d0b000013ff4255544e401000005a172d575a172d57
217.207,45,e9071901120103c37dc6794b11c8dec838d4402e0b00002e0b000013ff535054500380ea454300000cce525043
217.304,45,e9071901120103c37dc6794b11c8de6354d7402f0b00002f0b000013ff4255544e405000005a172d575a172d57
217.306,45,e9071901120103c37dc6794b11c8de6354d740300b0000300b000013ff5350545001b3685343010101b3685343
217.427,45,e9071901120103c37dc6794b11c8de413edb40320b0000320b000013ff4255544e401000005a172d575a172d57
217.576,45,e9071901120103c37dc6794b11c8dec6f9df40350b0000350b000013ff5350545007e1aa5a430000121ab35a43
217.576,45,e9071901120103c37dc6794b11c8dec6f9df40350b0000350b000013ff53505450121ab35a430101121ab35a43
217.748,45,e9071901120103c37dc6794b11c8de4076e540380b0000380b000013ff535054501154484f430000121ab35a43
217.771,45,e9071901120103c37dc6794b11c8defb3fe640380b0000380b000013ff4255544e403800005a172d575a172d57
217.795,45,e9071901120103c37dc6794b11c8debd08e740390b0000390b000013ff4255544e402800005a172d575a172d57
217.87,45,e9071901120103c37dc6794b11c8de7f62e9403b0b00003b0b000013ff4255544e502800005a172d575a172d57
217.895,45,e9071901120103c37dc6794b11c8de5e2dea403c0b00003c0b000013ff4255544e500800005a172d575a172d57
217.973,45,e9071901120103c37dc6794b11c8de7e90ec403d0b00003d0b000013ff4255544e502800005a172d575a172d57
218.05,45,e9071901120103c37dc6794b11c8de0605ef403f0b00003f0b000013ff4255544e500800005a172d575a172d57
218.128,45,e9071901120103c37dc6794b11c8deda7ff140410b0000410b000013ff535054500f258f624301010f258f6243
218.153,45,e9071901120103c37dc6794b11c8de1953f240410b0000410b000013ff4255544e502800005a172d575a172d57
218.178,45,e9071901120103c37dc6794b11c8de8c25f340420b0000420b000013ff53505450087ce868430101087ce86843
218.228,45,e9071901120103c37dc6794b11c8de91c5f440430b0000430b000013ff4255544e500800005a172d575a172d57
218.279,45,e9071901120103c37dc6794b11c8de3565f640440b0000440b000013ff535054500ef6e055430000087ce86843
218.304,45,e9071901120103c37dc6794b11c8ded832f740450b0000450b000013ff5350545006bb385e430000087ce86843
218.379,45,e9071901120103c37dc6794b11c8de799af940460b0000460b000013ff5350545010b43366430000087ce86843
218.404,45,e9071901120103c37dc6794b11c8deb168fa40460b0000460b000013ff4255544e100800005a172d575a172d57
218.574,45,e9071901120103c37dc6794b11c8de6dfdff40490b0000490b000013ff4255544e102800005a172d575a172d57
218.599,45,e9071901120103c37dc6794b11c8defd6100414a0b00004a0b000013ff5350545009daa96b43010109daa96b43
218.648,45,e9071901120103c37dc6794b11c8de322801414b0b00004b0b000013ff535054500d025b704301010d025b7043
218.671,45,e9071901120103c37dc6794b11c8de288b01414b0b00004b0b000013ff4255544e100800005a172d575a172d57
218.889,45,e9071901120103c37dc6794b11c8dea9050541510b0000510b000013ff5350545002548c6d4300000d025b7043
218.937,45,e9071901120103c37dc6794b11c8def9ca0541520b0000520b000013ff5350545005e6e3744300000b661c7a43
218.937,45,e9071901120103c37dc6794b11c8def9ca0541520b0000520b000013ff535054500b661c7a4301010b661c7a43
218.961,45,e9071901120103c37dc6794b11c8de382d0641520b0000520b000013ff4255544e102800005a172d575a172d57
219.081,45,e9071901120103c37dc6794b11c8de931c0841550b0000550b000013ff4255544e100800005a172d575a172d57
219.107,45,e9071901120103c37dc6794b11c8de257f0841560b0000560b000013ff5350545004a49d6f4300000b661c7a43
219.23,45,e9071901120103c37dc6794b11c8decc710a41580b0000580b000013ff5350545000c5a26a4300000b661c7a43
219.28,45,e9071901120103c37dc6794b11c8de2c3b0b41590b0000590b000013ff4f56544b0b0500008077c93cf02e993f
219.564,45,e9071901120103c37dc6794b11c8dec6b50f415e0b00005e0b000013ff4255544e100000005a172d575a172d57
219.696,45,e9071901120103c37dc6794b11c8de61cc1141610b0000610b000013ff4f56544b07120000a11ad63c54c39a3f
219.72,45,e9071901120103c37dc6794b11c8deb4371241610b0000610b000013ff4255544e104000005a172d575a172d57
219.851,45,e9071901120103c37dc6794b11c8ded44e1441640b0000640b000013ff4255544e100000005a172d575a172d57
219.929,45,e9071901120103c37dc6794b11c8de348f1541660b0000660b000013ff4f56544b0b0200002724d53c84a49a3f
220.029,45,e9071901120103c37dc6794b11c8de26351741680b0000680b000013ff4255544e500000005a172d575a172d57
220.179,45,e9071901120103c37dc6794b11c8decaa019416b0b00006b0b000013ff4255544e100000005a172d575a172d57
220.23,45,e9071901120103c37dc6794b11c8dea56e1a416c0b00006c0b000013ff4f56544b060e0000b361cd3c36ac993f
220.327,45,e9071901120103c37dc6794b11c8de88061c416e0b00006e0b000013ff4255544e500000005a172d575a172d57
220.575,45,e9071901120103c37dc6794b11c8deb1f61f41730b0000730b000013ff4255544e501000005a172d575a172d57
220.731,45,e9071901120103c37dc6794b11c8de80642241760b0000760b000013ff4255544e401000005a172d575a172d57
221.071,45,e9071901120103c37dc6794b11c8de73d527417d0b00007d0b000013ff4255544e501000005a172d575a172d57
221.097,45,e9071901120103c37dc6794b11c8de504028417e0b00007e0b000013ff4255544e401000005a172d575a172d57
221.148,45,e9071901120103c37dc6794b11c8de211529417f0b00007f0b000013ff4255544e001000005a172d575a172d57
221.394,45,e9071901120103c37dc6794b11c8deb1162d41850b0000850b000013ff4255544e401000005a172d575a172d57
221.661,45,e9071901120103c37dc6794b11c8def95f31418a0b00008a0b000013ff4255544e601000005a172d575a172d57
221.811,45,e9071901120103c37dc6794b11c8de61b633418d0b00008d0b000013ff4255544e605000005a172d575a172d57
221.914,45,e9071901120103c37dc6794b11c8de0d533541900b0000900b000013ff4255544e201000005a172d575a172d57
222.143,45,e9071901120103c37dc6794b11c8de36033941950b0000950b000013ff4f56544b0d09000083e9cf3c30fd993f
222.167,45,e9071901120103c37dc6794b11c8de5c6b3941960b0000960b000013ff4f56544b100e0000424cd03c88099a3f
222.288,45,e9071901120103c37dc6794b11c8de70653b41980b0000980b000013ff434f4c4c100eda40010000002019c724
222.531,45,e9071901120103c37dc6794b11c8de84493f419e0b00009e0b000013ff4255544e601000005a172d575a172d57
223.2,45,e9071901120103c37dc6794b11c8de33024a41ab0b0000ab0b000013ff4255544e401000005a172d575a172d57
223.559,45,e9071901120103c37dc6794b11c8de3cc44f41b30b0000b30b000013ff4255544e001000005a172d575a172d57
223.681,45,e9071901120103c37dc6794b11c8de26ae5141b60b0000b60b000013ff4f56544b05020000f451c53c3eaa983f
223.755,45,e9071901120103c37dc6794b11c8dec0d95241b70b0000b70b000013ff4255544e401000005a172d575a172d57
223.96,45,e9071901120103c37dc6794b11c8dedc165641bc0b0000bc0b000013ff4255544e405000005a172d575a172d57
224.01,45,e9071901120103c37dc6794b11c8de65e85641bd0b0000bd0b000013ff4255544e505000005a172d575a172d57
224.084,45,e9071901120103c37dc6794b11c8deee1e5841bf0b0000bf0b000013ff4255544e101000005a172d575a172d57
224.228,45,e9071901120103c37dc6794b11c8de79765a41c20b0000c20b000013ff4255544e501000005a172d575a172d57
224.589,45,e9071901120103c37dc6794b11c8de073a6041ca0b0000ca0b000013ff4255544e401000005a172d575a172d57
224.59,45,e9071901120103c37dc6794b11c8de073a6041ca0b0000ca0b000013ff4f56544b020500000206c63cc0c0983f
224.663,45,e9071901120103c37dc6794b11c8de5d636141cb0b0000cb0b000013ff4255544e501000005a172d575a172d57
225.012,45,e9071901120103c37dc6794b11c8de4beb6641d40b0000d40b000013ff4f56544b050200009257cc3cf28a993f
225.308,45,e9071901120103c37dc6794b11c8deffb46b41da0b0000da0b000013ff4f56544b080f0000a25bc73c74eb983f
225.355,45,e9071901120103c37dc6794b11c8deac7b6c41da0b0000da0b000013ff4255544e505000005a172d575a172d57
225.478,45,e9071901120103c37dc6794b11c8de296c6e41dd0b0000dd0b000013ff4255544e501000005a172d575a172d57
225.837,45,e9071901120103c37dc6794b11c8dec2177441e40b0000e40b000013ff4255544e501004005a172d575a172d57
226.155,45,e9071901120103c37dc6794b11c8dec7807941eb0b0000eb0b000013ff4255544e501000005a172d575a172d57
226.281,45,e9071901120103c37dc6794b11c8de797f7b41ee0b0000ee0b000013ff50454e410504100eff01000000000000
226.541,45,e9071901120103c37dc6794b11c8de99857f41f30b0000f30b000013ff4255544e401000005a172d575a172d57
226.569,45,e9071901120103c37dc6794b11c8dec8f27f41f40b0000f40b000013ff4f56544b050b0000ad5eda3cd54b9b3f
227.494,45,e9071901120103c37dc6794b11c8deb63e8741070c0000070c000013ff4f56544b020b000027f2e23c445e9c3f
227.626,45,e9071901120103c37dc6794b11c8de535588410a0c00000a0c000013ff4255544e405000005a172d575a172d57
227.759,45,e9071901120103c37dc6794b11c8de006789410c0c00000c0c000013ff4255544e401000005a172d575a172d57
228.419,45,e9071901120103c37dc6794b11c8de5f9b8e411c0c00001c0c000013ff4f56544b0d0e0000bb15e93cb7229d3f
228.419,45,e9071901120103c37dc6794b11c8de5f9b8e411c0c00001c0c000013ff4f56544b0b020000bb15e93cb7229d3f
228.559,45,e9071901120103c37dc6794b11c8de7fbe8f411f0c00001f0c000013ff4f56544b0b05000033a5e73ca6f49c3f
228.696,45,e9071901120103c37dc6794b11c8de7ddc9041210c0000210c000013ff4f56544b020500007fa7e33cef749c3f
229.108,45,e9071901120103c37dc6794b11c8de47269441290c0000290c000013ff4255544e001000005a172d575a172d57
229.138,45,e9071901120103c37dc6794b11c8de825f94412a0c00002a0c000013ff4f56544b0f0800008fe9e43c319d9c3f
229.627,45,e9071901120103c37dc6794b11c8deeb539841340c0000340c000013ff4255544e005000005a172d575a172d57
229.786,45,e9071901120103c37dc6794b11c8de649f9941370c0000370c000013ff4255544e001000005a172d575a172d57
230.387,45,e9071901120103c37dc6794b11c8de54749e41450c0000450c000013ff4255544e001004005a172d575a172d57
230.772,45,e9071901120103c37dc6794b11c8de9a9ba1414c0c00004c0c000013ff4255544e101004005a172d575a172d57
230.816,45,e9071901120103c37dc6794b11c8dec4f9a1414d0c00004d0c000013ff4255544e101000005a172d575a172d57
230.839,45,e9071901120103c37dc6794b11c8deec28a2414e0c00004e0c000013ff4255544e001000005a172d575a172d57
233.231,45,e9071901120103c37dc6794b11c8de1023b541820c0000820c000013ff4255544e401000005a172d575a172d57
233.315,45,e9071901120103c37dc6794b11c8de53cdb541830c0000830c000013ff4255544e001000005a172d575a172d57
233.573,45,e9071901120103c37dc6794b11c8deadd8b741890c0000890c000013ff4255544e401000005a172d575a172d57
233.876,45,e9071901120103c37dc6794b11c8de084fba41910c0000910c000013ff4f56544b010300008867e23cf14c9c3f
234.231,45,e9071901120103c37dc6794b11c8de0f36bd41980c0000980c000013ff4255544e403800005a172d575a172d57
234.31,45,e9071901120103c37dc6794b11c8de3ed2bd41990c0000990c000013ff4255544e402800005a172d575a172d57
234.337,45,e9071901120103c37dc6794b11c8de3507be419a0c00009a0c000013ff4255544e400800005a172d575a172d57
234.445,45,e9071901120103c37dc6794b11c8de75dfbe419d0c00009d0c000013ff4255544e402800005a172d575a172d57
234.524,45,e9071901120103c37dc6794b11c8de5284bf419e0c00009e0c000013ff4255544e400800005a172d575a172d57
234.626,45,e9071901120103c37dc6794b11c8dea05cc041a10c0000a10c000013ff4255544e402800005a172d575a172d57
234.724,45,e9071901120103c37dc6794b11c8dec52dc141a30c0000a30c000013ff4255544e400800005a172d575a172d57
234.844,45,e9071901120103c37dc6794b11c8de5528c241a50c0000a50c000013ff4255544e502800005a172d575a172d57
234.917,45,e9071901120103c37dc6794b11c8de26bcc241a70c0000a70c000013ff4255544e100800005a172d575a172d57
235.038,45,e9071901120103c37dc6794b11c8deaeb3c341aa0c0000aa0c000013ff4255544e102800005a172d575a172d57
235.135,45,e9071901120103c37dc6794b11c8dee07ac441ac0c0000ac0c000013ff4255544e100800005a172d575a172d57
235.353,45,e9071901120103c37dc6794b11c8dead38c641b00c0000b00c000013ff4255544e102800005a172d575a172d57
235.478,45,e9071901120103c37dc6794b11c8deee33c741b30c0000b30c000013ff4255544e100800005a172d575a172d57
235.883,45,e9071901120103c37dc6794b11c8de006cca41bb0c0000bb0c000013ff4255544e100000005a172d575a172d57
236.014,45,e9071901120103c37dc6794b11c8de7672cb41bd0c0000bd0c000013ff4255544e104000005a172d575a172d57
236.124,45,e9071901120103c37dc6794b11c8de564bcc41bf0c0000bf0c000013ff4255544e100000005a172d575a172d57
236.261,45,e9071901120103c37dc6794b11c8deef61cd41c20c0000c20c000013ff4255544e500000005a172d575a172d57
236.288,45,e9071901120103c37dc6794b11c8de6899cd41c30c0000c30c000013ff4255544e501000005a172d575a172d57
236.397,45,e9071901120103c37dc6794b11c8dec97ace41c60c0000c60c000013ff4255544e101000005a172d575a172d57
236.631,45,e9071901120103c37dc6794b11c8def764d041cb0c0000cb0c000013ff4255544e501000005a172d575a172d57
237.411,45,e9071901120103c37dc6794b11c8de95a0d641dc0c0000dc0c000013ff4255544e401000005a172d575a172d57
237.699,45,e9071901120103c37dc6794b11c8dea3edd841e20c0000e20c000013ff4255544e405000005a172d575a172d57
237.831,45,e9071901120103c37dc6794b11c8de8cf9d941e50c0000e50c000013ff4255544e401000005a172d575a172d57
239.333,45,e9071901120103c37dc6794b11c8debb0fe641040d0000040d000013ff4255544e505000005a172d575a172d57
239.358,45,e9071901120103c37dc6794b11c8de6841e641050d0000050d000013ff4255544e505200005a172d575a172d57
239.432,45,e9071901120103c37dc6794b11c8de63d7e641070d0000070d000013ff4255544e501000005a172d575a172d57
239.683,45,e9071901120103c37dc6794b11c8deb8d2e8410c0d00000c0d000013ff4255544e401000005a172d575a172d57
239.707,45,e9071901120103c37dc6794b11c8de4f06e9410c0d00000c0d000013ff4255544e501004005a172d575a172d57
239.733,45,e9071901120103c37dc6794b11c8de383ae9410d0d00000d0d000013ff4255544e401004005a172d575a172d57
239.996,45,e9071901120103c37dc6794b11c8de3e7beb41120d0000120d000013ff4255544e401000005a172d575a172d57
241.015,45,e9071901120103c37dc6794b11c8dedb73f341270d0000270d000013ff4255544e405000005a172d575a172d57
241.143,45,e9071901120103c37dc6794b11c8deb87ff4412a0d00002a0d000013ff4255544e401000005a172d575a172d57
241.482,45,e9071901120103c37dc6794b11c8ded243f741320d0000320d000013ff4255544e001000005a172d575a172d57
241.6,45,e9071901120103c37dc6794b11c8dee635f841340d0000340d000013ff4f56544b04050000dde9bf3c3bfd973f
241.763,45,e9071901120103c37dc6794b11c8def085f941370d0000370d000013ff4255544e101000005a172d575a172d57
241.861,45,e9071901120103c37dc6794b11c8de8348fa413a0d00003a0d000013ff4255544e001000005a172d575a172d57
242.031,45,e9071901120103c37dc6794b11c8de5ea5fb413e0d00003e0d000013ff4255544e101000005a172d575a172d57
242.102,45,e9071901120103c37dc6794b11c8ded439fc413f0d00003f0d000013ff4255544e001000005a172d575a172d57
242.264,45,e9071901120103c37dc6794b11c8de5e8bfd41420d0000420d000013ff4255544e001200005a172d575a172d57
242.381,45,e9071901120103c37dc6794b11c8de4a79fe41460d0000460d000013ff4255544e001000005a172d575a172d57
242.52,45,e9071901120103c37dc6794b11c8deeb96ff41480d0000480d000013ff4255544e401000005a172d575a172d57
242.591,45,e9071901120103c37dc6794b11c8dee71200424a0d00004a0d000013ff4255544e001000005a172d575a172d57
242.804,45,e9071901120103c37dc6794b11c8de93eb00424e0d00004e0d000013ff4255544e401000005a172d575a172d57
242.923,45,e9071901120103c37dc6794b11c8debb650142500d0000500d000013ff4255544e001000005a172d575a172d57
243.135,45,e9071901120103c37dc6794b11c8deed400242550d0000550d000013ff4255544e401000005a172d575a172d57
243.296,45,e9071901120103c37dc6794b11c8de2ce70242580d0000580d000013ff4255544e001000005a172d575a172d57
243.525,45,e9071901120103c37dc6794b11c8deded103425e0d00005e0d000013ff4255544e401000005a172d575a172d57
243.572,45,e9071901120103c37dc6794b11c8dedc0004425e0d00005e0d000013ff4255544e405000005a172d575a172d57
243.666,45,e9071901120103c37dc6794b11c8def15f0442600d0000600d000013ff4255544e401000005a172d575a172d57
244.259,45,e9071901120103c37dc6794b11c8de53c406426c0d00006c0d000013ff4255544e601000005a172d575a172d57
244.417,45,e9071901120103c37dc6794b11c8dea2640742700d0000700d000013ff4255544e401000005a172d575a172d57
244.58,45,e9071901120103c37dc6794b11c8de8c080842740d0000740d000013ff4255544e401800005a172d575a172d57
244.604,45,e9071901120103c37dc6794b11c8de56200842740d0000740d000013ff4255544e403800005a172d575a172d57
244.628,45,e9071901120103c37dc6794b11c8de6a380842750d0000750d000013ff4255544e603800005a172d575a172d57
244.699,45,e9071901120103c37dc6794b11c8deb8800842760d0000760d000013ff4255544e600800005a172d575a172d57
244.771,45,e9071901120103c37dc6794b11c8defec90842770d0000770d000013ff4255544e602800005a172d575a172d57
244.842,45,e9071901120103c37dc6794b11c8de32130942790d0000790d000013ff4255544e600800005a172d575a172d57
244.913,45,e9071901120103c37dc6794b11c8de0d5c09427b0d00007b0d000013ff4255544e602800005a172d575a172d57
245.006,45,e9071901120103c37dc6794b11c8dec8bc09427d0d00007d0d000013ff4255544e600800005a172d575a172d57
245.145,45,e9071901120103c37dc6794b11c8dec64b0a42800d0000800d000013ff4255544e200800005a172d575a172d57
245.354,45,e9071901120103c37dc6794b11c8deb4200b42840d0000840d000013ff4255544e200000005a172d575a172d57
245.726,45,e9071901120103c37dc6794b11c8dee1950c428c0d00008c0d000013ff4255544e201000005a172d575a172d57
245.945,45,e9071901120103c37dc6794b11c8de297b0d42910d0000910d000013ff4255544e200000005a172d575a172d57
246.015,45,e9071901120103c37dc6794b11c8de7dc40d42920d0000920d000013ff4255544e201000005a172d575a172d57
246.456,45,e9071901120103c37dc6794b11c8de268a0f429c0d00009c0d000013ff4255544e601000005a172d575a172d57
246.683,45,e9071901120103c37dc6794b11c8de38741042a10d0000a10d000013ff4255544e401000005a172d575a172d57
246.776,45,e9071901120103c37dc6794b11c8de30d21042a30d0000a30d000013ff4255544e601000005a172d575a172d57
247.337,45,e9071901120103c37dc6794b11c8de270e1342af0d0000af0d000013ff4255544e401000005a172d575a172d57
247.597,45,e9071901120103c37dc6794b11c8de69181442b50d0000b50d000013ff4255544e601000005a172d575a172d57
248.516,45,e9071901120103c37dc6794b11c8deebc01742c90d0000c90d000013ff4255544e401000005a172d575a172d57
248.744,45,e9071901120103c37dc6794b11c8de38a81842ce0d0000ce0d000013ff4255544e405000005a172d575a172d57
248.869,45,e9071901120103c37dc6794b11c8ded3291942d10d0000d10d000013ff4255544e401000005a172d575a172d57
249.085,45,e9071901120103c37dc6794b11c8de5f0b1a42d60d0000d60d000013ff4255544e401800005a172d575a172d57
249.11,45,e9071901120103c37dc6794b11c8de2a241a42d60d0000d60d000013ff4255544e403800005a172d575a172d57
249.207,45,e9071901120103c37dc6794b11c8dec9861a42d80d0000d80d000013ff4255544e400800005a172d575a172d57
249.304,45,e9071901120103c37dc6794b11c8de29ea1a42da0d0000da0d000013ff4255544e402800005a172d575a172d57
249.403,45,e9071901120103c37dc6794b11c8de5f4e1b42dc0d0000dc0d000013ff4255544e400800005a172d575a172d57
249.502,45,e9071901120103c37dc6794b11c8de60b31b42de0d0000de0d000013ff4255544e402800005a172d575a172d57
249.577,45,e9071901120103c37dc6794b11c8de3bff1b42e00d0000e00d000013ff4255544e400800005a172d575a172d57
249.679,45,e9071901120103c37dc6794b11c8de23651c42e20d0000e20d000013ff4255544e602800005a172d575a172d57
249.755,45,e9071901120103c37dc6794b11c8deedb21c42e30d0000e30d000013ff4255544e200800005a172d575a172d57
249.879,45,e9071901120103c37dc6794b11c8de29341d42e60d0000e60d000013ff4255544e202800005a172d575a172d57
250.024,45,e9071901120103c37dc6794b11c8deadcb1d42e90d0000e90d000013ff4255544e200800005a172d575a172d57
250.049,45,e9071901120103c37dc6794b11c8de6be41d42e90d0000e90d000013ff4f56544b050400001df2c53c43be983f
250.328,45,e9071901120103c37dc6794b11c8de90061f42ef0d0000ef0d000013ff4f56544b040500000c82bd3c41b0973f
251.014,45,e9071901120103c37dc6794b11c8deffc22142fe0d0000fe0d000013ff4255544e200000005a172d575a172d57
251.335,45,e9071901120103c37dc6794b11c8deaf072342050e0000050e000013ff4255544e204000005a172d575a172d57
251.475,45,e9071901120103c37dc6794b11c8de7c9c2342090e0000090e000013ff4255544e200000005a172d575a172d57
251.656,45,e9071901120103c37dc6794b11c8de2a5924420c0e00000c0e000013ff4255544e201000005a172d575a172d57
251.857,45,e9071901120103c37dc6794b11c8dea7282542110e0000110e000013ff4255544e601000005a172d575a172d57
252.763,45,e9071901120103c37dc6794b11c8de16c62842230e0000230e000013ff4255544e401000005a172d575a172d57
252.829,45,e9071901120103c37dc6794b11c8de860b2942250e0000250e000013ff4255544e001000005a172d575a172d57
253.009,45,e9071901120103c37dc6794b11c8de0ec32942280e0000280e000013ff4255544e401000005a172d575a172d57
253.463,45,e9071901120103c37dc6794b11c8de2e932b42320e0000320e000013ff4255544e501000005a172d575a172d57
253.531,45,e9071901120103c37dc6794b11c8ded1d82b42340e0000340e000013ff4255544e101000005a172d575a172d57
253.621,45,e9071901120103c37dc6794b11c8de4b352c42350e0000350e000013ff4255544e103800005a172d575a172d57
253.69,45,e9071901120103c37dc6794b11c8decb7a2c42370e0000370e000013ff4255544e102800005a172d575a172d57
253.782,45,e9071901120103c37dc6794b11c8dee7d72c42390e0000390e000013ff4255544e100800005a172d575a172d57
253.851,45,e9071901120103c37dc6794b11c8de801e2d423a0e00003a0e000013ff4255544e100000005a172d575a172d57
254.954,45,e9071901120103c37dc6794b11c8de308a3142510e0000510e000013ff4255544e101000005a172d575a172d57
255.362,45,e9071901120103c37dc6794b11c8de232d33425a0e00005a0e000013ff4255544e105000005a172d575a172d57
255.473,45,e9071901120103c37dc6794b11c8de799f33425d0e00005d0e000013ff4255544e101000005a172d575a172d57
255.774,45,e9071901120103c37dc6794b11c8de6ecd3442630e0000630e000013ff4255544e100000005a172d575a172d57
255.969,45,e9071901120103c37dc6794b11c8defe913542670e0000670e000013ff4255544e101000005a172d575a172d57
256.519,45,e9071901120103c37dc6794b11c8de6dcd3742730e0000730e000013ff4255544e501000005a172d575a172d57
256.886,45,e9071901120103c37dc6794b11c8dea04039427c0e00007c0e000013ff4255544e401000005a172d575a172d57
257.032,45,e9071901120103c37dc6794b11c8de9cd239427f0e00007f0e000013ff4255544e601000005a172d575a172d57
257.131,45,e9071901120103c37dc6794b11c8de91363a42810e0000810e000013ff4255544e401000005a172d575a172d57
257.835,45,e9071901120103c37dc6794b11c8de3c0b3d42900e0000900e000013ff4255544e405000005a172d575a172d57
257.934,45,e9071901120103c37dc6794b11c8debf6c3d42930e0000930e000013ff4255544e401000005a172d575a172d57
258.17,45,e9071901120103c37dc6794b11c8de7e583e42970e0000970e000013ff4255544e001000005a172d575a172d57
258.349,45,e9071901120103c37dc6794b11c8dea0133f429b0e00009b0e000013ff4255544e401000005a172d575a172d57
258.543,45,e9071901120103c37dc6794b11c8de46df3f42a00e0000a00e000013ff4255544e001000005a172d575a172d57
258.709,45,e9071901120103c37dc6794b11c8de9f8a4042a30e0000a30e000013ff4255544e401000005a172d575a172d57
258.756,45,e9071901120103c37dc6794b11c8def3ba4042a40e0000a40e000013ff4255544e405000005a172d575a172d57
258.901,45,e9071901120103c37dc6794b11c8deb44c4142a70e0000a70e000013ff4255544e401000005a172d575a172d57
259.48,45,e9071901120103c37dc6794b11c8de33944342b40e0000b40e000013ff4255544e601000005a172d575a172d57
259.685,45,e9071901120103c37dc6794b11c8de156a4442b80e0000b80e000013ff4255544e605000005a172d575a172d57
259.787,45,e9071901120103c37dc6794b11c8defed24442ba0e0000ba0e000013ff4255544e601000005a172d575a172d57
259.838,45,e9071901120103c37dc6794b11c8de25074542bb0e0000bb0e000013ff4255544e603800005a172d575a172d57
259.891,45,e9071901120103c37dc6794b11c8de933b4542bd0e0000bd0e000013ff4255544e602800005a172d575a172d57
259.916,45,e9071901120103c37dc6794b11c8defa554542bd0e0000bd0e000013ff4255544e402800005a172d575a172d57
259.943,45,e9071901120103c37dc6794b11c8de64704542be0e0000be0e000013ff4255544e400800005a172d575a172d57
260.022,45,e9071901120103c37dc6794b11c8de54c04542bf0e0000bf0e000013ff4255544e402800005a172d575a172d57
260.101,45,e9071901120103c37dc6794b11c8def1104642c10e0000c10e000013ff4255544e400800005a172d575a172d57
260.203,45,e9071901120103c37dc6794b11c8de467c4642c30e0000c30e000013ff4255544e402800005a172d575a172d57
260.305,45,e9071901120103c37dc6794b11c8dea5e54642c50e0000c50e000013ff4255544e400800005a172d575a172d57
260.33,45,e9071901120103c37dc6794b11c8def3ff4642c60e0000c60e000013ff4255544e600800005a172d575a172d57
260.409,45,e9071901120103c37dc6794b11c8de224e4742c70e0000c70e000013ff4255544e602800005a172d575a172d57
260.436,45,e9071901120103c37dc6794b11c8de73684742c80e0000c80e000013ff4255544e202800005a172d575a172d57
260.523,45,e9071901120103c37dc6794b11c8ded6ba4742c90e0000c90e000013ff4255544e200800005a172d575a172d57
260.705,45,e9071901120103c37dc6794b11c8deb56d4842cd0e0000cd0e000013ff4255544e202800005a172d575a172d57
260.765,45,e9071901120103c37dc6794b11c8de78aa4842ce0e0000ce0e000013ff4255544e200800005a172d575a172d57
261.688,45,e9071901120103c37dc6794b11c8de3f744c42e20e0000e20e000013ff4255544e200000005a172d575a172d57
261.854,45,e9071901120103c37dc6794b11c8de261f4d42e50e0000e50e000013ff4255544e204000005a172d575a172d57
261.969,45,e9071901120103c37dc6794b11c8de28974d42e70e0000e70e000013ff4255544e200000005a172d575a172d57
262.103,45,e9071901120103c37dc6794b11c8de9c234e42ea0e0000ea0e000013ff4255544e201000005a172d575a172d57
262.805,45,e9071901120103c37dc6794b11c8def2f15042f90e0000f90e000013ff4255544e601000005a172d575a172d57
263.911,45,e9071901120103c37dc6794b11c8def65b5542110f0000110f000013ff4255544e401000005a172d575a172d57
264.055,45,e9071901120103c37dc6794b11c8de17eb5542140f0000140f000013ff4255544e501000005a172d575a172d57
264.079,45,e9071901120103c37dc6794b11c8de9c035642150f0000150f000013ff4255544e101000005a172d575a172d57
264.203,45,e9071901120103c37dc6794b11c8de21805642170f0000170f000013ff4255544e501000005a172d575a172d57
264.228,45,e9071901120103c37dc6794b11c8de5c995642180f0000180f000013ff4255544e401000005a172d575a172d57
264.373,45,e9071901120103c37dc6794b11c8dea63057421b0f00001b0f000013ff4255544e001000005a172d575a172d57
264.557,45,e9071901120103c37dc6794b11c8dee0f157421f0f00001f0f000013ff4255544e401000005a172d575a172d57
264.716,45,e9071901120103c37dc6794b11c8dec1955842220f0000220f000013ff4255544e405000005a172d575a172d57
264.784,45,e9071901120103c37dc6794b11c8de83db5842240f0000240f000013ff4255544e405200005a172d575a172d57
264.852,45,e9071901120103c37dc6794b11c8def3205942250f0000250f000013ff4255544e401200005a172d575a172d57
264.875,45,e9071901120103c37dc6794b11c8de28385942260f0000260f000013ff4255544e401000005a172d575a172d57
265.548,45,e9071901120103c37dc6794b11c8deaae85b42340f0000340f000013ff4255544e501000005a172d575a172d57
265.895,45,e9071901120103c37dc6794b11c8de584a5d423c0f00003c0f000013ff4255544e401000005a172d575a172d57
265.918,45,e9071901120103c37dc6794b11c8de1d625d423c0f00003c0f000013ff4255544e501000005a172d575a172d57
265.942,45,e9071901120103c37dc6794b11c8deef795d423d0f00003d0f000013ff4255544e401000005a172d575a172d57
265.99,45,e9071901120103c37dc6794b11c8dec0a95d423e0f00003e0f000013ff4255544e501000005a172d575a172d57
266.16,45,e9071901120103c37dc6794b11c8de89555e42410f0000410f000013ff4255544e101000005a172d575a172d57
266.209,45,e9071901120103c37dc6794b11c8de53875e42420f0000420f000013ff4255544e105000005a172d575a172d57
266.33,45,e9071901120103c37dc6794b11c8de07045f42450f0000450f000013ff4255544e101000005a172d575a172d57
266.589,45,e9071901120103c37dc6794b11c8de531060424a0f00004a0f000013ff4255544e501000005a172d575a172d57
266.75,45,e9071901120103c37dc6794b11c8ded2b660424d0f00004d0f000013ff4255544e101000005a172d575a172d57
266.96,45,e9071901120103c37dc6794b11c8de678c6142520f0000520f000013ff4255544e501000005a172d575a172d57
267.588,45,e9071901120103c37dc6794b11c8de22136442600f0000600f000013ff4255544e501200005a172d575a172d57
267.701,45,e9071901120103c37dc6794b11c8deba866442620f0000620f000013ff4255544e501000005a172d575a172d57
267.833,45,e9071901120103c37dc6794b11c8de0c106542650f0000650f000013ff4255544e505000005a172d575a172d57
267.965,45,e9071901120103c37dc6794b11c8ded0976542680f0000680f000013ff4255544e501000005a172d575a172d57
268.188,45,e9071901120103c37dc6794b11c8de2e7966426d0f00006d0f000013ff4255544e401000005a172d575a172d57
268.572,45,e9071901120103c37dc6794b11c8de44056842760f0000760f000013ff4255544e501000005a172d575a172d57
268.915,45,e9071901120103c37dc6794b11c8de406769427c0f00007c0f000013ff4255544e401000005a172d575a172d57
269.235,45,e9071901120103c37dc6794b11c8de68ae6a42830f0000830f000013ff4255544e001000005a172d575a172d57
269.426,45,e9071901120103c37dc6794b11c8de5d736b42880f0000880f000013ff4255544e401000005a172d575a172d57
269.866,45,e9071901120103c37dc6794b11c8dea4396d42910f0000910f000013ff4255544e405000005a172d575a172d57
269.988,45,e9071901120103c37dc6794b11c8de52b56d42940f0000940f000013ff4255544e401000005a172d575a172d57
270.157,45,e9071901120103c37dc6794b11c8ded95e6e42970f0000970f000013ff4255544e401800005a172d575a172d57
270.178,45,e9071901120103c37dc6794b11c8deae746e42980f0000980f000013ff4255544e403800005a172d575a172d57
270.265,45,e9071901120103c37dc6794b11c8def0cb6e42990f0000990f000013ff4255544e402800005a172d575a172d57
270.286,45,e9071901120103c37dc6794b11c8de17e26e429a0f00009a0f000013ff4255544e400800005a172d575a172d57
270.37,45,e9071901120103c37dc6794b11c8de9c396f429c0f00009c0f000013ff4255544e402800005a172d575a172d57
270.453,45,e9071901120103c37dc6794b11c8def88f6f429e0f00009e0f000013ff4255544e400800005a172d575a172d57
270.578,45,e9071901120103c37dc6794b11c8de38107042a10f0000a10f000013ff4255544e402800005a172d575a172d57
270.684,45,e9071901120103c37dc6794b11c8de607a7042a30f0000a30f000013ff4255544e400800005a172d575a172d57
270.771,45,e9071901120103c37dc6794b11c8de8bd17042a40f0000a40f000013ff4255544e402800005a172d575a172d57
270.815,45,e9071901120103c37dc6794b11c8deb8fd7042a50f0000a50f000013ff4255544e502800005a172d575a172d57
270.837,45,e9071901120103c37dc6794b11c8de19147142a60f0000a60f000013ff4255544e500800005a172d575a172d57
270.859,45,e9071901120103c37dc6794b11c8de682a7142a70f0000a70f000013ff4255544e100800005a172d575a172d57
271.018,45,e9071901120103c37dc6794b11c8deb3ca7142aa0f0000aa0f000013ff4255544e102800005a172d575a172d57
271.172,45,e9071901120103c37dc6794b11c8deb86b7242ae0f0000ae0f000013ff4255544e100800005a172d575a172d57
271.479,45,e9071901120103c37dc6794b11c8de9ca57342b50f0000b50f000013ff4255544e102800005a172d575a172d57
271.567,45,e9071901120103c37dc6794b11c8de96ff7342b60f0000b60f000013ff4255544e100800005a172d575a172d57
271.634,45,e9071901120103c37dc6794b11c8de37437442b80f0000b80f000013ff4255544e100000005a172d575a172d57
271.979,45,e9071901120103c37dc6794b11c8de0ea37542c00f0000c00f000013ff4255544e104000005a172d575a172d57
272.089,45,e9071901120103c37dc6794b11c8de0e167642c20f0000c20f000013ff4255544e100000005a172d575a172d57
272.154,45,e9071901120103c37dc6794b11c8de8e597642c30f0000c30f000013ff4255544e101000005a172d575a172d57
272.512,45,e9071901120103c37dc6794b11c8de31c37742ca0f0000ca0f000013ff4255544e501000005a172d575a172d57
273.452,45,e9071901120103c37dc6794b11c8de45897b42df0f0000df0f000013ff4255544e401000005a172d575a172d57
273.763,45,e9071901120103c37dc6794b11c8de45ca7c42e50f0000e50f000013ff4255544e405000005a172d575a172d57
273.89,45,e9071901120103c37dc6794b11c8de454e7d42e90f0000e90f000013ff4255544e401000005a172d575a172d57
274.078,45,e9071901120103c37dc6794b11c8dec30f7e42ed0f0000ed0f000013ff4255544e501000005a172d575a172d57
274.225,45,e9071901120103c37dc6794b11c8de41a57e42f00f0000f00f000013ff4255544e001000005a172d575a172d57
274.42,45,e9071901120103c37dc6794b11c8de29697f42f40f0000f40f000013ff4255544e501000005a172d575a172d57
274.511,45,e9071901120103c37dc6794b11c8def5c37f42f60f0000f60f000013ff4255544e401000005a172d575a172d57
275.042,45,e9071901120103c37dc6794b11c8de5ff38042021000000210000013ff4255544e405000005a172d575a172d57
275.175,45,e9071901120103c37dc6794b11c8de84368142051000000510000013ff4255544e401000005a172d575a172d57
276.534,45,e9071901120103c37dc6794b11c8de30ec8342221000002210000013ff4255544e405000005a172d575a172d57
276.625,45,e9071901120103c37dc6794b11c8decc1b8442241000002410000013ff4255544e401000005a172d575a172d57
276.917,45,e9071901120103c37dc6794b11c8deedb184422a1000002a10000013ff4255544e401004005a172d575a172d57
277.182,45,e9071901120103c37dc6794b11c8de73408542301000003010000013ff4255544e401000005a172d575a172d57
278.576,45,e9071901120103c37dc6794b11c8de50fc87424e1000004e10000013ff4255544e405000005a172d575a172d57
278.729,45,e9071901120103c37dc6794b11c8deab4b8842521000005210000013ff4255544e401000005a172d575a172d57
281.01,45,e9071901120103c37dc6794b11c8dee4ce8c42821000008210000013ff4255544e001000005a172d575a172d57
281.257,45,e9071901120103c37dc6794b11c8dec14f8d42871000008710000013ff4255544e401000005a172d575a172d57
282.208,45,e9071901120103c37dc6794b11c8de873e8f429c1000009c10000013ff4255544e405000005a172d575a172d57
282.337,45,e9071901120103c37dc6794b11c8de87828f429f1000009f10000013ff4255544e401000005a172d575a172d57
286.325,45,e9071901120103c37dc6794b11c8de217c9742f2100000f210000013ff4255544e001000005a172d575a172d57
286.911,45,e9071901120103c37dc6794b11c8dedb9a9842ff100000ff10000013ff46544c50138796984200000000000000
286.913,45,e9071901120103c37dc6794b11c8de12a89842001100000011000013ff445253450000000058eefb6500000000
287.359,45,e9071901120103c37dc6794b11c8deab889942081100000811000013ff4255544e001200005a172d575a172d57
287.468,45,e9071901120103c37dc6794b11c8de05c299420a1100000a11000013ff4255544e001000005a172d575a172d57
289.019,45,e9071901120103c37dc6794b11c8de1fe19c422c1100002c11000013ff4255544e001200005a172d575a172d57
289.141,45,e9071901120103c37dc6794b11c8de89209d422f1100002f11000013ff4255544e001000005a172d575a172d57
289.217,45,e9071901120103c37dc6794b11c8de23469d42311100003111000013ff5350545013ee37a143010113ee37a143
289.365,45,e9071901120103c37dc6794b11c8de31929d42341100003411000013ff4255544e401000005a172d575a172d57
289.463,45,e9071901120103c37dc6794b11c8dee1c49d42361100003611000013ff4255544e401800005a172d575a172d57
289.487,45,e9071901120103c37dc6794b11c8de98d19d42371100003711000013ff4255544e403800005a172d575a172d57
289.537,45,e9071901120103c37dc6794b11c8defcea9d42381100003811000013ff4255544e402800005a172d575a172d57
289.587,45,e9071901120103c37dc6794b11c8de56049e42391100003911000013ff4255544e400800005a172d575a172d57
289.689,45,e9071901120103c37dc6794b11c8de7b379e423b1100003b11000013ff4255544e402800005a172d575a172d57
289.788,45,e9071901120103c37dc6794b11c8deec6a9e423d1100003d11000013ff4255544e400800005a172d575a172d57
289.908,45,e9071901120103c37dc6794b11c8dec8a99e42401100004011000013ff4255544e402800005a172d575a172d57
290.029,45,e9071901120103c37dc6794b11c8dec8e79e42431100004311000013ff4255544e400800005a172d575a172d57
290.149,45,e9071901120103c37dc6794b11c8de8d259f42451100004511000013ff4255544e402800005a172d575a172d57
290.245,45,e9071901120103c37dc6794b11c8debc569f42471100004711000013ff4255544e400800005a172d575a172d57
290.446,45,e9071901120103c37dc6794b11c8de57ba9f424c1100004c11000013ff4255544e402800005a172d575a172d57
290.579,45,e9071901120103c37dc6794b11c8de81fc9f424f1100004f11000013ff4255544e400800005a172d575a172d57
290.632,45,e9071901120103c37dc6794b11c8de8617a042501100005011000013ff4255544e500800005a172d575a172d57
290.734,45,e9071901120103c37dc6794b11c8de824da042521100005211000013ff4255544e502800005a172d575a172d57
290.834,45,e9071901120103c37dc6794b11c8de0f82a042541100005411000013ff4255544e500800005a172d575a172d57
290.836,45,e9071901120103c37dc6794b11c8de0f82a042551100005511000013ff535054500a6de19a43000013ee37a143
290.86,45,e9071901120103c37dc6794b11c8de078fa042561100005611000013ff535054500c32d59743000013ee37a143
291.03,45,e9071901120103c37dc6794b11c8de9be7a042591100005911000013ff4255544e502800005a172d575a172d57
291.126,45,e9071901120103c37dc6794b11c8de7219a1425b1100005b11000013ff4255544e500800005a172d575a172d57
291.221,45,e9071901120103c37dc6794b11c8dea24aa1425c1100005c11000013ff4255544e100800005a172d575a172d57
291.316,45,e9071901120103c37dc6794b11c8de6b7ba1425f1100005f11000013ff5350545001bc71a243010101bc71a243
291.505,45,e9071901120103c37dc6794b11c8de31dca142631100006311000013ff4255544e100000005a172d575a172d57
291.964,45,e9071901120103c37dc6794b11c8deb9c2a2426d1100006d11000013ff4255544e104000005a172d575a172d57
292.067,45,e9071901120103c37dc6794b11c8dec1f7a2426f1100006f11000013ff4255544e100000005a172d575a172d57
292.196,45,e9071901120103c37dc6794b11c8dec039a342721100007211000013ff4f56544b111200008608d23c10419a3f
292.222,45,e9071901120103c37dc6794b11c8ded746a342731100007311000013ff5350545003da9b9d43000001bc71a243
292.858,45,e9071901120103c37dc6794b11c8de7e8da442811100008111000013ff53505450075f1e9e43000001bc71a243
293.054,45,e9071901120103c37dc6794b11c8de21f3a442841100008411000013ff4255544e101000005a172d575a172d57
293.078,45,e9071901120103c37dc6794b11c8debdffa442851100008511000013ff4255544e501000005a172d575a172d57
293.283,45,e9071901120103c37dc6794b11c8de9e66a542891100008911000013ff4255544e401000005a172d575a172d57
293.385,45,e9071901120103c37dc6794b11c8defd9aa5428c1100008c11000013ff4255544e501000005a172d575a172d57
293.615,45,e9071901120103c37dc6794b11c8de2c11a642901100009011000013ff4255544e401000005a172d575a172d57
293.64,45,e9071901120103c37dc6794b11c8de391ea642911100009111000013ff5350545011d9519943000001bc71a243
293.691,45,e9071901120103c37dc6794b11c8de1e38a642921100009211000013ff5350545012fa039d43000001bc71a243
293.887,45,e9071901120103c37dc6794b11c8de2c9ea642971100009711000013ff4255544e601000005a172d575a172d57
294.086,45,e9071901120103c37dc6794b11c8de7703a7429b1100009b11000013ff4255544e201000005a172d575a172d57
294.338,45,e9071901120103c37dc6794b11c8de4b83a742a0110000a011000013ff4255544e205000005a172d575a172d57
294.363,45,e9071901120103c37dc6794b11c8de5090a742a1110000a111000013ff4255544e605000005a172d575a172d57
294.439,45,e9071901120103c37dc6794b11c8de60b7a742a3110000a311000013ff4255544e601000005a172d575a172d57
294.466,45,e9071901120103c37dc6794b11c8de51c4a742a4110000a411000013ff535054500fcc499f43000001bc71a243
294.685,45,e9071901120103c37dc6794b11c8de9136a842a8110000a811000013ff53505450084c1ca143000001bc71a243
294.78,45,e9071901120103c37dc6794b11c8de4468a842aa110000aa11000013ff4255544e201000005a172d575a172d57
295.152,45,e9071901120103c37dc6794b11c8de5324a942b1110000b111000013ff4255544e601000005a172d575a172d57
295.154,45,e9071901120103c37dc6794b11c8de5324a942b2110000b211000013ff5350545006ad8ca043000001bc71a243
295.641,45,e9071901120103c37dc6794b11c8de5c21aa42bb110000bb11000013ff4255544e401000005a172d575a172d57
295.885,45,e9071901120103c37dc6794b11c8de229daa42c1110000c111000013ff4255544e201000005a172d575a172d57
295.91,45,e9071901120103c37dc6794b11c8de9ea9aa42c1110000c111000013ff4255544e001000005a172d575a172d57
295.96,45,e9071901120103c37dc6794b11c8deb9c2aa42c2110000c211000013ff4255544e001200005a172d575a172d57
296.038,45,e9071901120103c37dc6794b11c8de25e9aa42c4110000c411000013ff4255544e101200005a172d575a172d57
296.064,45,e9071901120103c37dc6794b11c8de22f6aa42c4110000c411000013ff4255544e101000005a172d575a172d57
296.089,45,e9071901120103c37dc6794b11c8de3c03ab42c5110000c511000013ff4255544e105000005a172d575a172d57
296.193,45,e9071901120103c37dc6794b11c8debd37ab42c7110000c711000013ff53505450102eb39a43000001bc71a243
296.216,45,e9071901120103c37dc6794b11c8def044ab42c7110000c711000013ff4255544e101000005a172d575a172d57
296.241,45,e9071901120103c37dc6794b11c8defd51ab42c8110000c811000013ff4255544e501000005a172d575a172d57
296.242,45,e9071901120103c37dc6794b11c8defd51ab42c8110000c811000013ff535054500d41b89e43000001bc71a243
296.363,45,e9071901120103c37dc6794b11c8de0492ab42cb110000cb11000013ff4255544e401000005a172d575a172d57
296.628,45,e9071901120103c37dc6794b11c8de5b1aac42d1110000d111000013ff4f56544b121100005ceac63c4bdd983f
296.962,45,e9071901120103c37dc6794b11c8de83c5ac42d8110000d811000013ff4255544e501000005a172d575a172d57
297.258,45,e9071901120103c37dc6794b11c8de6d5bad42df110000df11000013ff4f56544b0c0a0000fcc6ca3cdf58993f
297.283,45,e9071901120103c37dc6794b11c8de1d68ad42df110000df11000013ff535054500e19f29d43000001bc71a243
297.333,45,e9071901120103c37dc6794b11c8de6a81ad42e1110000e111000013ff5350545009a5b39843000001bc71a243
297.481,45,e9071901120103c37dc6794b11c8deabcdad42e4110000e411000013ff4255544e505000005a172d575a172d57
297.556,45,e9071901120103c37dc6794b11c8ded3f3ad42e6110000e611000013ff535054500b82f29b43000001bc71a243
297.58,45,e9071901120103c37dc6794b11c8de7e00ae42e6110000e611000013ff4255544e501000005a172d575a172d57
297.878,45,e9071901120103c37dc6794b11c8de5298ae42ec110000ec11000013ff5350545002ebbf9d43000001bc71a243
298.209,45,e9071901120103c37dc6794b11c8de9140af42f3110000f311000013ff4f56544b11120000c486cf3cd8f0993f
298.26,45,e9071901120103c37dc6794b11c8de945aaf42f4110000f411000013ff5350545004570a9c43000001bc71a243
298.644,45,e9071901120103c37dc6794b11c8de991eb042fc110000fc11000013ff5350545005795aa043000001bc71a243
298.934,45,e9071901120103c37dc6794b11c8de77b1b042021200000212000013ff4255544e401000005a172d575a172d57
299.208,45,e9071901120103c37dc6794b11c8de543cb142081200000812000013ff53505450005fe09f43000001bc71a243
299.421,45,e9071901120103c37dc6794b11c8de1aabb1420c1200000c12000013ff4255544e401200005a172d575a172d57
299.501,45,e9071901120103c37dc6794b11c8de42d4b1420e1200000e12000013ff4255544e401000005a172d575a172d57
299.607,45,e9071901120103c37dc6794b11c8dec30ab242101200001012000013ff4255544e405000005a172d575a172d57
299.737,45,e9071901120103c37dc6794b11c8de604eb242131200001312000013ff4255544e401000005a172d575a172d57
300.371,45,e9071901120103c37dc6794b11c8de0c8eb342221200002212000013ff4f56544b0d1000003778e03c060f9c3f
300.998,45,e9071901120103c37dc6794b11c8deb6d0b4422f1200002f12000013ff4255544e001000005a172d575a172d57
301.605,45,e9071901120103c37dc6794b11c8de7706b6423b1200003b12000013ff4255544e001004005a172d575a172d57
302.168,45,e9071901120103c37dc6794b11c8de7b2eb742481200004812000013ff4f56544b090e000020e9c43c249d983f
302.312,45,e9071901120103c37dc6794b11c8de8a78b7424a1200004a12000013ff4255544e001000005a172d575a172d57
302.601,45,e9071901120103c37dc6794b11c8de220bb842511200005112000013ff4255544e005000005a172d575a172d57
302.71,45,e9071901120103c37dc6794b11c8dea13eb842531200005312000013ff4255544e001000005a172d575a172d57
303.287,45,e9071901120103c37dc6794b11c8de3e60b942601200006012000013ff4255544e401000005a172d575a172d57
303.315,45,e9071901120103c37dc6794b11c8de736fb942601200006012000013ff4255544e001000005a172d575a172d57
305.594,45,e9071901120103c37dc6794b11c8de2601be42921200009212000013ff4255544e401000005a172d575a172d57
306.263,45,e9071901120103c37dc6794b11c8de905bbf42a0120000a012000013ff4f56544b12110000b874d73c97ee9a3f
306.437,45,e9071901120103c37dc6794b11c8ded1b6bf42a4120000a412000013ff4255544e403800005a172d575a172d57
306.512,45,e9071901120103c37dc6794b11c8de15ddbf42a5120000a512000013ff4255544e402800005a172d575a172d57
306.538,45,e9071901120103c37dc6794b11c8dee2e9bf42a6120000a612000013ff4255544e400800005a172d575a172d57
306.593,45,e9071901120103c37dc6794b11c8decd03c042a7120000a712000013ff4255544e402800005a172d575a172d57
306.701,45,e9071901120103c37dc6794b11c8de8a39c042a9120000a912000013ff4255544e400800005a172d575a172d57
306.832,45,e9071901120103c37dc6794b11c8de377ec042ac120000ac12000013ff4255544e402800005a172d575a172d57
306.93,45,e9071901120103c37dc6794b11c8de6bb3c042ae120000ae12000013ff4255544e400800005a172d575a172d57
307.05,45,e9071901120103c37dc6794b11c8de70f2c042b0120000b012000013ff4255544e402800005a172d575a172d57
307.171,45,e9071901120103c37dc6794b11c8de1830c142b2120000b212000013ff4255544e400800005a172d575a172d57
307.195,45,e9071901120103c37dc6794b11c8de8c3cc142b3120000b312000013ff4255544e500800005a172d575a172d57
307.292,45,e9071901120103c37dc6794b11c8de046ec142b5120000b512000013ff4255544e502800005a172d575a172d57
307.411,45,e9071901120103c37dc6794b11c8de74abc142b8120000b812000013ff4255544e500800005a172d575a172d57
307.434,45,e9071901120103c37dc6794b11c8dec0b7c142b9120000b912000013ff4255544e400800005a172d575a172d57
307.625,45,e9071901120103c37dc6794b11c8de6d19c242bd120000bd12000013ff4255544e402800005a172d575a172d57
307.673,45,e9071901120103c37dc6794b11c8ded331c242bd120000bd12000013ff4255544e502800005a172d575a172d57
307.721,45,e9071901120103c37dc6794b11c8de2f4ac242be120000be12000013ff4255544e500800005a172d575a172d57
307.793,45,e9071901120103c37dc6794b11c8dee66ec242c0120000c012000013ff4255544e100800005a172d575a172d57
307.867,45,e9071901120103c37dc6794b11c8defb93c242c2120000c212000013ff4255544e100000005a172d575a172d57
308.199,45,e9071901120103c37dc6794b11c8dea23ac342c9120000c912000013ff4255544e104000005a172d575a172d57
308.303,45,e9071901120103c37dc6794b11c8def96fc342cb120000cb12000013ff4255544e100000005a172d575a172d57
308.358,45,e9071901120103c37dc6794b11c8dec78ac342cd120000cd12000013ff4f56544b11120000bcb7d63cf7d69a3f
308.746,45,e9071901120103c37dc6794b11c8deb153c442d4120000d412000013ff4255544e101000005a172d575a172d57
309.322,45,e9071901120103c37dc6794b11c8de017bc542e0120000e012000013ff4255544e501000005a172d575a172d57
309.864,45,e9071901120103c37dc6794b11c8de5b8fc642ed120000ed12000013ff4255544e401000005a172d575a172d57
309.944,45,e9071901120103c37dc6794b11c8de21b7c642ef120000ef12000013ff4f56544b100d00009c19d63c33c39a3f
310.16,45,e9071901120103c37dc6794b11c8de1224c742f3120000f312000013ff4255544e601000005a172d575a172d57
310.215,45,e9071901120103c37dc6794b11c8defe3fc742f4120000f412000013ff4255544e401000005a172d575a172d57
310.407,45,e9071901120103c37dc6794b11c8de49a2c742f8120000f812000013ff4255544e405000005a172d575a172d57
310.462,45,e9071901120103c37dc6794b11c8de65bec742f9120000f912000013ff4255544e005000005a172d575a172d57
310.543,45,e9071901120103c37dc6794b11c8de78e8c742fb120000fb12000013ff4255544e001000005a172d575a172d57
310.622,45,e9071901120103c37dc6794b11c8de1512c842fc120000fc12000013ff4255544e401000005a172d575a172d57
311.728,45,e9071901120103c37dc6794b11c8dec04bca42131300001313000013ff4255544e501000005a172d575a172d57
311.804,45,e9071901120103c37dc6794b11c8defb71ca42141300001413000013ff4255544e401000005a172d575a172d57
311.929,45,e9071901120103c37dc6794b11c8de6ab2ca42171300001713000013ff4255544e505000005a172d575a172d57
312.077,45,e9071901120103c37dc6794b11c8de8dffca421a1300001a13000013ff4255544e501000005a172d575a172d57
312.102,45,e9071901120103c37dc6794b11c8de2c0ccb421a1300001a13000013ff4255544e401000005a172d575a172d57
312.25,45,e9071901120103c37dc6794b11c8de7757cb421d1300001d13000013ff4255544e501000005a172d575a172d57
312.573,45,e9071901120103c37dc6794b11c8de2efccb42241300002413000013ff4255544e401000005a172d575a172d57
313.885,45,e9071901120103c37dc6794b11c8dee19ece42421300004213000013ff4255544e401200005a172d575a172d57
313.979,45,e9071901120103c37dc6794b11c8de27cfce42441300004413000013ff4255544e401000005a172d575a172d57
314.026,45,e9071901120103c37dc6794b11c8de20e7ce42451300004513000013ff4255544e001000005a172d575a172d57
314.266,45,e9071901120103c37dc6794b11c8de1c60cf42491300004913000013ff4255544e005000005a172d575a172d57
314.367,45,e9071901120103c37dc6794b11c8de5e92cf424c1300004c13000013ff4255544e001000005a172d575a172d57
314.779,45,e9071901120103c37dc6794b11c8dedf68d042551300005513000013ff4255544e001004005a172d575a172d57
314.781,45,e9071901120103c37dc6794b11c8dedf68d042551300005513000013ff4f56544b121100003725c23ca644983f
315.001,45,e9071901120103c37dc6794b11c8dec6ded0425b1300005b13000013ff4f56544b0e090000eb2bb23c7d45963f
315.284,45,e9071901120103c37dc6794b11c8de9572d142601300006013000013ff4255544e001200005a172d575a172d57
315.426,45,e9071901120103c37dc6794b11c8de7fbad142641300006413000013ff4255544e001000005a172d575a172d57
316.111,45,e9071901120103c37dc6794b11c8deda0fd342721300007213000013ff4255544e401000005a172d575a172d57
316.536,45,e9071901120103c37dc6794b11c8de45edd3427b1300007b13000013ff4f56544b090e00005f26bc3ccb84973f
316.965,45,e9071901120103c37dc6794b11c8de8dc9d442831300008313000013ff4255544e601000005a172d575a172d57
317.105,45,e9071901120103c37dc6794b11c8ded20fd542861300008613000013ff4255544e601800005a172d575a172d57
317.129,45,e9071901120103c37dc6794b11c8dec81bd542871300008713000013ff4255544e603800005a172d575a172d57
317.225,45,e9071901120103c37dc6794b11c8dee54bd542891300008913000013ff4255544e201800005a172d575a172d57
317.247,45,e9071901120103c37dc6794b11c8de2c58d542891300008913000013ff4255544e200800005a172d575a172d57
317.295,45,e9071901120103c37dc6794b11c8de7970d5428a1300008a13000013ff4255544e202800005a172d575a172d57
317.39,45,e9071901120103c37dc6794b11c8de4da1d5428d1300008d13000013ff4255544e200800005a172d575a172d57
317.746,45,e9071901120103c37dc6794b11c8debf57d642941300009413000013ff4255544e200000005a172d575a172d57
317.96,45,e9071901120103c37dc6794b11c8de33c4d6429a1300009a13000013ff4f56544b0e090000f497bf3cfef2973f
318.371,45,e9071901120103c37dc6794b11c8dec795d742a2130000a213000013ff4255544e201000005a172d575a172d57
319.102,45,e9071901120103c37dc6794b11c8de620ed942b2130000b213000013ff4255544e601000005a172d575a172d57
320.348,45,e9071901120103c37dc6794b11c8dead8bdb42cc130000cc13000013ff4255544e401000005a172d575a172d57
320.701,45,e9071901120103c37dc6794b11c8de3540dc42d4130000d413000013ff4255544e601000005a172d575a172d57
320.996,45,e9071901120103c37dc6794b11c8de85d4dc42db130000db13000013ff4255544e401000005a172d575a172d57
321.393,45,e9071901120103c37dc6794b11c8de5ea1dd42e4130000e413000013ff4255544e405000005a172d575a172d57
321.537,45,e9071901120103c37dc6794b11c8de98ebdd42e7130000e713000013ff4255544e401000005a172d575a172d57
321.634,45,e9071901120103c37dc6794b11c8ded31cde42e9130000e913000013ff4255544e403800005a172d575a172d57
321.754,45,e9071901120103c37dc6794b11c8de985ade42eb130000eb13000013ff4255544e401800005a172d575a172d57
321.851,45,e9071901120103c37dc6794b11c8de0f8cde42ed130000ed13000013ff4255544e402800005a172d575a172d57
321.949,45,e9071901120103c37dc6794b11c8dea8bdde42ef130000ef13000013ff4255544e400800005a172d575a172d57
322.047,45,e9071901120103c37dc6794b11c8de9eefde42f1130000f113000013ff4255544e402800005a172d575a172d57
322.121,45,e9071901120103c37dc6794b11c8de5815df42f2130000f213000013ff4255544e400800005a172d575a172d57
322.146,45,e9071901120103c37dc6794b11c8deea21df42f3130000f313000013ff4255544e600800005a172d575a172d57
322.221,45,e9071901120103c37dc6794b11c8ded147df42f4130000f413000013ff4255544e202800005a172d575a172d57
322.323,45,e9071901120103c37dc6794b11c8de387bdf42f6130000f613000013ff4255544e200800005a172d575a172d57
322.445,45,e9071901120103c37dc6794b11c8de9ebbdf42fa130000fa13000013ff4255544e202800005a172d575a172d57
322.565,45,e9071901120103c37dc6794b11c8de06fadf42fc130000fc13000013ff4255544e200800005a172d575a172d57
323.557,45,e9071901120103c37dc6794b11c8de68f6e142121400001214000013ff4255544e200000005a172d575a172d57
323.75,45,e9071901120103c37dc6794b11c8de3558e242161400001614000013ff4255544e204000005a172d575a172d57
323.894,45,e9071901120103c37dc6794b11c8dea3a2e2421a1400001a14000013ff4255544e200000005a172d575a172d57
324.411,45,e9071901120103c37dc6794b11c8de56aee342251400002514000013ff4255544e201000005a172d575a172d57
324.432,45,e9071901120103c37dc6794b11c8deb6b9e342261400002614000013ff4255544e200000005a172d575a172d57
324.544,45,e9071901120103c37dc6794b11c8dedff2e342281400002814000013ff4255544e201000005a172d575a172d57
324.681,45,e9071901120103c37dc6794b11c8decd37e4422b1400002b14000013ff4255544e601000005a172d575a172d57
325.605,45,e9071901120103c37dc6794b11c8de7211e6423f1400003f14000013ff4255544e401000005a172d575a172d57
325.717,45,e9071901120103c37dc6794b11c8de2e4be642411400004114000013ff4255544e501000005a172d575a172d57
325.807,45,e9071901120103c37dc6794b11c8de2579e642431400004314000013ff4255544e101000005a172d575a172d57
325.945,45,e9071901120103c37dc6794b11c8dea1bee642461400004614000013ff4255544e501000005a172d575a172d57
326.341,45,e9071901120103c37dc6794b11c8de9788e7424e1400004e14000013ff4255544e501800005a172d575a172d57
326.408,45,e9071901120103c37dc6794b11c8de29ace742501400005014000013ff4255544e503800005a172d575a172d57
326.477,45,e9071901120103c37dc6794b11c8de48cfe742521400005214000013ff4255544e501800005a172d575a172d57
326.523,45,e9071901120103c37dc6794b11c8dec0e6e742531400005314000013ff4255544e100000005a172d575a172d57
328.044,45,e9071901120103c37dc6794b11c8de2df3ea42731400007314000013ff4255544e101000005a172d575a172d57
328.468,45,e9071901120103c37dc6794b11c8de11c7eb427c1400007c14000013ff4255544e105000005a172d575a172d57
328.59,45,e9071901120103c37dc6794b11c8de0106ec427f1400007f14000013ff4255544e101000005a172d575a172d57
328.661,45,e9071901120103c37dc6794b11c8de532bec42801400008014000013ff4255544e501000005a172d575a172d57
329.048,45,e9071901120103c37dc6794b11c8de8ff4ec42891400008914000013ff4255544e101000005a172d575a172d57
329.183,45,e9071901120103c37dc6794b11c8de4c39ed428c1400008c14000013ff4255544e501000005a172d575a172d57
329.508,45,e9071901120103c37dc6794b11c8de11dded42931400009314000013ff4255544e401000005a172d575a172d57
329.725,45,e9071901120103c37dc6794b11c8ded74bee42981400009814000013ff4255544e501000005a172d575a172d57
330.12,45,e9071901120103c37dc6794b11c8de2e18ef42a0140000a014000013ff4255544e401000005a172d575a172d57
330.307,45,e9071901120103c37dc6794b11c8de6676ef42a4140000a414000013ff4255544e405000005a172d575a172d57
330.332,45,e9071901120103c37dc6794b11c8de7f82ef42a5140000a514000013ff4255544e405200005a172d575a172d57
330.436,45,e9071901120103c37dc6794b11c8de8db4ef42a8140000a814000013ff4255544e401200005a172d575a172d57
330.463,45,e9071901120103c37dc6794b11c8de69c1ef42a8140000a814000013ff4255544e001000005a172d575a172d57
330.646,45,e9071901120103c37dc6794b11c8debc1ef042ac140000ac14000013ff4255544e401000005a172d575a172d57
330.726,45,e9071901120103c37dc6794b11c8de3747f042ad140000ad14000013ff4255544e601000005a172d575a172d57
330.832,45,e9071901120103c37dc6794b11c8deb17df042b0140000b014000013ff4255544e001000005a172d575a172d57
330.985,45,e9071901120103c37dc6794b11c8deffcdf042b4140000b414000013ff4255544e401000005a172d575a172d57
331.254,45,e9071901120103c37dc6794b11c8de795af142b9140000b914000013ff4255544e405000005a172d575a172d57
331.374,45,e9071901120103c37dc6794b11c8deff97f142bc140000bc14000013ff4255544e401000005a172d575a172d57
331.985,45,e9071901120103c37dc6794b11c8de0accf242c9140000c914000013ff4255544e401200005a172d575a172d57
332.088,45,e9071901120103c37dc6794b11c8dec601f342cb140000cb14000013ff4255544e401000005a172d575a172d57
332.114,45,e9071901120103c37dc6794b11c8de1f0ff342cb140000cb14000013ff4255544e601000005a172d575a172d57
332.317,45,e9071901120103c37dc6794b11c8de3978f342cf140000cf14000013ff4255544e401000005a172d575a172d57
332.42,45,e9071901120103c37dc6794b11c8de52acf342d2140000d214000013ff4255544e403800005a172d575a172d57
332.524,45,e9071901120103c37dc6794b11c8ded3e0f342d4140000d414000013ff4255544e402800005a172d575a172d57
332.551,45,e9071901120103c37dc6794b11c8defeedf342d5140000d514000013ff4255544e400800005a172d575a172d57
332.63,45,e9071901120103c37dc6794b11c8de3016f442d7140000d714000013ff4255544e402800005a172d575a172d57
332.708,45,e9071901120103c37dc6794b11c8de9d3ef442d8140000d814000013ff4255544e400800005a172d575a172d57
332.811,45,e9071901120103c37dc6794b11c8de2474f442da140000da14000013ff4255544e402800005a172d575a172d57
332.889,45,e9071901120103c37dc6794b11c8dee59bf442dd140000dd14000013ff4255544e600800005a172d575a172d57
332.943,45,e9071901120103c37dc6794b11c8de7ab6f442de140000de14000013ff4255544e200800005a172d575a172d57
333.029,45,e9071901120103c37dc6794b11c8de5bdff442df140000df14000013ff4255544e202800005a172d575a172d57
333.151,45,e9071901120103c37dc6794b11c8de5f19f542e2140000e214000013ff4255544e200800005a172d575a172d57
333.414,45,e9071901120103c37dc6794b11c8de40a2f542e7140000e714000013ff4255544e202800005a172d575a172d57
333.527,45,e9071901120103c37dc6794b11c8de74ddf542e9140000e914000013ff4255544e200800005a172d575a172d57
334.273,45,e9071901120103c37dc6794b11c8de2265f742f9140000f914000013ff4255544e200000005a172d575a172d57
334.765,45,e9071901120103c37dc6794b11c8de2865f842041500000415000013ff4255544e204000005a172d575a172d57
334.893,45,e9071901120103c37dc6794b11c8de44a7f842071500000715000013ff4255544e200000005a172d575a172d57
335.352,45,e9071901120103c37dc6794b11c8de548ff942101500001015000013ff4255544e201000005a172d575a172d57
335.422,45,e9071901120103c37dc6794b11c8de6cb2f942111500001115000013ff4255544e601000005a172d575a172d57
336.588,45,e9071901120103c37dc6794b11c8de3f06fc422a1500002a15000013ff4255544e401000005a172d575a172d57
336.969,45,e9071901120103c37dc6794b11c8de9ec9fc42311500003115000013ff4255544e001000005a172d575a172d57
337.175,45,e9071901120103c37dc6794b11c8de7e34fd42361500003615000013ff4255544e401000005a172d575a172d57
337.335,45,e9071901120103c37dc6794b11c8de5786fd42391500003915000013ff4255544e405000005a172d575a172d57
337.473,45,e9071901120103c37dc6794b11c8debcccfd423d1500003d15000013ff4255544e401000005a172d575a172d57
338.011,45,e9071901120103c37dc6794b11c8de1ce0fe42481500004815000013ff4255544e501000005a172d575a172d57
338.906,45,e9071901120103c37dc6794b11c8de875400435b1500005b15000013ff4255544e505000005a172d575a172d57
338.999,45,e9071901120103c37dc6794b11c8dec76c00435d1500005d15000013ff4255544e501000005a172d575a172d57
340.398,45,e9071901120103c37dc6794b11c8dec4d301437a1500007a15000013ff4255544e501200005a172d575a172d57
340.51,45,e9071901120103c37dc6794b11c8de70f001437c1500007c15000013ff4255544e501000005a172d575a172d57
340.778,45,e9071901120103c37dc6794b11c8de4a350243821500008215000013ff4255544e505000005a172d575a172d57
340.888,45,e9071901120103c37dc6794b11c8de9a510243851500008515000013ff4255544e501000005a172d575a172d57
341.331,45,e9071901120103c37dc6794b11c8dea0c202438e1500008e15000013ff4255544e401000005a172d575a172d57
342.049,45,e9071901120103c37dc6794b11c8de8c7b03439d1500009d15000013ff4255544e001000005a172d575a172d57
342.173,45,e9071901120103c37dc6794b11c8dee49b0343a0150000a015000013ff4255544e001200005a172d575a172d57
342.295,45,e9071901120103c37dc6794b11c8de6bbb0343a2150000a215000013ff4255544e001000005a172d575a172d57
342.335,45,e9071901120103c37dc6794b11c8dee7c50343a3150000a315000013ff4255544e401000005a172d575a172d57
342.516,45,e9071901120103c37dc6794b11c8de63f40343a7150000a715000013ff4255544e405000005a172d575a172d57
342.658,45,e9071901120103c37dc6794b11c8de5f180443aa150000aa15000013ff4255544e401000005a172d575a172d57
342.842,45,e9071901120103c37dc6794b11c8de3a470443ae150000ae15000013ff4255544e403800005a172d575a172d57
342.992,45,e9071901120103c37dc6794b11c8de886c0443b2150000b215000013ff4255544e400800005a172d575a172d57
343.077,45,e9071901120103c37dc6794b11c8de8d820443b4150000b415000013ff4255544e402800005a172d575a172d57
343.181,45,e9071901120103c37dc6794b11c8dee79d0443b6150000b615000013ff4255544e400800005a172d575a172d57
343.286,45,e9071901120103c37dc6794b11c8de99b80443b8150000b815000013ff4255544e402800005a172d575a172d57
343.369,45,e9071901120103c37dc6794b11c8dee9cd0443ba150000ba15000013ff4255544e400800005a172d575a172d57
343.516,45,e9071901120103c37dc6794b11c8de4cf30443bd150000bd15000013ff4255544e402800005a172d575a172d57
343.603,45,e9071901120103c37dc6794b11c8de16090543bf150000bf15000013ff4255544e400800005a172d575a172d57
343.693,45,e9071901120103c37dc6794b11c8de561f0543c1150000c115000013ff4255544e402800005a172d575a172d57
343.738,45,e9071901120103c37dc6794b11c8de9c2a0543c2150000c215000013ff4255544e502800005a172d575a172d57
343.783,45,e9071901120103c37dc6794b11c8de23360543c3150000c315000013ff4255544e102800005a172d575a172d57
343.828,45,e9071901120103c37dc6794b11c8deaa410543c4150000c415000013ff4255544e100800005a172d575a172d57
343.984,45,e9071901120103c37dc6794b11c8decf690543c7150000c715000013ff4255544e102800005a172d575a172d57
344.114,45,e9071901120103c37dc6794b11c8debb8b0543c9150000c915000013ff4255544e100800005a172d575a172d57
344.31,45,e9071901120103c37dc6794b11c8debdbd0543cd150000cd15000013ff4255544e100000005a172d575a172d57
344.649,45,e9071901120103c37dc6794b11c8de73130643d4150000d415000013ff4255544e104000005a172d575a172d57
344.788,45,e9071901120103c37dc6794b11c8decf360643d7150000d715000013ff4255544e100000005a172d575a172d57
345.454,45,e9071901120103c37dc6794b11c8de64e10643e6150000e615000013ff4255544e101000005a172d575a172d57
345.567,45,e9071901120103c37dc6794b11c8dec0fe0643e8150000e815000013ff4255544e501000005a172d575a172d57
346.327,45,e9071901120103c37dc6794b11c8dec8c10743f8150000f815000013ff4255544e401000005a172d575a172d57
346.677,45,e9071901120103c37dc6794b11c8de3b1c0843001600000016000013ff4255544e001000005a172d575a172d57
346.74,45,e9071901120103c37dc6794b11c8de952c0843011600000116000013ff4255544e001200005a172d575a172d57
346.802,45,e9071901120103c37dc6794b11c8dec23c0843021600000216000013ff4255544e005200005a172d575a172d57
346.843,45,e9071901120103c37dc6794b11c8de6f470843031600000316000013ff4255544e005000005a172d575a172d57
346.864,45,e9071901120103c37dc6794b11c8debe4c0843041600000416000013ff4255544e105000005a172d575a172d57
346.926,45,e9071901120103c37dc6794b11c8de855c0843061600000616000013ff4255544e505000005a172d575a172d57
346.946,45,e9071901120103c37dc6794b11c8deca610843061600000616000013ff4255544e501000005a172d575a172d57
346.966,45,e9071901120103c37dc6794b11c8de14670843061600000616000013ff4255544e401000005a172d575a172d57
347.664,45,e9071901120103c37dc6794b11c8deac180943151600001516000013ff4255544e405000005a172d575a172d57
347.817,45,e9071901120103c37dc6794b11c8de783f0943181600001816000013ff4255544e401000005a172d575a172d57
348.78,45,e9071901120103c37dc6794b11c8de51360a432e1600002e16000013ff4255544e405000005a172d575a172d57
348.909,45,e9071901120103c37dc6794b11c8de54570a43311600003116000013ff4255544e401000005a172d575a172d57
349.114,45,e9071901120103c37dc6794b11c8de5d8a0a43351600003516000013ff4255544e401004005a172d575a172d57
349.333,45,e9071901120103c37dc6794b11c8de24c50a433a1600003a16000013ff4255544e401000005a172d575a172d57
350.645,45,e9071901120103c37dc6794b11c8de01110c43571600005716000013ff4255544e405000005a172d575a172d57
350.766,45,e9071901120103c37dc6794b11c8de07300c43591600005916000013ff4255544e401000005a172d575a172d57
351.689,45,e9071901120103c37dc6794b11c8decd1a0d436e1600006e16000013ff4255544e501000005a172d575a172d57
351.874,45,e9071901120103c37dc6794b11c8de2d490d43721600007216000013ff4255544e401000005a172d575a172d57
351.954,45,e9071901120103c37dc6794b11c8de8d5d0d43741600007416000013ff4255544e401200005a172d575a172d57
352.087,45,e9071901120103c37dc6794b11c8dedb7f0d43771600007716000013ff4255544e401000005a172d575a172d57
353.746,45,e9071901120103c37dc6794b11c8de81230f439b1600009b16000013ff4255544e001000005a172d575a172d57
353.955,45,e9071901120103c37dc6794b11c8de8d5a0f43a0160000a016000013ff4255544e401000005a172d575a172d57
354.457,45,e9071901120103c37dc6794b11c8de76dd0f43ab160000ab16000013ff4255544e405000005a172d575a172d57
354.596,45,e9071901120103c37dc6794b11c8dece001043ae160000ae16000013ff4255544e401000005a172d575a172d57
358.293,45,e9071901120103c37dc6794b11c8de35b61343ff160000ff16000013ff4255544e001000005a172d575a172d57
359.285,45,e9071901120103c37dc6794b11c8de3eb31443151700001517000013ff4255544e401000005a172d575a172d57
359.337,45,e9071901120103c37dc6794b11c8de72c01443161700001617000013ff4255544e001000005a172d575a172d57
359.467,45,e9071901120103c37dc6794b11c8defdda1443191700001917000013ff46544c50131719914200000000000000
359.681,45,e9071901120103c37dc6794b11c8dea41715431e1700001e17000013ff4255544e401000005a172d575a172d57
360.78,45,e9071901120103c37dc6794b11c8de872d1643361700003617000013ff4255544e001000005a172d575a172d57
361.01,45,e9071901120103c37dc6794b11c8de1c6a16433b1700003b17000013ff4255544e401000005a172d575a172d57
361.791,45,e9071901120103c37dc6794b11c8deee3517434c1700004c17000013ff53505450131c819e43000001bc71a243
362.154,45,e9071901120103c37dc6794b11c8de21931743541700005417000013ff4255544e401800005a172d575a172d57
362.179,45,e9071901120103c37dc6794b11c8de66991743551700005517000013ff4255544e403800005a172d575a172d57
362.253,45,e9071901120103c37dc6794b11c8de31ac1743561700005617000013ff4255544e402800005a172d575a172d57
362.278,45,e9071901120103c37dc6794b11c8de7bb21743571700005717000013ff4255544e400800005a172d575a172d57
362.353,45,e9071901120103c37dc6794b11c8de75c51743581700005817000013ff4255544e402800005a172d575a172d57
362.452,45,e9071901120103c37dc6794b11c8def1de17435a1700005a17000013ff4255544e400800005a172d575a172d57
362.553,45,e9071901120103c37dc6794b11c8de8bf817435c1700005c17000013ff4255544e402800005a172d575a172d57
362.653,45,e9071901120103c37dc6794b11c8de591218435e1700005e17000013ff4255544e400800005a172d575a172d57
362.751,45,e9071901120103c37dc6794b11c8dec02b1843601700006017000013ff4255544e402800005a172d575a172d57
362.872,45,e9071901120103c37dc6794b11c8dee14a1843631700006317000013ff4255544e400800005a172d575a172d57
362.972,45,e9071901120103c37dc6794b11c8ded3631843651700006517000013ff4255544e402800005a172d575a172d57
363.074,45,e9071901120103c37dc6794b11c8de607d1843671700006717000013ff4255544e400800005a172d575a172d57
363.126,45,e9071901120103c37dc6794b11c8de6a8a1843691700006917000013ff4255544e500800005a172d575a172d57
363.228,45,e9071901120103c37dc6794b11c8deeda418436b1700006b17000013ff4255544e502800005a172d575a172d57
363.328,45,e9071901120103c37dc6794b11c8de06bf18436d1700006d17000013ff4255544e500800005a172d575a172d57
363.376,45,e9071901120103c37dc6794b11c8ded3cb18436e1700006e17000013ff4255544e100800005a172d575a172d57
363.521,45,e9071901120103c37dc6794b11c8de56f11843701700007017000013ff4255544e102800005a172d575a172d57
363.569,45,e9071901120103c37dc6794b11c8dea2fd1843711700007117000013ff4255544e502800005a172d575a172d57
363.639,45,e9071901120103c37dc6794b11c8de13101943731700007317000013ff4255544e500800005a172d575a172d57
363.758,45,e9071901120103c37dc6794b11c8de5b2e1943751700007517000013ff4255544e502800005a172d575a172d57
363.829,45,e9071901120103c37dc6794b11c8de88401943771700007717000013ff4255544e102800005a172d575a172d57
363.901,45,e9071901120103c37dc6794b11c8debd521943781700007817000013ff4255544e100800005a172d575a172d57
364.312,45,e9071901120103c37dc6794b11c8de2db91943811700008117000013ff535054500c47bc9643000001bc71a243
364.544,45,e9071901120103c37dc6794b11c8de2cf51943861700008617000013ff535054500a9e279e43000001bc71a243
364.643,45,e9071901120103c37dc6794b11c8de6e0f1a43881700008817000013ff4255544e100000005a172d575a172d57
364.92,45,e9071901120103c37dc6794b11c8de65561a438e1700008e17000013ff4255544e104000005a172d575a172d57
364.946,45,e9071901120103c37dc6794b11c8deda5c1a438f1700008f17000013ff53505450012462a6430101012462a643
365.045,45,e9071901120103c37dc6794b11c8de8e761a43911700009117000013ff4255544e100000005a172d575a172d57
365.319,45,e9071901120103c37dc6794b11c8de5fbc1a43961700009617000013ff4255544e500000005a172d575a172d57
365.474,45,e9071901120103c37dc6794b11c8de9be31a439a1700009a17000013ff4255544e501000005a172d575a172d57
365.527,45,e9071901120103c37dc6794b11c8dec1f01a439c1700009c17000013ff53505450033b2fa3430000012462a643
365.653,45,e9071901120103c37dc6794b11c8de96111b439e1700009e17000013ff4255544e401000005a172d575a172d57
365.879,45,e9071901120103c37dc6794b11c8de1b4c1b43a3170000a317000013ff4255544e501000005a172d575a172d57
365.93,45,e9071901120103c37dc6794b11c8dedc581b43a4170000a417000013ff5350545007b096a643010107b096a643
366.175,45,e9071901120103c37dc6794b11c8de3f981b43a9170000a917000013ff4255544e401000005a172d575a172d57
366.453,45,e9071901120103c37dc6794b11c8de88de1b43ae170000ae17000013ff4255544e601000005a172d575a172d57
366.604,45,e9071901120103c37dc6794b11c8de75051c43b1170000b117000013ff4255544e201000005a172d575a172d57
366.825,45,e9071901120103c37dc6794b11c8dec93e1c43b6170000b617000013ff4255544e205000005a172d575a172d57
366.948,45,e9071901120103c37dc6794b11c8de195e1c43b9170000b917000013ff4255544e201000005a172d575a172d57
367.808,45,e9071901120103c37dc6794b11c8deb83a1d43cb170000cb17000013ff4255544e601000005a172d575a172d57
368.078,45,e9071901120103c37dc6794b11c8de157f1d43d2170000d217000013ff5350545011df4e9e43000007b096a643
368.078,45,e9071901120103c37dc6794b11c8de157f1d43d2170000d217000013ff5350545012eab59b43000007b096a643
368.102,45,e9071901120103c37dc6794b11c8de5d851d43d2170000d217000013ff4255544e401000005a172d575a172d57
368.274,45,e9071901120103c37dc6794b11c8de72b11d43d5170000d517000013ff4255544e601000005a172d575a172d57
368.519,45,e9071901120103c37dc6794b11c8de6af01d43db170000db17000013ff4255544e001000005a172d575a172d57
368.667,45,e9071901120103c37dc6794b11c8de0d161e43de170000de17000013ff4255544e401000005a172d575a172d57
368.692,45,e9071901120103c37dc6794b11c8de601c1e43df170000df17000013ff4255544e501000005a172d575a172d57
368.793,45,e9071901120103c37dc6794b11c8debb351e43e1170000e117000013ff4255544e101000005a172d575a172d57
369.064,45,e9071901120103c37dc6794b11c8de807b1e43e8170000e817000013ff535054500f99a2a443000007b096a643
369.087,45,e9071901120103c37dc6794b11c8decb811e43e8170000e817000013ff4255544e501000005a172d575a172d57
369.112,45,e9071901120103c37dc6794b11c8de17881e43e8170000e817000013ff4255544e401000005a172d575a172d57
369.237,45,e9071901120103c37dc6794b11c8dea6a71e43eb170000eb17000013ff5350545008f63fa543000007b096a643
369.26,45,e9071901120103c37dc6794b11c8def8ad1e43eb170000eb17000013ff4255544e405000005a172d575a172d57
369.286,45,e9071901120103c37dc6794b11c8de4bb41e43ec170000ec17000013ff434f4c4c1211da40010000002019c724
369.309,45,e9071901120103c37dc6794b11c8de9eba1e43ec170000ec17000013ff4255544e505000005a172d575a172d57
369.383,45,e9071901120103c37dc6794b11c8de74cd1e43ef170000ef17000013ff4255544e501000005a172d575a172d57
369.652,45,e9071901120103c37dc6794b11c8de12121f43f5170000f517000013ff5350545006a6b9a143000007b096a643
369.87,45,e9071901120103c37dc6794b11c8de3b4a1f43f9170000f917000013ff4255544e401000005a172d575a172d57
370.443,45,e9071901120103c37dc6794b11c8dee6dc1f43061800000618000013ff4f56544b11120000127dc83ca20f993f
370.542,45,e9071901120103c37dc6794b11c8defbf51f43081800000818000013ff4255544e501000005a172d575a172d57
370.592,45,e9071901120103c37dc6794b11c8de9c022043091800000918000013ff4255544e501200005a172d575a172d57
370.695,45,e9071901120103c37dc6794b11c8de311c20430b1800000b18000013ff4255544e501000005a172d575a172d57
370.799,45,e9071901120103c37dc6794b11c8de7f3620430d1800000d18000013ff4255544e505000005a172d575a172d57
370.826,45,e9071901120103c37dc6794b11c8de143d20430e1800000e18000013ff53505450107e8ba243000007b096a643
370.929,45,e9071901120103c37dc6794b11c8debf572043101800001018000013ff4255544e501000005a172d575a172d57
371.085,45,e9071901120103c37dc6794b11c8decc7f2043131800001318000013ff4255544e401000005a172d575a172d57
371.138,45,e9071901120103c37dc6794b11c8de2c8d2043141800001418000013ff535054500dc899a243000007b096a643
372.343,45,e9071901120103c37dc6794b11c8de75c021432e1800002e18000013ff4255544e405000005a172d575a172d57
372.451,45,e9071901120103c37dc6794b11c8de43dc2143311800003118000013ff4f56544b090e0000ca77de3cf9ce9b3f
372.477,45,e9071901120103c37dc6794b11c8de2be32143311800003118000013ff4255544e401000005a172d575a172d57
373.38,45,e9071901120103c37dc6794b11c8de75c72243461800004618000013ff53505450090d209d43000007b096a643
373.409,45,e9071901120103c37dc6794b11c8def0ce2243471800004718000013ff535054500e77b99d43000007b096a643
373.495,45,e9071901120103c37dc6794b11c8de58e52243481800004818000013ff4255544e001000005a172d575a172d57
373.58,45,e9071901120103c37dc6794b11c8de9bfb22434a1800004a18000013ff4255544e001200005a172d575a172d57
373.69,45,e9071901120103c37dc6794b11c8dec11823434c1800004c18000013ff4255544e001000005a172d575a172d57
373.746,45,e9071901120103c37dc6794b11c8de052723434d1800004d18000013ff535054500b54f7a143000007b096a643
373.879,45,e9071901120103c37dc6794b11c8de194a2343501800005018000013ff4255544e401000005a172d575a172d57
373.881,45,e9071901120103c37dc6794b11c8de194a2343501800005018000013ff53505450023705a243000007b096a643
373.962,45,e9071901120103c37dc6794b11c8dee35e2343511800005118000013ff4255544e001000005a172d575a172d57
374.269,45,e9071901120103c37dc6794b11c8de49ac2343581800005818000013ff53505450046406a243000007b096a643
374.54,45,e9071901120103c37dc6794b11c8de13f323435d1800005d18000013ff4255544e401000005a172d575a172d57
374.566,45,e9071901120103c37dc6794b11c8defdf923435d1800005d18000013ff4255544e001000005a172d575a172d57
374.674,45,e9071901120103c37dc6794b11c8de53152443601800006018000013ff535054500558b6a143000007b096a643
374.725,45,e9071901120103c37dc6794b11c8defb222443601800006018000013ff4255544e005000005a172d575a172d57
374.827,45,e9071901120103c37dc6794b11c8de013e2443631800006318000013ff4255544e005004005a172d575a172d57
374.853,45,e9071901120103c37dc6794b11c8deb8442443631800006318000013ff4255544e001004005a172d575a172d57
375.231,45,e9071901120103c37dc6794b11c8de21a824436b1800006b18000013ff5350545000ec6ba543000007b096a643
375.86,45,e9071901120103c37dc6794b11c8de55482543791800007918000013ff4255544e001000005a172d575a172d57
378.129,45,e9071901120103c37dc6794b11c8deb5882743aa180000aa18000013ff4255544e401000005a172d575a172d57
379.109,45,e9071901120103c37dc6794b11c8dea1862843bd180000bd18000013ff4255544e403800005a172d575a172d57
379.187,45,e9071901120103c37dc6794b11c8de0b9a2843bf180000bf18000013ff4255544e402800005a172d575a172d57
379.213,45,e9071901120103c37dc6794b11c8de90a02843bf180000bf18000013ff4255544e400800005a172d575a172d57
379.32,45,e9071901120103c37dc6794b11c8de1fbb2843c1180000c118000013ff4255544e402800005a172d575a172d57
379.454,45,e9071901120103c37dc6794b11c8de30dd2843c5180000c518000013ff4255544e400800005a172d575a172d57
379.578,45,e9071901120103c37dc6794b11c8deb7fe2843c8180000c818000013ff4255544e402800005a172d575a172d57
379.674,45,e9071901120103c37dc6794b11c8de44182943ca180000ca18000013ff4255544e400800005a172d575a172d57
379.771,45,e9071901120103c37dc6794b11c8de15312943cb180000cb18000013ff4255544e402800005a172d575a172d57
379.819,45,e9071901120103c37dc6794b11c8de6f3d2943cc180000cc18000013ff4255544e502800005a172d575a172d57
379.892,45,e9071901120103c37dc6794b11c8de0e502943cf180000cf18000013ff4255544e500800005a172d575a172d57
379.916,45,e9071901120103c37dc6794b11c8de3f562943cf180000cf18000013ff4255544e100800005a172d575a172d57
379.989,45,e9071901120103c37dc6794b11c8ded6682943d1180000d118000013ff4255544e102800005a172d575a172d57
380.109,45,e9071901120103c37dc6794b11c8dece872943d3180000d318000013ff4255544e502800005a172d575a172d57
380.133,45,e9071901120103c37dc6794b11c8de008e2943d4180000d418000013ff4255544e500800005a172d575a172d57
380.156,45,e9071901120103c37dc6794b11c8de28942943d4180000d418000013ff4255544e100800005a172d575a172d57
380.204,45,e9071901120103c37dc6794b11c8de63a02943d5180000d518000013ff4255544e500800005a172d575a172d57
380.252,45,e9071901120103c37dc6794b11c8de93ac2943d6180000d618000013ff4255544e502800005a172d575a172d57
380.372,45,e9071901120103c37dc6794b11c8de14cb2943d9180000d918000013ff4255544e500800005a172d575a172d57
380.545,45,e9071901120103c37dc6794b11c8deaef62943dd180000dd18000013ff4255544e100800005a172d575a172d57
380.622,45,e9071901120103c37dc6794b11c8dec1092a43de180000de18000013ff4255544e100000005a172d575a172d57
380.83,45,e9071901120103c37dc6794b11c8de583e2a43e3180000e318000013ff4255544e500000005a172d575a172d57
380.883,45,e9071901120103c37dc6794b11c8dea84b2a43e4180000e418000013ff4255544e504000005a172d575a172d57
380.987,45,e9071901120103c37dc6794b11c8de6d662a43e6180000e618000013ff4255544e500000005a172d575a172d57
381.067,45,e9071901120103c37dc6794b11c8de8e7a2a43e7180000e718000013ff4255544e100000005a172d575a172d57
381.199,45,e9071901120103c37dc6794b11c8de629c2a43ea180000ea18000013ff4255544e101000005a172d575a172d57
381.407,45,e9071901120103c37dc6794b11c8de23d22a43ee180000ee18000013ff4255544e501000005a172d575a172d57
382.598,45,e9071901120103c37dc6794b11c8dec8022c43081900000819000013ff4255544e401000005a172d575a172d57
382.734,45,e9071901120103c37dc6794b11c8dea5242c430b1900000b19000013ff4255544e405000005a172d575a172d57
382.897,45,e9071901120103c37dc6794b11c8de224e2c430f1900000f19000013ff4255544e401000005a172d575a172d57
383.191,45,e9071901120103c37dc6794b11c8de689a2c43151900001519000013ff4255544e501000005a172d575a172d57
383.244,45,e9071901120103c37dc6794b11c8de01a82c43161900001619000013ff4255544e401000005a172d575a172d57
383.27,45,e9071901120103c37dc6794b11c8debcae2c43161900001619000013ff4255544e001000005a172d575a172d57
383.449,45,e9071901120103c37dc6794b11c8de39dd2c431b1900001b19000013ff4255544e101000005a172d575a172d57
383.475,45,e9071901120103c37dc6794b11c8dec7e32c431b1900001b19000013ff4255544e501000005a172d575a172d57
383.702,45,e9071901120103c37dc6794b11c8de6d1e2d43201900002019000013ff4255544e401000005a172d575a172d57
384.643,45,e9071901120103c37dc6794b11c8de100f2e43341900003419000013ff4255544e405000005a172d575a172d57
384.77,45,e9071901120103c37dc6794b11c8de8e2f2e43361900003619000013ff4255544e401000005a172d575a172d57
386.844,45,e9071901120103c37dc6794b11c8dec4423043631900006319000013ff4255544e405000005a172d575a172d57
387.001,45,e9071901120103c37dc6794b11c8de016a3043671900006719000013ff4255544e401000005a172d575a172d57
387.026,45,e9071901120103c37dc6794b11c8deaa703043681900006819000013ff4255544e001000005a172d575a172d57
387.364,45,e9071901120103c37dc6794b11c8ded5c83043701900007019000013ff4f56544b0d100000df97c23cfb52983f
387.386,45,e9071901120103c37dc6794b11c8dedcce3043701900007019000013ff4255544e401000005a172d575a172d57
387.503,45,e9071901120103c37dc6794b11c8de2bed3043721900007219000013ff4255544e001000005a172d575a172d57
388.262,45,e9071901120103c37dc6794b11c8de4faf3143821900008219000013ff4255544e101000005a172d575a172d57
388.331,45,e9071901120103c37dc6794b11c8de70c13143841900008419000013ff4255544e001000005a172d575a172d57
388.633,45,e9071901120103c37dc6794b11c8de9b0e32438a1900008a19000013ff4255544e401000005a172d575a172d57
388.752,45,e9071901120103c37dc6794b11c8dea02c32438c1900008c19000013ff4255544e001000005a172d575a172d57
388.989,45,e9071901120103c37dc6794b11c8de88693243921900009219000013ff4255544e401000005a172d575a172d57
389.531,45,e9071901120103c37dc6794b11c8de3bf532439d1900009d19000013ff4255544e601000005a172d575a172d57
389.622,45,e9071901120103c37dc6794b11c8de5c0c33439e1900009e19000013ff4255544e201000005a172d575a172d57
389.693,45,e9071901120103c37dc6794b11c8dedd1d3343a0190000a019000013ff4255544e203800005a172d575a172d57
389.763,45,e9071901120103c37dc6794b11c8deb62f3343a1190000a119000013ff4255544e603800005a172d575a172d57
389.86,45,e9071901120103c37dc6794b11c8deef473343a4190000a419000013ff4255544e601800005a172d575a172d57
389.933,45,e9071901120103c37dc6794b11c8de6d5a3343a6190000a619000013ff4255544e603800005a172d575a172d57
390.006,45,e9071901120103c37dc6794b11c8de156d3343a7190000a719000013ff4255544e602800005a172d575a172d57
390.03,45,e9071901120103c37dc6794b11c8de4f733343a8190000a819000013ff4255544e600800005a172d575a172d57
390.172,45,e9071901120103c37dc6794b11c8de54983343aa190000aa19000013ff4255544e602800005a172d575a172d57
390.195,45,e9071901120103c37dc6794b11c8de679e3343ab190000ab19000013ff4255544e202800005a172d575a172d57
390.288,45,e9071901120103c37dc6794b11c8de66b63343ad190000ad19000013ff4255544e200800005a172d575a172d57
390.311,45,e9071901120103c37dc6794b11c8de60bc3343ad190000ad19000013ff4255544e200000005a172d575a172d57
391.015,45,e9071901120103c37dc6794b11c8ded26e3443bd190000bd19000013ff4255544e201000005a172d575a172d57
391.602,45,e9071901120103c37dc6794b11c8dec1063543ca190000ca19000013ff4255544e601000005a172d575a172d57
392.797,45,e9071901120103c37dc6794b11c8deab373643e3190000e319000013ff4255544e401000005a172d575a172d57
393.041,45,e9071901120103c37dc6794b11c8dee5753643e9190000e919000013ff4255544e601000005a172d575a172d57
393.378,45,e9071901120103c37dc6794b11c8ded2cc3643f0190000f019000013ff4255544e605000005a172d575a172d57
393.497,45,e9071901120103c37dc6794b11c8de3feb3643f2190000f219000013ff4255544e601000005a172d575a172d57
393.84,45,e9071901120103c37dc6794b11c8dee6413743f9190000f919000013ff4255544e401000005a172d575a172d57
394.215,45,e9071901120103c37dc6794b11c8de59a23743011a0000011a000013ff4255544e401800005a172d575a172d57
394.238,45,e9071901120103c37dc6794b11c8deada83743021a0000021a000013ff4255544e403800005a172d575a172d57
394.31,45,e9071901120103c37dc6794b11c8de5ebb3743031a0000031a000013ff4255544e402800005a172d575a172d57
394.334,45,e9071901120103c37dc6794b11c8de85c13743041a0000041a000013ff4255544e400800005a172d575a172d57
394.43,45,e9071901120103c37dc6794b11c8defad93743071a0000071a000013ff4255544e402800005a172d575a172d57
394.502,45,e9071901120103c37dc6794b11c8de4fec3743081a0000081a000013ff4255544e400800005a172d575a172d57
394.621,45,e9071901120103c37dc6794b11c8dee40a38430a1a00000a1a000013ff4255544e402800005a172d575a172d57
394.693,45,e9071901120103c37dc6794b11c8de411d38430c1a00000c1a000013ff4255544e602800005a172d575a172d57
394.718,45,e9071901120103c37dc6794b11c8de6b2338430c1a00000c1a000013ff4255544e600800005a172d575a172d57
394.767,45,e9071901120103c37dc6794b11c8debc2f38430d1a00000d1a000013ff4255544e200800005a172d575a172d57
394.842,45,e9071901120103c37dc6794b11c8de904238430f1a00000f1a000013ff4255544e202800005a172d575a172d57
394.945,45,e9071901120103c37dc6794b11c8de305c3843121a0000121a000013ff4255544e200800005a172d575a172d57
395.072,45,e9071901120103c37dc6794b11c8ded87c3843141a0000141a000013ff4255544e202800005a172d575a172d57
395.194,45,e9071901120103c37dc6794b11c8de0c9d3843171a0000171a000013ff4255544e200800005a172d575a172d57
396.061,45,e9071901120103c37dc6794b11c8dea87c39432a1a00002a1a000013ff4255544e200000005a172d575a172d57
397.206,45,e9071901120103c37dc6794b11c8de76a23a43421a0000421a000013ff4255544e600000005a172d575a172d57
397.274,45,e9071901120103c37dc6794b11c8de6db33a43441a0000441a000013ff4255544e601000005a172d575a172d57
397.56,45,e9071901120103c37dc6794b11c8de0cfb3a434a1a00004a1a000013ff4255544e600000005a172d575a172d57
397.679,45,e9071901120103c37dc6794b11c8ded8193b434d1a00004d1a000013ff4255544e400000005a172d575a172d57
397.863,45,e9071901120103c37dc6794b11c8defd493b43511a0000511a000013ff4255544e401000005a172d575a172d57
398.044,45,e9071901120103c37dc6794b11c8de8c783b43551a0000551a000013ff4255544e601000005a172d575a172d57
398.265,45,e9071901120103c37dc6794b11c8de76b13b43591a0000591a000013ff4255544e401000005a172d575a172d57
398.519,45,e9071901120103c37dc6794b11c8de37f13b435f1a00005f1a000013ff4255544e501000005a172d575a172d57
398.567,45,e9071901120103c37dc6794b11c8de47fd3b43601a0000601a000013ff4255544e101000005a172d575a172d57
398.71,45,e9071901120103c37dc6794b11c8debd213c43631a0000631a000013ff4255544e501000005a172d575a172d57
398.895,45,e9071901120103c37dc6794b11c8def0513c43681a0000681a000013ff4255544e101000005a172d575a172d57
398.986,45,e9071901120103c37dc6794b11c8de7e693c436a1a00006a1a000013ff4255544e100000005a172d575a172d57
400.817,45,e9071901120103c37dc6794b11c8de903e3e43911a0000911a000013ff4255544e101000005a172d575a172d57
401.246,45,e9071901120103c37dc6794b11c8de70aa3e439b1a00009b1a000013ff4255544e501000005a172d575a172d57
401.389,45,e9071901120103c37dc6794b11c8de95cf3e439f1a00009f1a000013ff4255544e505000005a172d575a172d57
401.481,45,e9071901120103c37dc6794b11c8decde73e43a11a0000a11a000013ff4255544e501000005a172d575a172d57
402.638,45,e9071901120103c37dc6794b11c8de570e4043ba1a0000ba1a000013ff4255544e401000005a172d575a172d57
403.141,45,e9071901120103c37dc6794b11c8defd8e4043c41a0000c41a000013ff4255544e405000005a172d575a172d57
403.166,45,e9071901120103c37dc6794b11c8de47954043c41a0000c41a000013ff4255544e005000005a172d575a172d57
403.297,45,e9071901120103c37dc6794b11c8de93b54043c71a0000c71a000013ff4255544e001000005a172d575a172d57
403.35,45,e9071901120103c37dc6794b11c8dee2c24043c81a0000c81a000013ff4255544e101000005a172d575a172d57
403.431,45,e9071901120103c37dc6794b11c8de38d74043cb1a0000cb1a000013ff4255544e501000005a172d575a172d57
403.457,45,e9071901120103c37dc6794b11c8de00de4043cb1a0000cb1a000013ff4255544e401000005a172d575a172d57
403.484,45,e9071901120103c37dc6794b11c8dee2e44043cc1a0000cc1a000013ff4255544e001000005a172d575a172d57
403.689,45,e9071901120103c37dc6794b11c8de9a1a4143d01a0000d01a000013ff4255544e401000005a172d575a172d57
404.455,45,e9071901120103c37dc6794b11c8de3ede4143e01a0000e01a000013ff4255544e405000005a172d575a172d57
404.588,45,e9071901120103c37dc6794b11c8debaff4143e31a0000e31a000013ff4255544e401000005a172d575a172d57
405.181,45,e9071901120103c37dc6794b11c8de71984243ef1a0000ef1a000013ff4255544e601000005a172d575a172d57
405.207,45,e9071901120103c37dc6794b11c8deec9e4243ef1a0000ef1a000013ff4255544e603800005a172d575a172d57
405.287,45,e9071901120103c37dc6794b11c8dec1b24243f11a0000f11a000013ff4255544e602800005a172d575a172d57
405.314,45,e9071901120103c37dc6794b11c8de75b94243f11a0000f11a000013ff4255544e600800005a172d575a172d57
405.423,45,e9071901120103c37dc6794b11c8debcd44243f41a0000f41a000013ff4255544e602800005a172d575a172d57
405.503,45,e9071901120103c37dc6794b11c8de8be94243f61a0000f61a000013ff4255544e600800005a172d575a172d57
405.608,45,e9071901120103c37dc6794b11c8defe044343f81a0000f81a000013ff4255544e602800005a172d575a172d57
405.712,45,e9071901120103c37dc6794b11c8dedf1f4343fa1a0000fa1a000013ff4255544e600800005a172d575a172d57
405.794,45,e9071901120103c37dc6794b11c8de0b344343fc1a0000fc1a000013ff4255544e200800005a172d575a172d57
405.883,45,e9071901120103c37dc6794b11c8dedb484343fe1a0000fe1a000013ff4255544e202800005a172d575a172d57
406.003,45,e9071901120103c37dc6794b11c8de6a664343001b0000001b000013ff4255544e200800005a172d575a172d57
406.948,45,e9071901120103c37dc6794b11c8de975e4443141b0000141b000013ff4255544e200000005a172d575a172d57
407.432,45,e9071901120103c37dc6794b11c8de02dc44431f1b00001f1b000013ff4255544e204000005a172d575a172d57
407.543,45,e9071901120103c37dc6794b11c8dea8f84443211b0000211b000013ff4255544e200000005a172d575a172d57
408.122,45,e9071901120103c37dc6794b11c8ded78c45432d1b00002d1b000013ff4255544e600000005a172d575a172d57
408.167,45,e9071901120103c37dc6794b11c8de259845432e1b00002e1b000013ff4255544e601000005a172d575a172d57
408.783,45,e9071901120103c37dc6794b11c8dee83546433b1b00003b1b000013ff4255544e401000005a172d575a172d57
408.917,45,e9071901120103c37dc6794b11c8de2f5846433e1b00003e1b000013ff4255544e601000005a172d575a172d57
409.339,45,e9071901120103c37dc6794b11c8de02c24643471b0000471b000013ff4255544e401000005a172d575a172d57
409.511,45,e9071901120103c37dc6794b11c8defced46434b1b00004b1b000013ff4255544e405000005a172d575a172d57
409.653,45,e9071901120103c37dc6794b11c8de4a1347434e1b00004e1b000013ff4255544e005000005a172d575a172d57
409.677,45,e9071901120103c37dc6794b11c8de661947434f1b00004f1b000013ff4255544e001000005a172d575a172d57
409.882,45,e9071901120103c37dc6794b11c8ded54e4743541b0000541b000013ff4255544e401000005a172d575a172d57
411.013,45,e9071901120103c37dc6794b11c8decd6f48436b1b00006b1b000013ff4255544e501000005a172d575a172d57
411.868,45,e9071901120103c37dc6794b11c8de6b4a49437e1b00007e1b000013ff4255544e101000005a172d575a172d57
411.937,45,e9071901120103c37dc6794b11c8de535c4943801b0000801b000013ff4255544e501000005a172d575a172d57
412.054,45,e9071901120103c37dc6794b11c8de117a4943821b0000821b000013ff4255544e505000005a172d575a172d57
412.196,45,e9071901120103c37dc6794b11c8de2d9e4943851b0000851b000013ff4255544e501000005a172d575a172d57
413.075,45,e9071901120103c37dc6794b11c8de45804a43991b0000991b000013ff4255544e401000005a172d575a172d57
413.209,45,e9071901120103c37dc6794b11c8ded4a24a439b1b00009b1b000013ff4255544e501000005a172d575a172d57
413.503,45,e9071901120103c37dc6794b11c8def0ed4a43a21b0000a21b000013ff4255544e505000005a172d575a172d57
413.613,45,e9071901120103c37dc6794b11c8de970a4b43a41b0000a41b000013ff4255544e501000005a172d575a172d57
413.745,45,e9071901120103c37dc6794b11c8de612c4b43a71b0000a71b000013ff4255544e401000005a172d575a172d57
414.014,45,e9071901120103c37dc6794b11c8ded1704b43ad1b0000ad1b000013ff4255544e501000005a172d575a172d57
414.324,45,e9071901120103c37dc6794b11c8dee1c04b43b41b0000b41b000013ff4255544e401000005a172d575a172d57
414.745,45,e9071901120103c37dc6794b11c8deb82d4c43bd1b0000bd1b000013ff4255544e501000005a172d575a172d57
414.829,45,e9071901120103c37dc6794b11c8de09434c43bf1b0000bf1b000013ff4255544e401000005a172d575a172d57
414.995,45,e9071901120103c37dc6794b11c8deb76d4c43c21b0000c21b000013ff4255544e001000005a172d575a172d57
415.161,45,e9071901120103c37dc6794b11c8de2f984c43c51b0000c51b000013ff4255544e601000005a172d575a172d57
415.302,45,e9071901120103c37dc6794b11c8defcbc4c43c81b0000c81b000013ff4255544e005000005a172d575a172d57
415.422,45,e9071901120103c37dc6794b11c8dec3db4c43cc1b0000cc1b000013ff4255544e001000005a172d575a172d57
415.442,45,e9071901120103c37dc6794b11c8ded4e04c43cc1b0000cc1b000013ff4255544e401000005a172d575a172d57
415.691,45,e9071901120103c37dc6794b11c8de911f4d43d11b0000d11b000013ff4255544e403000005a172d575a172d57
415.711,45,e9071901120103c37dc6794b11c8dee3244d43d11b0000d11b000013ff4255544e403800005a172d575a172d57
415.774,45,e9071901120103c37dc6794b11c8de08354d43d31b0000d31b000013ff4255544e402800005a172d575a172d57
415.817,45,e9071901120103c37dc6794b11c8deba3f4d43d31b0000d31b000013ff4255544e400800005a172d575a172d57
415.901,45,e9071901120103c37dc6794b11c8de40554d43d61b0000d61b000013ff4255544e402800005a172d575a172d57
416.026,45,e9071901120103c37dc6794b11c8de76754d43d91b0000d91b000013ff4255544e400800005a172d575a172d57
416.129,45,e9071901120103c37dc6794b11c8de0e904d43db1b0000db1b000013ff4255544e402800005a172d575a172d57
416.212,45,e9071901120103c37dc6794b11c8de4da54d43dc1b0000dc1b000013ff4255544e400800005a172d575a172d57
416.341,45,e9071901120103c37dc6794b11c8de6cc54d43df1b0000df1b000013ff4255544e402800005a172d575a172d57
416.408,45,e9071901120103c37dc6794b11c8defbd54d43e11b0000e11b000013ff4255544e400800005a172d575a172d57
416.475,45,e9071901120103c37dc6794b11c8deeae64d43e31b0000e31b000013ff4255544e500800005a172d575a172d57
416.545,45,e9071901120103c37dc6794b11c8de2ef84d43e41b0000e41b000013ff4255544e502800005a172d575a172d57
416.658,45,e9071901120103c37dc6794b11c8de6a154e43e61b0000e61b000013ff4255544e100800005a172d575a172d57
416.812,45,e9071901120103c37dc6794b11c8de963d4e43e91b0000e91b000013ff4255544e102800005a172d575a172d57
416.899,45,e9071901120103c37dc6794b11c8de03544e43ec1b0000ec1b000013ff4255544e100800005a172d575a172d57
417.274,45,e9071901120103c37dc6794b11c8de32b34e43f41b0000f41b000013ff4255544e100000005a172d575a172d57
417.462,45,e9071901120103c37dc6794b11c8de20e24e43f81b0000f81b000013ff4255544e104000005a172d575a172d57
417.579,45,e9071901120103c37dc6794b11c8de50004f43fb1b0000fb1b000013ff4255544e100000005a172d575a172d57
418.044,45,e9071901120103c37dc6794b11c8def6784f43051c0000051c000013ff4255544e101000005a172d575a172d57
418.181,45,e9071901120103c37dc6794b11c8de2c9b4f43081c0000081c000013ff4255544e501000005a172d575a172d57
418.96,45,e9071901120103c37dc6794b11c8de1c645043191c0000191c000013ff4255544e401000005a172d575a172d57
419.465,45,e9071901120103c37dc6794b11c8de63e45043231c0000231c000013ff4255544e405000005a172d575a172d57
419.487,45,e9071901120103c37dc6794b11c8de1eea5043241c0000241c000013ff4255544e505000005a172d575a172d57
419.511,45,e9071901120103c37dc6794b11c8decdef5043241c0000241c000013ff4255544e405200005a172d575a172d57
419.574,45,e9071901120103c37dc6794b11c8deff005143261c0000261c000013ff4255544e405000005a172d575a172d57
419.595,45,e9071901120103c37dc6794b11c8de94065143261c0000261c000013ff4255544e401000005a172d575a172d57
419.846,45,e9071901120103c37dc6794b11c8de704751432b1c00002b1c000013ff4255544e501000005a172d575a172d57
419.973,45,e9071901120103c37dc6794b11c8de826751432f1c00002f1c000013ff4255544e401000005a172d575a172d57
420.059,45,e9071901120103c37dc6794b11c8de237d5143301c0000301c000013ff4255544e001000005a172d575a172d57
420.237,45,e9071901120103c37dc6794b11c8decfa95143341c0000341c000013ff4255544e501000005a172d575a172d57
420.328,45,e9071901120103c37dc6794b11c8deeac05143361c0000361c000013ff4255544e401000005a172d575a172d57
420.417,45,e9071901120103c37dc6794b11c8de31d85143371c0000371c000013ff4255544e405000005a172d575a172d57
420.548,45,e9071901120103c37dc6794b11c8de12fa51433a1c00003a1c000013ff4255544e401000005a172d575a172d57
421.174,45,e9071901120103c37dc6794b11c8dee9985243481c0000481c000013ff4255544e501000005a172d575a172d57
421.266,45,e9071901120103c37dc6794b11c8de90b05243491c0000491c000013ff4255544e401000005a172d575a172d57
421.747,45,e9071901120103c37dc6794b11c8de4f2d5343541c0000541c000013ff4255544e501000005a172d575a172d57
421.923,45,e9071901120103c37dc6794b11c8de9c595343591c0000591c000013ff4255544e401000005a172d575a172d57
421.946,45,e9071901120103c37dc6794b11c8de3b5f5343591c0000591c000013ff4255544e405000005a172d575a172d57
422.063,45,e9071901120103c37dc6794b11c8de3d7c53435b1c00005b1c000013ff4255544e401000005a172d575a172d57
423.253,45,e9071901120103c37dc6794b11c8de1caa5443741c0000741c000013ff4255544e405000005a172d575a172d57
423.356,45,e9071901120103c37dc6794b11c8deaec45443761c0000761c000013ff4255544e401000005a172d575a172d57
424.276,45,e9071901120103c37dc6794b11c8de05b25543891c0000891c000013ff4255544e501000005a172d575a172d57
424.579,45,e9071901120103c37dc6794b11c8de94fd5543901c0000901c000013ff4255544e401000005a172d575a172d57
424.967,45,e9071901120103c37dc6794b11c8de7c615643981c0000981c000013ff4255544e401200005a172d575a172d57
425.046,45,e9071901120103c37dc6794b11c8de4b7556439a1c00009a1c000013ff4255544e401000005a172d575a172d57
425.315,45,e9071901120103c37dc6794b11c8de0cb956439f1c00009f1c000013ff4255544e501000005a172d575a172d57
425.423,45,e9071901120103c37dc6794b11c8debcd45643a21c0000a21c000013ff4255544e401000005a172d575a172d57
426.866,45,e9071901120103c37dc6794b11c8de63425843c21c0000c21c000013ff4255544e001000005a172d575a172d57
427.094,45,e9071901120103c37dc6794b11c8dea67f5843c71c0000c71c000013ff4255544e401000005a172d575a172d57
427.259,45,e9071901120103c37dc6794b11c8de72aa5843ca1c0000ca1c000013ff4255544e001000005a172d575a172d57
427.287,45,e9071901120103c37dc6794b11c8de7cb15843cb1c0000cb1c000013ff4255544e005000005a172d575a172d57
427.397,45,e9071901120103c37dc6794b11c8de92cd5843ce1c0000ce1c000013ff4255544e001000005a172d575a172d57
427.482,45,e9071901120103c37dc6794b11c8ded8e25843d01c0000d01c000013ff4255544e401000005a172d575a172d57
429.544,45,e9071901120103c37dc6794b11c8def3f25a43fc1c0000fc1c000013ff4255544e401004005a172d575a172d57
429.932,45,e9071901120103c37dc6794b11c8de685b5b43051d0000051d000013ff4255544e401000005a172d575a172d57
431.637,45,e9071901120103c37dc6794b11c8de490b5d43291d0000291d000013ff4255544e001000005a172d575a172d57
431.826,45,e9071901120103c37dc6794b11c8defa3b5d432c1d00002c1d000013ff4255544e401000005a172d575a172d57
431.905,45,e9071901120103c37dc6794b11c8dea4505d432e1d00002e1d000013ff4255544e001000005a172d575a172d57
432.798,45,e9071901120103c37dc6794b11c8de10345e43411d0000411d000013ff4255544e401000005a172d575a172d57
432.994,45,e9071901120103c37dc6794b11c8def6655e43451d0000451d000013ff4255544e001000005a172d575a172d57
433.703,45,e9071901120103c37dc6794b11c8de0a1a5f43531d0000531d000013ff4255544e401000005a172d575a172d57
434.659,45,e9071901120103c37dc6794b11c8de3e136043691d0000691d000013ff5350545013ad889e43000007b096a643
434.927,45,e9071901120103c37dc6794b11c8de7b5860436e1d00006e1d000013ff4255544e403800005a172d575a172d57
434.975,45,e9071901120103c37dc6794b11c8def56460436f1d00006f1d000013ff4255544e402800005a172d575a172d57
435.024,45,e9071901120103c37dc6794b11c8de637160436f1d00006f1d000013ff4255544e400800005a172d575a172d57
435.123,45,e9071901120103c37dc6794b11c8de688a6043711d0000711d000013ff4255544e402800005a172d575a172d57
435.222,45,e9071901120103c37dc6794b11c8dea6a36043731d0000731d000013ff4255544e400800005a172d575a172d57
435.297,45,e9071901120103c37dc6794b11c8de98b66043751d0000751d000013ff4255544e402800005a172d575a172d57
435.395,45,e9071901120103c37dc6794b11c8def2cf6043781d0000781d000013ff4255544e400800005a172d575a172d57
435.494,45,e9071901120103c37dc6794b11c8de2ee960437a1d00007a1d000013ff4255544e402800005a172d575a172d57
435.616,45,e9071901120103c37dc6794b11c8dea10861437c1d00007c1d000013ff4255544e400800005a172d575a172d57
435.763,45,e9071901120103c37dc6794b11c8de592e61437f1d00007f1d000013ff4255544e402800005a172d575a172d57
435.889,45,e9071901120103c37dc6794b11c8dee84d6143831d0000831d000013ff4255544e400800005a172d575a172d57
436.073,45,e9071901120103c37dc6794b11c8deed7b6143861d0000861d000013ff4255544e402800005a172d575a172d57
436.2,45,e9071901120103c37dc6794b11c8de549d6143891d0000891d000013ff4255544e500800005a172d575a172d57
436.321,45,e9071901120103c37dc6794b11c8de5bbd61438b1d00008b1d000013ff4255544e502800005a172d575a172d57
436.418,45,e9071901120103c37dc6794b11c8de40d661438e1d00008e1d000013ff4255544e500800005a172d575a172d57
436.706,45,e9071901120103c37dc6794b11c8de4c206243941d0000941d000013ff4255544e502800005a172d575a172d57
436.801,45,e9071901120103c37dc6794b11c8deb6386243961d0000961d000013ff4255544e500800005a172d575a172d57
436.966,45,e9071901120103c37dc6794b11c8de196362439a1d00009a1d000013ff4255544e100800005a172d575a172d57
437.064,45,e9071901120103c37dc6794b11c8de997b62439c1d00009c1d000013ff4255544e100000005a172d575a172d57
437.399,45,e9071901120103c37dc6794b11c8de35cf6243a41d0000a41d000013ff535054500c34039643000007b096a643
437.529,45,e9071901120103c37dc6794b11c8de9df06243a71d0000a71d000013ff4255544e504000005a172d575a172d57
437.657,45,e9071901120103c37dc6794b11c8dee0116343a91d0000a91d000013ff4255544e500000005a172d575a172d57
437.683,45,e9071901120103c37dc6794b11c8de83186343aa1d0000aa1d000013ff4255544e100000005a172d575a172d57
437.912,45,e9071901120103c37dc6794b11c8de1d536343b01d0000b01d000013ff535054500a0cb8a443000007b096a643
438.063,45,e9071901120103c37dc6794b11c8def7796343b31d0000b31d000013ff5350545001e138a443000007b096a643
438.315,45,e9071901120103c37dc6794b11c8dec2ba6343b71d0000b71d000013ff4255544e500000005a172d575a172d57
438.725,45,e9071901120103c37dc6794b11c8de1d236443c01d0000c01d000013ff4255544e501000005a172d575a172d57
438.88,45,e9071901120103c37dc6794b11c8ded54a6443c41d0000c41d000013ff4255544e401000005a172d575a172d57
438.881,45,e9071901120103c37dc6794b11c8ded54a6443c41d0000c41d000013ff5350545003ba78a343000007b096a643
439.034,45,e9071901120103c37dc6794b11c8de76726443c71d0000c71d000013ff5350545007bd0ba543000007b096a643
439.23,45,e9071901120103c37dc6794b11c8de02a66443cb1d0000cb1d000013ff4255544e601000005a172d575a172d57
439.6,45,e9071901120103c37dc6794b11c8defc036543d21d0000d21d000013ff4255544e605000005a172d575a172d57
439.678,45,e9071901120103c37dc6794b11c8de4b176543d41d0000d41d000013ff4255544e601000005a172d575a172d57
439.933,45,e9071901120103c37dc6794b11c8dedb586543da1d0000da1d000013ff4255544e401000005a172d575a172d57
440.007,45,e9071901120103c37dc6794b11c8de526c6543db1d0000db1d000013ff4255544e601000005a172d575a172d57
440.153,45,e9071901120103c37dc6794b11c8de23926543de1d0000de1d000013ff4255544e201000005a172d575a172d57
440.371,45,e9071901120103c37dc6794b11c8de23ca6543e31d0000e31d000013ff4255544e601000005a172d575a172d57
441.04,45,e9071901120103c37dc6794b11c8de24756643f21d0000f21d000013ff4255544e401000005a172d575a172d57
441.425,45,e9071901120103c37dc6794b11c8de4cd86643fa1d0000fa1d000013ff4255544e405000005a172d575a172d57
441.473,45,e9071901120103c37dc6794b11c8de8be46643fa1d0000fa1d000013ff4255544e005000005a172d575a172d57
441.545,45,e9071901120103c37dc6794b11c8dedff66643fc1d0000fc1d000013ff4255544e001000005a172d575a172d57
441.643,45,e9071901120103c37dc6794b11c8de940f6743fe1d0000fe1d000013ff4255544e501000005a172d575a172d57
441.667,45,e9071901120103c37dc6794b11c8dec7156743fe1d0000fe1d000013ff4255544e401000005a172d575a172d57
442.141,45,e9071901120103c37dc6794b11c8de368f6743091e0000091e000013ff5350545011f7a09643000007b096a643
442.188,45,e9071901120103c37dc6794b11c8de899b67430a1e00000a1e000013ff4255544e501000005a172d575a172d57
442.283,45,e9071901120103c37dc6794b11c8defcb367430c1e00000c1e000013ff4f56544b100d00002439c33c2467983f
442.425,45,e9071901120103c37dc6794b11c8de4fd867430f1e00000f1e000013ff4255544e401000005a172d575a172d57
442.522,45,e9071901120103c37dc6794b11c8dee0f06743101e0000101e000013ff4255544e501000005a172d575a172d57
442.697,45,e9071901120103c37dc6794b11c8deab1c6843141e0000141e000013ff53505450124667a443000007b096a643
442.848,45,e9071901120103c37dc6794b11c8de0d436843181e0000181e000013ff535054500f05a1a143000007b096a643
443.043,45,e9071901120103c37dc6794b11c8de1e7668431c1e00001c1e000013ff4255544e505000005a172d575a172d57
443.14,45,e9071901120103c37dc6794b11c8de128f68431e1e00001e1e000013ff4255544e501000005a172d575a172d57
443.442,45,e9071901120103c37dc6794b11c8de5dda6843251e0000251e000013ff5350545008213aa843010108213aa843
443.831,45,e9071901120103c37dc6794b11c8de253e69432d1e00002d1e000013ff4255544e401000005a172d575a172d57
443.832,45,e9071901120103c37dc6794b11c8de253e69432d1e00002d1e000013ff53505450068518a443000008213aa843
444.239,45,e9071901120103c37dc6794b11c8de15a76943351e0000351e000013ff4255544e501000005a172d575a172d57
444.507,45,e9071901120103c37dc6794b11c8de0bea69433b1e00003b1e000013ff4255544e401000005a172d575a172d57
445.347,45,e9071901120103c37dc6794b11c8de38c26a434d1e00004d1e000013ff4255544e401200005a172d575a172d57
445.425,45,e9071901120103c37dc6794b11c8de3bd66a434f1e00004f1e000013ff4255544e401000005a172d575a172d57
445.66,45,e9071901120103c37dc6794b11c8de12126b43541e0000541e000013ff4255544e405000005a172d575a172d57
445.768,45,e9071901120103c37dc6794b11c8def02c6b43561e0000561e000013ff4255544e401000005a172d575a172d57
445.769,45,e9071901120103c37dc6794b11c8def02c6b43571e0000571e000013ff5350545010df25a143000008213aa843
445.94,45,e9071901120103c37dc6794b11c8de12576b435a1e00005a1e000013ff535054500df8a69c43000008213aa843
446.027,45,e9071901120103c37dc6794b11c8de126d6b435b1e00005b1e000013ff4255544e401200005a172d575a172d57
446.115,45,e9071901120103c37dc6794b11c8de6b836b435d1e00005d1e000013ff4255544e401000005a172d575a172d57
446.257,45,e9071901120103c37dc6794b11c8de79a86b43601e0000601e000013ff4255544e001000005a172d575a172d57
448.098,45,e9071901120103c37dc6794b11c8dec5826d43871e0000871e000013ff535054500901189643000008213aa843
448.769,45,e9071901120103c37dc6794b11c8de5b2a6e43951e0000951e000013ff4255544e005000005a172d575a172d57
448.829,45,e9071901120103c37dc6794b11c8de87396e43971e0000971e000013ff535054500e8cb5a443000008213aa843
448.912,45,e9071901120103c37dc6794b11c8de0f506e43981e0000981e000013ff4255544e001000005a172d575a172d57
448.995,45,e9071901120103c37dc6794b11c8de16666e439a1e00009a1e000013ff535054500ba587a543000008213aa843
449.286,45,e9071901120103c37dc6794b11c8de24b26e43a01e0000a01e000013ff53505450022799a143000008213aa843
449.689,45,e9071901120103c37dc6794b11c8de97176f43a91e0000a91e000013ff5350545004d8cc9e43000008213aa843
450.137,45,e9071901120103c37dc6794b11c8dea48a6f43b21e0000b21e000013ff53505450056c949f43000008213aa843
451.14,45,e9071901120103c37dc6794b11c8de558a7043c61e0000c61e000013ff4255544e401000005a172d575a172d57
451.261,45,e9071901120103c37dc6794b11c8dee6a77043c91e0000c91e000013ff5350545000b459a343000008213aa843
451.954,45,e9071901120103c37dc6794b11c8debb5e7143d71e0000d71e000013ff4255544e403800005a172d575a172d57
452.034,45,e9071901120103c37dc6794b11c8def8717143d91e0000d91e000013ff4255544e402800005a172d575a172d57
452.06,45,e9071901120103c37dc6794b11c8de8f787143d91e0000d91e000013ff4255544e400800005a172d575a172d57
452.141,45,e9071901120103c37dc6794b11c8de938c7143db1e0000db1e000013ff4255544e402800005a172d575a172d57
452.25,45,e9071901120103c37dc6794b11c8de0ca87143dd1e0000dd1e000013ff4255544e400800005a172d575a172d57
452.327,45,e9071901120103c37dc6794b11c8dec3bc7143df1e0000df1e000013ff4255544e402800005a172d575a172d57
452.427,45,e9071901120103c37dc6794b11c8de8dd77143e11e0000e11e000013ff4255544e400800005a172d575a172d57
452.548,45,e9071901120103c37dc6794b11c8de72f77143e31e0000e31e000013ff4255544e402800005a172d575a172d57
452.646,45,e9071901120103c37dc6794b11c8de41107243e51e0000e51e000013ff4255544e400800005a172d575a172d57
452.67,45,e9071901120103c37dc6794b11c8de80167243e51e0000e51e000013ff4255544e500800005a172d575a172d57
452.695,45,e9071901120103c37dc6794b11c8debe1c7243e61e0000e61e000013ff4255544e100800005a172d575a172d57
452.767,45,e9071901120103c37dc6794b11c8de6b2f7243e71e0000e71e000013ff4255544e102800005a172d575a172d57
452.887,45,e9071901120103c37dc6794b11c8de6a4e7243eb1e0000eb1e000013ff4255544e100800005a172d575a172d57
453.078,45,e9071901120103c37dc6794b11c8de5b7f7243ef1e0000ef1e000013ff4255544e102800005a172d575a172d57
453.198,45,e9071901120103c37dc6794b11c8def29d7243f11e0000f11e000013ff4255544e100800005a172d575a172d57
453.422,45,e9071901120103c37dc6794b11c8de5bd67243f61e0000f61e000013ff4255544e100000005a172d575a172d57
453.732,45,e9071901120103c37dc6794b11c8deca247343fd1e0000fd1e000013ff4255544e104000005a172d575a172d57
453.837,45,e9071901120103c37dc6794b11c8de5b3f7343ff1e0000ff1e000013ff4255544e100000005a172d575a172d57
454.023,45,e9071901120103c37dc6794b11c8de7b6e7343031f0000031f000013ff4255544e101000005a172d575a172d57
454.711,45,e9071901120103c37dc6794b11c8de73207443121f0000121f000013ff4255544e501000005a172d575a172d57
454.735,45,e9071901120103c37dc6794b11c8dec8267443131f0000131f000013ff4255544e101000005a172d575a172d57
455.038,45,e9071901120103c37dc6794b11c8de977374431a1f00001a1f000013ff4255544e501000005a172d575a172d57
455.379,45,e9071901120103c37dc6794b11c8deadc97443211f0000211f000013ff4255544e401000005a172d575a172d57
455.756,45,e9071901120103c37dc6794b11c8de132a7543281f0000281f000013ff4255544e501000005a172d575a172d57
455.835,45,e9071901120103c37dc6794b11c8de8c3e75432a1f00002a1f000013ff4255544e401000005a172d575a172d57
455.912,45,e9071901120103c37dc6794b11c8deb45275432c1f00002c1f000013ff4255544e405000005a172d575a172d57
456.066,45,e9071901120103c37dc6794b11c8de707a75432f1f00002f1f000013ff4255544e401000005a172d575a172d57
456.118,45,e9071901120103c37dc6794b11c8dea2877543301f0000301f000013ff4255544e501000005a172d575a172d57
456.246,45,e9071901120103c37dc6794b11c8dea6a87543331f0000331f000013ff4255544e401000005a172d575a172d57
457.075,45,e9071901120103c37dc6794b11c8de557e7643461f0000461f000013ff4255544e501000005a172d575a172d57
457.369,45,e9071901120103c37dc6794b11c8dedac876434c1f00004c1f000013ff4255544e401000005a172d575a172d57
457.6,45,e9071901120103c37dc6794b11c8de20037743511f0000511f000013ff4255544e405000005a172d575a172d57
457.7,45,e9071901120103c37dc6794b11c8de501d7743541f0000541f000013ff4255544e401000005a172d575a172d57
459.434,45,e9071901120103c37dc6794b11c8de0bdb78437b1f00007b1f000013ff4255544e001000005a172d575a172d57
459.529,45,e9071901120103c37dc6794b11c8de11f378437d1f00007d1f000013ff4255544e005000005a172d575a172d57
459.676,45,e9071901120103c37dc6794b11c8deb9177943801f0000801f000013ff4255544e001000005a172d575a172d57
461.409,45,e9071901120103c37dc6794b11c8debad47a43a31f0000a31f000013ff4255544e401000005a172d575a172d57
462.357,45,e9071901120103c37dc6794b11c8deebc77b43b81f0000b81f000013ff4255544e601000005a172d575a172d57
462.614,45,e9071901120103c37dc6794b11c8defb087c43bd1f0000bd1f000013ff4255544e603800005a172d575a172d57
462.71,45,e9071901120103c37dc6794b11c8de2a217c43bf1f0000bf1f000013ff4255544e200800005a172d575a172d57
462.804,45,e9071901120103c37dc6794b11c8de6a397c43c11f0000c11f000013ff4255544e602800005a172d575a172d57
462.899,45,e9071901120103c37dc6794b11c8deae517c43c31f0000c31f000013ff4255544e600800005a172d575a172d57
462.922,45,e9071901120103c37dc6794b11c8dec0577c43c31f0000c31f000013ff4255544e200800005a172d575a172d57
463.278,45,e9071901120103c37dc6794b11c8dea9b27c43cb1f0000cb1f000013ff4255544e200000005a172d575a172d57
463.908,45,e9071901120103c37dc6794b11c8de71537d43d91f0000d91f000013ff4255544e201000005a172d575a172d57
464.119,45,e9071901120103c37dc6794b11c8de5c8a7d43dd1f0000dd1f000013ff4255544e601000005a172d575a172d57
464.806,45,e9071901120103c37dc6794b11c8de2b3b7e43eb1f0000eb1f000013ff4255544e401000005a172d575a172d57
465.277,45,e9071901120103c37dc6794b11c8de1bb27e43f51f0000f51f000013ff4255544e601000005a172d575a172d57
465.672,45,e9071901120103c37dc6794b11c8de4b187f43fd1f0000fd1f000013ff4255544e605000005a172d575a172d57
465.791,45,e9071901120103c37dc6794b11c8deff357f43002000000020000013ff4255544e601000005a172d575a172d57
466.798,45,e9071901120103c37dc6794b11c8de521b8043162000001620000013ff4255544e401000005a172d575a172d57
467.171,45,e9071901120103c37dc6794b11c8de6c4b80431e2000001e20000013ff4255544e401800005a172d575a172d57
467.196,45,e9071901120103c37dc6794b11c8de8a4e80431f2000001f20000013ff4255544e403800005a172d575a172d57
467.268,45,e9071901120103c37dc6794b11c8dedb578043202000002020000013ff4255544e402800005a172d575a172d57
467.292,45,e9071901120103c37dc6794b11c8def35a8043212000002120000013ff4255544e400800005a172d575a172d57
467.388,45,e9071901120103c37dc6794b11c8de3f678043242000002420000013ff4255544e402800005a172d575a172d57
467.506,45,e9071901120103c37dc6794b11c8de96768043262000002620000013ff4255544e400800005a172d575a172d57
467.603,45,e9071901120103c37dc6794b11c8dec5828043282000002820000013ff4255544e402800005a172d575a172d57
467.7,45,e9071901120103c37dc6794b11c8de098f80432a2000002a20000013ff4255544e400800005a172d575a172d57
467.749,45,e9071901120103c37dc6794b11c8de3b9580432b2000002b20000013ff4255544e600800005a172d575a172d57
467.825,45,e9071901120103c37dc6794b11c8de9e9e80432c2000002c20000013ff4255544e602800005a172d575a172d57
467.927,45,e9071901120103c37dc6794b11c8de7dab8043302000003020000013ff4255544e600800005a172d575a172d57
468.027,45,e9071901120103c37dc6794b11c8de6fb88043322000003220000013ff4255544e602800005a172d575a172d57
468.122,45,e9071901120103c37dc6794b11c8de1dc58043332000003320000013ff4255544e202800005a172d575a172d57
468.146,45,e9071901120103c37dc6794b11c8de3bc88043342000003420000013ff4255544e200800005a172d575a172d57
468.92,45,e9071901120103c37dc6794b11c8de2e2c8143442000004420000013ff4255544e200000005a172d575a172d57
469.277,45,e9071901120103c37dc6794b11c8def75881434c2000004c20000013ff4255544e204000005a172d575a172d57
469.399,45,e9071901120103c37dc6794b11c8de866881434e2000004e20000013ff4255544e200000005a172d575a172d57
469.671,45,e9071901120103c37dc6794b11c8de6d8c8143532000005320000013ff4255544e201000005a172d575a172d57
470.091,45,e9071901120103c37dc6794b11c8de45c281435d2000005d20000013ff4255544e601000005a172d575a172d57
470.908,45,e9071901120103c37dc6794b11c8de802a82436f2000006f20000013ff4255544e401000005a172d575a172d57
471.362,45,e9071901120103c37dc6794b11c8de70648243792000007920000013ff4255544e501000005a172d575a172d57
471.408,45,e9071901120103c37dc6794b11c8de566a82437a2000007a20000013ff4255544e101000005a172d575a172d57
471.637,45,e9071901120103c37dc6794b11c8decc8782437f2000007f20000013ff4255544e501000005a172d575a172d57
471.866,45,e9071901120103c37dc6794b11c8dee6a48243842000008420000013ff4255544e101000005a172d575a172d57
471.889,45,e9071901120103c37dc6794b11c8ded6a78243852000008520000013ff4255544e103800005a172d575a172d57
471.958,45,e9071901120103c37dc6794b11c8deafb08243862000008620000013ff4255544e102800005a172d575a172d57
472.028,45,e9071901120103c37dc6794b11c8de91b98243882000008820000013ff4255544e100800005a172d575a172d57
472.195,45,e9071901120103c37dc6794b11c8de9dce82438b2000008b20000013ff4255544e100000005a172d575a172d57
473.58,45,e9071901120103c37dc6794b11c8dec6808343aa200000aa20000013ff4255544e101000005a172d575a172d57
474.349,45,e9071901120103c37dc6794b11c8dea8e28343ba200000ba20000013ff4255544e501000005a172d575a172d57
474.394,45,e9071901120103c37dc6794b11c8dea4e88343bc200000bc20000013ff4255544e505000005a172d575a172d57
474.508,45,e9071901120103c37dc6794b11c8de45f78343be200000be20000013ff4255544e501000005a172d575a172d57
475.8,45,e9071901120103c37dc6794b11c8de029c8443d9200000d920000013ff4255544e401000005a172d575a172d57
476.108,45,e9071901120103c37dc6794b11c8de16c28443e0200000e020000013ff4255544e405000005a172d575a172d57
476.188,45,e9071901120103c37dc6794b11c8de43cc8443e2200000e220000013ff4255544e005000005a172d575a172d57
476.244,45,e9071901120103c37dc6794b11c8de16d38443e3200000e320000013ff4255544e001000005a172d575a172d57
476.377,45,e9071901120103c37dc6794b11c8de5ce48443e6200000e620000013ff4255544e401000005a172d575a172d57
476.751,45,e9071901120103c37dc6794b11c8de97158543ed200000ed20000013ff4255544e001000005a172d575a172d57
476.92,45,e9071901120103c37dc6794b11c8de5d2b8543f1200000f120000013ff4255544e401000005a172d575a172d57
477.346,45,e9071901120103c37dc6794b11c8deb5608543fa200000fa20000013ff4255544e405000005a172d575a172d57
477.455,45,e9071901120103c37dc6794b11c8de436e8543fd200000fd20000013ff4255544e401000005a172d575a172d57
477.536,45,e9071901120103c37dc6794b11c8de91788543ff200000ff20000013ff4255544e601000005a172d575a172d57
478.028,45,e9071901120103c37dc6794b11c8de5fb885430a2100000a21000013ff4255544e603800005a172d575a172d57
478.106,45,e9071901120103c37dc6794b11c8de2ec285430b2100000b21000013ff4255544e602800005a172d575a172d57
478.132,45,e9071901120103c37dc6794b11c8de7cc585430c2100000c21000013ff4255544e400800005a172d575a172d57
478.21,45,e9071901120103c37dc6794b11c8de67cf85430d2100000d21000013ff4255544e402800005a172d575a172d57
478.341,45,e9071901120103c37dc6794b11c8de17e08543102100001021000013ff4255544e400800005a172d575a172d57
478.393,45,e9071901120103c37dc6794b11c8dec5e68543122100001221000013ff4255544e600800005a172d575a172d57
478.418,45,e9071901120103c37dc6794b11c8de1eea8543122100001221000013ff4255544e602800005a172d575a172d57
478.521,45,e9071901120103c37dc6794b11c8de65f78543142100001421000013ff4255544e600800005a172d575a172d57
478.575,45,e9071901120103c37dc6794b11c8de04fe8543152100001521000013ff4255544e200800005a172d575a172d57
478.688,45,e9071901120103c37dc6794b11c8de930b8643182100001821000013ff4255544e202800005a172d575a172d57
478.809,45,e9071901120103c37dc6794b11c8de0f1a86431a2100001a21000013ff4255544e200800005a172d575a172d57
479.582,45,e9071901120103c37dc6794b11c8de427f86432c2100002c21000013ff4255544e200000005a172d575a172d57
479.656,45,e9071901120103c37dc6794b11c8de028986432d2100002d21000013ff4255544e600000005a172d575a172d57
479.872,45,e9071901120103c37dc6794b11c8de1ca58643322100003221000013ff4255544e200000005a172d575a172d57
480.013,45,e9071901120103c37dc6794b11c8de6cb78643352100003521000013ff4255544e204000005a172d575a172d57
480.128,45,e9071901120103c37dc6794b11c8de6cc68643382100003821000013ff4255544e200000005a172d575a172d57
481.246,45,e9071901120103c37dc6794b11c8ded25587434f2100004f21000013ff4255544e600000005a172d575a172d57
481.427,45,e9071901120103c37dc6794b11c8dee26c8743542100005421000013ff4255544e601000005a172d575a172d57
482.026,45,e9071901120103c37dc6794b11c8de1ab98743612100006121000013ff4255544e401000005a172d575a172d57
482.246,45,e9071901120103c37dc6794b11c8dea9d48743652100006521000013ff4255544e501000005a172d575a172d57
482.321,45,e9071901120103c37dc6794b11c8de33de8743662100006621000013ff4255544e401000005a172d575a172d57
482.49,45,e9071901120103c37dc6794b11c8de44f487436b2100006b21000013ff4255544e001000005a172d575a172d57
482.791,45,e9071901120103c37dc6794b11c8de3f1b8843712100007121000013ff4255544e401000005a172d575a172d57
483.436,45,e9071901120103c37dc6794b11c8dec16d8843802100008021000013ff4255544e405000005a172d575a172d57
483.549,45,e9071901120103c37dc6794b11c8de837c8843822100008221000013ff4255544e401000005a172d575a172d57
483.799,45,e9071901120103c37dc6794b11c8de679c8843872100008721000013ff4255544e501000005a172d575a172d57
484.602,45,e9071901120103c37dc6794b11c8de0b038943992100009921000013ff4255544e505000005a172d575a172d57
484.719,45,e9071901120103c37dc6794b11c8ded81189439b2100009b21000013ff4255544e501000005a172d575a172d57
486.514,45,e9071901120103c37dc6794b11c8de1ff88943c3210000c321000013ff4255544e505000005a172d575a172d57
486.626,45,e9071901120103c37dc6794b11c8de72068a43c6210000c621000013ff4255544e501000005a172d575a172d57
487.088,45,e9071901120103c37dc6794b11c8defb418a43d0210000d021000013ff4255544e401000005a172d575a172d57
487.666,45,e9071901120103c37dc6794b11c8de638c8a43db210000db21000013ff4255544e001000005a172d575a172d57
487.852,45,e9071901120103c37dc6794b11c8de3ba48a43df210000df21000013ff4255544e401000005a172d575a172d57
488.497,45,e9071901120103c37dc6794b11c8deb4f68a43ec210000ec21000013ff4255544e403800005a172d575a172d57
488.605,45,e9071901120103c37dc6794b11c8de44048b43ee210000ee21000013ff4255544e401800005a172d575a172d57
488.627,45,e9071901120103c37dc6794b11c8deff068b43ef210000ef21000013ff4255544e400800005a172d575a172d57
488.691,45,e9071901120103c37dc6794b11c8de410f8b43f0210000f021000013ff4255544e402800005a172d575a172d57
488.835,45,e9071901120103c37dc6794b11c8de1d228b43f3210000f321000013ff4255544e400800005a172d575a172d57
488.918,45,e9071901120103c37dc6794b11c8deab2c8b43f5210000f521000013ff4255544e402800005a172d575a172d57
489.023,45,e9071901120103c37dc6794b11c8defa398b43f8210000f821000013ff4255544e400800005a172d575a172d57
489.151,45,e9071901120103c37dc6794b11c8de2a4a8b43fa210000fa21000013ff4255544e402800005a172d575a172d57
489.283,45,e9071901120103c37dc6794b11c8deb35a8b43fd210000fd21000013ff4255544e400800005a172d575a172d57
489.396,45,e9071901120103c37dc6794b11c8def7688b43ff210000ff21000013ff4255544e402800005a172d575a172d57
489.419,45,e9071901120103c37dc6794b11c8dedc6b8b43ff210000ff21000013ff4255544e502800005a172d575a172d57
489.464,45,e9071901120103c37dc6794b11c8dea6718b43002200000022000013ff4255544e102800005a172d575a172d57
489.487,45,e9071901120103c37dc6794b11c8de8b748b43012200000122000013ff4255544e100800005a172d575a172d57
489.903,45,e9071901120103c37dc6794b11c8de05aa8b430a2200000a22000013ff4255544e100000005a172d575a172d57
490.154,45,e9071901120103c37dc6794b11c8decdc98b430f2200000f22000013ff4255544e104000005a172d575a172d57
490.268,45,e9071901120103c37dc6794b11c8de52d88b43112200001122000013ff4255544e100000005a172d575a172d57
490.448,45,e9071901120103c37dc6794b11c8deafef8b43162200001622000013ff4255544e101000005a172d575a172d57
490.622,45,e9071901120103c37dc6794b11c8de5c068c431a2200001a22000013ff4255544e100000005a172d575a172d57
491.142,45,e9071901120103c37dc6794b11c8de11488c43252200002522000013ff4255544e101000005a172d575a172d57
491.274,45,e9071901120103c37dc6794b11c8dea3598c43282200002822000013ff4255544e501000005a172d575a172d57
492.118,45,e9071901120103c37dc6794b11c8de2ac58c433a2200003a22000013ff4255544e401000005a172d575a172d57
492.421,45,e9071901120103c37dc6794b11c8dea4ec8c43412200004122000013ff4255544e405000005a172d575a172d57
492.505,45,e9071901120103c37dc6794b11c8de9bf78c43432200004322000013ff4255544e505000005a172d575a172d57
492.568,45,e9071901120103c37dc6794b11c8deb0ff8c43442200004422000013ff4255544e501000005a172d575a172d57
492.589,45,e9071901120103c37dc6794b11c8de61028d43452200004522000013ff4255544e001000005a172d575a172d57
492.713,45,e9071901120103c37dc6794b11c8de75128d43472200004722000013ff4255544e001200005a172d575a172d57
492.776,45,e9071901120103c37dc6794b11c8de711a8d43492200004922000013ff4255544e001000005a172d575a172d57
492.798,45,e9071901120103c37dc6794b11c8de1d1d8d43492200004922000013ff4255544e501000005a172d575a172d57
492.862,45,e9071901120103c37dc6794b11c8de2c258d434b2200004b22000013ff4255544e401000005a172d575a172d57
493.543,45,e9071901120103c37dc6794b11c8de257c8d435a2200005a22000013ff4255544e405000005a172d575a172d57
493.652,45,e9071901120103c37dc6794b11c8de008a8d435c2200005c22000013ff4255544e401000005a172d575a172d57
494.698,45,e9071901120103c37dc6794b11c8deef0f8e43732200007322000013ff4255544e401200005a172d575a172d57
494.764,45,e9071901120103c37dc6794b11c8de49188e43742200007422000013ff4255544e401000005a172d575a172d57
494.835,45,e9071901120103c37dc6794b11c8decc208e43762200007622000013ff4255544e405000005a172d575a172d57
494.977,45,e9071901120103c37dc6794b11c8dea9328e437a2200007a22000013ff4255544e401000005a172d575a172d57
497.258,45,e9071901120103c37dc6794b11c8de23568f43a8220000a822000013ff4255544e405000005a172d575a172d57
497.381,45,e9071901120103c37dc6794b11c8dedf658f43ab220000ab22000013ff4255544e401000005a172d575a172d57
499.771,45,e9071901120103c37dc6794b11c8ded9949043dd220000dd22000013ff4255544e001000005a172d575a172d57
500.007,45,e9071901120103c37dc6794b11c8deceb39043e2220000e222000013ff4255544e401000005a172d575a172d57
501.433,45,e9071901120103c37dc6794b11c8de116b9143012300000123000013ff4255544e405000005a172d575a172d57
501.545,45,e9071901120103c37dc6794b11c8de3c799143032300000323000013ff4255544e401000005a172d575a172d57
503.967,45,e9071901120103c37dc6794b11c8de10b19243362300003623000013ff4255544e001000005a172d575a172d57
505.162,45,e9071901120103c37dc6794b11c8de5d4993434f2300004f23000013ff4255544e101000005a172d575a172d57
505.238,45,e9071901120103c37dc6794b11c8de20539343512300005123000013ff4255544e001000005a172d575a172d57
507.373,45,e9071901120103c37dc6794b11c8de33649443802300008023000013ff4255544e501000005a172d575a172d57
507.399,45,e9071901120103c37dc6794b11c8de8e679443812300008123000013ff4255544e401000005a172d575a172d57
507.723,45,e9071901120103c37dc6794b11c8de80919443882300008823000013ff5350545013874c9e43000008213aa843
507.993,45,e9071901120103c37dc6794b11c8de35b494438e2300008e23000013ff4255544e403800005a172d575a172d57
508.066,45,e9071901120103c37dc6794b11c8dea5bd94438f2300008f23000013ff4255544e402800005a172d575a172d57
508.114,45,e9071901120103c37dc6794b11c8dee9c39443902300009023000013ff4255544e400800005a172d575a172d57
508.211,45,e9071901120103c37dc6794b11c8de5bd09443922300009223000013ff4255544e402800005a172d575a172d57
508.332,45,e9071901120103c37dc6794b11c8ded6df9443952300009523000013ff4255544e400800005a172d575a172d57
508.43,45,e9071901120103c37dc6794b11c8de47ec9443982300009823000013ff4255544e402800005a172d575a172d57
508.527,45,e9071901120103c37dc6794b11c8dec4f894439a2300009a23000013ff4255544e400800005a172d575a172d57
508.65,45,e9071901120103c37dc6794b11c8de5a0895439c2300009c23000013ff4255544e402800005a172d575a172d57
508.724,45,e9071901120103c37dc6794b11c8dec31195439d2300009d23000013ff4255544e400800005a172d575a172d57
508.873,45,e9071901120103c37dc6794b11c8deb1249543a1230000a123000013ff4255544e402800005a172d575a172d57
509.003,45,e9071901120103c37dc6794b11c8dec8349543a4230000a423000013ff4255544e400800005a172d575a172d57
509.182,45,e9071901120103c37dc6794b11c8def04b9543a8230000a823000013ff4255544e402800005a172d575a172d57
509.232,45,e9071901120103c37dc6794b11c8de76529543a9230000a923000013ff4255544e502800005a172d575a172d57
509.281,45,e9071901120103c37dc6794b11c8deed589543aa230000aa23000013ff4255544e500800005a172d575a172d57
509.303,45,e9071901120103c37dc6794b11c8de1a5c9543aa230000aa23000013ff4255544e100800005a172d575a172d57
509.403,45,e9071901120103c37dc6794b11c8dea9689543ac230000ac23000013ff4255544e102800005a172d575a172d57
509.526,45,e9071901120103c37dc6794b11c8de71789543af230000af23000013ff4255544e100800005a172d575a172d57
509.978,45,e9071901120103c37dc6794b11c8debfb29543b9230000b923000013ff4255544e100000005a172d575a172d57
510.402,45,e9071901120103c37dc6794b11c8deede79543c1230000c123000013ff4255544e104000005a172d575a172d57
510.48,45,e9071901120103c37dc6794b11c8deddf19543c3230000c323000013ff4255544e100000005a172d575a172d57
510.688,45,e9071901120103c37dc6794b11c8de650c9643c7230000c723000013ff535054500c1fb19c43000008213aa843
511.243,45,e9071901120103c37dc6794b11c8dea7539643d3230000d323000013ff535054500a69e6a443000008213aa843
511.42,45,e9071901120103c37dc6794b11c8de5b6a9643d7230000d723000013ff4255544e101000005a172d575a172d57
511.447,45,e9071901120103c37dc6794b11c8de9e6d9643d8230000d823000013ff5350545001b873a543000008213aa843
511.471,45,e9071901120103c37dc6794b11c8dee8709643d8230000d823000013ff4255544e100000005a172d575a172d57
511.497,45,e9071901120103c37dc6794b11c8de2d749643d9230000d923000013ff4255544e101000005a172d575a172d57
511.803,45,e9071901120103c37dc6794b11c8de819b9643df230000df23000013ff4255544e501000005a172d575a172d57
511.828,45,e9071901120103c37dc6794b11c8dec29e9643e0230000e023000013ff4255544e500000005a172d575a172d57
511.878,45,e9071901120103c37dc6794b11c8de35a59643e1230000e123000013ff4255544e501000005a172d575a172d57
512.201,45,e9071901120103c37dc6794b11c8deafce9643e7230000e723000013ff4255544e401000005a172d575a172d57
512.354,45,e9071901120103c37dc6794b11c8dedce19643eb230000eb23000013ff535054500317aaa443000008213aa843
512.455,45,e9071901120103c37dc6794b11c8dee3ee9643ec230000ec23000013ff4255544e601000005a172d575a172d57
512.583,45,e9071901120103c37dc6794b11c8de42ff9643ef230000ef23000013ff5350545007bba4a543000008213aa843
512.754,45,e9071901120103c37dc6794b11c8debb159743f2230000f223000013ff4255544e201000005a172d575a172d57
512.803,45,e9071901120103c37dc6794b11c8de051c9743f3230000f323000013ff4255544e205000005a172d575a172d57
512.925,45,e9071901120103c37dc6794b11c8de8d2b9743f5230000f523000013ff4255544e201000005a172d575a172d57
513.933,45,e9071901120103c37dc6794b11c8deb8ac97430c2400000c24000013ff4255544e601000005a172d575a172d57
514.056,45,e9071901120103c37dc6794b11c8de46bc97430e2400000e24000013ff4255544e401000005a172d575a172d57
514.329,45,e9071901120103c37dc6794b11c8de0adf9743142400001424000013ff4255544e501000005a172d575a172d57
514.429,45,e9071901120103c37dc6794b11c8ded3eb9743162400001624000013ff4255544e401000005a172d575a172d57
514.578,45,e9071901120103c37dc6794b11c8def9fe9743192400001924000013ff4255544e501000005a172d575a172d57
514.627,45,e9071901120103c37dc6794b11c8de510598431a2400001a24000013ff4255544e101000005a172d575a172d57
514.921,45,e9071901120103c37dc6794b11c8de052b9843202400002024000013ff4255544e501000005a172d575a172d57
514.969,45,e9071901120103c37dc6794b11c8de4b319843212400002124000013ff4255544e401000005a172d575a172d57
515.068,45,e9071901120103c37dc6794b11c8ded43d9843232400002324000013ff4255544e501000005a172d575a172d57
515.217,45,e9071901120103c37dc6794b11c8deb5509843262400002624000013ff4255544e401000005a172d575a172d57
515.388,45,e9071901120103c37dc6794b11c8dece6698432b2400002b24000013ff4255544e501000005a172d575a172d57
515.633,45,e9071901120103c37dc6794b11c8de1c869843302400003024000013ff4255544e505000005a172d575a172d57
515.706,45,e9071901120103c37dc6794b11c8de848f9843322400003224000013ff5350545011c1fd9c43000008213aa843
515.754,45,e9071901120103c37dc6794b11c8debb959843322400003224000013ff4255544e501000005a172d575a172d57
515.875,45,e9071901120103c37dc6794b11c8de3da59843352400003524000013ff4255544e501200005a172d575a172d57
515.924,45,e9071901120103c37dc6794b11c8de73ab9843352400003524000013ff4255544e401200005a172d575a172d57
515.998,45,e9071901120103c37dc6794b11c8ded4b49843372400003724000013ff4255544e401000005a172d575a172d57
516.351,45,e9071901120103c37dc6794b11c8deace198433e2400003e24000013ff4255544e501000005a172d575a172d57
516.474,45,e9071901120103c37dc6794b11c8debff19843412400004124000013ff535054501251a4a343000008213aa843
516.719,45,e9071901120103c37dc6794b11c8de0b119943462400004624000013ff535054500f69cea243000008213aa843
516.743,45,e9071901120103c37dc6794b11c8de32149943462400004624000013ff4255544e505000005a172d575a172d57
516.871,45,e9071901120103c37dc6794b11c8de12249943492400004924000013ff4255544e501000005a172d575a172d57
516.898,45,e9071901120103c37dc6794b11c8de542799434a2400004a24000013ff4255544e401000005a172d575a172d57
517.192,45,e9071901120103c37dc6794b11c8de714c9943502400005024000013ff53505450087ce0a343000008213aa843
517.399,45,e9071901120103c37dc6794b11c8de79679943552400005524000013ff4255544e441000005a172d575a172d57
517.451,45,e9071901120103c37dc6794b11c8de1d6e9943562400005624000013ff4255544e401000005a172d575a172d57
517.528,45,e9071901120103c37dc6794b11c8de0f789943582400005824000013ff4255544e441000005a172d575a172d57
517.606,45,e9071901120103c37dc6794b11c8deff819943592400005924000013ff4255544e401000005a172d575a172d57
517.631,45,e9071901120103c37dc6794b11c8de4d8599435a2400005a24000013ff4255544e501000005a172d575a172d57
517.684,45,e9071901120103c37dc6794b11c8dee48b99435b2400005b24000013ff4255544e541000005a172d575a172d57
517.71,45,e9071901120103c37dc6794b11c8de368f99435c2400005c24000013ff5350545006b243a543000008213aa843
517.735,45,e9071901120103c37dc6794b11c8de899299435c2400005c24000013ff4255544e501000005a172d575a172d57
518.234,45,e9071901120103c37dc6794b11c8de06d19943672400006724000013ff4255544e401000005a172d575a172d57
518.29,45,e9071901120103c37dc6794b11c8de50d89943682400006824000013ff4255544e405000005a172d575a172d57
518.426,45,e9071901120103c37dc6794b11c8de41ea99436b2400006b24000013ff4255544e401000005a172d575a172d57
519.404,45,e9071901120103c37dc6794b11c8de9d669a43812400008124000013ff4255544e001000005a172d575a172d57
519.627,45,e9071901120103c37dc6794b11c8dec3839a43852400008524000013ff4255544e001200005a172d575a172d57
519.765,45,e9071901120103c37dc6794b11c8de7c959a43882400008824000013ff4255544e001000005a172d575a172d57
520.016,45,e9071901120103c37dc6794b11c8de58b59a438e2400008e24000013ff4255544e401000005a172d575a172d57
520.046,45,e9071901120103c37dc6794b11c8deefb89a438f2400008f24000013ff5350545010643d9c43000008213aa843
520.103,45,e9071901120103c37dc6794b11c8de26c09a43902400009024000013ff4255544e001000005a172d575a172d57
520.104,45,e9071901120103c37dc6794b11c8de26c09a43912400009124000013ff535054500d5f8d9943000008213aa843
521.004,45,e9071901120103c37dc6794b11c8de2c359b43a3240000a324000013ff4255544e005000005a172d575a172d57
521.156,45,e9071901120103c37dc6794b11c8dea4489b43a6240000a624000013ff4255544e001000005a172d575a172d57
522.476,45,e9071901120103c37dc6794b11c8de1ff19b43c1240000c124000013ff4255544e041000005a172d575a172d57
522.477,45,e9071901120103c37dc6794b11c8de1ff19b43c2240000c224000013ff535054500972e19c43000008213aa843
522.529,45,e9071901120103c37dc6794b11c8dee1f79b43c3240000c324000013ff4255544e001000005a172d575a172d57
522.555,45,e9071901120103c37dc6794b11c8de43fb9b43c3240000c324000013ff4255544e041000005a172d575a172d57
522.608,45,e9071901120103c37dc6794b11c8de00029c43c4240000c424000013ff4255544e001000005a172d575a172d57
522.714,45,e9071901120103c37dc6794b11c8de7e0f9c43c6240000c624000013ff4255544e041000005a172d575a172d57
522.767,45,e9071901120103c37dc6794b11c8de41169c43c7240000c724000013ff4255544e001000005a172d575a172d57
522.849,45,e9071901120103c37dc6794b11c8de7d209c43c9240000c924000013ff4255544e041000005a172d575a172d57
522.905,45,e9071901120103c37dc6794b11c8de6b279c43cb240000cb24000013ff4255544e001000005a172d575a172d57
523.105,45,e9071901120103c37dc6794b11c8de51409c43d0240000d024000013ff535054500e2158a543000008213aa843
523.277,45,e9071901120103c37dc6794b11c8de46569c43d3240000d324000013ff4f56544b0d1000009b16ec3cd3829d3f
523.497,45,e9071901120103c37dc6794b11c8de26739c43d7240000d724000013ff535054500b6ad9a543000008213aa843
523.742,45,e9071901120103c37dc6794b11c8de7f929c43dc240000dc24000013ff4255544e041000005a172d575a172d57
523.798,45,e9071901120103c37dc6794b11c8de89999c43dd240000dd24000013ff4255544e001000005a172d575a172d57
523.855,45,e9071901120103c37dc6794b11c8de9fa09c43df240000df24000013ff5350545002bcc6a443000008213aa843
523.882,45,e9071901120103c37dc6794b11c8de2fa49c43df240000df24000013ff4255544e041000005a172d575a172d57
523.939,45,e9071901120103c37dc6794b11c8de63ab9c43e0240000e024000013ff4255544e001000005a172d575a172d57
524.024,45,e9071901120103c37dc6794b11c8de38b69c43e1240000e124000013ff4255544e041000005a172d575a172d57
524.107,45,e9071901120103c37dc6794b11c8de0ec19c43e3240000e324000013ff4255544e001000005a172d575a172d57
524.218,45,e9071901120103c37dc6794b11c8de54cf9c43e6240000e624000013ff53505450045a54a343000008213aa843
524.598,45,e9071901120103c37dc6794b11c8de66ff9c43ee240000ee24000013ff4255544e441000005a172d575a172d57
524.683,45,e9071901120103c37dc6794b11c8de8b0a9d43f0240000f024000013ff4255544e001000005a172d575a172d57
524.741,45,e9071901120103c37dc6794b11c8ded3119d43f1240000f124000013ff53505450059324a343000008213aa843
524.9,45,e9071901120103c37dc6794b11c8de44279d43f5240000f524000013ff4255544e401000005a172d575a172d57
525.004,45,e9071901120103c37dc6794b11c8dece349d43f8240000f824000013ff4f56544b100d0000e878d53c1daf9a3f
525.153,45,e9071901120103c37dc6794b11c8de57489d43fa240000fa24000013ff4255544e401800005a172d575a172d57
525.179,45,e9071901120103c37dc6794b11c8de914b9d43fb240000fb24000013ff4255544e403800005a172d575a172d57
525.283,45,e9071901120103c37dc6794b11c8de94589d43fd240000fd24000013ff4255544e400800005a172d575a172d57
525.391,45,e9071901120103c37dc6794b11c8de06669d43002500000025000013ff4255544e402800005a172d575a172d57
525.496,45,e9071901120103c37dc6794b11c8deba739d43022500000225000013ff4255544e400800005a172d575a172d57
525.547,45,e9071901120103c37dc6794b11c8de7c7a9d43032500000325000013ff4f56544b0d1000002f34d73c85e69a3f
525.596,45,e9071901120103c37dc6794b11c8de14819d43042500000425000013ff4255544e402800005a172d575a172d57
525.717,45,e9071901120103c37dc6794b11c8de00919d43062500000625000013ff4255544e400800005a172d575a172d57
525.718,45,e9071901120103c37dc6794b11c8de00919d43072500000725000013ff53505450001210a443000008213aa843
525.838,45,e9071901120103c37dc6794b11c8de83a09d43092500000925000013ff4255544e402800005a172d575a172d57
525.911,45,e9071901120103c37dc6794b11c8ded3a99d430b2500000b25000013ff4255544e400800005a172d575a172d57
525.959,45,e9071901120103c37dc6794b11c8de04b09d430c2500000c25000013ff4255544e500800005a172d575a172d57
526.032,45,e9071901120103c37dc6794b11c8de50b99d430e2500000e25000013ff4255544e102800005a172d575a172d57
526.13,45,e9071901120103c37dc6794b11c8dec4c59d43102500001025000013ff4255544e100800005a172d575a172d57
526.154,45,e9071901120103c37dc6794b11c8dee2c89d43102500001025000013ff4255544e500800005a172d575a172d57
526.299,45,e9071901120103c37dc6794b11c8de92db9d43132500001325000013ff4255544e502800005a172d575a172d57
526.421,45,e9071901120103c37dc6794b11c8de11eb9d43162500001625000013ff4255544e500800005a172d575a172d57
526.445,45,e9071901120103c37dc6794b11c8de2cee9d43172500001725000013ff4255544e100800005a172d575a172d57
526.641,45,e9071901120103c37dc6794b11c8de1f079e431b2500001b25000013ff4255544e100000005a172d575a172d57
526.902,45,e9071901120103c37dc6794b11c8de73279e43222500002225000013ff4f56544b100d0000bbfed23cd75f9a3f
526.953,45,e9071901120103c37dc6794b11c8de2c2e9e43222500002225000013ff4255544e104000005a172d575a172d57
527.084,45,e9071901120103c37dc6794b11c8def23e9e43252500002525000013ff4255544e100000005a172d575a172d57
527.744,45,e9071901120103c37dc6794b11c8de0a949e43332500003325000013ff4255544e101000005a172d575a172d57
528.122,45,e9071901120103c37dc6794b11c8de68c49e433b2500003b25000013ff4255544e501000005a172d575a172d57
528.589,45,e9071901120103c37dc6794b11c8de82ff9e43452500004525000013ff4255544e401000005a172d575a172d57
528.778,45,e9071901120103c37dc6794b11c8de6e179f43492500004925000013ff4255544e501000005a172d575a172d57
528.832,45,e9071901120103c37dc6794b11c8de561e9f434a2500004a25000013ff4255544e401000005a172d575a172d57
528.859,45,e9071901120103c37dc6794b11c8decd219f434b2500004b25000013ff4255544e001000005a172d575a172d57
529.018,45,e9071901120103c37dc6794b11c8de73369f434e2500004e25000013ff4255544e101000005a172d575a172d57
529.071,45,e9071901120103c37dc6794b11c8de3e3d9f434f2500004f25000013ff4255544e501000005a172d575a172d57
529.149,45,e9071901120103c37dc6794b11c8de56479f43512500005125000013ff4255544e401000005a172d575a172d57
529.303,45,e9071901120103c37dc6794b11c8de425b9f43542500005425000013ff4255544e405000005a172d575a172d57
529.356,45,e9071901120103c37dc6794b11c8ded4619f43552500005525000013ff4255544e405200005a172d575a172d57
529.434,45,e9071901120103c37dc6794b11c8ded06b9f43572500005725000013ff4255544e401000005a172d575a172d57
530.026,45,e9071901120103c37dc6794b11c8de33b89f43632500006325000013ff4255544e441000005a172d575a172d57
530.124,45,e9071901120103c37dc6794b11c8dee3c49f43642500006425000013ff4255544e401000005a172d575a172d57
530.221,45,e9071901120103c37dc6794b11c8de74d19f43662500006625000013ff4255544e501000005a172d575a172d57
530.391,45,e9071901120103c37dc6794b11c8de43e79f436b2500006b25000013ff4255544e401000005a172d575a172d57
530.561,45,e9071901120103c37dc6794b11c8deebfc9f436e2500006e25000013ff4255544e501000005a172d575a172d57
530.659,45,e9071901120103c37dc6794b11c8de6809a043702500007025000013ff4255544e505000005a172d575a172d57
530.788,45,e9071901120103c37dc6794b11c8de4619a043732500007325000013ff4255544e501000005a172d575a172d57
530.89,45,e9071901120103c37dc6794b11c8de5d26a043762500007625000013ff4255544e401000005a172d575a172d57
532.182,45,e9071901120103c37dc6794b11c8de69cca043912500009125000013ff4255544e405000005a172d575a172d57
532.254,45,e9071901120103c37dc6794b11c8deccd5a043922500009225000013ff4255544e405200005a172d575a172d57
532.302,45,e9071901120103c37dc6794b11c8de01dca043932500009325000013ff4255544e401200005a172d575a172d57
532.35,45,e9071901120103c37dc6794b11c8de28e2a043942500009425000013ff4255544e501000005a172d575a172d57
532.422,45,e9071901120103c37dc6794b11c8de5ceba043952500009525000013ff4255544e401000005a172d575a172d57
532.951,45,e9071901120103c37dc6794b11c8de552ea143a1250000a125000013ff4255544e001000005a172d575a172d57
533.181,45,e9071901120103c37dc6794b11c8deef4ba143a6250000a625000013ff4255544e401000005a172d575a172d57
533.393,45,e9071901120103c37dc6794b11c8dece67a143ab250000ab25000013ff4255544e001000005a172d575a172d57
533.604,45,e9071901120103c37dc6794b11c8dee382a143af250000af25000013ff4255544e401000005a172d575a172d57
533.861,45,e9071901120103c37dc6794b11c8dedfa3a143b5250000b525000013ff4255544e001000005a172d575a172d57
534.051,45,e9071901120103c37dc6794b11c8dedfbba143b9250000b925000013ff4255544e401000005a172d575a172d57
535.57,45,e9071901120103c37dc6794b11c8de1c7fa243da250000da25000013ff4255544e601000005a172d575a172d57
535.661,45,e9071901120103c37dc6794b11c8de9a8aa243dc250000dc25000013ff4255544e201000005a172d575a172d57
535.684,45,e9071901120103c37dc6794b11c8de7d8da243dd250000dd25000013ff4255544e201800005a172d575a172d57
535.706,45,e9071901120103c37dc6794b11c8de6190a243dd250000dd25000013ff4255544e203800005a172d575a172d57
535.799,45,e9071901120103c37dc6794b11c8de0e9ca243df250000df25000013ff4255544e200800005a172d575a172d57
535.871,45,e9071901120103c37dc6794b11c8def2a4a243e1250000e125000013ff4255544e202800005a172d575a172d57
535.992,45,e9071901120103c37dc6794b11c8de23b4a243e4250000e425000013ff4255544e200800005a172d575a172d57
536.329,45,e9071901120103c37dc6794b11c8de9cdfa243eb250000eb25000013ff4255544e200000005a172d575a172d57
537.04,45,e9071901120103c37dc6794b11c8de253aa343fa250000fa25000013ff4255544e201000005a172d575a172d57
537.709,45,e9071901120103c37dc6794b11c8de8290a343082600000826000013ff4255544e601000005a172d575a172d57
539.025,45,e9071901120103c37dc6794b11c8de8b38a443262600002626000013ff4255544e401000005a172d575a172d57
539.436,45,e9071901120103c37dc6794b11c8de336da4432f2600002f26000013ff4255544e601000005a172d575a172d57
539.772,45,e9071901120103c37dc6794b11c8def997a443352600003526000013ff4255544e401000005a172d575a172d57
540.046,45,e9071901120103c37dc6794b11c8de91baa4433c2600003c26000013ff4255544e405000005a172d575a172d57
540.172,45,e9071901120103c37dc6794b11c8deb0caa4433e2600003e26000013ff4255544e401000005a172d575a172d57
540.393,45,e9071901120103c37dc6794b11c8de7fe7a443442600004426000013ff4255544e403800005a172d575a172d57
540.49,45,e9071901120103c37dc6794b11c8defbf3a443462600004626000013ff4255544e402800005a172d575a172d57
540.515,45,e9071901120103c37dc6794b11c8de14f7a443462600004626000013ff4255544e400800005a172d575a172d57
540.611,45,e9071901120103c37dc6794b11c8de6e03a543482600004826000013ff4255544e402800005a172d575a172d57
540.683,45,e9071901120103c37dc6794b11c8deb20ca5434a2600004a26000013ff4255544e400800005a172d575a172d57
540.803,45,e9071901120103c37dc6794b11c8de101ca5434c2600004c26000013ff4255544e402800005a172d575a172d57
540.902,45,e9071901120103c37dc6794b11c8de7828a5434e2600004e26000013ff4255544e400800005a172d575a172d57
541.002,45,e9071901120103c37dc6794b11c8de1635a543502600005026000013ff4255544e402800005a172d575a172d57
541.104,45,e9071901120103c37dc6794b11c8def041a543522600005226000013ff4255544e400800005a172d575a172d57
541.255,45,e9071901120103c37dc6794b11c8de6355a543552600005526000013ff4255544e600800005a172d575a172d57
541.28,45,e9071901120103c37dc6794b11c8de9c58a543562600005626000013ff4255544e602800005a172d575a172d57
541.351,45,e9071901120103c37dc6794b11c8de2362a543572600005726000013ff4255544e202800005a172d575a172d57
541.399,45,e9071901120103c37dc6794b11c8de5e68a543582600005826000013ff4255544e200800005a172d575a172d57
542.2,45,e9071901120103c37dc6794b11c8deb6cfa543692600006926000013ff4255544e200000005a172d575a172d57
542.631,45,e9071901120103c37dc6794b11c8de9c05a643732600007326000013ff4255544e204000005a172d575a172d57
542.751,45,e9071901120103c37dc6794b11c8de6115a643752600007526000013ff4255544e200000005a172d575a172d57
542.843,45,e9071901120103c37dc6794b11c8de9d21a643772600007726000013ff4255544e201000005a172d575a172d57
543.562,45,e9071901120103c37dc6794b11c8de937da643872600008726000013ff4255544e601000005a172d575a172d57
544.399,45,e9071901120103c37dc6794b11c8de0de9a643992600009926000013ff4255544e401000005a172d575a172d57
544.514,45,e9071901120103c37dc6794b11c8dea4f7a6439b2600009b26000013ff4255544e501000005a172d575a172d57
544.56,45,e9071901120103c37dc6794b11c8de7cfda6439c2600009c26000013ff4255544e101000005a172d575a172d57
544.724,45,e9071901120103c37dc6794b11c8de4c12a743a0260000a026000013ff4255544e501000005a172d575a172d57
545.027,45,e9071901120103c37dc6794b11c8de0f39a743a7260000a726000013ff4255544e101000005a172d575a172d57
545.237,45,e9071901120103c37dc6794b11c8defa53a743ab260000ab26000013ff4255544e100000005a172d575a172d57
545.379,45,e9071901120103c37dc6794b11c8de0366a743ae260000ae26000013ff4255544e100800005a172d575a172d57
545.403,45,e9071901120103c37dc6794b11c8de0669a743ae260000ae26000013ff4255544e102800005a172d575a172d57
545.57,45,e9071901120103c37dc6794b11c8de487ea743b1260000b126000013ff4255544e100800005a172d575a172d57
545.642,45,e9071901120103c37dc6794b11c8de7f87a743b3260000b326000013ff4255544e100000005a172d575a172d57
546.527,45,e9071901120103c37dc6794b11c8decef8a743c6260000c626000013ff4255544e101000005a172d575a172d57
547.114,45,e9071901120103c37dc6794b11c8de7744a843d2260000d226000013ff4255544e105000005a172d575a172d57
547.232,45,e9071901120103c37dc6794b11c8de2753a843d5260000d526000013ff4255544e101000005a172d575a172d57
547.571,45,e9071901120103c37dc6794b11c8de877ea843db260000db26000013ff4255544e501000005a172d575a172d57
548.491,45,e9071901120103c37dc6794b11c8de18f4a843f1260000f126000013ff4255544e401000005a172d575a172d57
549.058,45,e9071901120103c37dc6794b11c8de0a3da943fd260000fd26000013ff4255544e001000005a172d575a172d57
549.204,45,e9071901120103c37dc6794b11c8de354fa943002700000027000013ff4255544e005000005a172d575a172d57
549.256,45,e9071901120103c37dc6794b11c8de7155a943012700000127000013ff4255544e405000005a172d575a172d57
549.334,45,e9071901120103c37dc6794b11c8de105fa943032700000327000013ff4255544e401000005a172d575a172d57
549.647,45,e9071901120103c37dc6794b11c8de2487a9430a2700000a27000013ff4255544e401400005a172d575a172d57
549.748,45,e9071901120103c37dc6794b11c8de6b94a9430c2700000c27000013ff4255544e401000005a172d575a172d57
550.344,45,e9071901120103c37dc6794b11c8de6be0a943192700001927000013ff4255544e405000005a172d575a172d57
550.449,45,e9071901120103c37dc6794b11c8deaceda9431c2700001c27000013ff4255544e605000005a172d575a172d57
550.476,45,e9071901120103c37dc6794b11c8de05f1a9431c2700001c27000013ff4255544e601000005a172d575a172d57
550.711,45,e9071901120103c37dc6794b11c8de4d0faa43212700002127000013ff4255544e401000005a172d575a172d57
551.092,45,e9071901120103c37dc6794b11c8de8c40aa432a2700002a27000013ff4255544e601000005a172d575a172d57
551.169,45,e9071901120103c37dc6794b11c8de354aaa432b2700002b27000013ff4255544e601800005a172d575a172d57
551.195,45,e9071901120103c37dc6794b11c8de704daa432c2700002c27000013ff4255544e603800005a172d575a172d57
551.248,45,e9071901120103c37dc6794b11c8defe53aa432d2700002d27000013ff4255544e403800005a172d575a172d57
551.276,45,e9071901120103c37dc6794b11c8de4d57aa432d2700002d27000013ff4255544e402800005a172d575a172d57
551.303,45,e9071901120103c37dc6794b11c8deb35aaa432e2700002e27000013ff4255544e400800005a172d575a172d57
551.386,45,e9071901120103c37dc6794b11c8def764aa43302700003027000013ff4255544e402800005a172d575a172d57
551.524,45,e9071901120103c37dc6794b11c8de9f76aa43322700003227000013ff4255544e400800005a172d575a172d57
551.632,45,e9071901120103c37dc6794b11c8dec584aa43352700003527000013ff4255544e402800005a172d575a172d57
551.737,45,e9071901120103c37dc6794b11c8de7b92aa43372700003727000013ff4255544e400800005a172d575a172d57
551.764,45,e9071901120103c37dc6794b11c8dedc95aa43372700003727000013ff4255544e600800005a172d575a172d57
551.79,45,e9071901120103c37dc6794b11c8de3f99aa43382700003827000013ff4255544e200800005a172d575a172d57
551.844,45,e9071901120103c37dc6794b11c8de02a0aa43392700003927000013ff4255544e202800005a172d575a172d57
551.991,45,e9071901120103c37dc6794b11c8de6fb1aa433d2700003d27000013ff4255544e200800005a172d575a172d57
552.728,45,e9071901120103c37dc6794b11c8de6011ab434d2700004d27000013ff4255544e200000005a172d575a172d57
553.335,45,e9071901120103c37dc6794b11c8de7660ab435a2700005a27000013ff4255544e204000005a172d575a172d57
553.473,45,e9071901120103c37dc6794b11c8de6772ab435e2700005e27000013ff4255544e200000005a172d575a172d57
554.277,45,e9071901120103c37dc6794b11c8dec4d9ab436f2700006f27000013ff4255544e601000005a172d575a172d57
554.923,45,e9071901120103c37dc6794b11c8de082cac437c2700007c27000013ff4255544e401000005a172d575a172d57
555.26,45,e9071901120103c37dc6794b11c8de3457ac43832700008327000013ff4255544e601000005a172d575a172d57
555.584,45,e9071901120103c37dc6794b11c8de6580ac438a2700008a27000013ff4255544e401000005a172d575a172d57
555.944,45,e9071901120103c37dc6794b11c8de29aeac43922700009227000013ff4255544e005000005a172d575a172d57
556.063,45,e9071901120103c37dc6794b11c8de65bdac43942700009427000013ff4255544e001000005a172d575a172d57
556.133,45,e9071901120103c37dc6794b11c8de8ac6ac43962700009627000013ff4255544e501000005a172d575a172d57
556.156,45,e9071901120103c37dc6794b11c8de8dc9ac43962700009627000013ff4255544e401000005a172d575a172d57
557.103,45,e9071901120103c37dc6794b11c8de9e42ad43ab270000ab27000013ff4255544e501000005a172d575a172d57
557.362,45,e9071901120103c37dc6794b11c8ded063ad43b1270000b127000013ff4255544e401000005a172d575a172d57
557.455,45,e9071901120103c37dc6794b11c8dedb6fad43b3270000b327000013ff4255544e405000005a172d575a172d57
557.572,45,e9071901120103c37dc6794b11c8dedc7ead43b5270000b527000013ff4255544e401000005a172d575a172d57
557.665,45,e9071901120103c37dc6794b11c8deca8aad43b7270000b727000013ff4255544e501000005a172d575a172d57
559.707,45,e9071901120103c37dc6794b11c8deac90ae43e1270000e127000013ff4255544e505000005a172d575a172d57
559.842,45,e9071901120103c37dc6794b11c8ded3a1ae43e4270000e427000013ff4255544e501000005a172d575a172d57
559.912,45,e9071901120103c37dc6794b11c8de83aaae43e6270000e627000013ff4255544e401000005a172d575a172d57
560.398,45,e9071901120103c37dc6794b11c8de50e9ae43f1270000f127000013ff4255544e501000005a172d575a172d57
560.699,45,e9071901120103c37dc6794b11c8de1b10af43f7270000f727000013ff4255544e401000005a172d575a172d57
561.017,45,e9071901120103c37dc6794b11c8ded538af43fe270000fe27000013ff4255544e001000005a172d575a172d57
561.204,45,e9071901120103c37dc6794b11c8de1751af43022800000228000013ff4255544e401000005a172d575a172d57
561.881,45,e9071901120103c37dc6794b11c8de95a7af43122800001228000013ff4255544e403800005a172d575a172d57
561.984,45,e9071901120103c37dc6794b11c8dedcb4af43142800001428000013ff4255544e402800005a172d575a172d57
562.005,45,e9071901120103c37dc6794b11c8de7fb7af43142800001428000013ff4255544e400800005a172d575a172d57
562.086,45,e9071901120103c37dc6794b11c8de06c2af43162800001628000013ff4255544e402800005a172d575a172d57
562.188,45,e9071901120103c37dc6794b11c8de1bcfaf43182800001828000013ff4255544e400800005a172d575a172d57
562.291,45,e9071901120103c37dc6794b11c8de46dcaf431a2800001a28000013ff4255544e402800005a172d575a172d57
562.419,45,e9071901120103c37dc6794b11c8de28ecaf431d2800001d28000013ff4255544e400800005a172d575a172d57
562.485,45,e9071901120103c37dc6794b11c8de67f4af431f2800001f28000013ff4255544e500800005a172d575a172d57
562.553,45,e9071901120103c37dc6794b11c8deddfcaf43202800002028000013ff4255544e400800005a172d575a172d57
562.576,45,e9071901120103c37dc6794b11c8deb8ffaf43212800002128000013ff4255544e402800005a172d575a172d57
562.667,45,e9071901120103c37dc6794b11c8de4e0bb043222800002228000013ff4255544e400800005a172d575a172d57
562.713,45,e9071901120103c37dc6794b11c8de2111b043232800002328000013ff4255544e500800005a172d575a172d57
562.78,45,e9071901120103c37dc6794b11c8decd19b043252800002528000013ff4255544e502800005a172d575a172d57
562.802,45,e9071901120103c37dc6794b11c8deac1cb043252800002528000013ff4255544e102800005a172d575a172d57
562.91,45,e9071901120103c37dc6794b11c8ded22ab043282800002828000013ff4255544e100800005a172d575a172d57
563.652,45,e9071901120103c37dc6794b11c8de3189b043372800003728000013ff4255544e100000005a172d575a172d57
563.785,45,e9071901120103c37dc6794b11c8deb39ab0433a2800003a28000013ff4255544e104000005a172d575a172d57
563.894,45,e9071901120103c37dc6794b11c8dec7a8b0433d2800003d28000013ff4255544e100000005a172d575a172d57
564.202,45,e9071901120103c37dc6794b11c8dec7cfb043432800004328000013ff4255544e101000005a172d575a172d57
564.317,45,e9071901120103c37dc6794b11c8de48deb043452800004528000013ff4255544e501000005a172d575a172d57
565.192,45,e9071901120103c37dc6794b11c8def04eb143592800005928000013ff4255544e401000005a172d575a172d57
565.301,45,e9071901120103c37dc6794b11c8ded35cb1435b2800005b28000013ff4255544e405000005a172d575a172d57
565.391,45,e9071901120103c37dc6794b11c8de1568b1435e2800005e28000013ff4255544e401000005a172d575a172d57
566.18,45,e9071901120103c37dc6794b11c8dedfcdb1436f2800006f28000013ff4255544e001000005a172d575a172d57
566.333,45,e9071901120103c37dc6794b11c8ded2e0b143722800007228000013ff4255544e101000005a172d575a172d57
566.356,45,e9071901120103c37dc6794b11c8dea3e3b143732800007328000013ff4255544e501000005a172d575a172d57
566.468,45,e9071901120103c37dc6794b11c8dee2f1b143752800007528000013ff4255544e401000005a172d575a172d57
566.668,45,e9071901120103c37dc6794b11c8deb10bb243792800007928000013ff4255544e401200005a172d575a172d57
566.755,45,e9071901120103c37dc6794b11c8de0417b2437b2800007b28000013ff4255544e401000005a172d575a172d57
566.995,45,e9071901120103c37dc6794b11c8de8b35b243812800008128000013ff4255544e405000005a172d575a172d57
567.129,45,e9071901120103c37dc6794b11c8de9b46b243842800008428000013ff4255544e401000005a172d575a172d57
568.474,45,e9071901120103c37dc6794b11c8de26f2b243a2280000a228000013ff4255544e405000005a172d575a172d57
568.612,45,e9071901120103c37dc6794b11c8de3604b343a4280000a428000013ff4255544e401000005a172d575a172d57
570.055,45,e9071901120103c37dc6794b11c8de72bbb343c2280000c228000013ff4255544e405000005a172d575a172d57
570.185,45,e9071901120103c37dc6794b11c8dee4cbb343c5280000c528000013ff4255544e401000005a172d575a172d57
570.439,45,e9071901120103c37dc6794b11c8dee9ecb343cb280000cb28000013ff4255544e401200005a172d575a172d57
570.563,45,e9071901120103c37dc6794b11c8defafcb343cd280000cd28000013ff4255544e401000005a172d575a172d57
573.034,45,e9071901120103c37dc6794b11c8ded735b543032900000329000013ff4255544e001000005a172d575a172d57
573.303,45,e9071901120103c37dc6794b11c8de1859b543082900000829000013ff4255544e401000005a172d575a172d57
573.581,45,e9071901120103c37dc6794b11c8de997db5430e2900000e29000013ff4255544e405000005a172d575a172d57
573.691,45,e9071901120103c37dc6794b11c8debe8bb543102900001029000013ff4255544e401000005a172d575a172d57
577.608,45,e9071901120103c37dc6794b11c8dee081b743622900006229000013ff4255544e001000005a172d575a172d57
577.846,45,e9071901120103c37dc6794b11c8de12a0b743672900006729000013ff4255544e101000005a172d575a172d57
577.927,45,e9071901120103c37dc6794b11c8de52aab7436a2900006a29000013ff4255544e001000005a172d575a172d57
578.214,45,e9071901120103c37dc6794b11c8deaacfb7436f2900006f29000013ff4255544e401000005a172d575a172d57
578.265,45,e9071901120103c37dc6794b11c8de3ed6b743702900007029000013ff4255544e001000005a172d575a172d57
580.074,45,e9071901120103c37dc6794b11c8dea2bbb843972900009729000013ff4255544e201000005a172d575a172d57
580.191,45,e9071901120103c37dc6794b11c8deeccab8439a2900009a29000013ff4255544e001000005a172d575a172d57
580.495,45,e9071901120103c37dc6794b11c8dee2f2b843a0290000a029000013ff4255544e101000005a172d575a172d57
580.575,45,e9071901120103c37dc6794b11c8de4dfdb843a1290000a129000013ff4255544e001000005a172d575a172d57
580.832,45,e9071901120103c37dc6794b11c8de051fb943a7290000a729000013ff4255544e101000005a172d575a172d57
580.858,45,e9071901120103c37dc6794b11c8de4922b943a8290000a829000013ff4255544e501000005a172d575a172d57
580.883,45,e9071901120103c37dc6794b11c8de8f25b943a9290000a929000013ff4255544e401000005a172d575a172d57
581.006,45,e9071901120103c37dc6794b11c8dea635b943ab290000ab29000013ff4255544e001000005a172d575a172d57
581.08,45,e9071901120103c37dc6794b11c8de1d3fb943ad290000ad29000013ff53505450138cf99d43000008213aa843
581.177,45,e9071901120103c37dc6794b11c8de974bb943af290000af29000013ff4255544e401000005a172d575a172d57
581.372,45,e9071901120103c37dc6794b11c8de8c64b943b3290000b329000013ff4255544e401800005a172d575a172d57
581.395,45,e9071901120103c37dc6794b11c8dea467b943b4290000b429000013ff4255544e403800005a172d575a172d57
581.494,45,e9071901120103c37dc6794b11c8de1c74b943b6290000b629000013ff4255544e400800005a172d575a172d57
581.593,45,e9071901120103c37dc6794b11c8dea780b943b8290000b829000013ff4255544e402800005a172d575a172d57
581.717,45,e9071901120103c37dc6794b11c8de8890b943ba290000ba29000013ff4255544e400800005a172d575a172d57
581.816,45,e9071901120103c37dc6794b11c8de469db943bc290000bc29000013ff4255544e402800005a172d575a172d57
581.943,45,e9071901120103c37dc6794b11c8de4aadb943c0290000c029000013ff4255544e400800005a172d575a172d57
582.04,45,e9071901120103c37dc6794b11c8de1ebab943c2290000c229000013ff4255544e402800005a172d575a172d57
582.139,45,e9071901120103c37dc6794b11c8de9fc6b943c4290000c429000013ff4255544e400800005a172d575a172d57
582.237,45,e9071901120103c37dc6794b11c8de1fd3b943c6290000c629000013ff4255544e402800005a172d575a172d57
582.339,45,e9071901120103c37dc6794b11c8dedadfb943c8290000c829000013ff4255544e400800005a172d575a172d57
582.472,45,e9071901120103c37dc6794b11c8de4ff0b943cb290000cb29000013ff4255544e402800005a172d575a172d57
582.498,45,e9071901120103c37dc6794b11c8deacf3b943cc290000cc29000013ff4255544e502800005a172d575a172d57
582.574,45,e9071901120103c37dc6794b11c8debffdb943cd290000cd29000013ff4255544e500800005a172d575a172d57
582.7,45,e9071901120103c37dc6794b11c8de2f0eba43d0290000d029000013ff4255544e502800005a172d575a172d57
582.749,45,e9071901120103c37dc6794b11c8deab14ba43d1290000d129000013ff4255544e102800005a172d575a172d57
582.823,45,e9071901120103c37dc6794b11c8de271eba43d2290000d229000013ff4255544e100800005a172d575a172d57
583.184,45,e9071901120103c37dc6794b11c8deb14cba43db290000db29000013ff4255544e102800005a172d575a172d57
583.304,45,e9071901120103c37dc6794b11c8deff5bba43dd290000dd29000013ff4255544e100800005a172d575a172d57
583.575,45,e9071901120103c37dc6794b11c8de457eba43e3290000e329000013ff4255544e100000005a172d575a172d57
583.957,45,e9071901120103c37dc6794b11c8deacaeba43ec290000ec29000013ff535054500c1e509643000008213aa843
584.085,45,e9071901120103c37dc6794b11c8de08bfba43ee290000ee29000013ff4255544e104000005a172d575a172d57
584.164,45,e9071901120103c37dc6794b11c8def1c8ba43f0290000f029000013ff535054500a70ce9a43000008213aa843
584.241,45,e9071901120103c37dc6794b11c8deeed2ba43f1290000f129000013ff4255544e100000005a172d575a172d57
584.266,45,e9071901120103c37dc6794b11c8de43d6ba43f1290000f129000013ff4255544e500000005a172d575a172d57
584.522,45,e9071901120103c37dc6794b11c8de48f7ba43f7290000f729000013ff4255544e501000005a172d575a172d57
584.573,45,e9071901120103c37dc6794b11c8decdfdba43f8290000f829000013ff4255544e101000005a172d575a172d57
584.674,45,e9071901120103c37dc6794b11c8deb60abb43fa290000fa29000013ff4255544e501000005a172d575a172d57
584.748,45,e9071901120103c37dc6794b11c8de6014bb43fc290000fc29000013ff4255544e500000005a172d575a172d57
584.773,45,e9071901120103c37dc6794b11c8de9717bb43fc290000fc29000013ff4255544e501000005a172d575a172d57
585.048,45,e9071901120103c37dc6794b11c8de903abb43032a0000032a000013ff53505450010ebca443000008213aa843
585.125,45,e9071901120103c37dc6794b11c8de3e44bb43042a0000042a000013ff4255544e401000005a172d575a172d57
585.204,45,e9071901120103c37dc6794b11c8de244ebb43062a0000062a000013ff4255544e501000005a172d575a172d57
585.258,45,e9071901120103c37dc6794b11c8dedd54bb43072a0000072a000013ff4255544e401000005a172d575a172d57
585.865,45,e9071901120103c37dc6794b11c8de59a3bb43162a0000162a000013ff5350545003f559a243000008213aa843
585.936,45,e9071901120103c37dc6794b11c8debdacbb43172a0000172a000013ff4255544e601000005a172d575a172d57
586.059,45,e9071901120103c37dc6794b11c8de66bcbb43192a0000192a000013ff4255544e605000005a172d575a172d57
586.06,45,e9071901120103c37dc6794b11c8de66bcbb431a2a00001a2a000013ff5350545007c2b1a143000008213aa843
586.158,45,e9071901120103c37dc6794b11c8def8c8bb431b2a00001b2a000013ff4255544e601000005a172d575a172d57
586.435,45,e9071901120103c37dc6794b11c8de36ecbb43222a0000222a000013ff4255544e201000005a172d575a172d57
586.607,45,e9071901120103c37dc6794b11c8de9a02bc43252a0000252a000013ff4255544e601000005a172d575a172d57
587.522,45,e9071901120103c37dc6794b11c8de3e77bc43392a0000392a000013ff4255544e401000005a172d575a172d57
587.569,45,e9071901120103c37dc6794b11c8deb17dbc433a2a00003a2a000013ff4255544e001000005a172d575a172d57
587.74,45,e9071901120103c37dc6794b11c8de8393bc433e2a00003e2a000013ff4255544e101000005a172d575a172d57
587.763,45,e9071901120103c37dc6794b11c8dea696bc433e2a00003e2a000013ff4255544e105000005a172d575a172d57
587.884,45,e9071901120103c37dc6794b11c8de37a6bc43422a0000422a000013ff4255544e501000005a172d575a172d57
587.909,45,e9071901120103c37dc6794b11c8de50a9bc43422a0000422a000013ff4255544e001000005a172d575a172d57
588.08,45,e9071901120103c37dc6794b11c8de11bfbc43462a0000462a000013ff4255544e401000005a172d575a172d57
588.326,45,e9071901120103c37dc6794b11c8de87debc434b2a00004b2a000013ff4255544e501000005a172d575a172d57
589.05,45,e9071901120103c37dc6794b11c8de403bbd43592a0000592a000013ff4255544e505000005a172d575a172d57
589.075,45,e9071901120103c37dc6794b11c8de643ebd43592a0000592a000013ff4255544e505200005a172d575a172d57
589.149,45,e9071901120103c37dc6794b11c8ded347bd435b2a00005b2a000013ff4255544e505000005a172d575a172d57
589.174,45,e9071901120103c37dc6794b11c8def94abd435b2a00005b2a000013ff4255544e501000005a172d575a172d57
589.199,45,e9071901120103c37dc6794b11c8de254ebd435c2a00005c2a000013ff4255544e401000005a172d575a172d57
589.451,45,e9071901120103c37dc6794b11c8de1a6ebd43622a0000622a000013ff535054501162ca9c43000008213aa843
589.549,45,e9071901120103c37dc6794b11c8def47abd43642a0000642a000013ff4255544e501000005a172d575a172d57
590.155,45,e9071901120103c37dc6794b11c8dec0c7bd43712a0000712a000013ff4255544e401000005a172d575a172d57
590.183,45,e9071901120103c37dc6794b11c8de17cbbd43722a0000722a000013ff5350545012fabaa343000008213aa843
590.854,45,e9071901120103c37dc6794b11c8de3821be43802a0000802a000013ff4255544e501000005a172d575a172d57
591.075,45,e9071901120103c37dc6794b11c8decf3cbe43842a0000842a000013ff4255544e501200005a172d575a172d57
591.076,45,e9071901120103c37dc6794b11c8decf3cbe43852a0000852a000013ff535054500fb04da443000008213aa843
591.16,45,e9071901120103c37dc6794b11c8de7f47be43862a0000862a000013ff4255544e405000005a172d575a172d57
591.218,45,e9071901120103c37dc6794b11c8deab4ebe43882a0000882a000013ff53505450083f38a343000008213aa843
591.301,45,e9071901120103c37dc6794b11c8de7959be43892a0000892a000013ff4255544e401000005a172d575a172d57
591.677,45,e9071901120103c37dc6794b11c8de6f8abe43912a0000912a000013ff53505450063e04a243000008213aa843
592.583,45,e9071901120103c37dc6794b11c8de4afdbe43a32a0000a32a000013ff4255544e001000005a172d575a172d57
594.271,45,e9071901120103c37dc6794b11c8de2ad7bf43c62a0000c62a000013ff4255544e401000005a172d575a172d57
594.321,45,e9071901120103c37dc6794b11c8de9addbf43c72a0000c72a000013ff4255544e001000005a172d575a172d57
594.833,45,e9071901120103c37dc6794b11c8de251dc043d32a0000d32a000013ff4255544e005000005a172d575a172d57
594.892,45,e9071901120103c37dc6794b11c8de8524c043d52a0000d52a000013ff535054501045c49b43000008213aa843
594.981,45,e9071901120103c37dc6794b11c8deb22fc043d62a0000d62a000013ff4255544e001000005a172d575a172d57
595.011,45,e9071901120103c37dc6794b11c8de7433c043d82a0000d82a000013ff535054500df1139943000008213aa843
596.652,45,e9071901120103c37dc6794b11c8de0607c143fa2a0000fa2a000013ff4255544e401000005a172d575a172d57
596.706,45,e9071901120103c37dc6794b11c8dee70dc143fb2a0000fb2a000013ff4255544e001000005a172d575a172d57
596.961,45,e9071901120103c37dc6794b11c8de952dc143022b0000022b000013ff53505450099e6f9b43000008213aa843
597.415,45,e9071901120103c37dc6794b11c8ded167c1430b2b00000b2b000013ff535054500ee29ea543000008213aa843
597.677,45,e9071901120103c37dc6794b11c8de4a89c1430f2b00000f2b000013ff4255544e401000005a172d575a172d57
597.706,45,e9071901120103c37dc6794b11c8de038dc143112b0000112b000013ff535054500b9092a243000008213aa843
598.057,45,e9071901120103c37dc6794b11c8de2ebbc143192b0000192b000013ff53505450026270a243000008213aa843
598.233,45,e9071901120103c37dc6794b11c8de30d2c1431c2b00001c2b000013ff4255544e403800005a172d575a172d57
598.336,45,e9071901120103c37dc6794b11c8de2cdfc1431e2b00001e2b000013ff4255544e402800005a172d575a172d57
598.362,45,e9071901120103c37dc6794b11c8de6ee2c1431f2b00001f2b000013ff4255544e400800005a172d575a172d57
598.443,45,e9071901120103c37dc6794b11c8de69ecc143212b0000212b000013ff4255544e402800005a172d575a172d57
598.444,45,e9071901120103c37dc6794b11c8de69ecc143212b0000212b000013ff5350545004356ca043000008213aa843
598.577,45,e9071901120103c37dc6794b11c8de8dfdc143242b0000242b000013ff4255544e400800005a172d575a172d57
598.703,45,e9071901120103c37dc6794b11c8de710ec243262b0000262b000013ff4255544e402800005a172d575a172d57
598.824,45,e9071901120103c37dc6794b11c8de731ec243282b0000282b000013ff4255544e400800005a172d575a172d57
598.873,45,e9071901120103c37dc6794b11c8dea924c2432a2b00002a2b000013ff4255544e500800005a172d575a172d57
598.945,45,e9071901120103c37dc6794b11c8def92dc2432c2b00002c2b000013ff4255544e102800005a172d575a172d57
598.995,45,e9071901120103c37dc6794b11c8de2734c2432d2b00002d2b000013ff535054500503dfa643000008213aa843
599.042,45,e9071901120103c37dc6794b11c8de5e3ac2432e2b00002e2b000013ff4255544e100800005a172d575a172d57
599.139,45,e9071901120103c37dc6794b11c8dec846c243302b0000302b000013ff4255544e102800005a172d575a172d57
599.236,45,e9071901120103c37dc6794b11c8de3153c243322b0000322b000013ff4255544e100800005a172d575a172d57
599.308,45,e9071901120103c37dc6794b11c8de775cc243332b0000332b000013ff4255544e500800005a172d575a172d57
599.404,45,e9071901120103c37dc6794b11c8ded968c243362b0000362b000013ff4255544e502800005a172d575a172d57
599.524,45,e9071901120103c37dc6794b11c8de3178c243392b0000392b000013ff4255544e100800005a172d575a172d57
599.674,45,e9071901120103c37dc6794b11c8dece8ac2433b2b00003b2b000013ff4255544e100000005a172d575a172d57
599.879,45,e9071901120103c37dc6794b11c8deb1a4c243402b0000402b000013ff4255544e104000005a172d575a172d57
599.957,45,e9071901120103c37dc6794b11c8de93aec243412b0000412b000013ff4255544e100000005a172d575a172d57
600.193,45,e9071901120103c37dc6794b11c8de66ccc243462b0000462b000013ff5350545000f84ba343000008213aa843
600.404,45,e9071901120103c37dc6794b11c8de5fe7c2434b2b00004b2b000013ff4255544e101000005a172d575a172d57
601.444,45,e9071901120103c37dc6794b11c8dee16cc343622b0000622b000013ff4255544e501000005a172d575a172d57
601.709,45,e9071901120103c37dc6794b11c8de8b8ec343672b0000672b000013ff4255544e401000005a172d575a172d57
602.002,45,e9071901120103c37dc6794b11c8de0ab4c3436e2b00006e2b000013ff4255544e501000005a172d575a172d57
602.287,45,e9071901120103c37dc6794b11c8decdd8c343742b0000742b000013ff4255544e401000005a172d575a172d57
602.601,45,e9071901120103c37dc6794b11c8debf00c4437b2b00007b2b000013ff4255544e505000005a172d575a172d57
602.681,45,e9071901120103c37dc6794b11c8dee80ac4437d2b00007d2b000013ff4255544e405000005a172d575a172d57
602.734,45,e9071901120103c37dc6794b11c8deb811c4437e2b00007e2b000013ff4255544e401000005a172d575a172d57
603.634,45,e9071901120103c37dc6794b11c8de1886c443922b0000922b000013ff4255544e501000005a172d575a172d57
603.806,45,e9071901120103c37dc6794b11c8deec9bc443952b0000952b000013ff4255544e401000005a172d575a172d57
603.934,45,e9071901120103c37dc6794b11c8decfabc443982b0000982b000013ff4255544e405000005a172d575a172d57
604.062,45,e9071901120103c37dc6794b11c8de23bcc4439a2b00009a2b000013ff4255544e401000005a172d575a172d57
605.545,45,e9071901120103c37dc6794b11c8dedc7ac543ba2b0000ba2b000013ff4255544e001000005a172d575a172d57
605.779,45,e9071901120103c37dc6794b11c8de3199c543bf2b0000bf2b000013ff4255544e401000005a172d575a172d57
605.993,45,e9071901120103c37dc6794b11c8de1db4c543c42b0000c42b000013ff4255544e001000005a172d575a172d57
606.172,45,e9071901120103c37dc6794b11c8defec9c543c72b0000c72b000013ff4255544e005000005a172d575a172d57
606.25,45,e9071901120103c37dc6794b11c8dee3d3c543c92b0000c92b000013ff4255544e405000005a172d575a172d57
606.326,45,e9071901120103c37dc6794b11c8deecddc543cb2b0000cb2b000013ff4255544e001000005a172d575a172d57
607.084,45,e9071901120103c37dc6794b11c8def13fc643db2b0000db2b000013ff4255544e501000005a172d575a172d57
607.132,45,e9071901120103c37dc6794b11c8defd45c643dc2b0000dc2b000013ff4255544e001000005a172d575a172d57
607.418,45,e9071901120103c37dc6794b11c8dea56ac643e22b0000e22b000013ff4255544e401000005a172d575a172d57
608.695,45,e9071901120103c37dc6794b11c8deba0ec743fe2b0000fe2b000013ff4255544e601000005a172d575a172d57
608.949,45,e9071901120103c37dc6794b11c8decf2ec743042c0000042c000013ff4255544e603800005a172d575a172d57
608.996,45,e9071901120103c37dc6794b11c8dec234c743052c0000052c000013ff4255544e203800005a172d575a172d57
609.044,45,e9071901120103c37dc6794b11c8dec33ac743062c0000062c000013ff4255544e201800005a172d575a172d57
609.067,45,e9071901120103c37dc6794b11c8dece3dc743062c0000062c000013ff4255544e200800005a172d575a172d57
609.116,45,e9071901120103c37dc6794b11c8def043c743072c0000072c000013ff4255544e202800005a172d575a172d57
609.213,45,e9071901120103c37dc6794b11c8de4250c743092c0000092c000013ff4255544e200800005a172d575a172d57
609.5,45,e9071901120103c37dc6794b11c8de0e75c743102c0000102c000013ff4255544e202800005a172d575a172d57
609.595,45,e9071901120103c37dc6794b11c8de5c81c743132c0000132c000013ff4255544e200800005a172d575a172d57
609.665,45,e9071901120103c37dc6794b11c8de778ac743142c0000142c000013ff4255544e200000005a172d575a172d57
610.139,45,e9071901120103c37dc6794b11c8de56c6c7431f2c00001f2c000013ff4255544e204000005a172d575a172d57
610.268,45,e9071901120103c37dc6794b11c8de73d6c743212c0000212c000013ff4255544e200000005a172d575a172d57
610.293,45,e9071901120103c37dc6794b11c8deb9d9c743222c0000222c000013ff4255544e201000005a172d575a172d57
611.053,45,e9071901120103c37dc6794b11c8de4c3cc843332c0000332c000013ff4255544e601000005a172d575a172d57
611.922,45,e9071901120103c37dc6794b11c8de0cabc843452c0000452c000013ff4f56544b0d100000eb5ec23cdd4b983f
612.015,45,e9071901120103c37dc6794b11c8de2cb7c843462c0000462c000013ff4255544e401000005a172d575a172d57
612.301,45,e9071901120103c37dc6794b11c8de77dbc8434c2c00004c2c000013ff4255544e601000005a172d575a172d57
613.027,45,e9071901120103c37dc6794b11c8dec838c9435d2c00005d2c000013ff4255544e401000005a172d575a172d57
613.293,45,e9071901120103c37dc6794b11c8de435ac943622c0000622c000013ff4255544e405000005a172d575a172d57
613.419,45,e9071901120103c37dc6794b11c8de0c6ac943652c0000652c000013ff4255544e401000005a172d575a172d57
613.668,45,e9071901120103c37dc6794b11c8de648ac9436a2c00006a2c000013ff4255544e403800005a172d575a172d57
613.764,45,e9071901120103c37dc6794b11c8dee096c9436c2c00006c2c000013ff4255544e402800005a172d575a172d57
613.788,45,e9071901120103c37dc6794b11c8def499c9436d2c00006d2c000013ff4255544e400800005a172d575a172d57
613.837,45,e9071901120103c37dc6794b11c8de18a0c9436e2c00006e2c000013ff4255544e402800005a172d575a172d57
613.957,45,e9071901120103c37dc6794b11c8de7aafc943712c0000712c000013ff4255544e400800005a172d575a172d57
613.982,45,e9071901120103c37dc6794b11c8de91b2c943722c0000722c000013ff4255544e600800005a172d575a172d57
614.2,45,e9071901120103c37dc6794b11c8de6acec943762c0000762c000013ff4255544e602800005a172d575a172d57
614.302,45,e9071901120103c37dc6794b11c8de05dbc943782c0000782c000013ff4255544e600800005a172d575a172d57
614.379,45,e9071901120103c37dc6794b11c8deb4e4c9437a2c00007a2c000013ff4255544e602800005a172d575a172d57
614.53,45,e9071901120103c37dc6794b11c8de55f8c9437d2c00007d2c000013ff4255544e600800005a172d575a172d57
614.626,45,e9071901120103c37dc6794b11c8de0a05ca437f2c00007f2c000013ff4255544e202800005a172d575a172d57
614.768,45,e9071901120103c37dc6794b11c8de8317ca43812c0000812c000013ff4255544e200800005a172d575a172d57
615.569,45,e9071901120103c37dc6794b11c8de027eca43932c0000932c000013ff4255544e200000005a172d575a172d57
615.837,45,e9071901120103c37dc6794b11c8de10a0ca43992c0000992c000013ff4255544e204000005a172d575a172d57
615.953,45,e9071901120103c37dc6794b11c8de6bafca439c2c00009c2c000013ff4255544e200000005a172d575a172d57
617.113,45,e9071901120103c37dc6794b11c8ded843cb43b32c0000b32c000013ff4255544e600000005a172d575a172d57
617.181,45,e9071901120103c37dc6794b11c8dec14ccb43b52c0000b52c000013ff4255544e601000005a172d575a172d57
617.432,45,e9071901120103c37dc6794b11c8def46ccb43bb2c0000bb2c000013ff4255544e401000005a172d575a172d57
618.083,45,e9071901120103c37dc6794b11c8de2ac0cb43c92c0000c92c000013ff4255544e501000005a172d575a172d57
618.129,45,e9071901120103c37dc6794b11c8de11c6cb43ca2c0000ca2c000013ff4255544e101000005a172d575a172d57
618.196,45,e9071901120103c37dc6794b11c8dedacecb43cb2c0000cb2c000013ff4255544e103800005a172d575a172d57
618.354,45,e9071901120103c37dc6794b11c8de13e3cb43ce2c0000ce2c000013ff4255544e102800005a172d575a172d57
618.422,45,e9071901120103c37dc6794b11c8decaebcb43cf2c0000cf2c000013ff4255544e100800005a172d575a172d57
618.468,45,e9071901120103c37dc6794b11c8de95f1cb43d02c0000d02c000013ff4255544e100000005a172d575a172d57
619.206,45,e9071901120103c37dc6794b11c8ded94fcc43df2c0000df2c000013ff4255544e101000005a172d575a172d57
619.366,45,e9071901120103c37dc6794b11c8de7364cc43e32c0000e32c000013ff4255544e105000005a172d575a172d57
619.458,45,e9071901120103c37dc6794b11c8de1d70cc43e52c0000e52c000013ff4255544e101000005a172d575a172d57
619.595,45,e9071901120103c37dc6794b11c8debd81cc43e82c0000e82c000013ff4255544e100000005a172d575a172d57
619.946,45,e9071901120103c37dc6794b11c8de31aecc43ef2c0000ef2c000013ff4255544e101000005a172d575a172d57
620.017,45,e9071901120103c37dc6794b11c8de52b7cc43f02c0000f02c000013ff4255544e100000005a172d575a172d57
620.288,45,e9071901120103c37dc6794b11c8decddacc43f62c0000f62c000013ff4255544e101000005a172d575a172d57
621.34,45,e9071901120103c37dc6794b11c8de4061cd430c2d00000c2d000013ff4255544e501000005a172d575a172d57
622.214,45,e9071901120103c37dc6794b11c8de70d0cd431f2d00001f2d000013ff4255544e401000005a172d575a172d57
622.54,45,e9071901120103c37dc6794b11c8de68facd43262d0000262d000013ff4255544e405000005a172d575a172d57
622.66,45,e9071901120103c37dc6794b11c8de7c09ce43282d0000282d000013ff4255544e401000005a172d575a172d57
622.71,45,e9071901120103c37dc6794b11c8de960fce43292d0000292d000013ff4255544e001000005a172d575a172d57
622.887,45,e9071901120103c37dc6794b11c8deb225ce432e2d00002e2d000013ff4255544e101000005a172d575a172d57
622.991,45,e9071901120103c37dc6794b11c8ded732ce43302d0000302d000013ff4255544e001000005a172d575a172d57
623.227,45,e9071901120103c37dc6794b11c8de0651ce43352d0000352d000013ff4255544e401000005a172d575a172d57
623.254,45,e9071901120103c37dc6794b11c8de5e54ce43352d0000352d000013ff4255544e601000005a172d575a172d57
623.279,45,e9071901120103c37dc6794b11c8deb957ce43362d0000362d000013ff4255544e401000005a172d575a172d57
623.38,45,e9071901120103c37dc6794b11c8deeb64ce43382d0000382d000013ff4255544e001000005a172d575a172d57
623.553,45,e9071901120103c37dc6794b11c8de7c7bce433b2d00003b2d000013ff4255544e401000005a172d575a172d57
623.963,45,e9071901120103c37dc6794b11c8de0bb0ce43442d0000442d000013ff4255544e405000005a172d575a172d57
624.065,45,e9071901120103c37dc6794b11c8dea2bcce43462d0000462d000013ff4255544e401000005a172d575a172d57
624.384,45,e9071901120103c37dc6794b11c8decbe4ce434d2d00004d2d000013ff4255544e601000005a172d575a172d57
624.646,45,e9071901120103c37dc6794b11c8deb106cf43522d0000522d000013ff4255544e401000005a172d575a172d57
624.824,45,e9071901120103c37dc6794b11c8deb91dcf43552d0000552d000013ff4255544e401800005a172d575a172d57
624.85,45,e9071901120103c37dc6794b11c8defc20cf43562d0000562d000013ff4255544e403800005a172d575a172d57
624.928,45,e9071901120103c37dc6794b11c8decd2acf43592d0000592d000013ff4255544e400800005a172d575a172d57
625.034,45,e9071901120103c37dc6794b11c8de1838cf435b2d00005b2d000013ff4255544e402800005a172d575a172d57
625.168,45,e9071901120103c37dc6794b11c8de1349cf435d2d00005d2d000013ff4255544e400800005a172d575a172d57
625.273,45,e9071901120103c37dc6794b11c8deb456cf435f2d00005f2d000013ff4255544e402800005a172d575a172d57
625.486,45,e9071901120103c37dc6794b11c8de8f71cf43652d0000652d000013ff4255544e602800005a172d575a172d57
625.515,45,e9071901120103c37dc6794b11c8de0075cf43652d0000652d000013ff4255544e600800005a172d575a172d57
625.606,45,e9071901120103c37dc6794b11c8deb27fcf43672d0000672d000013ff4255544e602800005a172d575a172d57
625.696,45,e9071901120103c37dc6794b11c8def68acf43692d0000692d000013ff4255544e200800005a172d575a172d57
626.642,45,e9071901120103c37dc6794b11c8dee606d0437e2d00007e2d000013ff4255544e200000005a172d575a172d57
627.113,45,e9071901120103c37dc6794b11c8de0f44d043882d0000882d000013ff4255544e201000005a172d575a172d57
627.203,45,e9071901120103c37dc6794b11c8debe4fd0438a2d00008a2d000013ff4255544e200000005a172d575a172d57
627.269,45,e9071901120103c37dc6794b11c8de5b58d0438b2d00008b2d000013ff4255544e205000005a172d575a172d57
627.357,45,e9071901120103c37dc6794b11c8dea763d0438e2d00008e2d000013ff4255544e201000005a172d575a172d57
628.081,45,e9071901120103c37dc6794b11c8def3bfd0439e2d00009e2d000013ff4255544e601000005a172d575a172d57
628.652,45,e9071901120103c37dc6794b11c8dee508d143a92d0000a92d000013ff4255544e401000005a172d575a172d57
628.835,45,e9071901120103c37dc6794b11c8de7720d143ad2d0000ad2d000013ff4255544e601000005a172d575a172d57
629.172,45,e9071901120103c37dc6794b11c8de984bd143b42d0000b42d000013ff4255544e401000005a172d575a172d57
629.414,45,e9071901120103c37dc6794b11c8deb969d143ba2d0000ba2d000013ff4255544e001000005a172d575a172d57
629.513,45,e9071901120103c37dc6794b11c8de4e76d143bc2d0000bc2d000013ff4255544e005000005a172d575a172d57
629.587,45,e9071901120103c37dc6794b11c8dec97fd143be2d0000be2d000013ff4255544e405000005a172d575a172d57
629.635,45,e9071901120103c37dc6794b11c8de1486d143bf2d0000bf2d000013ff4255544e401000005a172d575a172d57
630.77,45,e9071901120103c37dc6794b11c8deb017d243d72d0000d72d000013ff4255544e501000005a172d575a172d57
631.356,45,e9071901120103c37dc6794b11c8de0563d243e52d0000e52d000013ff4255544e505000005a172d575a172d57
631.497,45,e9071901120103c37dc6794b11c8deec74d243e82d0000e82d000013ff4255544e501000005a172d575a172d57
632.077,45,e9071901120103c37dc6794b11c8de1bbfd243f52d0000f52d000013ff4255544e501200005a172d575a172d57
632.216,45,e9071901120103c37dc6794b11c8de0ad1d243f82d0000f82d000013ff4255544e501000005a172d575a172d57
632.537,45,e9071901120103c37dc6794b11c8de39fad243ff2d0000ff2d000013ff4255544e505000005a172d575a172d57
632.674,45,e9071901120103c37dc6794b11c8debe0bd343022e0000022e000013ff4255544e501000005a172d575a172d57
633.263,45,e9071901120103c37dc6794b11c8deb157d3430e2e00000e2e000013ff4255544e401000005a172d575a172d57
633.529,45,e9071901120103c37dc6794b11c8de9379d343142e0000142e000013ff4255544e401200005a172d575a172d57
633.618,45,e9071901120103c37dc6794b11c8defd84d343152e0000152e000013ff4255544e401000005a172d575a172d57
633.73,45,e9071901120103c37dc6794b11c8de4393d343182e0000182e000013ff4255544e501000005a172d575a172d57
634.171,45,e9071901120103c37dc6794b11c8de1bccd343222e0000222e000013ff4255544e401000005a172d575a172d57
634.478,45,e9071901120103c37dc6794b11c8de43f3d343292e0000292e000013ff4255544e001000005a172d575a172d57
634.687,45,e9071901120103c37dc6794b11c8deaa0ed4432d2e00002d2e000013ff4255544e401000005a172d575a172d57
634.95,45,e9071901120103c37dc6794b11c8de8c30d443332e0000332e000013ff4255544e405000005a172d575a172d57
635.092,45,e9071901120103c37dc6794b11c8de9842d443362e0000362e000013ff4255544e401000005a172d575a172d57
635.256,45,e9071901120103c37dc6794b11c8de7857d443392e0000392e000013ff4255544e403800005a172d575a172d57
635.36,45,e9071901120103c37dc6794b11c8dea664d4433c2e00003c2e000013ff4255544e402800005a172d575a172d57
635.381,45,e9071901120103c37dc6794b11c8de4f67d4433d2e00003d2e000013ff4255544e400800005a172d575a172d57
635.485,45,e9071901120103c37dc6794b11c8dea674d4433f2e00003f2e000013ff4255544e402800005a172d575a172d57
635.57,45,e9071901120103c37dc6794b11c8de667fd443402e0000402e000013ff4255544e400800005a172d575a172d57
635.675,45,e9071901120103c37dc6794b11c8ded78cd443432e0000432e000013ff4255544e402800005a172d575a172d57
635.76,45,e9071901120103c37dc6794b11c8dea897d443442e0000442e000013ff4255544e400800005a172d575a172d57
635.868,45,e9071901120103c37dc6794b11c8de4ca5d443472e0000472e000013ff4255544e402800005a172d575a172d57
635.976,45,e9071901120103c37dc6794b11c8de08b3d4434a2e00004a2e000013ff4255544e400800005a172d575a172d57
636.085,45,e9071901120103c37dc6794b11c8deedc0d4434c2e00004c2e000013ff4255544e402800005a172d575a172d57
636.173,45,e9071901120103c37dc6794b11c8de28ccd4434e2e00004e2e000013ff4255544e500800005a172d575a172d57
636.238,45,e9071901120103c37dc6794b11c8de8ed4d4434f2e00004f2e000013ff4255544e100800005a172d575a172d57
636.325,45,e9071901120103c37dc6794b11c8dea9dfd443512e0000512e000013ff4255544e102800005a172d575a172d57
636.477,45,e9071901120103c37dc6794b11c8de17f3d443552e0000552e000013ff4255544e100800005a172d575a172d57
636.724,45,e9071901120103c37dc6794b11c8de5312d5435a2e00005a2e000013ff4255544e100000005a172d575a172d57
636.974,45,e9071901120103c37dc6794b11c8de5732d543602e0000602e000013ff4255544e104000005a172d575a172d57
637.086,45,e9071901120103c37dc6794b11c8ded240d543622e0000622e000013ff4255544e100000005a172d575a172d57
637.633,45,e9071901120103c37dc6794b11c8de1487d5436d2e00006d2e000013ff4255544e101000005a172d575a172d57
637.908,45,e9071901120103c37dc6794b11c8de76a9d543732e0000732e000013ff4255544e501000005a172d575a172d57
638.702,45,e9071901120103c37dc6794b11c8de1b10d643842e0000842e000013ff4255544e401000005a172d575a172d57
638.81,45,e9071901120103c37dc6794b11c8dec81dd643862e0000862e000013ff4255544e405000005a172d575a172d57
638.966,45,e9071901120103c37dc6794b11c8de7031d6438a2e00008a2e000013ff4255544e401000005a172d575a172d57
639.034,45,e9071901120103c37dc6794b11c8de083ad6438c2e00008c2e000013ff4255544e501000005a172d575a172d57
639.146,45,e9071901120103c37dc6794b11c8de8048d6438e2e00008e2e000013ff4255544e401000005a172d575a172d57
639.679,45,e9071901120103c37dc6794b11c8de3f8dd6439a2e00009a2e000013ff4255544e401200005a172d575a172d57
639.785,45,e9071901120103c37dc6794b11c8decd9ad6439d2e00009d2e000013ff4255544e401000005a172d575a172d57
640.098,45,e9071901120103c37dc6794b11c8deedc1d643a42e0000a42e000013ff4255544e001000005a172d575a172d57
640.278,45,e9071901120103c37dc6794b11c8de42d9d643a82e0000a82e000013ff4255544e401000005a172d575a172d57
640.454,45,e9071901120103c37dc6794b11c8de18f0d643ac2e0000ac2e000013ff4255544e405000005a172d575a172d57
640.542,45,e9071901120103c37dc6794b11c8de55fbd643ae2e0000ae2e000013ff4255544e401000005a172d575a172d57
641.255,45,e9071901120103c37dc6794b11c8deb856d743bc2e0000bc2e000013ff4255544e405000005a172d575a172d57
641.363,45,e9071901120103c37dc6794b11c8de9e64d743bf2e0000bf2e000013ff4255544e401000005a172d575a172d57
642.466,45,e9071901120103c37dc6794b11c8defdf0d743d62e0000d62e000013ff4255544e501000005a172d575a172d57
642.693,45,e9071901120103c37dc6794b11c8de430ed843db2e0000db2e000013ff4255544e401000005a172d575a172d57
643.013,45,e9071901120103c37dc6794b11c8de8635d843e22e0000e22e000013ff4255544e405000005a172d575a172d57
643.138,45,e9071901120103c37dc6794b11c8de0446d843e52e0000e52e000013ff4255544e401000005a172d575a172d57
644.776,45,e9071901120103c37dc6794b11c8de1f17d943062f0000062f000013ff4255544e401200005a172d575a172d57
644.855,45,e9071901120103c37dc6794b11c8de3f21d943082f0000082f000013ff4255544e401000005a172d575a172d57
646.073,45,e9071901120103c37dc6794b11c8de90bad943212f0000212f000013ff4255544e001000005a172d575a172d57
646.298,45,e9071901120103c37dc6794b11c8deccd6d943262f0000262f000013ff4255544e005000005a172d575a172d57
646.513,45,e9071901120103c37dc6794b11c8de3ef3d9432a2f00002a2f000013ff4255544e001000005a172d575a172d57
646.574,45,e9071901120103c37dc6794b11c8de15fbd9432b2f00002b2f000013ff4255544e401000005a172d575a172d57
646.664,45,e9071901120103c37dc6794b11c8deb906da432d2f00002d2f000013ff4255544e001000005a172d575a172d57
647.325,45,e9071901120103c37dc6794b11c8de0c5dda433b2f00003b2f000013ff4255544e101000005a172d575a172d57
647.403,45,e9071901120103c37dc6794b11c8de6267da433d2f00003d2f000013ff4255544e001000005a172d575a172d57
648.375,45,e9071901120103c37dc6794b11c8debee2da43522f0000522f000013ff4255544e101000005a172d575a172d57
648.516,45,e9071901120103c37dc6794b11c8dedef4da43552f0000552f000013ff4255544e001000005a172d575a172d57
648.735,45,e9071901120103c37dc6794b11c8de4011db435a2f00005a2f000013ff4255544e101000005a172d575a172d57
648.763,45,e9071901120103c37dc6794b11c8debb14db435a2f00005a2f000013ff4255544e501000005a172d575a172d57
648.879,45,e9071901120103c37dc6794b11c8def722db435d2f00005d2f000013ff4255544e401000005a172d575a172d57
650.593,45,e9071901120103c37dc6794b11c8de1900dc43812f0000812f000013ff4255544e001000005a172d575a172d57
651.128,45,e9071901120103c37dc6794b11c8de1544dc438d2f00008d2f000013ff4255544e401000005a172d575a172d57
651.182,45,e9071901120103c37dc6794b11c8ded14adc438e2f00008e2f000013ff4255544e001000005a172d575a172d57
651.836,45,e9071901120103c37dc6794b11c8de489fdc439c2f00009c2f000013ff4255544e101000005a172d575a172d57
651.888,45,e9071901120103c37dc6794b11c8debba5dc439e2f00009e2f000013ff4255544e001000005a172d575a172d57
653.712,45,e9071901120103c37dc6794b11c8de098edd43c62f0000c62f000013ff4255544e101000005a172d575a172d57
653.766,45,e9071901120103c37dc6794b11c8de3995dd43c72f0000c72f000013ff4255544e001000005a172d575a172d57
654.057,45,e9071901120103c37dc6794b11c8de06bbdd43ce2f0000ce2f000013ff4255544e401000005a172d575a172d57
654.108,45,e9071901120103c37dc6794b11c8dec0c1dd43cf2f0000cf2f000013ff4255544e001000005a172d575a172d57
654.357,45,e9071901120103c37dc6794b11c8de66e2dd43d52f0000d52f000013ff4255544e401000005a172d575a172d57
654.457,45,e9071901120103c37dc6794b11c8def8eedd43d82f0000d82f000013ff535054501345189e43000008213aa843
654.729,45,e9071901120103c37dc6794b11c8de9011de43dd2f0000dd2f000013ff4255544e401800005a172d575a172d57
654.755,45,e9071901120103c37dc6794b11c8dec714de43dd2f0000dd2f000013ff4255544e403800005a172d575a172d57
654.857,45,e9071901120103c37dc6794b11c8dec621de43df2f0000df2f000013ff4255544e402800005a172d575a172d57
654.882,45,e9071901120103c37dc6794b11c8de0e25de43e02f0000e02f000013ff4255544e400800005a172d575a172d57
654.982,45,e9071901120103c37dc6794b11c8de1032de43e22f0000e22f000013ff4255544e402800005a172d575a172d57
655.079,45,e9071901120103c37dc6794b11c8ded53ede43e42f0000e42f000013ff4255544e400800005a172d575a172d57
655.175,45,e9071901120103c37dc6794b11c8de484bde43e62f0000e62f000013ff4255544e402800005a172d575a172d57
655.296,45,e9071901120103c37dc6794b11c8deb55ade43e82f0000e82f000013ff4255544e400800005a172d575a172d57
655.393,45,e9071901120103c37dc6794b11c8de1467de43eb2f0000eb2f000013ff4255544e402800005a172d575a172d57
655.491,45,e9071901120103c37dc6794b11c8de7f73de43ed2f0000ed2f000013ff4255544e400800005a172d575a172d57
655.615,45,e9071901120103c37dc6794b11c8de2883de43ef2f0000ef2f000013ff4255544e402800005a172d575a172d57
655.721,45,e9071901120103c37dc6794b11c8de0790de43f12f0000f12f000013ff4255544e400800005a172d575a172d57
655.854,45,e9071901120103c37dc6794b11c8ded9a0de43f42f0000f42f000013ff4255544e402800005a172d575a172d57
655.957,45,e9071901120103c37dc6794b11c8de6baede43f62f0000f62f000013ff4255544e502800005a172d575a172d57
655.983,45,e9071901120103c37dc6794b11c8dec2b1de43f72f0000f72f000013ff4255544e500800005a172d575a172d57
656.007,45,e9071901120103c37dc6794b11c8de17b5de43f72f0000f72f000013ff4255544e100800005a172d575a172d57
656.081,45,e9071901120103c37dc6794b11c8ded9bede43f92f0000f92f000013ff4255544e102800005a172d575a172d57
656.227,45,e9071901120103c37dc6794b11c8dec1d1de43fc2f0000fc2f000013ff4255544e100800005a172d575a172d57
656.561,45,e9071901120103c37dc6794b11c8debbfcde43033000000330000013ff4255544e102800005a172d575a172d57
656.608,45,e9071901120103c37dc6794b11c8ded102df43043000000430000013ff4255544e502800005a172d575a172d57
656.681,45,e9071901120103c37dc6794b11c8de000cdf43063000000630000013ff4255544e500800005a172d575a172d57
656.73,45,e9071901120103c37dc6794b11c8de2712df43073000000730000013ff4255544e500000005a172d575a172d57
656.754,45,e9071901120103c37dc6794b11c8de4015df43073000000730000013ff4255544e100000005a172d575a172d57
657.44,45,e9071901120103c37dc6794b11c8de1a6cdf43163000001630000013ff535054500c6dba9643000008213aa843
657.544,45,e9071901120103c37dc6794b11c8de5979df43183000001830000013ff4255544e101000005a172d575a172d57
657.649,45,e9071901120103c37dc6794b11c8dec186df431a3000001a30000013ff4255544e100000005a172d575a172d57
658.039,45,e9071901120103c37dc6794b11c8de05b9df43233000002330000013ff535054500a8ae1a443000008213aa843
658.09,45,e9071901120103c37dc6794b11c8de87bfdf43243000002430000013ff5350545001926fa743000008213aa843
658.164,45,e9071901120103c37dc6794b11c8de39c9df43253000002530000013ff4255544e101000005a172d575a172d57
658.315,45,e9071901120103c37dc6794b11c8de97dcdf43283000002830000013ff4255544e501000005a172d575a172d57
658.641,45,e9071901120103c37dc6794b11c8de2106e043303000003030000013ff4255544e401000005a172d575a172d57
658.693,45,e9071901120103c37dc6794b11c8de9a0ce043313000003130000013ff4255544e501000005a172d575a172d57
658.744,45,e9071901120103c37dc6794b11c8de2a13e043323000003230000013ff4255544e505000005a172d575a172d57
658.873,45,e9071901120103c37dc6794b11c8deab23e043353000003530000013ff4255544e401000005a172d575a172d57
659.076,45,e9071901120103c37dc6794b11c8dee33de0433a3000003a30000013ff4255544e601000005a172d575a172d57
659.151,45,e9071901120103c37dc6794b11c8de9847e0433b3000003b30000013ff4255544e201000005a172d575a172d57
659.25,45,e9071901120103c37dc6794b11c8de6854e0433d3000003d30000013ff4255544e200000005a172d575a172d57
659.499,45,e9071901120103c37dc6794b11c8de2b74e043433000004330000013ff4255544e200800005a172d575a172d57
659.653,45,e9071901120103c37dc6794b11c8dea187e043463000004630000013ff4255544e200000005a172d575a172d57
659.729,45,e9071901120103c37dc6794b11c8de6891e043483000004830000013ff4255544e202000005a172d575a172d57
659.754,45,e9071901120103c37dc6794b11c8deaa94e043483000004830000013ff4255544e202800005a172d575a172d57
659.83,45,e9071901120103c37dc6794b11c8de6d9ee0434a3000004a30000013ff4255544e202000005a172d575a172d57
659.855,45,e9071901120103c37dc6794b11c8dea7a1e0434a3000004a30000013ff4255544e200000005a172d575a172d57
659.881,45,e9071901120103c37dc6794b11c8dee8a4e0434b3000004b30000013ff53505450031ca19a43000008213aa843
660.147,45,e9071901120103c37dc6794b11c8de7bc7e043503000005030000013ff5350545007c853a143000008213aa843
660.728,45,e9071901120103c37dc6794b11c8ded811e1435d3000005d30000013ff4255544e201000005a172d575a172d57
660.851,45,e9071901120103c37dc6794b11c8de6e21e1435f3000005f30000013ff4255544e205000005a172d575a172d57
660.973,45,e9071901120103c37dc6794b11c8de2a31e143613000006130000013ff4255544e201000005a172d575a172d57
660.998,45,e9071901120103c37dc6794b11c8de4e34e143623000006230000013ff4255544e601000005a172d575a172d57
661.193,45,e9071901120103c37dc6794b11c8de5f4de143663000006630000013ff4255544e401000005a172d575a172d57
661.339,45,e9071901120103c37dc6794b11c8de2060e143693000006930000013ff4255544e601000005a172d575a172d57
661.438,45,e9071901120103c37dc6794b11c8de986ce1436c3000006c30000013ff4f56544b010a00009bb2c73c53f6983f
661.584,45,e9071901120103c37dc6794b11c8de547fe1436f3000006f30000013ff4255544e401000005a172d575a172d57
661.731,45,e9071901120103c37dc6794b11c8de1d92e143723000007230000013ff4255544e001000005a172d575a172d57
661.88,45,e9071901120103c37dc6794b11c8de01a5e143753000007530000013ff4255544e401000005a172d575a172d57
662.224,45,e9071901120103c37dc6794b11c8de68d1e1437c3000007c30000013ff4255544e405000005a172d575a172d57
662.368,45,e9071901120103c37dc6794b11c8defae3e143803000008030000013ff4255544e401000005a172d575a172d57
662.56,45,e9071901120103c37dc6794b11c8de71fce143843000008430000013ff4255544e501000005a172d575a172d57
662.735,45,e9071901120103c37dc6794b11c8de4a12e243883000008830000013ff4255544e401000005a172d575a172d57
662.787,45,e9071901120103c37dc6794b11c8deb818e243893000008930000013ff4f56544b0a0100005a8dce3cabd1993f
662.912,45,e9071901120103c37dc6794b11c8defb28e2438c3000008c30000013ff4255544e501000005a172d575a172d57
662.988,45,e9071901120103c37dc6794b11c8dea832e2438e3000008e30000013ff53505450117bda9c43000008213aa843
663.391,45,e9071901120103c37dc6794b11c8deef66e243973000009730000013ff4255544e505000005a172d575a172d57
663.462,45,e9071901120103c37dc6794b11c8de1770e243983000009830000013ff4255544e505200005a172d575a172d57
663.51,45,e9071901120103c37dc6794b11c8de3076e243993000009930000013ff4255544e501200005a172d575a172d57
663.535,45,e9071901120103c37dc6794b11c8de3a79e2439a3000009a30000013ff53505450124de4a243000008213aa843
663.558,45,e9071901120103c37dc6794b11c8de437ce2439a3000009a30000013ff4255544e501000005a172d575a172d57
663.883,45,e9071901120103c37dc6794b11c8de05a5e243a1300000a130000013ff4f56544b010a0000c97ccd3c99af993f
664.036,45,e9071901120103c37dc6794b11c8de9eb8e243a4300000a430000013ff4255544e501004005a172d575a172d57
664.527,45,e9071901120103c37dc6794b11c8de56fae243af300000af30000013ff4255544e501000005a172d575a172d57
664.648,45,e9071901120103c37dc6794b11c8decb09e343b1300000b130000013ff4255544e505000005a172d575a172d57
664.769,45,e9071901120103c37dc6794b11c8deba18e343b3300000b330000013ff4255544e501000005a172d575a172d57
664.931,45,e9071901120103c37dc6794b11c8de802ce343b8300000b830000013ff535054500f3e799c43000008213aa843
665.116,45,e9071901120103c37dc6794b11c8def143e343bb300000bb30000013ff4255544e401000005a172d575a172d57
665.454,45,e9071901120103c37dc6794b11c8ded36ce343c4300000c430000013ff5350545008dc83a243000008213aa843
665.769,45,e9071901120103c37dc6794b11c8de9194e343ca300000ca30000013ff535054500638d1a343000008213aa843
666.211,45,e9071901120103c37dc6794b11c8de3ecee343d2300000d230000013ff4255544e405000005a172d575a172d57
666.343,45,e9071901120103c37dc6794b11c8de76dfe343d5300000d530000013ff4255544e401000005a172d575a172d57
666.97,45,e9071901120103c37dc6794b11c8dec02ee443e2300000e230000013ff4255544e401200005a172d575a172d57
667.056,45,e9071901120103c37dc6794b11c8deaa39e443e4300000e430000013ff4255544e401000005a172d575a172d57
667.224,45,e9071901120103c37dc6794b11c8de734fe443e7300000e730000013ff4255544e001000005a172d575a172d57
669.325,45,e9071901120103c37dc6794b11c8deda5be543143100001431000013ff4255544e005000005a172d575a172d57
669.503,45,e9071901120103c37dc6794b11c8de4672e543183100001831000013ff4255544e001000005a172d575a172d57
669.594,45,e9071901120103c37dc6794b11c8deb17de5431a3100001a31000013ff535054500d4f2b9c43000008213aa843
670.269,45,e9071901120103c37dc6794b11c8de1ad6e543293100002931000013ff53505450109a20a343000008213aa843
670.791,45,e9071901120103c37dc6794b11c8de9117e643343100003431000013ff4255544e201000005a172d575a172d57
670.933,45,e9071901120103c37dc6794b11c8de002ae643383100003831000013ff4255544e001000005a172d575a172d57
671.576,45,e9071901120103c37dc6794b11c8de587ce643463100004631000013ff535054500915279c43000008213aa843
671.792,45,e9071901120103c37dc6794b11c8dea598e6434a3100004a31000013ff4255544e101000005a172d575a172d57
671.847,45,e9071901120103c37dc6794b11c8de959fe6434b3100004b31000013ff4255544e001000005a172d575a172d57
671.907,45,e9071901120103c37dc6794b11c8de92a6e6434e3100004e31000013ff535054500ebb7ca343000008213aa843
672.348,45,e9071901120103c37dc6794b11c8ded5dee643573100005731000013ff535054500b8df1a343000008213aa843
672.403,45,e9071901120103c37dc6794b11c8de2ce6e643583100005831000013ff4255544e401000005a172d575a172d57
672.43,45,e9071901120103c37dc6794b11c8ded2e9e643593100005931000013ff4255544e601000005a172d575a172d57
672.457,45,e9071901120103c37dc6794b11c8de70ede643593100005931000013ff4255544e001000005a172d575a172d57
672.589,45,e9071901120103c37dc6794b11c8def7fee6435c3100005c31000013ff53505450024df3a143000008213aa843
672.714,45,e9071901120103c37dc6794b11c8de920fe7435e3100005e31000013ff4255544e401000005a172d575a172d57
672.74,45,e9071901120103c37dc6794b11c8decc12e7435f3100005f31000013ff4255544e403800005a172d575a172d57
672.841,45,e9071901120103c37dc6794b11c8dec31fe743613100006131000013ff4255544e401800005a172d575a172d57
672.867,45,e9071901120103c37dc6794b11c8de0023e743623100006231000013ff4255544e400800005a172d575a172d57
672.947,45,e9071901120103c37dc6794b11c8decc2ce743643100006431000013ff4255544e402800005a172d575a172d57
673.001,45,e9071901120103c37dc6794b11c8de8233e743653100006531000013ff535054500465589f43000008213aa843
673.054,45,e9071901120103c37dc6794b11c8de493ae743663100006631000013ff4255544e400800005a172d575a172d57
673.132,45,e9071901120103c37dc6794b11c8de8244e743683100006831000013ff4255544e402800005a172d575a172d57
673.231,45,e9071901120103c37dc6794b11c8ded351e7436a3100006a31000013ff4255544e400800005a172d575a172d57
673.326,45,e9071901120103c37dc6794b11c8de8e5ee7436c3100006c31000013ff4255544e402800005a172d575a172d57
673.448,45,e9071901120103c37dc6794b11c8de076ee7436e3100006e31000013ff4255544e400800005a172d575a172d57
673.473,45,e9071901120103c37dc6794b11c8de1f71e7436e3100006e31000013ff4255544e500800005a172d575a172d57
673.521,45,e9071901120103c37dc6794b11c8de5c77e7436f3100006f31000013ff4255544e100800005a172d575a172d57
673.546,45,e9071901120103c37dc6794b11c8de757ae743703100007031000013ff4255544e102800005a172d575a172d57
673.547,45,e9071901120103c37dc6794b11c8de757ae743703100007031000013ff535054500570e1a643000008213aa843
673.57,45,e9071901120103c37dc6794b11c8de987de743703100007031000013ff4255544e502800005a172d575a172d57
673.666,45,e9071901120103c37dc6794b11c8defc89e743723100007231000013ff4255544e500800005a172d575a172d57
673.785,45,e9071901120103c37dc6794b11c8de5699e743753100007531000013ff4255544e502800005a172d575a172d57
673.832,45,e9071901120103c37dc6794b11c8de6d9fe743763100007631000013ff4255544e402800005a172d575a172d57
673.879,45,e9071901120103c37dc6794b11c8de81a5e743783100007831000013ff4255544e400800005a172d575a172d57
673.927,45,e9071901120103c37dc6794b11c8de94abe743793100007931000013ff4255544e500800005a172d575a172d57
674.119,45,e9071901120103c37dc6794b11c8dee7c3e7437c3100007c31000013ff4255544e100800005a172d575a172d57
674.267,45,e9071901120103c37dc6794b11c8de89d6e7437f3100007f31000013ff4255544e100000005a172d575a172d57
674.553,45,e9071901120103c37dc6794b11c8de76fae743863100008631000013ff4255544e500000005a172d575a172d57
674.633,45,e9071901120103c37dc6794b11c8de8f04e843883100008831000013ff4255544e504000005a172d575a172d57
674.739,45,e9071901120103c37dc6794b11c8de1f12e8438a3100008a31000013ff4255544e500000005a172d575a172d57
674.765,45,e9071901120103c37dc6794b11c8de8315e8438a3100008a31000013ff4255544e100000005a172d575a172d57
674.87,45,e9071901120103c37dc6794b11c8de0023e8438d3100008d31000013ff4255544e500000005a172d575a172d57
675.128,45,e9071901120103c37dc6794b11c8de3144e843933100009331000013ff535054500000129b43000008213aa843
675.203,45,e9071901120103c37dc6794b11c8defd4de843943100009431000013ff4255544e501000005a172d575a172d57
675.379,45,e9071901120103c37dc6794b11c8deaf64e843983100009831000013ff4255544e101000005a172d575a172d57
675.429,45,e9071901120103c37dc6794b11c8de216be843993100009931000013ff4255544e501000005a172d575a172d57
676.369,45,e9071901120103c37dc6794b11c8de04e3e843ac310000ac31000013ff4255544e401000005a172d575a172d57
676.777,45,e9071901120103c37dc6794b11c8de6616e943b4310000b431000013ff4255544e001000005a172d575a172d57
676.943,45,e9071901120103c37dc6794b11c8deb12be943b9310000b931000013ff4255544e501000005a172d575a172d57
677.075,45,e9071901120103c37dc6794b11c8de1b3de943bb310000bb31000013ff4255544e505000005a172d575a172d57
677.102,45,e9071901120103c37dc6794b11c8de8640e943bc310000bc31000013ff4255544e405200005a172d575a172d57
677.205,45,e9071901120103c37dc6794b11c8de084ee943be310000be31000013ff4255544e401000005a172d575a172d57
677.809,45,e9071901120103c37dc6794b11c8de0b9ce943cb310000cb31000013ff4255544e501000005a172d575a172d57
678.197,45,e9071901120103c37dc6794b11c8dee1cde943d4310000d431000013ff4255544e505000005a172d575a172d57
678.322,45,e9071901120103c37dc6794b11c8de89dde943d6310000d631000013ff4255544e501000005a172d575a172d57
678.399,45,e9071901120103c37dc6794b11c8de21e7e943d9310000d931000013ff4255544e401000005a172d575a172d57
679.847,45,e9071901120103c37dc6794b11c8de06a1ea43fa310000fa31000013ff4255544e401200005a172d575a172d57
679.947,45,e9071901120103c37dc6794b11c8de9aadea43fd310000fd31000013ff4255544e401000005a172d575a172d57
680.161,45,e9071901120103c37dc6794b11c8de91c9ea43013200000132000013ff4255544e405000005a172d575a172d57
680.163,45,e9071901120103c37dc6794b11c8de91c9ea43023200000232000013ff4f56544b07030000130ac23c4241983f
680.255,45,e9071901120103c37dc6794b11c8debcd5ea43033200000332000013ff4255544e001000005a172d575a172d57
682.295,45,e9071901120103c37dc6794b11c8deffdaeb432d3200002d32000013ff4255544e101000005a172d575a172d57
682.342,45,e9071901120103c37dc6794b11c8def2e0eb432e3200002e32000013ff4255544e001000005a172d575a172d57
682.673,45,e9071901120103c37dc6794b11c8de3d0bec43353200003532000013ff4255544e401000005a172d575a172d57
683.104,45,e9071901120103c37dc6794b11c8deeb42ec433f3200003f32000013ff4255544e601000005a172d575a172d57
683.404,45,e9071901120103c37dc6794b11c8deb268ec43463200004632000013ff4255544e401000005a172d575a172d57
683.452,45,e9071901120103c37dc6794b11c8deb46eec43473200004732000013ff4255544e403800005a172d575a172d57
683.501,45,e9071901120103c37dc6794b11c8dec974ec43483200004832000013ff4255544e603800005a172d575a172d57
683.525,45,e9071901120103c37dc6794b11c8dedd77ec43493200004932000013ff4255544e202800005a172d575a172d57
683.551,45,e9071901120103c37dc6794b11c8def77aec43493200004932000013ff4255544e200800005a172d575a172d57
683.624,45,e9071901120103c37dc6794b11c8de5684ec434a3200004a32000013ff4255544e202800005a172d575a172d57
683.722,45,e9071901120103c37dc6794b11c8defe90ec434c3200004c32000013ff4255544e200800005a172d575a172d57
684.262,45,e9071901120103c37dc6794b11c8de81d6ec43583200005832000013ff4255544e200000005a172d575a172d57
684.704,45,e9071901120103c37dc6794b11c8de9a0eed43623200006232000013ff4255544e201000005a172d575a172d57
685.37,45,e9071901120103c37dc6794b11c8de4564ed43713200007132000013ff4255544e601000005a172d575a172d57
685.765,45,e9071901120103c37dc6794b11c8de2c97ed43793200007932000013ff4255544e201000005a172d575a172d57
685.949,45,e9071901120103c37dc6794b11c8deadaeed437e3200007e32000013ff4255544e601000005a172d575a172d57
687.011,45,e9071901120103c37dc6794b11c8de0336ee43953200009532000013ff4255544e401000005a172d575a172d57
688.112,45,e9071901120103c37dc6794b11c8de06c3ee43ad320000ad32000013ff4255544e403800005a172d575a172d57
688.23,45,e9071901120103c37dc6794b11c8de57d2ee43b0320000b032000013ff4255544e400800005a172d575a172d57
688.302,45,e9071901120103c37dc6794b11c8de6fdbee43b1320000b132000013ff4255544e402800005a172d575a172d57
688.397,45,e9071901120103c37dc6794b11c8dea8e7ee43b4320000b432000013ff4255544e600800005a172d575a172d57
688.495,45,e9071901120103c37dc6794b11c8deecf3ee43b6320000b632000013ff4255544e602800005a172d575a172d57
688.596,45,e9071901120103c37dc6794b11c8de7000ef43b8320000b832000013ff4255544e600800005a172d575a172d57
688.699,45,e9071901120103c37dc6794b11c8de560def43ba320000ba32000013ff4255544e602800005a172d575a172d57
688.8,45,e9071901120103c37dc6794b11c8de751aef43bc320000bc32000013ff4255544e600800005a172d575a172d57
688.922,45,e9071901120103c37dc6794b11c8de8b2aef43bf320000bf32000013ff4255544e400800005a172d575a172d57
688.945,45,e9071901120103c37dc6794b11c8deb22def43c0320000c032000013ff4255544e402800005a172d575a172d57
689.088,45,e9071901120103c37dc6794b11c8de2840ef43c3320000c332000013ff4255544e600800005a172d575a172d57
689.135,45,e9071901120103c37dc6794b11c8de3b46ef43c4320000c432000013ff4255544e200800005a172d575a172d57
689.947,45,e9071901120103c37dc6794b11c8de9dadef43d6320000d632000013ff4255544e200000005a172d575a172d57
690.332,45,e9071901120103c37dc6794b11c8de78dfef43de320000de32000013ff4255544e204000005a172d575a172d57
690.469,45,e9071901120103c37dc6794b11c8de70f1ef43e1320000e132000013ff4255544e200000005a172d575a172d57
691.148,45,e9071901120103c37dc6794b11c8dead47f043f0320000f032000013ff4255544e201000005a172d575a172d57
691.245,45,e9071901120103c37dc6794b11c8def453f043f2320000f232000013ff4255544e601000005a172d575a172d57
691.759,45,e9071901120103c37dc6794b11c8de6496f043fd320000fd32000013ff4255544e401000005a172d575a172d57
691.85,45,e9071901120103c37dc6794b11c8de1ea2f043ff320000ff32000013ff4255544e001000005a172d575a172d57
692.032,45,e9071901120103c37dc6794b11c8de7db9f043043300000433000013ff4255544e401000005a172d575a172d57
692.579,45,e9071901120103c37dc6794b11c8de51fff043103300001033000013ff4255544e501000005a172d575a172d57
692.648,45,e9071901120103c37dc6794b11c8de2f08f143113300001133000013ff4255544e101000005a172d575a172d57
692.695,45,e9071901120103c37dc6794b11c8de150ef143123300001233000013ff4255544e103800005a172d575a172d57
692.832,45,e9071901120103c37dc6794b11c8deca1ff143153300001533000013ff4255544e102800005a172d575a172d57
692.855,45,e9071901120103c37dc6794b11c8debe22f143163300001633000013ff4255544e100800005a172d575a172d57
693.041,45,e9071901120103c37dc6794b11c8de603af1431a3300001a33000013ff4255544e100000005a172d575a172d57
694.17,45,e9071901120103c37dc6794b11c8deb5caf143313300003133000013ff4255544e101000005a172d575a172d57
694.402,45,e9071901120103c37dc6794b11c8dea0e8f143373300003733000013ff4255544e105000005a172d575a172d57
694.513,45,e9071901120103c37dc6794b11c8de3cf7f143393300003933000013ff4255544e101000005a172d575a172d57
695.494,45,e9071901120103c37dc6794b11c8de8374f2434e3300004e33000013ff4255544e501000005a172d575a172d57
695.996,45,e9071901120103c37dc6794b11c8deb6b4f243593300005933000013ff4255544e401000005a172d575a172d57
696.282,45,e9071901120103c37dc6794b11c8deb3d8f2435f3300005f33000013ff4255544e405000005a172d575a172d57
696.354,45,e9071901120103c37dc6794b11c8def2e1f243603300006033000013ff4255544e505000005a172d575a172d57
696.425,45,e9071901120103c37dc6794b11c8de2eebf243623300006233000013ff4255544e501000005a172d575a172d57
696.495,45,e9071901120103c37dc6794b11c8de53f4f243633300006333000013ff4255544e401000005a172d575a172d57
697.09,45,e9071901120103c37dc6794b11c8de613ff343703300007033000013ff4255544e001000005a172d575a172d57
697.3,45,e9071901120103c37dc6794b11c8deed59f343743300007433000013ff4255544e101000005a172d575a172d57
697.428,45,e9071901120103c37dc6794b11c8deb56af343773300007733000013ff4255544e001000005a172d575a172d57
697.676,45,e9071901120103c37dc6794b11c8defb8af3437c3300007c33000013ff4255544e401000005a172d575a172d57
697.749,45,e9071901120103c37dc6794b11c8de6a94f3437d3300007d33000013ff4255544e405000005a172d575a172d57
697.844,45,e9071901120103c37dc6794b11c8decba0f3437f3300007f33000013ff4255544e401000005a172d575a172d57
698.665,45,e9071901120103c37dc6794b11c8de8f08f443913300009133000013ff4255544e601000005a172d575a172d57
698.999,45,e9071901120103c37dc6794b11c8dec433f443993300009933000013ff4255544e603800005a172d575a172d57
699.052,45,e9071901120103c37dc6794b11c8de563af4439a3300009a33000013ff4255544e602800005a172d575a172d57
699.132,45,e9071901120103c37dc6794b11c8de5244f4439c3300009c33000013ff4255544e600800005a172d575a172d57
699.159,45,e9071901120103c37dc6794b11c8deae47f4439c3300009c33000013ff4255544e400800005a172d575a172d57
699.213,45,e9071901120103c37dc6794b11c8de7d4ef4439d3300009d33000013ff4255544e402800005a172d575a172d57
699.32,45,e9071901120103c37dc6794b11c8de3e5cf4439f3300009f33000013ff4255544e400800005a172d575a172d57
699.346,45,e9071901120103c37dc6794b11c8deaf5ff443a0330000a033000013ff4255544e600800005a172d575a172d57
699.423,45,e9071901120103c37dc6794b11c8dedc69f443a2330000a233000013ff4255544e602800005a172d575a172d57
699.528,45,e9071901120103c37dc6794b11c8de3377f443a5330000a533000013ff4255544e600800005a172d575a172d57
699.608,45,e9071901120103c37dc6794b11c8de3581f443a6330000a633000013ff4255544e200800005a172d575a172d57
699.665,45,e9071901120103c37dc6794b11c8de0188f443a7330000a733000013ff4255544e202800005a172d575a172d57
699.814,45,e9071901120103c37dc6794b11c8de009af443aa330000aa33000013ff4255544e200800005a172d575a172d57
700.048,45,e9071901120103c37dc6794b11c8de5db8f443b0330000b033000013ff4255544e600800005a172d575a172d57
700.351,45,e9071901120103c37dc6794b11c8de12e0f443b6330000b633000013ff4255544e200800005a172d575a172d57
700.506,45,e9071901120103c37dc6794b11c8de8af4f443b9330000b933000013ff4255544e200000005a172d575a172d57
701.292,45,e9071901120103c37dc6794b11c8deca5af543c9330000c933000013ff4255544e204000005a172d575a172d57
701.425,45,e9071901120103c37dc6794b11c8de106cf543cd330000cd33000013ff4255544e200000005a172d575a172d57
702.139,45,e9071901120103c37dc6794b11c8de43c7f543db330000db33000013ff4255544e600000005a172d575a172d57
702.183,45,e9071901120103c37dc6794b11c8defaccf543dc330000dc33000013ff4255544e601000005a172d575a172d57
703.089,45,e9071901120103c37dc6794b11c8dea240f643f0330000f033000013ff4255544e401000005a172d575a172d57
703.529,45,e9071901120103c37dc6794b11c8ded477f643f9330000f933000013ff4255544e001000005a172d575a172d57
703.697,45,e9071901120103c37dc6794b11c8def88df643fc330000fc33000013ff4255544e401000005a172d575a172d57
703.721,45,e9071901120103c37dc6794b11c8de0791f643fc330000fc33000013ff4255544e501000005a172d575a172d57
703.768,45,e9071901120103c37dc6794b11c8de2397f643fd330000fd33000013ff4255544e401000005a172d575a172d57
703.838,45,e9071901120103c37dc6794b11c8de34a0f643ff330000ff33000013ff4255544e405000005a172d575a172d57
703.953,45,e9071901120103c37dc6794b11c8de23aff643023400000234000013ff4255544e401000005a172d575a172d57
704.836,45,e9071901120103c37dc6794b11c8dee31ff743153400001534000013ff4255544e501000005a172d575a172d57
705.091,45,e9071901120103c37dc6794b11c8dec040f7431b3400001b34000013ff4255544e401000005a172d575a172d57
705.231,45,e9071901120103c37dc6794b11c8de8a52f7431e3400001e34000013ff4255544e501000005a172d575a172d57
705.617,45,e9071901120103c37dc6794b11c8de5f83f743263400002634000013ff4255544e505000005a172d575a172d57
705.736,45,e9071901120103c37dc6794b11c8deee92f743293400002934000013ff4255544e501000005a172d575a172d57
707.201,45,e9071901120103c37dc6794b11c8de1c4ff843483400004834000013ff4255544e401000005a172d575a172d57
707.732,45,e9071901120103c37dc6794b11c8de5293f843543400005434000013ff4255544e501000005a172d575a172d57
707.843,45,e9071901120103c37dc6794b11c8de7ea1f843563400005634000013ff4255544e505000005a172d575a172d57
707.954,45,e9071901120103c37dc6794b11c8deaeaff843593400005934000013ff4255544e501000005a172d575a172d57
708.22,45,e9071901120103c37dc6794b11c8dee7d1f8435e3400005e34000013ff4255544e401000005a172d575a172d57
708.831,45,e9071901120103c37dc6794b11c8deb520f9436c3400006c34000013ff4255544e001000005a172d575a172d57
709.038,45,e9071901120103c37dc6794b11c8de353bf943703400007034000013ff4255544e401000005a172d575a172d57
709.545,45,e9071901120103c37dc6794b11c8de1a7cf9437c3400007c34000013ff4255544e401800005a172d575a172d57
709.566,45,e9071901120103c37dc6794b11c8debc7ef9437c3400007c34000013ff4255544e403800005a172d575a172d57
709.668,45,e9071901120103c37dc6794b11c8def48bf9437e3400007e34000013ff4255544e401800005a172d575a172d57
709.689,45,e9071901120103c37dc6794b11c8de978ef9437f3400007f34000013ff4255544e400800005a172d575a172d57
709.77,45,e9071901120103c37dc6794b11c8de1099f943803400008034000013ff4255544e402800005a172d575a172d57
709.893,45,e9071901120103c37dc6794b11c8deb2a8f943833400008334000013ff4255544e400800005a172d575a172d57
710.001,45,e9071901120103c37dc6794b11c8deefb5f943853400008534000013ff4255544e402800005a172d575a172d57
710.111,45,e9071901120103c37dc6794b11c8dec4c3f943873400008734000013ff4255544e400800005a172d575a172d57
710.224,45,e9071901120103c37dc6794b11c8de00d2f9438a3400008a34000013ff4255544e402800005a172d575a172d57
710.355,45,e9071901120103c37dc6794b11c8de29e3f9438d3400008d34000013ff4255544e400800005a172d575a172d57
710.422,45,e9071901120103c37dc6794b11c8de98ebf9438e3400008e34000013ff4255544e500800005a172d575a172d57
710.443,45,e9071901120103c37dc6794b11c8de6beef9438f3400008f34000013ff4255544e502800005a172d575a172d57
710.485,45,e9071901120103c37dc6794b11c8defef3f943903400009034000013ff4255544e102800005a172d575a172d57
710.549,45,e9071901120103c37dc6794b11c8de4bfcf943913400009134000013ff4255544e100800005a172d575a172d57
710.613,45,e9071901120103c37dc6794b11c8de7e04fa43923400009234000013ff4255544e102800005a172d575a172d57
710.699,45,e9071901120103c37dc6794b11c8de660ffa43943400009434000013ff4255544e100800005a172d575a172d57
711.178,45,e9071901120103c37dc6794b11c8defc4bfa439e3400009e34000013ff4255544e100000005a172d575a172d57
711.29,45,e9071901120103c37dc6794b11c8de8a5afa43a0340000a034000013ff4255544e104000005a172d575a172d57
711.401,45,e9071901120103c37dc6794b11c8dedb68fa43a3340000a334000013ff4255544e100000005a172d575a172d57
711.991,45,e9071901120103c37dc6794b11c8de3bb4fa43b1340000b134000013ff4255544e101000005a172d575a172d57
712.037,45,e9071901120103c37dc6794b11c8def5b9fa43b2340000b234000013ff4255544e100000005a172d575a172d57
712.061,45,e9071901120103c37dc6794b11c8dee1bcfa43b2340000b234000013ff4255544e501000005a172d575a172d57
712.833,45,e9071901120103c37dc6794b11c8de8820fb43c3340000c334000013ff4255544e505000005a172d575a172d57
712.918,45,e9071901120103c37dc6794b11c8de7c2bfb43c5340000c534000013ff4255544e405000005a172d575a172d57
712.94,45,e9071901120103c37dc6794b11c8de382efb43c6340000c634000013ff4255544e401000005a172d575a172d57
713.137,45,e9071901120103c37dc6794b11c8de3047fb43ca340000ca34000013ff4255544e501000005a172d575a172d57
713.553,45,e9071901120103c37dc6794b11c8decf7cfb43d3340000d334000013ff4255544e401000005a172d575a172d57
714.187,45,e9071901120103c37dc6794b11c8de1fcdfb43e1340000e134000013ff4255544e001000005a172d575a172d57
714.364,45,e9071901120103c37dc6794b11c8de53e4fb43e5340000e534000013ff4255544e401000005a172d575a172d57
715.28,45,e9071901120103c37dc6794b11c8de0459fc43f9340000f934000013ff4255544e401200005a172d575a172d57
715.325,45,e9071901120103c37dc6794b11c8dee55efc43fa340000fa34000013ff4255544e405200005a172d575a172d57
715.391,45,e9071901120103c37dc6794b11c8de9267fc43fc340000fc34000013ff4255544e405000005a172d575a172d57
715.479,45,e9071901120103c37dc6794b11c8deff72fc43fe340000fe34000013ff4255544e401000005a172d575a172d57
716.494,45,e9071901120103c37dc6794b11c8de00f4fc43133500001335000013ff4255544e405000005a172d575a172d57
716.61,45,e9071901120103c37dc6794b11c8de1e03fd43153500001535000013ff4255544e401000005a172d575a172d57
717.992,45,e9071901120103c37dc6794b11c8dec7b2fd43343500003435000013ff4255544e405000005a172d575a172d57
718.121,45,e9071901120103c37dc6794b11c8de3ac3fd43363500003635000013ff4255544e401000005a172d575a172d57
718.173,45,e9071901120103c37dc6794b11c8ded3c9fd43373500003735000013ff4255544e401200005a172d575a172d57
718.323,45,e9071901120103c37dc6794b11c8de7bddfd433a3500003a35000013ff4255544e401000005a172d575a172d57
720.583,45,e9071901120103c37dc6794b11c8de74fbfe436a3500006a35000013ff4255544e001000005a172d575a172d57
720.807,45,e9071901120103c37dc6794b11c8decc17ff436e3500006e35000013ff4255544e401000005a172d575a172d57
721.778,45,e9071901120103c37dc6794b11c8de1896ff43833500008335000013ff4255544e405000005a172d575a172d57
721.885,45,e9071901120103c37dc6794b11c8de51a4ff43873500008735000013ff4255544e401000005a172d575a172d57
723.935,45,e9071901120103c37dc6794b11c8de0a550044b3350000b335000013ff4255544e401004005a172d575a172d57
724.394,45,e9071901120103c37dc6794b11c8dedb730044bd350000bd35000013ff4255544e401000005a172d575a172d57
725.049,45,e9071901120103c37dc6794b11c8dec59c0044cb350000cb35000013ff4255544e001000005a172d575a172d57
728.168,45,e9071901120103c37dc6794b11c8def56301440f3600000f36000013ff4255544e401000005a172d575a172d57
728.979,45,e9071901120103c37dc6794b11c8dea0980144213600002136000013ff535054501370559e43000008213aa843
729.246,45,e9071901120103c37dc6794b11c8def2a90144263600002636000013ff4255544e403800005a172d575a172d57
729.295,45,e9071901120103c37dc6794b11c8de10ad0144273600002736000013ff4255544e402800005a172d575a172d57
729.368,45,e9071901120103c37dc6794b11c8dec0b10144293600002936000013ff4255544e400800005a172d575a172d57
729.442,45,e9071901120103c37dc6794b11c8de78b601442b3600002b36000013ff4255544e402800005a172d575a172d57
729.541,45,e9071901120103c37dc6794b11c8debfbc01442d3600002d36000013ff4255544e400800005a172d575a172d57
729.616,45,e9071901120103c37dc6794b11c8de7bc101442e3600002e36000013ff4255544e402800005a172d575a172d57
729.739,45,e9071901120103c37dc6794b11c8de6cc90144313600003136000013ff4255544e400800005a172d575a172d57
729.837,45,e9071901120103c37dc6794b11c8debccf0144333600003336000013ff4255544e402800005a172d575a172d57
729.911,45,e9071901120103c37dc6794b11c8de72d40144353600003536000013ff4255544e400800005a172d575a172d57
730.033,45,e9071901120103c37dc6794b11c8de4ddc0144383600003836000013ff4255544e402800005a172d575a172d57
730.132,45,e9071901120103c37dc6794b11c8de8ce201443a3600003a36000013ff4255544e400800005a172d575a172d57
730.286,45,e9071901120103c37dc6794b11c8de21ec01443d3600003d36000013ff4255544e402800005a172d575a172d57
730.391,45,e9071901120103c37dc6794b11c8dec1f20144403600004036000013ff4255544e502800005a172d575a172d57
730.416,45,e9071901120103c37dc6794b11c8de6bf40144403600004036000013ff4255544e500800005a172d575a172d57
730.442,45,e9071901120103c37dc6794b11c8de17f60144413600004136000013ff4255544e100800005a172d575a172d57
730.516,45,e9071901120103c37dc6794b11c8de0afb0144423600004236000013ff4255544e102800005a172d575a172d57
730.589,45,e9071901120103c37dc6794b11c8dee1ff0144443600004436000013ff4255544e100800005a172d575a172d57
730.686,45,e9071901120103c37dc6794b11c8de25060244463600004636000013ff4255544e102800005a172d575a172d57
730.711,45,e9071901120103c37dc6794b11c8deb1070244463600004636000013ff4255544e502800005a172d575a172d57
730.784,45,e9071901120103c37dc6794b11c8de5b0c0244483600004836000013ff4255544e102800005a172d575a172d57
730.832,45,e9071901120103c37dc6794b11c8de760f0244493600004936000013ff4255544e100800005a172d575a172d57
731.096,45,e9071901120103c37dc6794b11c8de5e2002444f3600004f36000013ff535054500cab689c43000008213aa843
731.559,45,e9071901120103c37dc6794b11c8deda3d0244593600005936000013ff4255544e100000005a172d575a172d57
731.682,45,e9071901120103c37dc6794b11c8dec34502445c3600005c36000013ff4255544e104000005a172d575a172d57
731.783,45,e9071901120103c37dc6794b11c8de204c02445e3600005e36000013ff4255544e100000005a172d575a172d57
731.937,45,e9071901120103c37dc6794b11c8deca550244623600006236000013ff4255544e500000005a172d575a172d57
732.067,45,e9071901120103c37dc6794b11c8de015e0244653600006536000013ff53505450017eb9a343000008213aa843
732.224,45,e9071901120103c37dc6794b11c8defd670244683600006836000013ff535054500ae8cba243000008213aa843
732.406,45,e9071901120103c37dc6794b11c8deb07302446b3600006b36000013ff4255544e501000005a172d575a172d57
732.432,45,e9071901120103c37dc6794b11c8de5e7502446c3600006c36000013ff4255544e500000005a172d575a172d57
732.457,45,e9071901120103c37dc6794b11c8de097702446c3600006c36000013ff4255544e501000005a172d575a172d57
732.559,45,e9071901120103c37dc6794b11c8deac7d02446e3600006e36000013ff4255544e101000005a172d575a172d57
732.684,45,e9071901120103c37dc6794b11c8deca850244713600007136000013ff4255544e501000005a172d575a172d57
732.708,45,e9071901120103c37dc6794b11c8de63870244713600007136000013ff4255544e500000005a172d575a172d57
733.056,45,e9071901120103c37dc6794b11c8de9f9d0244793600007936000013ff4255544e501000005a172d575a172d57
733.42,45,e9071901120103c37dc6794b11c8de9ab40244813600008136000013ff4255544e401000005a172d575a172d57
733.648,45,e9071901120103c37dc6794b11c8de79c30244863600008636000013ff4255544e405000005a172d575a172d57
733.769,45,e9071901120103c37dc6794b11c8de71cb0244883600008836000013ff4255544e401000005a172d575a172d57
733.843,45,e9071901120103c37dc6794b11c8de22d002448a3600008a36000013ff4255544e601000005a172d575a172d57
734.146,45,e9071901120103c37dc6794b11c8de31e30244913600009136000013ff4255544e201000005a172d575a172d57
734.147,45,e9071901120103c37dc6794b11c8de31e30244913600009136000013ff535054500703049b43000008213aa843
734.349,45,e9071901120103c37dc6794b11c8de4df00244953600009536000013ff4255544e601000005a172d575a172d57
734.669,45,e9071901120103c37dc6794b11c8deee0403449c3600009c36000013ff4255544e201000005a172d575a172d57
734.792,45,e9071901120103c37dc6794b11c8dec60c03449f3600009f36000013ff53505450036ccba143000008213aa843
734.815,45,e9071901120103c37dc6794b11c8de560e03449f3600009f36000013ff4255544e601000005a172d575a172d57
735.535,45,e9071901120103c37dc6794b11c8de573c0344b0360000b036000013ff4255544e401000005a172d575a172d57
735.558,45,e9071901120103c37dc6794b11c8deed3d0344b0360000b036000013ff4255544e001000005a172d575a172d57
735.726,45,e9071901120103c37dc6794b11c8dec2480344b4360000b436000013ff4255544e401000005a172d575a172d57
736.04,45,e9071901120103c37dc6794b11c8dec45c0344bb360000bb36000013ff4255544e405000005a172d575a172d57
736.187,45,e9071901120103c37dc6794b11c8de17660344be360000be36000013ff4255544e401000005a172d575a172d57
736.335,45,e9071901120103c37dc6794b11c8de846f0344c1360000c136000013ff4255544e501000005a172d575a172d57
736.482,45,e9071901120103c37dc6794b11c8def6780344c5360000c536000013ff4255544e401000005a172d575a172d57
736.652,45,e9071901120103c37dc6794b11c8deef830344c8360000c836000013ff4255544e501000005a172d575a172d57
736.819,45,e9071901120103c37dc6794b11c8deb98e0344cb360000cb36000013ff4255544e101000005a172d575a172d57
736.869,45,e9071901120103c37dc6794b11c8dec6910344ce360000ce36000013ff535054501138619d43000008213aa843
736.892,45,e9071901120103c37dc6794b11c8de52930344ce360000ce36000013ff5350545012a13aa543000008213aa843
736.939,45,e9071901120103c37dc6794b11c8de62960344cf360000cf36000013ff4255544e501000005a172d575a172d57
737.289,45,e9071901120103c37dc6794b11c8de5fac0344d6360000d636000013ff4255544e505000005a172d575a172d57
737.441,45,e9071901120103c37dc6794b11c8de27b60344da360000da36000013ff4255544e501000005a172d575a172d57
738.434,45,e9071901120103c37dc6794b11c8de6ff50344ef360000ef36000013ff4255544e401000005a172d575a172d57
738.745,45,e9071901120103c37dc6794b11c8de76090444f5360000f536000013ff4255544e441000005a172d575a172d57
738.822,45,e9071901120103c37dc6794b11c8de6b0e0444f6360000f636000013ff4255544e401000005a172d575a172d57
738.902,45,e9071901120103c37dc6794b11c8de67130444f9360000f936000013ff4255544e441000005a172d575a172d57
738.983,45,e9071901120103c37dc6794b11c8de76180444fb360000fb36000013ff4255544e401000005a172d575a172d57
739.038,45,e9071901120103c37dc6794b11c8dee01b0444fc360000fc36000013ff4255544e441000005a172d575a172d57
739.094,45,e9071901120103c37dc6794b11c8de5a1f0444fd360000fd36000013ff4255544e401000005a172d575a172d57
739.095,45,e9071901120103c37dc6794b11c8de5a1f0444fd360000fd36000013ff535054500f34029e43000008213aa843
739.35,45,e9071901120103c37dc6794b11c8de702f0444033700000337000013ff53505450087f7ba443000008213aa843
739.833,45,e9071901120103c37dc6794b11c8dee44e04440d3700000d37000013ff535054500629a2a443000008213aa843
739.961,45,e9071901120103c37dc6794b11c8de3a5704440f3700000f37000013ff4255544e405000005a172d575a172d57
740.066,45,e9071901120103c37dc6794b11c8dede5d0444113700001137000013ff4255544e401000005a172d575a172d57
740.775,45,e9071901120103c37dc6794b11c8def58a0444203700002037000013ff4255544e441000005a172d575a172d57
740.803,45,e9071901120103c37dc6794b11c8debc8c0444213700002137000013ff4255544e041000005a172d575a172d57
740.857,45,e9071901120103c37dc6794b11c8de44900444223700002237000013ff4255544e001000005a172d575a172d57
740.965,45,e9071901120103c37dc6794b11c8de3e970444243700002437000013ff4255544e041000005a172d575a172d57
741.046,45,e9071901120103c37dc6794b11c8de719c0444263700002637000013ff4255544e001000005a172d575a172d57
741.128,45,e9071901120103c37dc6794b11c8dea8a10444283700002837000013ff4255544e041000005a172d575a172d57
741.184,45,e9071901120103c37dc6794b11c8de23a50444293700002937000013ff4255544e001000005a172d575a172d57
742.549,45,e9071901120103c37dc6794b11c8defbfc0444463700004637000013ff4255544e005000005a172d575a172d57
742.681,45,e9071901120103c37dc6794b11c8de3a050544493700004937000013ff4255544e001000005a172d575a172d57
742.908,45,e9071901120103c37dc6794b11c8de271305444d3700004d37000013ff4255544e001004005a172d575a172d57
743.543,45,e9071901120103c37dc6794b11c8de493d05445b3700005b37000013ff4255544e001000005a172d575a172d57
744.265,45,e9071901120103c37dc6794b11c8deec6905446b3700006b37000013ff535054500da1d79c43000008213aa843
744.468,45,e9071901120103c37dc6794b11c8ded1760544703700007037000013ff535054501015389e43000008213aa843
745.46,45,e9071901120103c37dc6794b11c8deb6b60544843700008437000013ff4255544e401000005a172d575a172d57
745.64,45,e9071901120103c37dc6794b11c8dea8c10544883700008837000013ff4255544e001000005a172d575a172d57
745.814,45,e9071901120103c37dc6794b11c8de1ccd05448b3700008b37000013ff4255544e401000005a172d575a172d57
745.929,45,e9071901120103c37dc6794b11c8de85d405448f3700008f37000013ff4255544e001000005a172d575a172d57
746.118,45,e9071901120103c37dc6794b11c8de11e10544943700009437000013ff535054500903129b43000008213aa843
746.142,45,e9071901120103c37dc6794b11c8dec6e20544943700009437000013ff4255544e401000005a172d575a172d57
746.268,45,e9071901120103c37dc6794b11c8de18eb0544963700009637000013ff4255544e403800005a172d575a172d57
746.393,45,e9071901120103c37dc6794b11c8de21f305449a3700009a37000013ff4255544e401800005a172d575a172d57
746.473,45,e9071901120103c37dc6794b11c8defdf705449b3700009b37000013ff4255544e403800005a172d575a172d57
746.527,45,e9071901120103c37dc6794b11c8de4dfb05449c3700009c37000013ff4255544e402800005a172d575a172d57
746.582,45,e9071901120103c37dc6794b11c8deb4fe05449e3700009e37000013ff4255544e400800005a172d575a172d57
746.663,45,e9071901120103c37dc6794b11c8dee50306449f3700009f37000013ff4255544e402800005a172d575a172d57
746.691,45,e9071901120103c37dc6794b11c8dea1050644a0370000a037000013ff535054500ec294a443000008213aa843
746.741,45,e9071901120103c37dc6794b11c8de18090644a1370000a137000013ff4255544e400800005a172d575a172d57
746.84,45,e9071901120103c37dc6794b11c8dec60f0644a3370000a337000013ff4255544e402800005a172d575a172d57
746.913,45,e9071901120103c37dc6794b11c8de8f140644a6370000a637000013ff535054500b67d1a043000008213aa843
746.961,45,e9071901120103c37dc6794b11c8dea9170644a6370000a637000013ff4255544e400800005a172d575a172d57
747.033,45,e9071901120103c37dc6794b11c8de4b1c0644a8370000a837000013ff4255544e402800005a172d575a172d57
747.105,45,e9071901120103c37dc6794b11c8deea200644a9370000a937000013ff4255544e400800005a172d575a172d57
747.129,45,e9071901120103c37dc6794b11c8de76220644aa370000aa37000013ff4255544e500800005a172d575a172d57
747.178,45,e9071901120103c37dc6794b11c8de8f250644ab370000ab37000013ff4255544e100800005a172d575a172d57
747.202,45,e9071901120103c37dc6794b11c8de1d270644ab370000ab37000013ff4255544e102800005a172d575a172d57
747.227,45,e9071901120103c37dc6794b11c8deaa280644ac370000ac37000013ff535054500235969e43000008213aa843
747.299,45,e9071901120103c37dc6794b11c8de512d0644ad370000ad37000013ff4255544e100800005a172d575a172d57
747.516,45,e9071901120103c37dc6794b11c8de473b0644b2370000b237000013ff4255544e500800005a172d575a172d57
747.588,45,e9071901120103c37dc6794b11c8dee83f0644b4370000b437000013ff4255544e500000005a172d575a172d57
747.638,45,e9071901120103c37dc6794b11c8defc420644b5370000b537000013ff535054500411909c43000008213aa843
747.686,45,e9071901120103c37dc6794b11c8de13460644b6370000b637000013ff4255544e100000005a172d575a172d57
748.018,45,e9071901120103c37dc6794b11c8dee35a0644be370000be37000013ff5350545005edfb9f43000008213aa843
748.095,45,e9071901120103c37dc6794b11c8ded75f0644bf370000bf37000013ff4255544e101000005a172d575a172d57
748.147,45,e9071901120103c37dc6794b11c8de26630644c0370000c037000013ff4255544e105000005a172d575a172d57
748.226,45,e9071901120103c37dc6794b11c8de26680644c1370000c137000013ff4255544e100000005a172d575a172d57
748.278,45,e9071901120103c37dc6794b11c8de7f6b0644c3370000c337000013ff4255544e500000005a172d575a172d57
748.597,45,e9071901120103c37dc6794b11c8dece7f0644c9370000c937000013ff4255544e100000005a172d575a172d57
748.648,45,e9071901120103c37dc6794b11c8de32830644ca370000ca37000013ff4255544e101000005a172d575a172d57
748.878,45,e9071901120103c37dc6794b11c8de20920644cf370000cf37000013ff4255544e501000005a172d575a172d57
749.129,45,e9071901120103c37dc6794b11c8de4ba20644d4370000d437000013ff4255544e101000005a172d575a172d57
749.276,45,e9071901120103c37dc6794b11c8dec9ab0644d7370000d737000013ff4255544e501000005a172d575a172d57
749.899,45,e9071901120103c37dc6794b11c8de19d30644e5370000e537000013ff4255544e401000005a172d575a172d57
750.193,45,e9071901120103c37dc6794b11c8dee9e50644eb370000eb37000013ff4255544e501000005a172d575a172d57
750.194,45,e9071901120103c37dc6794b11c8dee9e50644eb370000eb37000013ff535054500063679b43000008213aa843
750.348,45,e9071901120103c37dc6794b11c8de09f00644ee370000ee37000013ff4255544e401000005a172d575a172d57
750.427,45,e9071901120103c37dc6794b11c8de04f50644f1370000f137000013ff4255544e001000005a172d575a172d57
750.558,45,e9071901120103c37dc6794b11c8de61fd0644f3370000f337000013ff4255544e501000005a172d575a172d57
750.765,45,e9071901120103c37dc6794b11c8dec50a0744f7370000f737000013ff4255544e505000005a172d575a172d57
750.791,45,e9071901120103c37dc6794b11c8de6d0c0744f8370000f837000013ff4255544e405000005a172d575a172d57
750.891,45,e9071901120103c37dc6794b11c8def7120744fb370000fb37000013ff4255544e401000005a172d575a172d57
751.532,45,e9071901120103c37dc6794b11c8de3f3c0744093800000938000013ff4255544e501000005a172d575a172d57
751.952,45,e9071901120103c37dc6794b11c8dec3560744123800001238000013ff4255544e401000005a172d575a172d57
752.003,45,e9071901120103c37dc6794b11c8de085a0744133800001338000013ff4255544e405000005a172d575a172d57
752.105,45,e9071901120103c37dc6794b11c8de97600744153800001538000013ff4255544e401000005a172d575a172d57
753.918,45,e9071901120103c37dc6794b11c8de21d507443c3800003c38000013ff4255544e001000005a172d575a172d57
754.184,45,e9071901120103c37dc6794b11c8ded0e50744423800004238000013ff4255544e005000005a172d575a172d57
754.339,45,e9071901120103c37dc6794b11c8de7bef0744453800004538000013ff4255544e001000005a172d575a172d57
755.873,45,e9071901120103c37dc6794b11c8de62520844673800006738000013ff4255544e401000005a172d575a172d57
756.909,45,e9071901120103c37dc6794b11c8deb09408447d3800007d38000013ff4255544e601000005a172d575a172d57
756.955,45,e9071901120103c37dc6794b11c8dea09708447e3800007e38000013ff4255544e603800005a172d575a172d57
757.026,45,e9071901120103c37dc6794b11c8de0d9c0844803800008038000013ff4255544e203800005a172d575a172d57
757.073,45,e9071901120103c37dc6794b11c8de099f0844803800008038000013ff4255544e201800005a172d575a172d57
757.144,45,e9071901120103c37dc6794b11c8de86a30844823800008238000013ff4255544e203800005a172d575a172d57
757.214,45,e9071901120103c37dc6794b11c8de0ea80844833800008338000013ff4255544e202800005a172d575a172d57
757.309,45,e9071901120103c37dc6794b11c8de19ae0844853800008538000013ff4255544e200800005a172d575a172d57
757.404,45,e9071901120103c37dc6794b11c8de2ab40844883800008838000013ff4255544e600800005a172d575a172d57
757.475,45,e9071901120103c37dc6794b11c8deb7b808448a3800008a38000013ff4255544e200800005a172d575a172d57
757.668,45,e9071901120103c37dc6794b11c8def8c408448d3800008d38000013ff4255544e200000005a172d575a172d57
758.19,45,e9071901120103c37dc6794b11c8de3fe60844983800009838000013ff4255544e201000005a172d575a172d57
758.837,45,e9071901120103c37dc6794b11c8de03100944a6380000a638000013ff4255544e601000005a172d575a172d57
761.606,45,e9071901120103c37dc6794b11c8dedfc00944e3380000e338000013ff4255544e401000005a172d575a172d57
761.704,45,e9071901120103c37dc6794b11c8de1fc70944e5380000e538000013ff4255544e401800005a172d575a172d57
761.729,45,e9071901120103c37dc6794b11c8deb3c80944e6380000e638000013ff4255544e403800005a172d575a172d57
761.803,45,e9071901120103c37dc6794b11c8de6ecd0944e7380000e738000013ff4255544e402800005a172d575a172d57
761.852,45,e9071901120103c37dc6794b11c8de97d00944e8380000e838000013ff4255544e400800005a172d575a172d57
761.951,45,e9071901120103c37dc6794b11c8deead60944ea380000ea38000013ff4255544e402800005a172d575a172d57
762.05,45,e9071901120103c37dc6794b11c8de3edd0944ec380000ec38000013ff4255544e400800005a172d575a172d57
762.173,45,e9071901120103c37dc6794b11c8de27e50944ee380000ee38000013ff4255544e402800005a172d575a172d57
762.246,45,e9071901120103c37dc6794b11c8dedce90944f0380000f038000013ff4255544e602800005a172d575a172d57
762.295,45,e9071901120103c37dc6794b11c8deffec0944f1380000f138000013ff4255544e600800005a172d575a172d57
762.393,45,e9071901120103c37dc6794b11c8de3cf30944f4380000f438000013ff4255544e602800005a172d575a172d57
762.465,45,e9071901120103c37dc6794b11c8dee9f70944f5380000f538000013ff4255544e202800005a172d575a172d57
762.513,45,e9071901120103c37dc6794b11c8de05fb0944f6380000f638000013ff4255544e200800005a172d575a172d57
763.339,45,e9071901120103c37dc6794b11c8de5b300a44083900000839000013ff4255544e200000005a172d575a172d57
764.031,45,e9071901120103c37dc6794b11c8de385c0a44183900001839000013ff4255544e201000005a172d575a172d57
764.054,45,e9071901120103c37dc6794b11c8dec05d0a44183900001839000013ff4255544e200000005a172d575a172d57
764.1,45,e9071901120103c37dc6794b11c8dece600a44193900001939000013ff4255544e204000005a172d575a172d57
764.213,45,e9071901120103c37dc6794b11c8de32680a441b3900001b39000013ff4255544e200000005a172d575a172d57
764.75,45,e9071901120103c37dc6794b11c8de8f8a0a44273900002739000013ff4255544e201000005a172d575a172d57
765.077,45,e9071901120103c37dc6794b11c8de479f0a442f3900002f39000013ff4255544e200000005a172d575a172d57
765.1,45,e9071901120103c37dc6794b11c8dec4a00a442f3900002f39000013ff4255544e201000005a172d575a172d57
765.124,45,e9071901120103c37dc6794b11c8de47a20a44303900003039000013ff4255544e601000005a172d575a172d57
765.329,45,e9071901120103c37dc6794b11c8de8daf0a44353900003539000013ff4255544e401000005a172d575a172d57
765.996,45,e9071901120103c37dc6794b11c8de09da0a44423900004239000013ff4255544e501000005a172d575a172d57
766.02,45,e9071901120103c37dc6794b11c8de8ddb0a44423900004239000013ff4255544e101000005a172d575a172d57
766.294,45,e9071901120103c37dc6794b11c8de59ed0a44483900004839000013ff4255544e101800005a172d575a172d57
766.316,45,e9071901120103c37dc6794b11c8decbee0a44483900004839000013ff4255544e102800005a172d575a172d57
766.453,45,e9071901120103c37dc6794b11c8de89f70a444c3900004c39000013ff4255544e100800005a172d575a172d57
766.684,45,e9071901120103c37dc6794b11c8de2a060b44513900005139000013ff4255544e100000005a172d575a172d57
767.355,45,e9071901120103c37dc6794b11c8de25310b445f3900005f39000013ff4255544e101000005a172d575a172d57
767.605,45,e9071901120103c37dc6794b11c8de47410b44643900006439000013ff4255544e100000005a172d575a172d57
767.788,45,e9071901120103c37dc6794b11c8dee94c0b44683900006839000013ff4255544e101000005a172d575a172d57
768.237,45,e9071901120103c37dc6794b11c8dede690b44723900007239000013ff4255544e105000005a172d575a172d57
768.35,45,e9071901120103c37dc6794b11c8def6700b44743900007439000013ff4255544e101000005a172d575a172d57
768.991,45,e9071901120103c37dc6794b11c8dedd990b44823900008239000013ff4255544e501000005a172d575a172d57
769.697,45,e9071901120103c37dc6794b11c8de0ac70b44903900009039000013ff4255544e401000005a172d575a172d57
770.026,45,e9071901120103c37dc6794b11c8de02dc0b44983900009839000013ff4255544e501000005a172d575a172d57
770.282,45,e9071901120103c37dc6794b11c8de80ec0b449d3900009d39000013ff4255544e401000005a172d575a172d57
770.447,45,e9071901120103c37dc6794b11c8dee0f60b44a0390000a039000013ff4255544e001000005a172d575a172d57
770.548,45,e9071901120103c37dc6794b11c8de05fd0b44a2390000a239000013ff4255544e005000005a172d575a172d57
770.677,45,e9071901120103c37dc6794b11c8de0e050c44a5390000a539000013ff4255544e405000005a172d575a172d57
770.703,45,e9071901120103c37dc6794b11c8deb8060c44a5390000a539000013ff4255544e401000005a172d575a172d57
771.821,45,e9071901120103c37dc6794b11c8de534e0c44bd390000bd39000013ff4255544e405000005a172d575a172d57
771.955,45,e9071901120103c37dc6794b11c8de98560c44c2390000c239000013ff4255544e401000005a172d575a172d57
772.279,45,e9071901120103c37dc6794b11c8de596b0c44c9390000c939000013ff4255544e601000005a172d575a172d57
772.409,45,e9071901120103c37dc6794b11c8dee1730c44cc390000cc39000013ff4255544e201000005a172d575a172d57
772.618,45,e9071901120103c37dc6794b11c8de35810c44d0390000d039000013ff4255544e201800005a172d575a172d57
772.644,45,e9071901120103c37dc6794b11c8dee0820c44d1390000d139000013ff4255544e202800005a172d575a172d57
772.723,45,e9071901120103c37dc6794b11c8dee3870c44d2390000d239000013ff4255544e602800005a172d575a172d57
772.75,45,e9071901120103c37dc6794b11c8de90890c44d3390000d339000013ff4255544e600800005a172d575a172d57
772.804,45,e9071901120103c37dc6794b11c8def48c0c44d5390000d539000013ff4255544e400800005a172d575a172d57
772.859,45,e9071901120103c37dc6794b11c8de60900c44d7390000d739000013ff4255544e402800005a172d575a172d57
772.938,45,e9071901120103c37dc6794b11c8de8f950c44d9390000d939000013ff4255544e400800005a172d575a172d57
773.041,45,e9071901120103c37dc6794b11c8de5a9c0c44db390000db39000013ff4255544e402800005a172d575a172d57
773.118,45,e9071901120103c37dc6794b11c8de55a10c44dc390000dc39000013ff4255544e400800005a172d575a172d57
773.223,45,e9071901120103c37dc6794b11c8dee5a70c44de390000de39000013ff4255544e600800005a172d575a172d57
773.25,45,e9071901120103c37dc6794b11c8de8ca90c44df390000df39000013ff4255544e602800005a172d575a172d57
773.306,45,e9071901120103c37dc6794b11c8deedac0c44e0390000e039000013ff4255544e202800005a172d575a172d57
773.365,45,e9071901120103c37dc6794b11c8de6bb00c44e2390000e239000013ff4255544e200800005a172d575a172d57
774.506,45,e9071901120103c37dc6794b11c8de7ffa0c44fb390000fb39000013ff4255544e200000005a172d575a172d57
774.724,45,e9071901120103c37dc6794b11c8de7f080d44ff390000ff39000013ff4255544e204000005a172d575a172d57
774.841,45,e9071901120103c37dc6794b11c8de2f100d44023a0000023a000013ff4255544e200000005a172d575a172d57
775.413,45,e9071901120103c37dc6794b11c8de2d350d440f3a00000f3a000013ff4255544e600000005a172d575a172d57
775.589,45,e9071901120103c37dc6794b11c8de5d400d44133a0000133a000013ff4255544e601000005a172d575a172d57
776.807,45,e9071901120103c37dc6794b11c8de498e0d442d3a00002d3a000013ff4255544e401000005a172d575a172d57
777.585,45,e9071901120103c37dc6794b11c8dee3bf0d443e3a00003e3a000013ff4255544e001000005a172d575a172d57
777.721,45,e9071901120103c37dc6794b11c8dea6c80d44403a0000403a000013ff4255544e101000005a172d575a172d57
777.766,45,e9071901120103c37dc6794b11c8de8ccb0d44413a0000413a000013ff4255544e105000005a172d575a172d57
777.79,45,e9071901120103c37dc6794b11c8de01cd0d44423a0000423a000013ff4255544e505000005a172d575a172d57
777.835,45,e9071901120103c37dc6794b11c8def0cf0d44433a0000433a000013ff4255544e405000005a172d575a172d57
777.906,45,e9071901120103c37dc6794b11c8de59d40d44453a0000453a000013ff4255544e401000005a172d575a172d57
777.954,45,e9071901120103c37dc6794b11c8de53d70d44463a0000463a000013ff4255544e501000005a172d575a172d57
778.721,45,e9071901120103c37dc6794b11c8dea0080e44563a0000563a000013ff4255544e401000005a172d575a172d57
778.985,45,e9071901120103c37dc6794b11c8de1d190e445d3a00005d3a000013ff4255544e501000005a172d575a172d57
779.108,45,e9071901120103c37dc6794b11c8def1200e445f3a00005f3a000013ff4255544e401000005a172d575a172d57
779.415,45,e9071901120103c37dc6794b11c8def6340e44663a0000663a000013ff4255544e501000005a172d575a172d57
779.461,45,e9071901120103c37dc6794b11c8def2370e44673a0000673a000013ff4255544e101000005a172d575a172d57
779.484,45,e9071901120103c37dc6794b11c8de6c390e44683a0000683a000013ff4255544e105000005a172d575a172d57
779.622,45,e9071901120103c37dc6794b11c8de3b420e446a3a00006a3a000013ff4255544e101000005a172d575a172d57
780.675,45,e9071901120103c37dc6794b11c8dec5850e44813a0000813a000013ff4255544e501000005a172d575a172d57
781.748,45,e9071901120103c37dc6794b11c8de9eca0e44973a0000973a000013ff4255544e505000005a172d575a172d57
781.86,45,e9071901120103c37dc6794b11c8dea1d10e449a3a00009a3a000013ff4255544e405000005a172d575a172d57
781.882,45,e9071901120103c37dc6794b11c8de11d30e449b3a00009b3a000013ff4255544e401000005a172d575a172d57
782.462,45,e9071901120103c37dc6794b11c8de78f80e44a73a0000a73a000013ff4255544e001000005a172d575a172d57
782.67,45,e9071901120103c37dc6794b11c8dee0050f44ab3a0000ab3a000013ff4255544e401000005a172d575a172d57
783.258,45,e9071901120103c37dc6794b11c8de782b0f44b83a0000b83a000013ff4255544e405000005a172d575a172d57
783.384,45,e9071901120103c37dc6794b11c8de87330f44bc3a0000bc3a000013ff4255544e401000005a172d575a172d57
783.405,45,e9071901120103c37dc6794b11c8dedf340f44bc3a0000bc3a000013ff4255544e401800005a172d575a172d57
783.447,45,e9071901120103c37dc6794b11c8de90370f44bd3a0000bd3a000013ff4255544e403800005a172d575a172d57
783.529,45,e9071901120103c37dc6794b11c8deea3c0f44bf3a0000bf3a000013ff4255544e402800005a172d575a172d57
783.57,45,e9071901120103c37dc6794b11c8de903f0f44bf3a0000bf3a000013ff4255544e400800005a172d575a172d57
783.652,45,e9071901120103c37dc6794b11c8dece440f44c13a0000c13a000013ff4255544e402800005a172d575a172d57
783.754,45,e9071901120103c37dc6794b11c8de504b0f44c33a0000c33a000013ff4255544e400800005a172d575a172d57
783.839,45,e9071901120103c37dc6794b11c8de95500f44c53a0000c53a000013ff4255544e402800005a172d575a172d57
783.948,45,e9071901120103c37dc6794b11c8de69570f44c83a0000c83a000013ff4255544e400800005a172d575a172d57
784.06,45,e9071901120103c37dc6794b11c8de705e0f44ca3a0000ca3a000013ff4255544e402800005a172d575a172d57
784.149,45,e9071901120103c37dc6794b11c8de22640f44cc3a0000cc3a000013ff4255544e400800005a172d575a172d57
784.171,45,e9071901120103c37dc6794b11c8de90650f44cc3a0000cc3a000013ff4255544e500800005a172d575a172d57
784.259,45,e9071901120103c37dc6794b11c8de406b0f44ce3a0000ce3a000013ff4255544e502800005a172d575a172d57
784.324,45,e9071901120103c37dc6794b11c8de796f0f44d03a0000d03a000013ff4255544e102800005a172d575a172d57
784.346,45,e9071901120103c37dc6794b11c8dee0700f44d03a0000d03a000013ff4255544e100800005a172d575a172d57
784.539,45,e9071901120103c37dc6794b11c8de407d0f44d53a0000d53a000013ff4255544e102800005a172d575a172d57
784.695,45,e9071901120103c37dc6794b11c8de17870f44d83a0000d83a000013ff4255544e100800005a172d575a172d57
785.171,45,e9071901120103c37dc6794b11c8de77a50f44e13a0000e13a000013ff4255544e100000005a172d575a172d57
785.283,45,e9071901120103c37dc6794b11c8deb0ac0f44e43a0000e43a000013ff4255544e104000005a172d575a172d57
785.392,45,e9071901120103c37dc6794b11c8dec9b30f44e73a0000e73a000013ff4255544e100000005a172d575a172d57
785.804,45,e9071901120103c37dc6794b11c8de0ace0f44ef3a0000ef3a000013ff4255544e500000005a172d575a172d57
785.898,45,e9071901120103c37dc6794b11c8ded3d30f44f13a0000f13a000013ff4255544e501000005a172d575a172d57
786.845,45,e9071901120103c37dc6794b11c8defe101044043b0000043b000013ff4255544e505000005a172d575a172d57
786.888,45,e9071901120103c37dc6794b11c8deb4131044063b0000063b000013ff4255544e405000005a172d575a172d57
786.953,45,e9071901120103c37dc6794b11c8dece171044073b0000073b000013ff4255544e401000005a172d575a172d57
788.5,45,e9071901120103c37dc6794b11c8deb47a1044293b0000293b000013ff4255544e501000005a172d575a172d57
788.759,45,e9071901120103c37dc6794b11c8de508b10442e3b00002e3b000013ff4255544e001000005a172d575a172d57
788.941,45,e9071901120103c37dc6794b11c8de9e961044333b0000333b000013ff4255544e005000005a172d575a172d57
788.964,45,e9071901120103c37dc6794b11c8de14981044333b0000333b000013ff4255544e405000005a172d575a172d57
788.987,45,e9071901120103c37dc6794b11c8de8d991044343b0000343b000013ff4255544e505000005a172d575a172d57
789.035,45,e9071901120103c37dc6794b11c8de849c1044353b0000353b000013ff4255544e405000005a172d575a172d57
789.082,45,e9071901120103c37dc6794b11c8de8a9f1044363b0000363b000013ff4255544e401000005a172d575a172d57
790.581,45,e9071901120103c37dc6794b11c8dec1ff1044563b0000563b000013ff4255544e405000005a172d575a172d57
790.694,45,e9071901120103c37dc6794b11c8def9061144583b0000583b000013ff4255544e401000005a172d575a172d57
790.809,45,e9071901120103c37dc6794b11c8de400e11445a3b00005a3b000013ff4255544e401004005a172d575a172d57
790.979,45,e9071901120103c37dc6794b11c8debd1911445e3b00005e3b000013ff4255544e401000005a172d575a172d57
792.433,45,e9071901120103c37dc6794b11c8de817511447c3b00007c3b000013ff4255544e405000005a172d575a172d57
792.561,45,e9071901120103c37dc6794b11c8deaf7d11447e3b00007e3b000013ff4255544e401000005a172d575a172d57
794.948,45,e9071901120103c37dc6794b11c8def8141244b23b0000b23b000013ff4255544e001000005a172d575a172d57
795.684,45,e9071901120103c37dc6794b11c8defa441244c23b0000c23b000013ff4255544e401000005a172d575a172d57
796.028,45,e9071901120103c37dc6794b11c8de915b1244ca3b0000ca3b000013ff4255544e405000005a172d575a172d57
796.131,45,e9071901120103c37dc6794b11c8de1a621244cc3b0000cc3b000013ff4255544e401000005a172d575a172d57
797.072,45,e9071901120103c37dc6794b11c8de7f9d1244e03b0000e03b000013ff4255544e401004005a172d575a172d57
797.506,45,e9071901120103c37dc6794b11c8deebba1244ea3b0000ea3b000013ff4255544e401000005a172d575a172d57
799.253,45,e9071901120103c37dc6794b11c8de092a13440f3c00000f3c000013ff4255544e001000005a172d575a172d57
799.557,45,e9071901120103c37dc6794b11c8de603d1344153c0000153c000013ff4255544e401000005a172d575a172d57
799.584,45,e9071901120103c37dc6794b11c8de043f1344163c0000163c000013ff4255544e001000005a172d575a172d57
800.934,45,e9071901120103c37dc6794b11c8def4941344323c0000323c000013ff4255544e401000005a172d575a172d57
800.991,45,e9071901120103c37dc6794b11c8de7f981344333c0000333c000013ff4255544e601000005a172d575a172d57
801.047,45,e9071901120103c37dc6794b11c8de179c1344343c0000343c000013ff4255544e001000005a172d575a172d57
801.791,45,e9071901120103c37dc6794b11c8de7bcb1344443c0000443c000013ff4255544e101000005a172d575a172d57
801.851,45,e9071901120103c37dc6794b11c8de2ecf1344453c0000453c000013ff4255544e001000005a172d575a172d57
802.144,45,e9071901120103c37dc6794b11c8de22e213444b3c00004b3c000013ff4255544e101000005a172d575a172d57
802.199,45,e9071901120103c37dc6794b11c8ded1e513444c3c00004c3c000013ff4255544e001000005a172d575a172d57
802.629,45,e9071901120103c37dc6794b11c8ded9011444563c0000563c000013ff4255544e401000005a172d575a172d57
802.705,45,e9071901120103c37dc6794b11c8dedf061444573c0000573c000013ff4255544e001000005a172d575a172d57
803.004,45,e9071901120103c37dc6794b11c8de3e1a14445d3c00005d3c000013ff4255544e401000005a172d575a172d57
803.006,45,e9071901120103c37dc6794b11c8de3e1a14445e3c00005e3c000013ff5350545013460d9e43000008213aa843
803.251,45,e9071901120103c37dc6794b11c8de182a1444623c0000623c000013ff4255544e403800005a172d575a172d57
803.373,45,e9071901120103c37dc6794b11c8dee6311444653c0000653c000013ff4255544e401800005a172d575a172d57
803.397,45,e9071901120103c37dc6794b11c8de75331444663c0000663c000013ff4255544e400800005a172d575a172d57
803.472,45,e9071901120103c37dc6794b11c8de2b381444673c0000673c000013ff4255544e402800005a172d575a172d57
803.545,45,e9071901120103c37dc6794b11c8dee53c1444693c0000693c000013ff4255544e400800005a172d575a172d57
803.644,45,e9071901120103c37dc6794b11c8de314314446b3c00006b3c000013ff4255544e402800005a172d575a172d57
803.766,45,e9071901120103c37dc6794b11c8de104b14446d3c00006d3c000013ff4255544e400800005a172d575a172d57
803.865,45,e9071901120103c37dc6794b11c8de58511444703c0000703c000013ff4255544e402800005a172d575a172d57
803.963,45,e9071901120103c37dc6794b11c8dea2571444723c0000723c000013ff4255544e400800005a172d575a172d57
804.087,45,e9071901120103c37dc6794b11c8de875f1444753c0000753c000013ff4255544e402800005a172d575a172d57
804.215,45,e9071901120103c37dc6794b11c8de82671444773c0000773c000013ff4255544e500800005a172d575a172d57
804.346,45,e9071901120103c37dc6794b11c8debb6f14447a3c00007a3c000013ff4255544e502800005a172d575a172d57
804.373,45,e9071901120103c37dc6794b11c8de687114447b3c00007b3c000013ff4255544e402800005a172d575a172d57
804.45,45,e9071901120103c37dc6794b11c8de6c7614447d3c00007d3c000013ff4255544e400800005a172d575a172d57
804.5,45,e9071901120103c37dc6794b11c8dec57914447f3c00007f3c000013ff4255544e500800005a172d575a172d57
804.549,45,e9071901120103c37dc6794b11c8de0d7d1444813c0000813c000013ff4255544e502800005a172d575a172d57
804.646,45,e9071901120103c37dc6794b11c8de66831444833c0000833c000013ff4255544e102800005a172d575a172d57
804.67,45,e9071901120103c37dc6794b11c8def8841444833c0000833c000013ff4255544e100800005a172d575a172d57
804.895,45,e9071901120103c37dc6794b11c8de1f931444893c0000893c000013ff535054500cd46f9443000008213aa843
804.942,45,e9071901120103c37dc6794b11c8de4e9614448a3c00008a3c000013ff4255544e102800005a172d575a172d57
805.088,45,e9071901120103c37dc6794b11c8deb39f14448d3c00008d3c000013ff4255544e100800005a172d575a172d57
805.283,45,e9071901120103c37dc6794b11c8de25ac1444913c0000913c000013ff5350545001e064a243000008213aa843
805.521,45,e9071901120103c37dc6794b11c8de70bb1444963c0000963c000013ff4255544e100000005a172d575a172d57
805.67,45,e9071901120103c37dc6794b11c8debfc41444993c0000993c000013ff4255544e104000005a172d575a172d57
805.773,45,e9071901120103c37dc6794b11c8de33cb14449b3c00009b3c000013ff4255544e100000005a172d575a172d57
805.799,45,e9071901120103c37dc6794b11c8ded6cc14449c3c00009c3c000013ff4255544e500000005a172d575a172d57
805.981,45,e9071901120103c37dc6794b11c8de5fd81444a13c0000a13c000013ff535054500af14ca543000008213aa843
806.135,45,e9071901120103c37dc6794b11c8de4de21444a43c0000a43c000013ff4255544e100000005a172d575a172d57
806.238,45,e9071901120103c37dc6794b11c8dee9e81444a63c0000a63c000013ff4255544e101000005a172d575a172d57
806.339,45,e9071901120103c37dc6794b11c8de7eef1444a83c0000a83c000013ff4255544e500000005a172d575a172d57
806.993,45,e9071901120103c37dc6794b11c8de50191544b73c0000b73c000013ff4255544e501000005a172d575a172d57
807.331,45,e9071901120103c37dc6794b11c8dec02e1544be3c0000be3c000013ff4255544e401000005a172d575a172d57
807.585,45,e9071901120103c37dc6794b11c8de3d3f1544c33c0000c33c000013ff5350545007b6d29a43000008213aa843
808.001,45,e9071901120103c37dc6794b11c8de0c5a1544cb3c0000cb3c000013ff4255544e601000005a172d575a172d57
808.051,45,e9071901120103c37dc6794b11c8de315d1544cc3c0000cc3c000013ff4255544e605000005a172d575a172d57
808.1,45,e9071901120103c37dc6794b11c8de5a601544cd3c0000cd3c000013ff4255544e205000005a172d575a172d57
808.174,45,e9071901120103c37dc6794b11c8de1a651544ce3c0000ce3c000013ff4255544e201000005a172d575a172d57
809.185,45,e9071901120103c37dc6794b11c8dec8a51544e53c0000e53c000013ff4255544e601000005a172d575a172d57
809.261,45,e9071901120103c37dc6794b11c8de89aa1544e73c0000e73c000013ff5350545003e38c9a43000008213aa843
809.87,45,e9071901120103c37dc6794b11c8ded6d11544f43c0000f43c000013ff4255544e201000005a172d575a172d57
809.894,45,e9071901120103c37dc6794b11c8de5dd31544f53c0000f53c000013ff4255544e001000005a172d575a172d57
810.065,45,e9071901120103c37dc6794b11c8de22de1544f83c0000f83c000013ff4255544e501000005a172d575a172d57
810.195,45,e9071901120103c37dc6794b11c8de23e61544fb3c0000fb3c000013ff4255544e101000005a172d575a172d57
810.376,45,e9071901120103c37dc6794b11c8deb9f11544ff3c0000ff3c000013ff4255544e501000005a172d575a172d57
810.449,45,e9071901120103c37dc6794b11c8de9df61544013d0000013d000013ff4255544e505000005a172d575a172d57
810.498,45,e9071901120103c37dc6794b11c8ded5f91544023d0000023d000013ff4255544e405000005a172d575a172d57
810.545,45,e9071901120103c37dc6794b11c8def7fc1544033d0000033d000013ff4255544e501000005a172d575a172d57
810.783,45,e9071901120103c37dc6794b11c8de4f0c1644083d0000083d000013ff4255544e401000005a172d575a172d57
810.83,45,e9071901120103c37dc6794b11c8de550f1644093d0000093d000013ff4255544e501000005a172d575a172d57
810.831,45,e9071901120103c37dc6794b11c8de550f1644093d0000093d000013ff535054501172db9443000008213aa843
811.4,45,e9071901120103c37dc6794b11c8de6d331644153d0000153d000013ff5350545012021da443000008213aa843
811.991,45,e9071901120103c37dc6794b11c8de07591644223d0000223d000013ff4255544e505000005a172d575a172d57
812.121,45,e9071901120103c37dc6794b11c8de52611644243d0000243d000013ff4255544e501000005a172d575a172d57
812.277,45,e9071901120103c37dc6794b11c8de526b1644273d0000273d000013ff4255544e501004005a172d575a172d57
812.606,45,e9071901120103c37dc6794b11c8dedc8116442e3d00002e3d000013ff4255544e501000005a172d575a172d57
812.831,45,e9071901120103c37dc6794b11c8ded18f1644333d0000333d000013ff4255544e401000005a172d575a172d57
813.501,45,e9071901120103c37dc6794b11c8de42b91644403d0000403d000013ff535054500fa2639d43000008213aa843
814.117,45,e9071901120103c37dc6794b11c8dec9e016444e3d00004e3d000013ff5350545008bbcfa043000008213aa843
814.171,45,e9071901120103c37dc6794b11c8de3be416444f3d00004f3d000013ff53505450060cdda643000008213aa843
814.249,45,e9071901120103c37dc6794b11c8de60e91644503d0000503d000013ff4255544e405000005a172d575a172d57
814.409,45,e9071901120103c37dc6794b11c8de97f31644533d0000533d000013ff4255544e401000005a172d575a172d57
815.022,45,e9071901120103c37dc6794b11c8de9c1a17445f3d00005f3d000013ff4255544e001000005a172d575a172d57
815.488,45,e9071901120103c37dc6794b11c8de593817446a3d00006a3d000013ff4255544e401000005a172d575a172d57
815.546,45,e9071901120103c37dc6794b11c8deec3b17446b3d00006b3d000013ff4255544e001000005a172d575a172d57
816.904,45,e9071901120103c37dc6794b11c8de76931744893d0000893d000013ff4255544e005000005a172d575a172d57
817.044,45,e9071901120103c37dc6794b11c8def29b17448c3d00008c3d000013ff4255544e001000005a172d575a172d57
818.237,45,e9071901120103c37dc6794b11c8de77e81744a63d0000a63d000013ff535054500dc8c89b43000008213aa843
818.604,45,e9071901120103c37dc6794b11c8de8fff1744ae3d0000ae3d000013ff4255544e101000005a172d575a172d57
818.662,45,e9071901120103c37dc6794b11c8de3b031844af3d0000af3d000013ff4255544e001000005a172d575a172d57
819.072,45,e9071901120103c37dc6794b11c8dedf1d1844b83d0000b83d000013ff4255544e401000005a172d575a172d57
819.752,45,e9071901120103c37dc6794b11c8def8481844c73d0000c73d000013ff5350545010b9b59a43000008213aa843
820.599,45,e9071901120103c37dc6794b11c8de19801844d93d0000d93d000013ff4255544e403800005a172d575a172d57
820.677,45,e9071901120103c37dc6794b11c8def3841844db3d0000db3d000013ff4255544e402800005a172d575a172d57
820.73,45,e9071901120103c37dc6794b11c8de3f881844dc3d0000dc3d000013ff4255544e400800005a172d575a172d57
820.732,45,e9071901120103c37dc6794b11c8de3f881844dc3d0000dc3d000013ff5350545009e3539c43000008213aa843
820.812,45,e9071901120103c37dc6794b11c8de518d1844dd3d0000dd3d000013ff4255544e402800005a172d575a172d57
820.893,45,e9071901120103c37dc6794b11c8de7e921844e03d0000e03d000013ff4255544e400800005a172d575a172d57
820.995,45,e9071901120103c37dc6794b11c8de58991844e23d0000e23d000013ff4255544e402800005a172d575a172d57
821.093,45,e9071901120103c37dc6794b11c8dee59f1844e43d0000e43d000013ff4255544e400800005a172d575a172d57
821.189,45,e9071901120103c37dc6794b11c8de29a61844e63d0000e63d000013ff4255544e402800005a172d575a172d57
821.215,45,e9071901120103c37dc6794b11c8deb4a71844e73d0000e73d000013ff535054500e0c51a343000008213aa843
821.31,45,e9071901120103c37dc6794b11c8deddad1844e83d0000e83d000013ff4255544e500800005a172d575a172d57
821.406,45,e9071901120103c37dc6794b11c8de0eb41844eb3d0000eb3d000013ff4255544e502800005a172d575a172d57
821.48,45,e9071901120103c37dc6794b11c8deb4b81844ed3d0000ed3d000013ff4255544e102800005a172d575a172d57
821.529,45,e9071901120103c37dc6794b11c8ded4bb1844ee3d0000ee3d000013ff4255544e100800005a172d575a172d57
821.651,45,e9071901120103c37dc6794b11c8dea8c31844f03d0000f03d000013ff4255544e500800005a172d575a172d57
821.699,45,e9071901120103c37dc6794b11c8dec9c61844f13d0000f13d000013ff4255544e502800005a172d575a172d57
821.796,45,e9071901120103c37dc6794b11c8de01cd1844f33d0000f33d000013ff4255544e500800005a172d575a172d57
821.845,45,e9071901120103c37dc6794b11c8de1dd01844f43d0000f43d000013ff4255544e100800005a172d575a172d57
821.921,45,e9071901120103c37dc6794b11c8decdd41844f73d0000f73d000013ff535054500bf66ba443000008213aa843
821.996,45,e9071901120103c37dc6794b11c8de8ad91844f83d0000f83d000013ff53505450027090a043000008213aa843
822.121,45,e9071901120103c37dc6794b11c8de85e11844fa3d0000fa3d000013ff4255544e100000005a172d575a172d57
822.171,45,e9071901120103c37dc6794b11c8debde41844fb3d0000fb3d000013ff4255544e100800005a172d575a172d57
822.196,45,e9071901120103c37dc6794b11c8de59e61844fc3d0000fc3d000013ff4255544e100000005a172d575a172d57
822.274,45,e9071901120103c37dc6794b11c8de2feb1844fe3d0000fe3d000013ff5350545004f0279f43000008213aa843
822.348,45,e9071901120103c37dc6794b11c8de09f01844ff3d0000ff3d000013ff4255544e104000005a172d575a172d57
822.453,45,e9071901120103c37dc6794b11c8de93f61844023e0000023e000013ff4255544e100000005a172d575a172d57
822.75,45,e9071901120103c37dc6794b11c8de4f091944083e0000083e000013ff4255544e101000005a172d575a172d57
823.191,45,e9071901120103c37dc6794b11c8deef251944113e0000113e000013ff53505450050b65a543000008213aa843
823.692,45,e9071901120103c37dc6794b11c8deee4519441c3e00001c3e000013ff4255544e501000005a172d575a172d57
824.088,45,e9071901120103c37dc6794b11c8de155f1944253e0000253e000013ff4255544e401000005a172d575a172d57
824.493,45,e9071901120103c37dc6794b11c8dedd7819442d3e00002d3e000013ff4255544e501000005a172d575a172d57
824.573,45,e9071901120103c37dc6794b11c8de0e7e19442e3e00002e3e000013ff4255544e401000005a172d575a172d57
824.599,45,e9071901120103c37dc6794b11c8dec77f19442f3e00002f3e000013ff4255544e001000005a172d575a172d57
824.755,45,e9071901120103c37dc6794b11c8def2891944323e0000323e000013ff4255544e101000005a172d575a172d57
824.781,45,e9071901120103c37dc6794b11c8de9d8b1944333e0000333e000013ff4255544e501000005a172d575a172d57
824.832,45,e9071901120103c37dc6794b11c8deed8e1944343e0000343e000013ff4255544e401000005a172d575a172d57
825.011,45,e9071901120103c37dc6794b11c8de6b9a1944383e0000383e000013ff4255544e405000005a172d575a172d57
825.138,45,e9071901120103c37dc6794b11c8de99a219443b3e00003b3e000013ff4255544e401000005a172d575a172d57
825.292,45,e9071901120103c37dc6794b11c8de55ac19443e3e00003e3e000013ff5350545000378f9a43000008213aa843
825.734,45,e9071901120103c37dc6794b11c8de05c91944483e0000483e000013ff4255544e501000005a172d575a172d57
826.101,45,e9071901120103c37dc6794b11c8de52e01944503e0000503e000013ff4255544e401000005a172d575a172d57
826.152,45,e9071901120103c37dc6794b11c8de7fe31944513e0000513e000013ff4255544e405000005a172d575a172d57
826.23,45,e9071901120103c37dc6794b11c8de59e81944533e0000533e000013ff4255544e401000005a172d575a172d57
828.29,45,e9071901120103c37dc6794b11c8deab6c1a44813e0000813e000013ff4255544e405000005a172d575a172d57
828.414,45,e9071901120103c37dc6794b11c8de5e741a44843e0000843e000013ff4255544e401000005a172d575a172d57
828.439,45,e9071901120103c37dc6794b11c8def4751a44853e0000853e000013ff4255544e001000005a172d575a172d57
828.925,45,e9071901120103c37dc6794b11c8de7f951a44903e0000903e000013ff4255544e401000005a172d575a172d57
828.995,45,e9071901120103c37dc6794b11c8def9991a44913e0000913e000013ff4255544e001000005a172d575a172d57
830.013,45,e9071901120103c37dc6794b11c8de29db1a44a53e0000a53e000013ff4255544e401000005a172d575a172d57
831.055,45,e9071901120103c37dc6794b11c8def01d1b44bb3e0000bb3e000013ff4255544e601000005a172d575a172d57
831.407,45,e9071901120103c37dc6794b11c8de1e341b44c33e0000c33e000013ff4255544e603800005a172d575a172d57
831.48,45,e9071901120103c37dc6794b11c8deb8381b44c53e0000c53e000013ff4255544e202800005a172d575a172d57
831.504,45,e9071901120103c37dc6794b11c8de473a1b44c53e0000c53e000013ff4255544e200800005a172d575a172d57
831.576,45,e9071901120103c37dc6794b11c8def03e1b44c73e0000c73e000013ff4255544e602800005a172d575a172d57
831.67,45,e9071901120103c37dc6794b11c8de10451b44c83e0000c83e000013ff4255544e200800005a172d575a172d57
832.017,45,e9071901120103c37dc6794b11c8de6d5b1b44d03e0000d03e000013ff4255544e200000005a172d575a172d57
832.875,45,e9071901120103c37dc6794b11c8de2d921b44e33e0000e33e000013ff4255544e201000005a172d575a172d57
834.375,45,e9071901120103c37dc6794b11c8de0ff21b44023f0000023f000013ff4255544e601000005a172d575a172d57
835.322,45,e9071901120103c37dc6794b11c8de9b2e1c44163f0000163f000013ff4255544e401000005a172d575a172d57
836.041,45,e9071901120103c37dc6794b11c8deb55c1c44273f0000273f000013ff4255544e403800005a172d575a172d57
836.112,45,e9071901120103c37dc6794b11c8de50611c44283f0000283f000013ff4255544e402800005a172d575a172d57
836.161,45,e9071901120103c37dc6794b11c8de5f641c44293f0000293f000013ff4255544e400800005a172d575a172d57
836.257,45,e9071901120103c37dc6794b11c8de7d6a1c442b3f00002b3f000013ff4255544e402800005a172d575a172d57
836.354,45,e9071901120103c37dc6794b11c8dead701c442d3f00002d3f000013ff4255544e400800005a172d575a172d57
836.453,45,e9071901120103c37dc6794b11c8dee7761c442f3f00002f3f000013ff4255544e402800005a172d575a172d57
836.552,45,e9071901120103c37dc6794b11c8de347d1c44313f0000313f000013ff4255544e600800005a172d575a172d57
836.628,45,e9071901120103c37dc6794b11c8defb811c44333f0000333f000013ff4255544e400800005a172d575a172d57
836.654,45,e9071901120103c37dc6794b11c8de95831c44333f0000333f000013ff4255544e402800005a172d575a172d57
836.73,45,e9071901120103c37dc6794b11c8de6e881c44353f0000353f000013ff4255544e602800005a172d575a172d57
836.755,45,e9071901120103c37dc6794b11c8de118a1c44353f0000353f000013ff4255544e200800005a172d575a172d57
837.863,45,e9071901120103c37dc6794b11c8de93d11c444d3f00004d3f000013ff4255544e200000005a172d575a172d57
838.103,45,e9071901120103c37dc6794b11c8de92e01c44523f0000523f000013ff4255544e204000005a172d575a172d57
838.202,45,e9071901120103c37dc6794b11c8ded2e61c44543f0000543f000013ff4255544e200000005a172d575a172d57
838.619,45,e9071901120103c37dc6794b11c8de20021d445d3f00005d3f000013ff4255544e201000005a172d575a172d57
838.994,45,e9071901120103c37dc6794b11c8de361a1d44663f0000663f000013ff4255544e601000005a172d575a172d57
839.948,45,e9071901120103c37dc6794b11c8de09571d447b3f00007b3f000013ff4255544e401000005a172d575a172d57
840.061,45,e9071901120103c37dc6794b11c8de505e1d447d3f00007d3f000013ff4255544e001000005a172d575a172d57
840.263,45,e9071901120103c37dc6794b11c8de486b1d44813f0000813f000013ff4255544e501000005a172d575a172d57
840.679,45,e9071901120103c37dc6794b11c8deb9851d448a3f00008a3f000013ff4255544e401000005a172d575a172d57
840.702,45,e9071901120103c37dc6794b11c8de37871d448a3f00008a3f000013ff4255544e401800005a172d575a172d57
840.726,45,e9071901120103c37dc6794b11c8deb4881d448b3f00008b3f000013ff4255544e403800005a172d575a172d57
840.773,45,e9071901120103c37dc6794b11c8deac8b1d448b3f00008b3f000013ff4255544e503800005a172d575a172d57
840.818,45,e9071901120103c37dc6794b11c8dea88e1d448c3f00008c3f000013ff4255544e103800005a172d575a172d57
840.841,45,e9071901120103c37dc6794b11c8de25901d448d3f00008d3f000013ff4255544e102800005a172d575a172d57
840.888,45,e9071901120103c37dc6794b11c8de1b931d448f3f00008f3f000013ff4255544e100800005a172d575a172d57
841.003,45,e9071901120103c37dc6794b11c8de849a1d44913f0000913f000013ff4255544e100000005a172d575a172d57
842.481,45,e9071901120103c37dc6794b11c8de3df91d44b23f0000b23f000013ff4255544e101000005a172d575a172d57
842.526,45,e9071901120103c37dc6794b11c8de20fc1d44b33f0000b33f000013ff4255544e105000005a172d575a172d57
842.638,45,e9071901120103c37dc6794b11c8de50031e44b53f0000b53f000013ff4255544e101000005a172d575a172d57
843.3,45,e9071901120103c37dc6794b11c8de742d1e44c33f0000c33f000013ff4255544e501000005a172d575a172d57
843.55,45,e9071901120103c37dc6794b11c8de9d3d1e44c93f0000c93f000013ff4255544e101000005a172d575a172d57
843.709,45,e9071901120103c37dc6794b11c8dec2471e44cc3f0000cc3f000013ff4255544e501000005a172d575a172d57
844.15,45,e9071901120103c37dc6794b11c8deba631e44d63f0000d63f000013ff4255544e401000005a172d575a172d57
844.198,45,e9071901120103c37dc6794b11c8dec4661e44d73f0000d73f000013ff4255544e601000005a172d575a172d57
844.296,45,e9071901120103c37dc6794b11c8deed6c1e44d93f0000d93f000013ff4255544e401000005a172d575a172d57
844.395,45,e9071901120103c37dc6794b11c8de2d731e44dc3f0000dc3f000013ff4255544e501000005a172d575a172d57
844.539,45,e9071901120103c37dc6794b11c8de967c1e44df3f0000df3f000013ff4255544e401000005a172d575a172d57
844.91,45,e9071901120103c37dc6794b11c8de6c941e44e73f0000e73f000013ff4255544e405000005a172d575a172d57
845.032,45,e9071901120103c37dc6794b11c8defb9b1e44ea3f0000ea3f000013ff4255544e401000005a172d575a172d57
845.083,45,e9071901120103c37dc6794b11c8de1c9f1e44eb3f0000eb3f000013ff4255544e001000005a172d575a172d57
845.45,45,e9071901120103c37dc6794b11c8de54b61e44f33f0000f33f000013ff4255544e401000005a172d575a172d57
845.526,45,e9071901120103c37dc6794b11c8de5abb1e44f53f0000f53f000013ff4255544e001000005a172d575a172d57
845.771,45,e9071901120103c37dc6794b11c8de61cb1e44f93f0000f93f000013ff4255544e401000005a172d575a172d57
845.962,45,e9071901120103c37dc6794b11c8dea7d71e44fe3f0000fe3f000013ff4255544e405000005a172d575a172d57
846.082,45,e9071901120103c37dc6794b11c8de4edf1e44014000000140000013ff4255544e401000005a172d575a172d57
846.947,45,e9071901120103c37dc6794b11c8de2e161f44144000001440000013ff4255544e601000005a172d575a172d57
847.025,45,e9071901120103c37dc6794b11c8de201b1f44154000001540000013ff4255544e603800005a172d575a172d57
847.102,45,e9071901120103c37dc6794b11c8de1a201f44174000001740000013ff4255544e600800005a172d575a172d57
847.209,45,e9071901120103c37dc6794b11c8dec6261f44194000001940000013ff4255544e602800005a172d575a172d57
847.314,45,e9071901120103c37dc6794b11c8de872d1f441b4000001b40000013ff4255544e600800005a172d575a172d57
847.392,45,e9071901120103c37dc6794b11c8de99321f441e4000001e40000013ff4255544e602800005a172d575a172d57
847.495,45,e9071901120103c37dc6794b11c8de45391f44204000002040000013ff4255544e600800005a172d575a172d57
847.682,45,e9071901120103c37dc6794b11c8dee6441f44244000002440000013ff4255544e602800005a172d575a172d57
847.77,45,e9071901120103c37dc6794b11c8de244a1f44254000002540000013ff4255544e200800005a172d575a172d57
848.725,45,e9071901120103c37dc6794b11c8de3a881f443a4000003a40000013ff4255544e200000005a172d575a172d57
849.06,45,e9071901120103c37dc6794b11c8def69d1f44414000004140000013ff4255544e204000005a172d575a172d57
849.176,45,e9071901120103c37dc6794b11c8de8ba51f44444000004440000013ff4255544e200000005a172d575a172d57
849.987,45,e9071901120103c37dc6794b11c8ded2d91f44564000005640000013ff4255544e601000005a172d575a172d57
851.251,45,e9071901120103c37dc6794b11c8de0f2a2044714000007140000013ff4255544e401000005a172d575a172d57
851.587,45,e9071901120103c37dc6794b11c8deb63f2044794000007940000013ff4255544e001000005a172d575a172d57
851.794,45,e9071901120103c37dc6794b11c8de1a4d20447d4000007d40000013ff4255544e401000005a172d575a172d57
852.071,45,e9071901120103c37dc6794b11c8deca5e2044834000008340000013ff4255544e405000005a172d575a172d57
852.213,45,e9071901120103c37dc6794b11c8dec7672044864000008640000013ff4255544e401000005a172d575a172d57
852.842,45,e9071901120103c37dc6794b11c8de30902044944000009440000013ff4255544e501000005a172d575a172d57
853.321,45,e9071901120103c37dc6794b11c8de79ae20449f4000009f40000013ff4255544e405000005a172d575a172d57
853.394,45,e9071901120103c37dc6794b11c8de2bb32044a2400000a240000013ff4255544e401000005a172d575a172d57
853.513,45,e9071901120103c37dc6794b11c8def1ba2044a4400000a440000013ff4255544e501000005a172d575a172d57
853.723,45,e9071901120103c37dc6794b11c8de81c82044a8400000a840000013ff4255544e101000005a172d575a172d57
853.98,45,e9071901120103c37dc6794b11c8dee3d82044af400000af40000013ff4255544e501000005a172d575a172d57
854.291,45,e9071901120103c37dc6794b11c8deaaec2044b5400000b540000013ff4255544e101000005a172d575a172d57
854.458,45,e9071901120103c37dc6794b11c8de63f72044b9400000b940000013ff4255544e501000005a172d575a172d57
855.862,45,e9071901120103c37dc6794b11c8dea3512144d8400000d840000013ff4255544e401000005a172d575a172d57
855.906,45,e9071901120103c37dc6794b11c8de7e542144d9400000d940000013ff4255544e405000005a172d575a172d57
856.038,45,e9071901120103c37dc6794b11c8defa5c2144dc400000dc40000013ff4255544e401000005a172d575a172d57
856.827,45,e9071901120103c37dc6794b11c8decd8f2144ed400000ed40000013ff4255544e001000005a172d575a172d57
857.031,45,e9071901120103c37dc6794b11c8de079d2144f2400000f240000013ff4255544e401000005a172d575a172d57
857.583,45,e9071901120103c37dc6794b11c8de1cc02144fd400000fd40000013ff4255544e403800005a172d575a172d57
857.667,45,e9071901120103c37dc6794b11c8de81c52144fe400000fe40000013ff4255544e402800005a172d575a172d57
857.688,45,e9071901120103c37dc6794b11c8dedac62144ff400000ff40000013ff4255544e400800005a172d575a172d57
857.772,45,e9071901120103c37dc6794b11c8de3dcc2144014100000141000013ff4255544e402800005a172d575a172d57
857.875,45,e9071901120103c37dc6794b11c8dee9d22144044100000441000013ff4255544e400800005a172d575a172d57
857.957,45,e9071901120103c37dc6794b11c8de2bd82144054100000541000013ff4255544e402800005a172d575a172d57
858.02,45,e9071901120103c37dc6794b11c8de1ddc2144064100000641000013ff4255544e400800005a172d575a172d57
858.168,45,e9071901120103c37dc6794b11c8de7fe52144094100000941000013ff4255544e402800005a172d575a172d57
858.233,45,e9071901120103c37dc6794b11c8de97e921440b4100000b41000013ff4255544e400800005a172d575a172d57
858.389,45,e9071901120103c37dc6794b11c8de54f321440f4100000f41000013ff4255544e402800005a172d575a172d57
858.501,45,e9071901120103c37dc6794b11c8de85fa2144114100001141000013ff4255544e502800005a172d575a172d57
858.524,45,e9071901120103c37dc6794b11c8def7fb2144124100001241000013ff4255544e500800005a172d575a172d57
858.546,45,e9071901120103c37dc6794b11c8de67fd2144124100001241000013ff4255544e100800005a172d575a172d57
858.805,45,e9071901120103c37dc6794b11c8de290e2244174100001741000013ff4255544e100000005a172d575a172d57
859.142,45,e9071901120103c37dc6794b11c8de642322441f4100001f41000013ff4255544e104000005a172d575a172d57
859.257,45,e9071901120103c37dc6794b11c8debc2a2244214100002141000013ff4255544e100000005a172d575a172d57
860.274,45,e9071901120103c37dc6794b11c8deb36b2244374100003741000013ff4255544e500000005a172d575a172d57
860.646,45,e9071901120103c37dc6794b11c8def3832244404100004041000013ff4255544e100000005a172d575a172d57
860.732,45,e9071901120103c37dc6794b11c8de86892244424100004241000013ff4255544e501000005a172d575a172d57
861.222,45,e9071901120103c37dc6794b11c8de74a822444c4100004c41000013ff4255544e401000005a172d575a172d57
861.572,45,e9071901120103c37dc6794b11c8de48bf2244544100005441000013ff4255544e001000005a172d575a172d57
861.783,45,e9071901120103c37dc6794b11c8dedecc2244594100005941000013ff4255544e501000005a172d575a172d57
861.804,45,e9071901120103c37dc6794b11c8de38ce2244594100005941000013ff4255544e401000005a172d575a172d57
862.12,45,e9071901120103c37dc6794b11c8de5be22244604100006041000013ff4255544e405000005a172d575a172d57
862.232,45,e9071901120103c37dc6794b11c8de49e92244634100006341000013ff4255544e401000005a172d575a172d57
863.06,45,e9071901120103c37dc6794b11c8de061e2344754100007541000013ff4255544e405000005a172d575a172d57
863.177,45,e9071901120103c37dc6794b11c8de81252344784100007841000013ff4255544e401000005a172d575a172d57
864.532,45,e9071901120103c37dc6794b11c8de4d7c2344974100009741000013ff4255544e405000005a172d575a172d57
864.646,45,e9071901120103c37dc6794b11c8dea1832344994100009941000013ff4255544e401000005a172d575a172d57
865.249,45,e9071901120103c37dc6794b11c8def2a92344a5410000a541000013ff4255544e401200005a172d575a172d57
865.326,45,e9071901120103c37dc6794b11c8de90ae2344a6410000a641000013ff4255544e401000005a172d575a172d57
866.084,45,e9071901120103c37dc6794b11c8deebde2344b6410000b641000013ff4255544e405000005a172d575a172d57
866.186,45,e9071901120103c37dc6794b11c8de86e52344b8410000b841000013ff4255544e401000005a172d575a172d57
866.583,45,e9071901120103c37dc6794b11c8de0fff2344c1410000c141000013ff4255544e401004005a172d575a172d57
866.853,45,e9071901120103c37dc6794b11c8de9b112444c7410000c741000013ff4255544e401000005a172d575a172d57
868.828,45,e9071901120103c37dc6794b11c8de2f8d2444f1410000f141000013ff4255544e401200005a172d575a172d57
868.919,45,e9071901120103c37dc6794b11c8de2c932444f3410000f341000013ff4255544e405000005a172d575a172d57
869.008,45,e9071901120103c37dc6794b11c8de06992444f5410000f541000013ff4255544e401000005a172d575a172d57
869.187,45,e9071901120103c37dc6794b11c8de87a42444f9410000f941000013ff4255544e001000005a172d575a172d57
869.491,45,e9071901120103c37dc6794b11c8de7cb82444ff410000ff41000013ff4255544e401000005a172d575a172d57
872.694,45,e9071901120103c37dc6794b11c8ded2852544444200004442000013ff4255544e001000005a172d575a172d57
872.953,45,e9071901120103c37dc6794b11c8de93962544494200004942000013ff4255544e101000005a172d575a172d57
873.03,45,e9071901120103c37dc6794b11c8de8a9b25444b4200004b42000013ff4255544e001000005a172d575a172d57
873.286,45,e9071901120103c37dc6794b11c8dee2ab2544504200005042000013ff4255544e101000005a172d575a172d57
873.39,45,e9071901120103c37dc6794b11c8de77b22544534200005342000013ff4255544e001000005a172d575a172d57
874.851,45,e9071901120103c37dc6794b11c8de700f2644714200007142000013ff4255544e101000005a172d575a172d57
874.908,45,e9071901120103c37dc6794b11c8de0a132644724200007242000013ff4255544e001000005a172d575a172d57
875.184,45,e9071901120103c37dc6794b11c8deef242644784200007842000013ff4255544e401000005a172d575a172d57
875.238,45,e9071901120103c37dc6794b11c8de6e282644794200007942000013ff4255544e001000005a172d575a172d57
875.741,45,e9071901120103c37dc6794b11c8def6472644844200008442000013ff4255544e401000005a172d575a172d57
875.77,45,e9071901120103c37dc6794b11c8ded7492644844200008442000013ff4255544e001000005a172d575a172d57
876.09,45,e9071901120103c37dc6794b11c8de9e5e26448b4200008b42000013ff4255544e401000005a172d575a172d57
876.282,45,e9071901120103c37dc6794b11c8de366b26448f4200008f42000013ff4255544e001000005a172d575a172d57
876.337,45,e9071901120103c37dc6794b11c8deb76e2644914200009142000013ff4f56544b0a010000371ee03cc6039c3f
876.495,45,e9071901120103c37dc6794b11c8de12792644944200009442000013ff4255544e401000005a172d575a172d57
876.652,45,e9071901120103c37dc6794b11c8de33832644984200009842000013ff4f56544b0a0c0000ef8bd63c7dd19a3f
876.877,45,e9071901120103c37dc6794b11c8dedf9126449c4200009c42000013ff535054501350a69e43000008213aa843
877.172,45,e9071901120103c37dc6794b11c8decea42644a1420000a142000013ff4255544e403800005a172d575a172d57
877.269,45,e9071901120103c37dc6794b11c8de16ab2644a3420000a342000013ff4255544e402800005a172d575a172d57
877.294,45,e9071901120103c37dc6794b11c8deadac2644a4420000a442000013ff4255544e400800005a172d575a172d57
877.368,45,e9071901120103c37dc6794b11c8de66b12644a6420000a642000013ff4255544e402800005a172d575a172d57
877.491,45,e9071901120103c37dc6794b11c8de46b92644a9420000a942000013ff4255544e400800005a172d575a172d57
877.591,45,e9071901120103c37dc6794b11c8de95bf2644ab420000ab42000013ff4255544e402800005a172d575a172d57
877.669,45,e9071901120103c37dc6794b11c8de65c42644ac420000ac42000013ff4255544e400800005a172d575a172d57
877.795,45,e9071901120103c37dc6794b11c8de8bcc2644af420000af42000013ff4255544e402800005a172d575a172d57
877.893,45,e9071901120103c37dc6794b11c8def8d22644b2420000b242000013ff4255544e400800005a172d575a172d57
878.014,45,e9071901120103c37dc6794b11c8decdda2644b4420000b442000013ff4255544e402800005a172d575a172d57
878.088,45,e9071901120103c37dc6794b11c8de73df2644b6420000b642000013ff4255544e400800005a172d575a172d57
878.217,45,e9071901120103c37dc6794b11c8de68e72644b8420000b842000013ff4255544e402800005a172d575a172d57
878.295,45,e9071901120103c37dc6794b11c8de59ec2644ba420000ba42000013ff4255544e500800005a172d575a172d57
878.398,45,e9071901120103c37dc6794b11c8de0df32644bd420000bd42000013ff4255544e102800005a172d575a172d57
878.524,45,e9071901120103c37dc6794b11c8de38fb2644bf420000bf42000013ff4255544e100800005a172d575a172d57
878.649,45,e9071901120103c37dc6794b11c8de45032744c2420000c242000013ff4255544e102800005a172d575a172d57
878.77,45,e9071901120103c37dc6794b11c8de3a0b2744c4420000c442000013ff4255544e100800005a172d575a172d57
879.447,45,e9071901120103c37dc6794b11c8de73362744d4420000d442000013ff4255544e100000005a172d575a172d57
879.449,45,e9071901120103c37dc6794b11c8de73362744d4420000d442000013ff535054500ae636a443000008213aa843
879.628,45,e9071901120103c37dc6794b11c8deb8412744d8420000d842000013ff4255544e104000005a172d575a172d57
879.733,45,e9071901120103c37dc6794b11c8de5e482744da420000da42000013ff4255544e100000005a172d575a172d57
880.292,45,e9071901120103c37dc6794b11c8de546c2744e6420000e642000013ff4255544e500000005a172d575a172d57
880.652,45,e9071901120103c37dc6794b11c8de48832744ee420000ee42000013ff4255544e501000005a172d575a172d57
881.054,45,e9071901120103c37dc6794b11c8de429d2744f6420000f642000013ff4255544e401000005a172d575a172d57
881.154,45,e9071901120103c37dc6794b11c8dea2a32744f8420000f842000013ff4255544e405000005a172d575a172d57
881.283,45,e9071901120103c37dc6794b11c8deb2ab2744fb420000fb42000013ff4255544e401000005a172d575a172d57
881.664,45,e9071901120103c37dc6794b11c8de33c42744044300000443000013ff4f56544b03070000b055cd3cb6aa993f
881.785,45,e9071901120103c37dc6794b11c8de10cc2744064300000643000013ff4255544e601000005a172d575a172d57
881.835,45,e9071901120103c37dc6794b11c8de31cf2744074300000743000013ff4255544e201000005a172d575a172d57
881.936,45,e9071901120103c37dc6794b11c8de8ed527440a4300000a43000013ff4f56544b110700009fa7cc3cf394993f
882.317,45,e9071901120103c37dc6794b11c8de04ee2744114300001143000013ff4255544e205000005a172d575a172d57
882.415,45,e9071901120103c37dc6794b11c8de61f42744154300001543000013ff4f56544b030100005095ca3caa52993f
882.439,45,e9071901120103c37dc6794b11c8def0f52744154300001543000013ff4255544e201000005a172d575a172d57
882.463,45,e9071901120103c37dc6794b11c8de84f72744154300001543000013ff4255544e601000005a172d575a172d57
882.611,45,e9071901120103c37dc6794b11c8dee4002844194300001943000013ff4f56544b110100007e5dc83caf0b993f
882.661,45,e9071901120103c37dc6794b11c8de010428441a4300001a43000013ff4f56544b030c000026ddc73ca4fb983f
882.661,45,e9071901120103c37dc6794b11c8de010428441a4300001a43000013ff4f56544b1207000026ddc73ca4fb983f
882.833,45,e9071901120103c37dc6794b11c8de140f28441e4300001e43000013ff4f56544b110c0000f5cbca3c7e59993f
883.331,45,e9071901120103c37dc6794b11c8deff2e2844284300002843000013ff4f56544b12010000dfeac73c5bfd983f
883.525,45,e9071901120103c37dc6794b11c8de723b28442c4300002c43000013ff4f56544b120c0000e45cc73c9ceb983f
883.596,45,e9071901120103c37dc6794b11c8de154028442d4300002d43000013ff4255544e401000005a172d575a172d57
883.741,45,e9071901120103c37dc6794b11c8de56492844304300003043000013ff4255544e401200005a172d575a172d57
883.839,45,e9071901120103c37dc6794b11c8de8a4f2844324300003243000013ff4255544e401000005a172d575a172d57
884.042,45,e9071901120103c37dc6794b11c8de4e5c2844374300003743000013ff4255544e001000005a172d575a172d57
884.069,45,e9071901120103c37dc6794b11c8def15d2844384300003843000013ff5350545003cbe79643000008213aa843
884.12,45,e9071901120103c37dc6794b11c8de35612844394300003943000013ff5350545011d3b29e43000008213aa843
884.193,45,e9071901120103c37dc6794b11c8de196628443a4300003a43000013ff4255544e101000005a172d575a172d57
884.266,45,e9071901120103c37dc6794b11c8dee36a28443b4300003b43000013ff4255544e501000005a172d575a172d57
884.628,45,e9071901120103c37dc6794b11c8de12822844444300004443000013ff53505450124805a643000008213aa843
884.967,45,e9071901120103c37dc6794b11c8debb9728444c4300004c43000013ff4255544e505000005a172d575a172d57
885.118,45,e9071901120103c37dc6794b11c8de44a128444f4300004f43000013ff4255544e501000005a172d575a172d57
885.219,45,e9071901120103c37dc6794b11c8deb3a72844514300005143000013ff4255544e401000005a172d575a172d57
885.468,45,e9071901120103c37dc6794b11c8debeb72844574300005743000013ff4255544e501000005a172d575a172d57
885.518,45,e9071901120103c37dc6794b11c8dee9ba2844594300005943000013ff434f4c4c1103da40010000002019c724
886.101,45,e9071901120103c37dc6794b11c8ded0df2844654300006543000013ff4255544e401000005a172d575a172d57
886.573,45,e9071901120103c37dc6794b11c8de2efe2844704300007043000013ff4f56544b07010000f033d33c7e669a3f
886.678,45,e9071901120103c37dc6794b11c8debd042944724300007243000013ff4f56544b080f0000f1f8d03c1e1f9a3f
886.835,45,e9071901120103c37dc6794b11c8debd0e2944764300007643000013ff4f56544b060f0000ca3ed63cd9c79a3f
886.971,45,e9071901120103c37dc6794b11c8de3a172944794300007943000013ff4f56544b110300007226db3cce649b3f
887.136,45,e9071901120103c37dc6794b11c8debd2129447c4300007c43000013ff4255544e405000005a172d575a172d57
887.223,45,e9071901120103c37dc6794b11c8de1a2729447e4300007e43000013ff4f56544b070c0000073de53ca0a79c3f
887.251,45,e9071901120103c37dc6794b11c8dee62829447e4300007e43000013ff4255544e401000005a172d575a172d57
888.306,45,e9071901120103c37dc6794b11c8de466c2944974300009743000013ff4f56544b08010000e137e73cfce69c3f
888.336,45,e9071901120103c37dc6794b11c8de1a6e2944984300009843000013ff4f56544b060100006db9e93c2d379d3f
888.453,45,e9071901120103c37dc6794b11c8de8c7529449b4300009b43000013ff4f56544b080c00002131f03c24069e3f
888.482,45,e9071901120103c37dc6794b11c8de6c7729449b4300009b43000013ff4f56544b060c0000b84ff03cf7099e3f
888.766,45,e9071901120103c37dc6794b11c8def1892944a1430000a143000013ff4f56544b08060000a053e93c742a9d3f
888.766,45,e9071901120103c37dc6794b11c8def1892944a1430000a143000013ff4f56544b06070000a053e93c742a9d3f
888.794,45,e9071901120103c37dc6794b11c8debd8b2944a1430000a143000013ff4f56544b060800002d03e63c65c09c3f
888.821,45,e9071901120103c37dc6794b11c8de888d2944a1430000a143000013ff4255544e401200005a172d575a172d57
888.93,45,e9071901120103c37dc6794b11c8dea6942944a5430000a543000013ff4255544e001000005a172d575a172d57
889.414,45,e9071901120103c37dc6794b11c8de2ab32944af430000af43000013ff5350545006c3f7a443000008213aa843
889.442,45,e9071901120103c37dc6794b11c8de01b52944af430000af43000013ff5350545008d5309b43000008213aa843
889.686,45,e9071901120103c37dc6794b11c8de10c52944b4430000b443000013ff4255544e005000005a172d575a172d57
889.82,45,e9071901120103c37dc6794b11c8deb8cd2944b6430000b643000013ff4255544e001000005a172d575a172d57
890.255,45,e9071901120103c37dc6794b11c8dedce92944c1430000c143000013ff4f56544b010c0000ad46cd3cd5a8993f
891.252,45,e9071901120103c37dc6794b11c8deda282a44d6430000d643000013ff4f56544b0107000045dded3ca8bb9d3f
891.575,45,e9071901120103c37dc6794b11c8de0a3e2a44de430000de43000013ff4f56544b0c07000061c5db3cac789b3f
892.003,45,e9071901120103c37dc6794b11c8de49592a44e7430000e743000013ff4255544e101000005a172d575a172d57
892.059,45,e9071901120103c37dc6794b11c8deca5c2a44e8430000e843000013ff4255544e001000005a172d575a172d57
892.204,45,e9071901120103c37dc6794b11c8deb6652a44ec430000ec43000013ff4f56544b091000004ca4e63c89d49c3f
892.375,45,e9071901120103c37dc6794b11c8debc702a44ef430000ef43000013ff4255544e401000005a172d575a172d57
892.431,45,e9071901120103c37dc6794b11c8de6c742a44f1430000f143000013ff4255544e001000005a172d575a172d57
892.985,45,e9071901120103c37dc6794b11c8dedf972a44fd430000fd43000013ff4f56544b090d000071eee43cce9d9c3f
893.014,45,e9071901120103c37dc6794b11c8deaa992a44fe430000fe43000013ff4f56544b080600004da9e53c29b59c3f
893.293,45,e9071901120103c37dc6794b11c8deb6ab2a44034400000344000013ff4255544e601000005a172d575a172d57
893.351,45,e9071901120103c37dc6794b11c8de48af2a44044400000444000013ff4255544e001000005a172d575a172d57
893.473,45,e9071901120103c37dc6794b11c8dea1b62a44074400000744000013ff4f56544b060800000d3def3ca1e79d3f
893.623,45,e9071901120103c37dc6794b11c8de42c02a44094400000944000013ff4255544e401000005a172d575a172d57
893.852,45,e9071901120103c37dc6794b11c8de3ecf2a440f4400000f44000013ff535054500102f19e42000008213aa843
893.932,45,e9071901120103c37dc6794b11c8deadd42a44114400001144000013ff4f56544b0e1000004f3ce63c89c79c3f
894.163,45,e9071901120103c37dc6794b11c8def7e32a44164400001644000013ff535054500cd07f9e42000008213aa843
894.212,45,e9071901120103c37dc6794b11c8de36e72a44164400001644000013ff4255544e403800005a172d575a172d57
894.291,45,e9071901120103c37dc6794b11c8de17ec2a44184400001844000013ff4f56544b090f0000683cd03c8d079a3f
894.343,45,e9071901120103c37dc6794b11c8de5eef2a44194400001944000013ff4255544e402800005a172d575a172d57
894.37,45,e9071901120103c37dc6794b11c8de05f12a441a4400001a44000013ff4255544e400800005a172d575a172d57
894.452,45,e9071901120103c37dc6794b11c8de11f62a441c4400001c44000013ff4255544e402800005a172d575a172d57
894.506,45,e9071901120103c37dc6794b11c8de83f92a441e4400001e44000013ff4f56544b050400005406dc3cca809b3f
894.558,45,e9071901120103c37dc6794b11c8def8fc2a441e4400001e44000013ff4255544e400800005a172d575a172d57
894.585,45,e9071901120103c37dc6794b11c8deb1fe2a441f4400001f44000013ff4f56544b09070000acbbdc3c75979b3f
894.634,45,e9071901120103c37dc6794b11c8de19022b44204400002044000013ff4255544e402800005a172d575a172d57
894.734,45,e9071901120103c37dc6794b11c8deb1082b44224400002244000013ff4f56544b0e0d00007e05d03caf009a3f
894.757,45,e9071901120103c37dc6794b11c8de4a0a2b44224400002244000013ff4255544e400800005a172d575a172d57
894.854,45,e9071901120103c37dc6794b11c8de8c102b44244400002444000013ff4255544e402800005a172d575a172d57
894.879,45,e9071901120103c37dc6794b11c8de1d122b44254400002544000013ff4f56544b05020000a76cc83c940d993f
894.927,45,e9071901120103c37dc6794b11c8de35152b44264400002644000013ff4255544e502800005a172d575a172d57
894.952,45,e9071901120103c37dc6794b11c8dec4162b44264400002644000013ff4255544e500800005a172d575a172d57
895.074,45,e9071901120103c37dc6794b11c8de921e2b44284400002844000013ff4255544e502800005a172d575a172d57
895.098,45,e9071901120103c37dc6794b11c8de23202b44294400002944000013ff4f56544b050b00004dc8c83c0919993f
895.099,45,e9071901120103c37dc6794b11c8de23202b44294400002944000013ff535054500953a5a243000008213aa843
895.194,45,e9071901120103c37dc6794b11c8de58262b442b4400002b44000013ff4255544e500800005a172d575a172d57
895.337,45,e9071901120103c37dc6794b11c8de932f2b442e4400002e44000013ff4255544e502800005a172d575a172d57
895.41,45,e9071901120103c37dc6794b11c8de2a342b44314400003144000013ff4f56544b090c000047e6c33cc87c983f
895.433,45,e9071901120103c37dc6794b11c8deb2352b44314400003144000013ff4255544e500800005a172d575a172d57
895.531,45,e9071901120103c37dc6794b11c8dedb3b2b44334400003344000013ff4255544e100800005a172d575a172d57
895.532,45,e9071901120103c37dc6794b11c8dedb3b2b44334400003344000013ff4f56544b09010000c25dc53cb8ab983f
895.682,45,e9071901120103c37dc6794b11c8de3f452b44364400003644000013ff4f56544b051000000934ca3c8146993f
896.048,45,e9071901120103c37dc6794b11c8de6e5c2b443e4400003e44000013ff4255544e100000005a172d575a172d57
896.154,45,e9071901120103c37dc6794b11c8de2a632b44414400004144000013ff4f56544b0e0f00006ad1d83c2d1a9b3f
896.233,45,e9071901120103c37dc6794b11c8de3b682b44424400004244000013ff4255544e104000005a172d575a172d57
896.339,45,e9071901120103c37dc6794b11c8defc6e2b44444400004444000013ff4255544e100000005a172d575a172d57
896.391,45,e9071901120103c37dc6794b11c8de60722b44464400004644000013ff4f56544b0e070000bae2d73c57fc9a3f
896.443,45,e9071901120103c37dc6794b11c8debe752b44474400004744000013ff4f56544b050d00007048d73c0ee99a3f
896.468,45,e9071901120103c37dc6794b11c8de6a772b44474400004744000013ff4255544e101000005a172d575a172d57
896.521,45,e9071901120103c37dc6794b11c8dec27a2b44494400004944000013ff535054500efbb69c43000008213aa843
896.948,45,e9071901120103c37dc6794b11c8de4a962b44524400005244000013ff53505450075a169f42000008213aa843
897.226,45,e9071901120103c37dc6794b11c8deefa72b44574400005744000013ff4255544e501000005a172d575a172d57
897.407,45,e9071901120103c37dc6794b11c8de88b32b445b4400005b44000013ff4255544e401000005a172d575a172d57
897.486,45,e9071901120103c37dc6794b11c8de84b82b445d4400005d44000013ff4f56544b0e0c00005f68d53c0bad9a3f
897.538,45,e9071901120103c37dc6794b11c8ded8bb2b445e4400005e44000013ff4255544e501000005a172d575a172d57
897.695,45,e9071901120103c37dc6794b11c8ded8c52b44614400006144000013ff4f56544b0e0100000326d63cc0c49a3f
897.695,45,e9071901120103c37dc6794b11c8ded8c52b44614400006144000013ff4f56544b050f00000326d63cc0c49a3f
897.747,45,e9071901120103c37dc6794b11c8de31c92b44624400006244000013ff5350545005a5faa443000008213aa843
897.774,45,e9071901120103c37dc6794b11c8dedbca2b44624400006244000013ff4255544e401000005a172d575a172d57
898.015,45,e9071901120103c37dc6794b11c8de14da2b44684400006844000013ff4f56544b05070000fe9cdb3c9f739b3f
898.152,45,e9071901120103c37dc6794b11c8dec3e22b446a4400006a44000013ff4255544e501000005a172d575a172d57
898.18,45,e9071901120103c37dc6794b11c8de85e42b446b4400006b44000013ff4255544e101000005a172d575a172d57
898.262,45,e9071901120103c37dc6794b11c8ded3e92b446c4400006c44000013ff4255544e001000005a172d575a172d57
898.316,45,e9071901120103c37dc6794b11c8de59ed2b446d4400006d44000013ff4255544e001200005a172d575a172d57
898.318,45,e9071901120103c37dc6794b11c8de59ed2b446e4400006e44000013ff4f56544b000400003c71e13c272e9c3f
898.396,45,e9071901120103c37dc6794b11c8de96f22b44704400007044000013ff4255544e401000005a172d575a172d57
898.422,45,e9071901120103c37dc6794b11c8de50f42b44704400007044000013ff4255544e501000005a172d575a172d57
898.45,45,e9071901120103c37dc6794b11c8de08f62b44714400007144000013ff4f56544b080600008e02dc3c51809b3f
898.475,45,e9071901120103c37dc6794b11c8debef72b44714400007144000013ff4255544e401000005a172d575a172d57
898.581,45,e9071901120103c37dc6794b11c8de81fe2b44744400007444000013ff4f56544b0002000035f0d53c06be9a3f
898.605,45,e9071901120103c37dc6794b11c8de30002c44744400007444000013ff4255544e405000005a172d575a172d57
898.708,45,e9071901120103c37dc6794b11c8ded3062c44764400007644000013ff4255544e401000005a172d575a172d57
898.787,45,e9071901120103c37dc6794b11c8dec60b2c44784400007844000013ff4f56544b000b0000da20d23c1b449a3f
899.429,45,e9071901120103c37dc6794b11c8de45352c44864400008644000013ff4f56544b001000005c61c83c2b0c993f
899.573,45,e9071901120103c37dc6794b11c8de963e2c44884400008844000013ff4255544e501000005a172d575a172d57
899.697,45,e9071901120103c37dc6794b11c8de61462c448b4400008b44000013ff4255544e505000005a172d575a172d57
899.825,45,e9071901120103c37dc6794b11c8de564e2c448d4400008d44000013ff4255544e501000005a172d575a172d57
900.128,45,e9071901120103c37dc6794b11c8deec612c44944400009444000013ff4255544e401000005a172d575a172d57
900.25,45,e9071901120103c37dc6794b11c8ded5692c44964400009644000013ff4f56544b000d00003496c73cc6f2983f
900.664,45,e9071901120103c37dc6794b11c8de33842c44a0440000a044000013ff4f56544b000f00001f9bc93c6333993f
900.664,45,e9071901120103c37dc6794b11c8de33842c44a0440000a044000013ff5350545000440b9b43000008213aa843
901.437,45,e9071901120103c37dc6794b11c8ded5b52c44b1440000b144000013ff4255544e405000005a172d575a172d57
901.555,45,e9071901120103c37dc6794b11c8de87bd2c44b3440000b344000013ff4255544e401000005a172d575a172d57
901.793,45,e9071901120103c37dc6794b11c8dea4cc2c44b8440000b844000013ff4f56544b0d0f0000bb6cc23c974d983f
901.817,45,e9071901120103c37dc6794b11c8de2ace2c44b9440000b944000013ff535054500d92fe9f42000008213aa843
901.913,45,e9071901120103c37dc6794b11c8de50d42c44bb440000bb44000013ff4255544e001000005a172d575a172d57
902.664,45,e9071901120103c37dc6794b11c8de75042d44cc440000cc44000013ff535054500f0d15f140000008213aa843
902.925,45,e9071901120103c37dc6794b11c8de2b152d44d1440000d144000013ff4255544e001200005a172d575a172d57
902.949,45,e9071901120103c37dc6794b11c8deb2162d44d1440000d144000013ff4255544e401200005a172d575a172d57
903.022,45,e9071901120103c37dc6794b11c8de501b2d44d2440000d244000013ff4255544e001200005a172d575a172d57
903.046,45,e9071901120103c37dc6794b11c8dedc1c2d44d3440000d344000013ff4255544e001000005a172d575a172d57
903.264,45,e9071901120103c37dc6794b11c8decd2a2d44d7440000d744000013ff4255544e401000005a172d575a172d57
903.826,45,e9071901120103c37dc6794b11c8def94e2d44e4440000e444000013ff4255544e405000005a172d575a172d57
903.945,45,e9071901120103c37dc6794b11c8de80562d44e7440000e744000013ff4255544e401000005a172d575a172d57
903.97,45,e9071901120103c37dc6794b11c8de03582d44e8440000e844000013ff4f56544b050c0000eb4ec13cdd29983f
903.993,45,e9071901120103c37dc6794b11c8de87592d44e8440000e844000013ff4f56544b0501000033bdc13ca637983f
904.111,45,e9071901120103c37dc6794b11c8de15612d44eb440000eb44000013ff4f56544b0b1000006e05c23cad40983f
904.18,45,e9071901120103c37dc6794b11c8de98652d44ec440000ec44000013ff4f56544b0f0d0000c516c03cd802983f
904.543,45,e9071901120103c37dc6794b11c8de0f7d2d44f4440000f444000013ff4255544e601000005a172d575a172d57
904.656,45,e9071901120103c37dc6794b11c8de49842d44f6440000f644000013ff4255544e203800005a172d575a172d57
904.727,45,e9071901120103c37dc6794b11c8dea8882d44f8440000f844000013ff4f56544b02100000f499bc3c3e93973f
904.749,45,e9071901120103c37dc6794b11c8de208a2d44f8440000f844000013ff4255544e201800005a172d575a172d57
904.821,45,e9071901120103c37dc6794b11c8de938e2d44f9440000f944000013ff4255544e601800005a172d575a172d57
904.844,45,e9071901120103c37dc6794b11c8de13902d44fa440000fa44000013ff4255544e603800005a172d575a172d57
904.966,45,e9071901120103c37dc6794b11c8deb2972d44fd440000fd44000013ff4255544e201800005a172d575a172d57
905.015,45,e9071901120103c37dc6794b11c8decc9a2d44fe440000fe44000013ff4255544e200800005a172d575a172d57
905.424,45,e9071901120103c37dc6794b11c8de35b52d44074500000745000013ff4255544e202800005a172d575a172d57
905.517,45,e9071901120103c37dc6794b11c8de3abb2d44094500000945000013ff4255544e200800005a172d575a172d57
905.519,45,e9071901120103c37dc6794b11c8de3abb2d440a4500000a45000013ff4f56544b04100000471ac03c4803983f
905.541,45,e9071901120103c37dc6794b11c8deb9bc2d440a4500000a45000013ff4255544e200000005a172d575a172d57
906.067,45,e9071901120103c37dc6794b11c8defbdd2d44154500001545000013ff4255544e201000005a172d575a172d57
906.069,45,e9071901120103c37dc6794b11c8defbdd2d44164500001645000013ff535054500b3f04a042000008213aa843
906.721,45,e9071901120103c37dc6794b11c8de29082e44244500002445000013ff4f56544b0b0d00006de0bf3c0dfc973f
906.907,45,e9071901120103c37dc6794b11c8de1f142e44294500002945000013ff4f56544b00070000ecc9bd3c3db9973f
907.471,45,e9071901120103c37dc6794b11c8de00382e44344500003445000013ff4255544e601000005a172d575a172d57
908.439,45,e9071901120103c37dc6794b11c8dea0752e444a4500004a45000013ff4255544e401000005a172d575a172d57
908.632,45,e9071901120103c37dc6794b11c8de61822e444e4500004e45000013ff4255544e601000005a172d575a172d57
908.681,45,e9071901120103c37dc6794b11c8de7a852e444f4500004f45000013ff4f56544b100400009da4c63c93d4983f
909.091,45,e9071901120103c37dc6794b11c8dea69f2e44584500005845000013ff4255544e401000005a172d575a172d57
909.117,45,e9071901120103c37dc6794b11c8de39a12e44594500005945000013ff4f56544b0d0b00006785c93cac30993f
909.289,45,e9071901120103c37dc6794b11c8de42ac2e445c4500005c45000013ff4255544e005000005a172d575a172d57
909.341,45,e9071901120103c37dc6794b11c8de6caf2e445e4500005e45000013ff4f56544b100200000fd3ca3c615a993f
909.417,45,e9071901120103c37dc6794b11c8de3eb42e445f4500005f45000013ff4255544e001000005a172d575a172d57
909.443,45,e9071901120103c37dc6794b11c8dedeb52e44604500006045000013ff4255544e401000005a172d575a172d57
909.544,45,e9071901120103c37dc6794b11c8de69bc2e44624500006245000013ff4255544e401800005a172d575a172d57
909.569,45,e9071901120103c37dc6794b11c8de0cbe2e44624500006245000013ff4255544e403800005a172d575a172d57
909.644,45,e9071901120103c37dc6794b11c8dee2c22e44644500006445000013ff4255544e401800005a172d575a172d57
909.667,45,e9071901120103c37dc6794b11c8de7ac42e44644500006445000013ff4255544e400800005a172d575a172d57
909.74,45,e9071901120103c37dc6794b11c8de3cc92e44664500006645000013ff4255544e402800005a172d575a172d57
909.837,45,e9071901120103c37dc6794b11c8de73cf2e44684500006845000013ff4255544e400800005a172d575a172d57
909.933,45,e9071901120103c37dc6794b11c8dea2d52e446b4500006b45000013ff4255544e402800005a172d575a172d57
910.006,45,e9071901120103c37dc6794b11c8de46da2e446c4500006c45000013ff4255544e400800005a172d575a172d57
910.007,45,e9071901120103c37dc6794b11c8de46da2e446d4500006d45000013ff5350545010c0d39e42000008213aa843
910.054,45,e9071901120103c37dc6794b11c8de5edd2e446d4500006d45000013ff4255544e600800005a172d575a172d57
910.104,45,e9071901120103c37dc6794b11c8de79e02e446e4500006e45000013ff4255544e602800005a172d575a172d57
910.128,45,e9071901120103c37dc6794b11c8de08e22e446f4500006f45000013ff4255544e402800005a172d575a172d57
910.178,45,e9071901120103c37dc6794b11c8de2ae52e44704500007045000013ff4255544e400800005a172d575a172d57
910.204,45,e9071901120103c37dc6794b11c8debee62e44704500007045000013ff4255544e600800005a172d575a172d57
910.332,45,e9071901120103c37dc6794b11c8dec3ee2e44734500007345000013ff4255544e602800005a172d575a172d57
910.409,45,e9071901120103c37dc6794b11c8deadf32e44754500007545000013ff4255544e600800005a172d575a172d57
910.434,45,e9071901120103c37dc6794b11c8de51f52e44764500007645000013ff4255544e200800005a172d575a172d57
911.268,45,e9071901120103c37dc6794b11c8de512b2f44884500008845000013ff4f56544b100b00006cd2b93c4d3a973f
911.553,45,e9071901120103c37dc6794b11c8de403d2f448e4500008e45000013ff4255544e200000005a172d575a172d57
911.822,45,e9071901120103c37dc6794b11c8de824e2f44934500009345000013ff4255544e204000005a172d575a172d57
911.824,45,e9071901120103c37dc6794b11c8de824e2f44944500009445000013ff53505450020e7b8542000008213aa843
911.962,45,e9071901120103c37dc6794b11c8dead572f44974500009745000013ff4255544e200000005a172d575a172d57
912.163,45,e9071901120103c37dc6794b11c8dec7642f449b4500009b45000013ff4255544e201000005a172d575a172d57
912.384,45,e9071901120103c37dc6794b11c8def0722f44a1450000a145000013ff4255544e200000005a172d575a172d57
912.5,45,e9071901120103c37dc6794b11c8de217a2f44a3450000a345000013ff4255544e600000005a172d575a172d57
912.523,45,e9071901120103c37dc6794b11c8de987b2f44a3450000a345000013ff4255544e601000005a172d575a172d57
913.363,45,e9071901120103c37dc6794b11c8de57b12f44b7450000b745000013ff4f56544b020b0000304ebc3cc689973f
913.432,45,e9071901120103c37dc6794b11c8dec5b52f44b8450000b845000013ff4255544e401000005a172d575a172d57
913.456,45,e9071901120103c37dc6794b11c8de3cb72f44b9450000b945000013ff53505450046fea9942000008213aa843
913.939,45,e9071901120103c37dc6794b11c8de56d62f44c3450000c345000013ff4255544e501000005a172d575a172d57
913.984,45,e9071901120103c37dc6794b11c8de3ed92f44c4450000c445000013ff4255544e101000005a172d575a172d57
914.074,45,e9071901120103c37dc6794b11c8de05df2f44c6450000c645000013ff4255544e103000005a172d575a172d57
914.119,45,e9071901120103c37dc6794b11c8dee7e12f44c6450000c645000013ff4255544e103800005a172d575a172d57
914.211,45,e9071901120103c37dc6794b11c8deb6e72f44c8450000c845000013ff4255544e103000005a172d575a172d57
914.234,45,e9071901120103c37dc6794b11c8de2de92f44c9450000c945000013ff4255544e100000005a172d575a172d57
915.914,45,e9071901120103c37dc6794b11c8dec7543044ec450000ec45000013ff4255544e101000005a172d575a172d57
916.708,45,e9071901120103c37dc6794b11c8de37873044fd450000fd45000013ff4255544e100000005a172d575a172d57
916.824,45,e9071901120103c37dc6794b11c8deda8e3044004600000046000013ff4255544e501000005a172d575a172d57
916.892,45,e9071901120103c37dc6794b11c8de4e933044024600000246000013ff4255544e505000005a172d575a172d57
916.984,45,e9071901120103c37dc6794b11c8de2e993044044600000446000013ff4255544e501000005a172d575a172d57
917.649,45,e9071901120103c37dc6794b11c8de9cc33044124600001246000013ff4255544e401000005a172d575a172d57
917.812,45,e9071901120103c37dc6794b11c8de13ce3044154600001546000013ff4255544e501000005a172d575a172d57
918.116,45,e9071901120103c37dc6794b11c8de79e130441c4600001c46000013ff4255544e401000005a172d575a172d57
918.554,45,e9071901120103c37dc6794b11c8def0fc3044254600002546000013ff4255544e405000005a172d575a172d57
918.687,45,e9071901120103c37dc6794b11c8de36053144284600002846000013ff4255544e401000005a172d575a172d57
918.739,45,e9071901120103c37dc6794b11c8de99083144294600002946000013ff4255544e001000005a172d575a172d57
918.996,45,e9071901120103c37dc6794b11c8de531931442f4600002f46000013ff4255544e401000005a172d575a172d57
919.405,45,e9071901120103c37dc6794b11c8dee5333144384600003846000013ff4255544e405000005a172d575a172d57
919.524,45,e9071901120103c37dc6794b11c8de783b31443b4600003b46000013ff4255544e401000005a172d575a172d57
920.507,45,e9071901120103c37dc6794b11c8def9793144504600005046000013ff4255544e601000005a172d575a172d57
920.585,45,e9071901120103c37dc6794b11c8dedd7e3144524600005246000013ff4255544e603800005a172d575a172d57
920.666,45,e9071901120103c37dc6794b11c8dedb833144534600005346000013ff4255544e602800005a172d575a172d57
920.694,45,e9071901120103c37dc6794b11c8de8b853144544600005446000013ff4255544e600800005a172d575a172d57
920.777,45,e9071901120103c37dc6794b11c8deb78a3144554600005546000013ff4255544e602800005a172d575a172d57
920.859,45,e9071901120103c37dc6794b11c8defc8f3144584600005846000013ff4255544e600800005a172d575a172d57
920.939,45,e9071901120103c37dc6794b11c8de439531445a4600005a46000013ff4255544e602800005a172d575a172d57
921.044,45,e9071901120103c37dc6794b11c8de209c31445c4600005c46000013ff4255544e200800005a172d575a172d57
921.178,45,e9071901120103c37dc6794b11c8de8ea431445e4600005e46000013ff4255544e202800005a172d575a172d57
921.323,45,e9071901120103c37dc6794b11c8de48ad3144614600006146000013ff4255544e200800005a172d575a172d57
921.59,45,e9071901120103c37dc6794b11c8de52be3144674600006746000013ff4255544e202800005a172d575a172d57
921.732,45,e9071901120103c37dc6794b11c8de9dc731446a4600006a46000013ff4255544e200800005a172d575a172d57
922.422,45,e9071901120103c37dc6794b11c8ded3f43144794600007946000013ff4255544e200000005a172d575a172d57
922.565,45,e9071901120103c37dc6794b11c8de1efe31447c4600007c46000013ff4255544e204000005a172d575a172d57
922.705,45,e9071901120103c37dc6794b11c8de330732447f4600007f46000013ff4255544e200000005a172d575a172d57
922.861,45,e9071901120103c37dc6794b11c8de76113244834600008346000013ff4255544e201000005a172d575a172d57
923.123,45,e9071901120103c37dc6794b11c8de63223244894600008946000013ff4255544e200000005a172d575a172d57
923.338,45,e9071901120103c37dc6794b11c8de353032448d4600008d46000013ff4255544e201000005a172d575a172d57
923.36,45,e9071901120103c37dc6794b11c8de963132448e4600008e46000013ff4255544e200000005a172d575a172d57
923.381,45,e9071901120103c37dc6794b11c8def33232448f4600008f46000013ff4255544e201000005a172d575a172d57
923.805,45,e9071901120103c37dc6794b11c8deac4d3244974600009746000013ff4255544e601000005a172d575a172d57
924.773,45,e9071901120103c37dc6794b11c8de4b8b3244aa460000aa46000013ff4255544e401000005a172d575a172d57
925.019,45,e9071901120103c37dc6794b11c8de049b3244b0460000b046000013ff4255544e001000005a172d575a172d57
925.184,45,e9071901120103c37dc6794b11c8ded7a53244b4460000b446000013ff4255544e401000005a172d575a172d57
925.484,45,e9071901120103c37dc6794b11c8de15b93244bb460000bb46000013ff4255544e405000005a172d575a172d57
925.623,45,e9071901120103c37dc6794b11c8deedc13244bd460000bd46000013ff4255544e401000005a172d575a172d57
925.791,45,e9071901120103c37dc6794b11c8de7ccc3244c1460000c146000013ff4255544e501000005a172d575a172d57
925.862,45,e9071901120103c37dc6794b11c8de13d13244c3460000c346000013ff4255544e401000005a172d575a172d57
926.302,45,e9071901120103c37dc6794b11c8de7ded3244cc460000cc46000013ff4255544e501000005a172d575a172d57
927.512,45,e9071901120103c37dc6794b11c8deaf3a3344e7460000e746000013ff4255544e505000005a172d575a172d57
927.634,45,e9071901120103c37dc6794b11c8de5a423344ea460000ea46000013ff4255544e501000005a172d575a172d57
928.517,45,e9071901120103c37dc6794b11c8de537b3344fd460000fd46000013ff4255544e501200005a172d575a172d57
928.608,45,e9071901120103c37dc6794b11c8de21813344ff460000ff46000013ff4255544e501000005a172d575a172d57
928.905,45,e9071901120103c37dc6794b11c8de26943344064700000647000013ff4255544e505000005a172d575a172d57
929.015,45,e9071901120103c37dc6794b11c8de539b3344084700000847000013ff4255544e501000005a172d575a172d57
929.414,45,e9071901120103c37dc6794b11c8ded7b43344114700001147000013ff4255544e401000005a172d575a172d57
930.178,45,e9071901120103c37dc6794b11c8de09e63344224700002247000013ff4255544e001000005a172d575a172d57
930.346,45,e9071901120103c37dc6794b11c8decaf03344254700002547000013ff4255544e401200005a172d575a172d57
930.448,45,e9071901120103c37dc6794b11c8de74f73344284700002847000013ff4255544e401000005a172d575a172d57
930.59,45,e9071901120103c37dc6794b11c8de9e0034442b4700002b47000013ff4255544e405000005a172d575a172d57
930.711,45,e9071901120103c37dc6794b11c8de5b0834442d4700002d47000013ff4255544e401000005a172d575a172d57
931.038,45,e9071901120103c37dc6794b11c8de101d3444344700003447000013ff4255544e401800005a172d575a172d57
931.059,45,e9071901120103c37dc6794b11c8de661e3444344700003447000013ff4255544e403800005a172d575a172d57
931.164,45,e9071901120103c37dc6794b11c8de22253444364700003647000013ff4255544e401800005a172d575a172d57
931.206,45,e9071901120103c37dc6794b11c8ded4273444374700003747000013ff4255544e400800005a172d575a172d57
931.248,45,e9071901120103c37dc6794b11c8de872a3444384700003847000013ff4255544e402800005a172d575a172d57
931.352,45,e9071901120103c37dc6794b11c8de383134443a4700003a47000013ff4255544e400800005a172d575a172d57
931.434,45,e9071901120103c37dc6794b11c8de823634443c4700003c47000013ff4255544e402800005a172d575a172d57
931.517,45,e9071901120103c37dc6794b11c8decc3b34443d4700003d47000013ff4255544e400800005a172d575a172d57
931.625,45,e9071901120103c37dc6794b11c8de7a423444404700004047000013ff4255544e402800005a172d575a172d57
931.758,45,e9071901120103c37dc6794b11c8dece4a3444424700004247000013ff4255544e400800005a172d575a172d57
931.873,45,e9071901120103c37dc6794b11c8de08523444454700004547000013ff4255544e402800005a172d575a172d57
931.964,45,e9071901120103c37dc6794b11c8dee6573444474700004747000013ff4255544e500800005a172d575a172d57
932.074,45,e9071901120103c37dc6794b11c8de1f5f34444a4700004a47000013ff4255544e502800005a172d575a172d57
932.14,45,e9071901120103c37dc6794b11c8de5c6334444b4700004b47000013ff4255544e500800005a172d575a172d57
932.249,45,e9071901120103c37dc6794b11c8de626a34444d4700004d47000013ff4255544e100800005a172d575a172d57
932.808,45,e9071901120103c37dc6794b11c8dee08d3444594700005947000013ff4255544e100000005a172d575a172d57
932.877,45,e9071901120103c37dc6794b11c8de489234445c4700005c47000013ff4255544e104000005a172d575a172d57
932.991,45,e9071901120103c37dc6794b11c8de9e9934445e4700005e47000013ff4255544e100000005a172d575a172d57
933.424,45,e9071901120103c37dc6794b11c8de91b53444694700006947000013ff4255544e101000005a172d575a172d57
933.515,45,e9071901120103c37dc6794b11c8de2ebb34446a4700006a47000013ff4255544e100000005a172d575a172d57
933.562,45,e9071901120103c37dc6794b11c8de11be34446b4700006b47000013ff4255544e101000005a172d575a172d57
933.681,45,e9071901120103c37dc6794b11c8de88c534446e4700006e47000013ff4255544e501000005a172d575a172d57
933.93,45,e9071901120103c37dc6794b11c8dedbd53444744700007447000013ff4255544e401000005a172d575a172d57
933.952,45,e9071901120103c37dc6794b11c8de48d73444744700007447000013ff4255544e501000005a172d575a172d57
934.848,45,e9071901120103c37dc6794b11c8dea8103544874700008747000013ff4255544e401000005a172d575a172d57
935.188,45,e9071901120103c37dc6794b11c8dea92635448f4700008f47000013ff4255544e405200005a172d575a172d57
935.272,45,e9071901120103c37dc6794b11c8de092c3544914700009147000013ff4255544e405000005a172d575a172d57
935.335,45,e9071901120103c37dc6794b11c8de0d303544924700009247000013ff4255544e401000005a172d575a172d57
936.195,45,e9071901120103c37dc6794b11c8ded7663544a5470000a547000013ff4255544e405000005a172d575a172d57
936.349,45,e9071901120103c37dc6794b11c8deb1703544a8470000a847000013ff4255544e401000005a172d575a172d57
937.257,45,e9071901120103c37dc6794b11c8ded7aa3544bc470000bc47000013ff4255544e001000005a172d575a172d57
937.347,45,e9071901120103c37dc6794b11c8de77b03544be470000be47000013ff4255544e005000005a172d575a172d57
937.44,45,e9071901120103c37dc6794b11c8de3eb63544c1470000c147000013ff4255544e505000005a172d575a172d57
937.487,45,e9071901120103c37dc6794b11c8de34b93544c2470000c247000013ff4255544e405000005a172d575a172d57
937.51,45,e9071901120103c37dc6794b11c8deb2ba3544c2470000c247000013ff4255544e401000005a172d575a172d57
938.978,45,e9071901120103c37dc6794b11c8de3a183644e2470000e247000013ff4255544e405000005a172d575a172d57
939.075,45,e9071901120103c37dc6794b11c8de981e3644e4470000e447000013ff4255544e401000005a172d575a172d57
940.157,45,e9071901120103c37dc6794b11c8deab633644fb470000fb47000013ff4255544e401200005a172d575a172d57
940.257,45,e9071901120103c37dc6794b11c8de0c6a3644fd470000fd47000013ff4255544e401000005a172d575a172d57
940.773,45,e9071901120103c37dc6794b11c8de6a8a3644084800000848000013ff4255544e501000005a172d575a172d57
940.853,45,e9071901120103c37dc6794b11c8deac8f36440a4800000a48000013ff4255544e401000005a172d575a172d57
942.478,45,e9071901120103c37dc6794b11c8deeaf636442b4800002b48000013ff4255544e001000005a172d575a172d57
942.618,45,e9071901120103c37dc6794b11c8de5f0037442e4800002e48000013ff4255544e005000005a172d575a172d57
942.702,45,e9071901120103c37dc6794b11c8dec9053744304800003048000013ff4255544e405000005a172d575a172d57
942.73,45,e9071901120103c37dc6794b11c8de91073744314800003148000013ff4255544e401000005a172d575a172d57
946.391,45,e9071901120103c37dc6794b11c8de98f23744824800008248000013ff4255544e501000005a172d575a172d57
946.441,45,e9071901120103c37dc6794b11c8ded6f53744834800008348000013ff4255544e401000005a172d575a172d57
946.465,45,e9071901120103c37dc6794b11c8de70f73744834800008348000013ff4255544e000000005a172d575a172d57
953.26,45,e9071901120103c37dc6794b11c8de75a93944174900001749000013ff4255544e000004005a172d575a172d57
953.647,45,e9071901120103c37dc6794b11c8de2fc33944204900002049000013ff4255544e000000005a172d575a172d57
955.021,45,e9071901120103c37dc6794b11c8deaa163a443c4900003c49000013ff544d505403fd27450100000000000000
955.099,45,e9071901120103c37dc6794b11c8de851d3a443e4900003e49000013ff4255544e010000005a172d575a172d57
955.403,45,e9071901120103c37dc6794b11c8de28303a44444900004449000013ff4255544e000000005a172d575a172d57
957.252,45,e9071901120103c37dc6794b11c8deb7a53a446a4900006a49000013ff4255544e000004005a172d575a172d57
960.201,45,e9071901120103c37dc6794b11c8de58633b44a6490000a649000013ff4255544e000000005a172d575a172d57
960.542,45,e9071901120103c37dc6794b11c8de11793b44ad490000ad49000013ff4255544e000004005a172d575a172d57
962.152,45,e9071901120103c37dc6794b11c8de8adf3b44ce490000ce49000013ff4255544e000000005a172d575a172d57
963.456,45,e9071901120103c37dc6794b11c8dea9353c44ec490000ec49000013ff4f56544b110a0000e5e5ed3cbcbc9d3f
964.561,45,e9071901120103c37dc6794b11c8de047c3c44044a0000044a000013ff4f56544b030a0000a37bfd3c74af9f3f
965.185,45,e9071901120103c37dc6794b11c8dea8a33c44114a0000114a000013ff5350545013da119f42000008213aa843
965.278,45,e9071901120103c37dc6794b11c8debaa93c44134a0000134a000013ff4f56544b03110000421d013da823a03f
965.34,45,e9071901120103c37dc6794b11c8dec2ad3c44154a0000154a000013ff4f56544b120a0000ccf8003d191fa03f
965.823,45,e9071901120103c37dc6794b11c8dee8cc3c441f4a00001f4a000013ff4f56544b1211000034adf63ca6d59e3f
966.175,45,e9071901120103c37dc6794b11c8deaae33c44264a0000264a000013ff4f56544b12030000c7f5ee3cb8de9d3f
966.262,45,e9071901120103c37dc6794b11c8de3fe93c44284a0000284a000013ff4f56544b0a1100003763ee3c66cc9d3f
966.883,45,e9071901120103c37dc6794b11c8de4b113d44354a0000354a000013ff4f56544b0a030000c317e73cf8e29c3f
967.527,45,e9071901120103c37dc6794b11c8de743a3d44434a0000434a000013ff4f56544b0a120000a887e63cf5d09c3f
969.951,45,e9071901120103c37dc6794b11c8de80d63d44794a0000794a000013ff4f56544b010500003bc1c83c2718993f
969.951,45,e9071901120103c37dc6794b11c8de80d63d44794a0000794a000013ff4f56544b110300003bc1c83c2718993f
970.151,45,e9071901120103c37dc6794b11c8de22e33d447d4a00007d4a000013ff535054500a96c09e42000008213aa843
970.374,45,e9071901120103c37dc6794b11c8de84f13d44834a0000834a000013ff4f56544b010e0000f983cc3c7f90993f
970.545,45,e9071901120103c37dc6794b11c8de8afc3d44864a0000864a000013ff4f56544b0c050000905fc83cf20b993f
970.619,45,e9071901120103c37dc6794b11c8de39013e44884a0000884a000013ff4f56544b11120000a1c5c73cb4f8983f
970.901,45,e9071901120103c37dc6794b11c8dec8123e448e4a00008e4a000013ff4f56544b0c0e000030dfd53ce6bb9a3f
970.956,45,e9071901120103c37dc6794b11c8de26163e44904a0000904a000013ff4f56544b01090000fcb9d83c3f179b3f
970.984,45,e9071901120103c37dc6794b11c8dee0173e44904a0000904a000013ff4f56544b08030000e1aedc3cdc959b3f
971.448,45,e9071901120103c37dc6794b11c8decf353e449a4a00009a4a000013ff4f56544b0603000023a3dc3c64949b3f
971.475,45,e9071901120103c37dc6794b11c8de83373e449b4a00009b4a000013ff4f56544b0c09000001a6d93cc0349b3f
971.632,45,e9071901120103c37dc6794b11c8dea4413e449f4a00009f4a000013ff4f56544b08120000341dd63ca6c39a3f
972.112,45,e9071901120103c37dc6794b11c8deb0603e44aa4a0000aa4a000013ff4f56544b061200003079cc3c268f993f
972.188,45,e9071901120103c37dc6794b11c8de7e653e44ab4a0000ab4a000013ff4f56544b010300006278ce3c0ccf993f
972.317,45,e9071901120103c37dc6794b11c8de926d3e44ae4a0000ae4a000013ff4f56544b0112000082bad13c50379a3f
972.344,45,e9071901120103c37dc6794b11c8de366f3e44af4a0000af4a000013ff4f56544b0700000082e7d13cf03c9a3f
972.372,45,e9071901120103c37dc6794b11c8dedb703e44b04a0000b04a000013ff4f56544b01060000b0b5d23cb6569a3f
972.536,45,e9071901120103c37dc6794b11c8de2a7b3e44b34a0000b34a000013ff4f56544b010800004db5e03ca9169c3f
972.621,45,e9071901120103c37dc6794b11c8de78803e44b54a0000b54a000013ff4f56544b0c030000a69ae43c54939c3f
972.704,45,e9071901120103c37dc6794b11c8ded2853e44b74a0000b74a000013ff4f56544b0c12000057b5e43caa969c3f
972.815,45,e9071901120103c37dc6794b11c8def08c3e44b94a0000b94a000013ff4f56544b0c060000b9bde13cb7379c3f
972.868,45,e9071901120103c37dc6794b11c8de7a903e44bb4a0000bb4a000013ff4f56544b011100009468e13c122d9c3f
972.948,45,e9071901120103c37dc6794b11c8deaf953e44bc4a0000bc4a000013ff5350545001d70ca643000008213aa843
973.027,45,e9071901120103c37dc6794b11c8decd9a3e44be4a0000be4a000013ff4f56544b0c080000f2cfd73cfef99a3f
973.236,45,e9071901120103c37dc6794b11c8de3fa83e44c24a0000c24a000013ff535054501146f99e42000008213aa843
973.286,45,e9071901120103c37dc6794b11c8de97ab3e44c34a0000c34a000013ff535054500c0fdba443000008213aa843
973.312,45,e9071901120103c37dc6794b11c8de3fad3e44c44a0000c44a000013ff4f56544b0c1100005d0cd43c8b819a3f
973.364,45,e9071901120103c37dc6794b11c8de91b03e44c64a0000c64a000013ff4f56544b03120000ade6d43cd59c9a3f
973.364,45,e9071901120103c37dc6794b11c8de91b03e44c64a0000c64a000013ff4f56544b07050000ade6d43cd59c9a3f
973.721,45,e9071901120103c37dc6794b11c8de8cc73e44cd4a0000cd4a000013ff4f56544b070e00001424cf3c82e4993f
973.891,45,e9071901120103c37dc6794b11c8deafd23e44d14a0000d14a000013ff4f56544b03060000d15eca3cda4b993f
974.085,45,e9071901120103c37dc6794b11c8de1bdf3e44d54a0000d54a000013ff4f56544b010a0000f84dc63cbfc9983f
974.23,45,e9071901120103c37dc6794b11c8de66e83e44d84a0000d84a000013ff535054500847fa9f42000008213aa843
974.327,45,e9071901120103c37dc6794b11c8de96ee3e44da4a0000da4a000013ff4f56544b07090000f768c63c1ecd983f
974.477,45,e9071901120103c37dc6794b11c8def8f73e44de4a0000de4a000013ff4f56544b12060000e707c93cfc20993f
974.754,45,e9071901120103c37dc6794b11c8ded2093f44e44a0000e44a000013ff4f56544b0c0a00005413cd3c6aa2993f
975.039,45,e9071901120103c37dc6794b11c8de581c3f44eb4a0000eb4a000013ff4f56544b070600006963c23c6d4c983f
975.085,45,e9071901120103c37dc6794b11c8de5b1f3f44ec4a0000ec4a000013ff4255544e001000005a172d575a172d57
975.204,45,e9071901120103c37dc6794b11c8dede263f44ef4a0000ef4a000013ff4f56544b0712000031ddbf3ca6fb973f
975.396,45,e9071901120103c37dc6794b11c8de05333f44f34a0000f34a000013ff4f56544b07030000fca8c53c1fb5983f
975.521,45,e9071901120103c37dc6794b11c8ded43a3f44f64a0000f64a000013ff53505450078ec2a443000008213aa843
975.675,45,e9071901120103c37dc6794b11c8de84443f44f94a0000f94a000013ff4f56544b070800006468d13c0c2d9a3f
975.853,45,e9071901120103c37dc6794b11c8defd4f3f44fd4a0000fd4a000013ff53505450032d1b9f42000008213aa843
976.369,45,e9071901120103c37dc6794b11c8de22713f44084b0000084b000013ff4f56544b071100005318ca3c0a43993f
976.468,45,e9071901120103c37dc6794b11c8de7b773f440a4b00000a4b000013ff4f56544b0308000047b0ca3c0856993f
976.469,45,e9071901120103c37dc6794b11c8de7b773f440a4b00000a4b000013ff535054501245f49e42000008213aa843
976.883,45,e9071901120103c37dc6794b11c8de34923f44134b0000134b000013ff4f56544b0a0c00008adac63c51db983f
977.103,45,e9071901120103c37dc6794b11c8de2da03f44184b0000184b000013ff4f56544b12080000600bc73c6ce1983f
977.176,45,e9071901120103c37dc6794b11c8dee1a43f44194b0000194b000013ff4255544e101000005a172d575a172d57
977.201,45,e9071901120103c37dc6794b11c8de74a63f44194b0000194b000013ff4255544e501000005a172d575a172d57
977.251,45,e9071901120103c37dc6794b11c8de9fa93f441a4b00001a4b000013ff4255544e101000005a172d575a172d57
977.328,45,e9071901120103c37dc6794b11c8de6aae3f441c4b00001c4b000013ff4f56544b0906000040facb3c487f993f
977.355,45,e9071901120103c37dc6794b11c8de06b03f441c4b00001c4b000013ff4255544e001000005a172d575a172d57
977.605,45,e9071901120103c37dc6794b11c8de4ec03f44214b0000214b000013ff4255544e501000005a172d575a172d57
978.222,45,e9071901120103c37dc6794b11c8de72e73f442f4b00002f4b000013ff4f56544b0c0a00007752d33c4e6a9a3f
978.784,45,e9071901120103c37dc6794b11c8de650b40443b4b00003b4b000013ff4255544e401000005a172d575a172d57
978.838,45,e9071901120103c37dc6794b11c8debe0e40443c4b00003c4b000013ff4255544e001000005a172d575a172d57
979.027,45,e9071901120103c37dc6794b11c8deb11a4044404b0000404b000013ff4255544e501000005a172d575a172d57
979.223,45,e9071901120103c37dc6794b11c8de06274044444b0000444b000013ff4255544e401000005a172d575a172d57
979.501,45,e9071901120103c37dc6794b11c8def03840444b4b00004b4b000013ff4f56544b0e0600001cafe43ce3959c3f
979.882,45,e9071901120103c37dc6794b11c8de53514044534b0000534b000013ff4f56544b0e090000c768dd3c18ad9b3f
980.187,45,e9071901120103c37dc6794b11c8deb5644044594b0000594b000013ff4f56544b06090000b3a0e43c16949c3f
980.52,45,e9071901120103c37dc6794b11c8defe7940445f4b00005f4b000013ff4255544e501000005a172d575a172d57
980.58,45,e9071901120103c37dc6794b11c8de977d4044604b0000604b000013ff4255544e401000005a172d575a172d57
981.124,45,e9071901120103c37dc6794b11c8de699f40446c4b00006c4b000013ff4f56544b05090000d464063d9acca03f
981.217,45,e9071901120103c37dc6794b11c8deaaa540446d4b00006d4b000013ff4255544e401004005a172d575a172d57
981.367,45,e9071901120103c37dc6794b11c8deb3af4044724b0000724b000013ff4f56544b0f000000a97efb3cd56f9f3f
981.394,45,e9071901120103c37dc6794b11c8dea3b14044724b0000724b000013ff4f56544b060e0000cb25f83cb9049f3f
981.472,45,e9071901120103c37dc6794b11c8de37b74044734b0000734b000013ff4255544e001004005a172d575a172d57
981.499,45,e9071901120103c37dc6794b11c8de01b94044744b0000744b000013ff535054500602109f42000008213aa843
981.792,45,e9071901120103c37dc6794b11c8de99cb40447a4b00007a4b000013ff4255544e401004005a172d575a172d57
981.906,45,e9071901120103c37dc6794b11c8deabd240447d4b00007d4b000013ff4255544e401000005a172d575a172d57
981.936,45,e9071901120103c37dc6794b11c8de7bd440447e4b00007e4b000013ff4f56544b0f0900009721e83c32049d3f
982.08,45,e9071901120103c37dc6794b11c8de97dd4044814b0000814b000013ff4f56544b070a0000b714ea3c96429d3f
982.08,45,e9071901120103c37dc6794b11c8de97dd4044814b0000814b000013ff4f56544b0f050000b714ea3c96429d3f
982.26,45,e9071901120103c37dc6794b11c8dec2e84044854b0000854b000013ff4f56544b0f0e0000c9c3f33c79789e3f
982.26,45,e9071901120103c37dc6794b11c8dec2e84044854b0000854b000013ff535054500fd1409e43000008213aa843
982.476,45,e9071901120103c37dc6794b11c8de69f64044884b0000884b000013ff4255544e001000005a172d575a172d57
982.509,45,e9071901120103c37dc6794b11c8de66f840448a4b00008a4b000013ff4f56544b0f060000c03afe3c58c79f3f
982.599,45,e9071901120103c37dc6794b11c8de5efe40448b4b00008b4b000013ff4255544e001004005a172d575a172d57
982.988,45,e9071901120103c37dc6794b11c8de6a184144934b0000934b000013ff4f56544b0f0800006be4dc3c8d9c9b3f
983.704,45,e9071901120103c37dc6794b11c8de62474144a24b0000a24b000013ff4255544e001000005a172d575a172d57
983.839,45,e9071901120103c37dc6794b11c8ded74f4144a64b0000a64b000013ff4f56544b000900001148b83c0209973f
984.08,45,e9071901120103c37dc6794b11c8ded85e4144ab4b0000ab4b000013ff4255544e101000005a172d575a172d57
984.135,45,e9071901120103c37dc6794b11c8de4e624144ac4b0000ac4b000013ff4255544e001000005a172d575a172d57
984.248,45,e9071901120103c37dc6794b11c8de2a694144ae4b0000ae4b000013ff4f56544b00050000b750da3c164a9b3f
984.554,45,e9071901120103c37dc6794b11c8de337c4144b54b0000b54b000013ff4f56544b090500006701e33c2c609c3f
984.804,45,e9071901120103c37dc6794b11c8de3f8c4144b94b0000b94b000013ff4255544e005000005a172d575a172d57
984.886,45,e9071901120103c37dc6794b11c8de97914144bb4b0000bb4b000013ff4f56544b000e00002d3ae33c45679c3f
984.913,45,e9071901120103c37dc6794b11c8de59934144bb4b0000bb4b000013ff4255544e001000005a172d575a172d57
984.914,45,e9071901120103c37dc6794b11c8de59934144bc4b0000bc4b000013ff53505450005200a042000008213aa843
985.232,45,e9071901120103c37dc6794b11c8dee8a74144c24b0000c24b000013ff4f56544b090e0000b042d83c56089b3f
985.259,45,e9071901120103c37dc6794b11c8de99a94144c34b0000c34b000013ff5350545009c3689c42000008213aa843
986.424,45,e9071901120103c37dc6794b11c8deedf34144dc4b0000dc4b000013ff4f56544b090000007486e43cce909c3f
986.508,45,e9071901120103c37dc6794b11c8de3ef94144de4b0000de4b000013ff4f56544b0d05000069c9e23c2d599c3f
986.626,45,e9071901120103c37dc6794b11c8de68004244e04b0000e04b000013ff4f56544b0d0e0000a0bfe83cf4179d3f
986.626,45,e9071901120103c37dc6794b11c8de68004244e04b0000e04b000013ff535054500d893f9d43000008213aa843
986.717,45,e9071901120103c37dc6794b11c8defe054244e24b0000e24b000013ff535054500eefa1d740000008213aa843
986.952,45,e9071901120103c37dc6794b11c8de5c154244e84b0000e84b000013ff4f56544b0d000000aa4cf13c95299e3f
987.065,45,e9071901120103c37dc6794b11c8dec51c4244e94b0000e94b000013ff4255544e401000005a172d575a172d57
987.093,45,e9071901120103c37dc6794b11c8de9a1e4244ea4b0000ea4b000013ff4f56544b0d0900008db1ea3c31569d3f
987.327,45,e9071901120103c37dc6794b11c8de3e2e4244ef4b0000ef4b000013ff5350545005c7a78942000008213aa843
987.585,45,e9071901120103c37dc6794b11c8de8e3e4244f44b0000f44b000013ff4255544e403800005a172d575a172d57
987.693,45,e9071901120103c37dc6794b11c8de5e454244f64b0000f64b000013ff4255544e401800005a172d575a172d57
987.721,45,e9071901120103c37dc6794b11c8de18474244f64b0000f64b000013ff4255544e400800005a172d575a172d57
987.747,45,e9071901120103c37dc6794b11c8ded2484244f74b0000f74b000013ff4f56544b050e0000b833dd3c77a69b3f
987.773,45,e9071901120103c37dc6794b11c8de8c4a4244f74b0000f74b000013ff4255544e402800005a172d575a172d57
987.849,45,e9071901120103c37dc6794b11c8dea54f4244f94b0000f94b000013ff4255544e400800005a172d575a172d57
987.971,45,e9071901120103c37dc6794b11c8decb574244fc4b0000fc4b000013ff4255544e402800005a172d575a172d57
988.019,45,e9071901120103c37dc6794b11c8deee5a4244fd4b0000fd4b000013ff4255544e400800005a172d575a172d57
988.043,45,e9071901120103c37dc6794b11c8de7a5c4244fe4b0000fe4b000013ff4255544e500800005a172d575a172d57
988.116,45,e9071901120103c37dc6794b11c8de20614244ff4b0000ff4b000013ff4255544e100800005a172d575a172d57
988.213,45,e9071901120103c37dc6794b11c8de56674244014c0000014c000013ff4255544e502800005a172d575a172d57
988.359,45,e9071901120103c37dc6794b11c8dea9704244054c0000054c000013ff4255544e100800005a172d575a172d57
988.456,45,e9071901120103c37dc6794b11c8dee6764244074c0000074c000013ff4255544e102800005a172d575a172d57
988.553,45,e9071901120103c37dc6794b11c8de1f7d4244094c0000094c000013ff4255544e100800005a172d575a172d57
988.627,45,e9071901120103c37dc6794b11c8dec78142440b4c00000b4c000013ff4f56544b050000005456c63ccaca983f
988.725,45,e9071901120103c37dc6794b11c8de018842440d4c00000d4c000013ff4255544e102800005a172d575a172d57
988.824,45,e9071901120103c37dc6794b11c8de498e42440f4c00000f4c000013ff4255544e100800005a172d575a172d57
988.825,45,e9071901120103c37dc6794b11c8de498e4244104c0000104c000013ff5350545010748f9c43000008213aa843
988.901,45,e9071901120103c37dc6794b11c8de0c934244124c0000124c000013ff4f56544b0e0000006920ca3c0d44993f
989.158,45,e9071901120103c37dc6794b11c8de60a34244174c0000174c000013ff4255544e100000005a172d575a172d57
989.159,45,e9071901120103c37dc6794b11c8de60a34244184c0000184c000013ff4f56544b10000000c866d43cd98c9a3f
989.263,45,e9071901120103c37dc6794b11c8de03aa42441a4c00001a4c000013ff4f56544b100e000020e7d43ce49c9a3f
989.315,45,e9071901120103c37dc6794b11c8de58ad42441a4c00001a4c000013ff4255544e104000005a172d575a172d57
989.342,45,e9071901120103c37dc6794b11c8de02af42441c4c00001c4c000013ff4f56544b100500006546d53ccca89a3f
989.419,45,e9071901120103c37dc6794b11c8de0cb442441d4c00001d4c000013ff4255544e100000005a172d575a172d57
989.498,45,e9071901120103c37dc6794b11c8de16b942441f4c00001f4c000013ff4255544e101000005a172d575a172d57
990.304,45,e9071901120103c37dc6794b11c8debfec4244304c0000304c000013ff4255544e501000005a172d575a172d57
990.461,45,e9071901120103c37dc6794b11c8deabf64244344c0000344c000013ff53505450024e659e43000008213aa843
990.566,45,e9071901120103c37dc6794b11c8de56fd4244364c0000364c000013ff535054500b1b099b43000008213aa843
990.696,45,e9071901120103c37dc6794b11c8deb8054344384c0000384c000013ff4255544e401000005a172d575a172d57
990.802,45,e9071901120103c37dc6794b11c8de6b0c43443b4c00003b4c000013ff4f56544b0200000007c3d53c60b89a3f
990.907,45,e9071901120103c37dc6794b11c8de211343443d4c00003d4c000013ff4f56544b0b0000009810d73c13e29a3f
991.201,45,e9071901120103c37dc6794b11c8dec6254344424c0000424c000013ff53505450043e15a743000008213aa843
991.549,45,e9071901120103c37dc6794b11c8de4c3c43444a4c00004a4c000013ff4255544e405000005a172d575a172d57
991.602,45,e9071901120103c37dc6794b11c8deac3f43444c4c00004c4c000013ff4f56544b0400000068ecd73c8dfd9a3f
991.652,45,e9071901120103c37dc6794b11c8de044343444d4c00004d4c000013ff4255544e401000005a172d575a172d57
991.653,45,e9071901120103c37dc6794b11c8de044343444e4c00004e4c000013ff4f56544b020e000001e5d63ca0dc9a3f
991.859,45,e9071901120103c37dc6794b11c8de39504344534c0000534c000013ff4f56544b020500007cbad33c4f779a3f
991.884,45,e9071901120103c37dc6794b11c8dedc514344534c0000534c000013ff4f56544b0b0e000034a0d13c06349a3f
992.162,45,e9071901120103c37dc6794b11c8dec1634344594c0000594c000013ff4f56544b0b050000af26ce3cd5c4993f
992.309,45,e9071901120103c37dc6794b11c8de626d43445b4c00005b4c000013ff4255544e501000005a172d575a172d57
992.504,45,e9071901120103c37dc6794b11c8def0794344604c0000604c000013ff4255544e401000005a172d575a172d57
992.65,45,e9071901120103c37dc6794b11c8de46834344634c0000634c000013ff4255544e501000005a172d575a172d57
992.751,45,e9071901120103c37dc6794b11c8de8c894344664c0000664c000013ff4255544e401000005a172d575a172d57
992.829,45,e9071901120103c37dc6794b11c8de588e4344684c0000684c000013ff4255544e405000005a172d575a172d57
992.907,45,e9071901120103c37dc6794b11c8de44934344694c0000694c000013ff4255544e505000005a172d575a172d57
992.933,45,e9071901120103c37dc6794b11c8def09443446a4c00006a4c000013ff4255544e501000005a172d575a172d57
993.113,45,e9071901120103c37dc6794b11c8de86a043446d4c00006d4c000013ff4255544e401000005a172d575a172d57
993.189,45,e9071901120103c37dc6794b11c8de76a543446f4c00006f4c000013ff4f56544b040e0000cc47d23cf9489a3f
993.73,45,e9071901120103c37dc6794b11c8de2bc843447b4c00007b4c000013ff4f56544b050b0000e5ebc93c7c3d993f
993.962,45,e9071901120103c37dc6794b11c8deced64344814c0000814c000013ff4f56544b0e04000088d3d33c717a9a3f
994.013,45,e9071901120103c37dc6794b11c8de1eda4344824c0000824c000013ff4f56544b05020000a0e8d43c149d9a3f
994.533,45,e9071901120103c37dc6794b11c8decffb43448d4c00008d4c000013ff4255544e001000005a172d575a172d57
994.983,45,e9071901120103c37dc6794b11c8dec1184444974c0000974c000013ff4f56544b100900002dc9bf3c25f9973f
995.006,45,e9071901120103c37dc6794b11c8de411a4444974c0000974c000013ff4255544e101000005a172d575a172d57
995.03,45,e9071901120103c37dc6794b11c8debf1b4444984c0000984c000013ff4255544e105000005a172d575a172d57
995.127,45,e9071901120103c37dc6794b11c8ded22144449a4c00009a4c000013ff4255544e005000005a172d575a172d57
995.152,45,e9071901120103c37dc6794b11c8de5c2344449a4c00009a4c000013ff4255544e001000005a172d575a172d57
995.51,45,e9071901120103c37dc6794b11c8de193a4444a34c0000a34c000013ff4f56544b02050000a690ce3c14d2993f
996.789,45,e9071901120103c37dc6794b11c8de678c4444be4c0000be4c000013ff4f56544b0b050000db48bd3c1ba9973f
997.243,45,e9071901120103c37dc6794b11c8de30a94444c84c0000c84c000013ff4f56544b040e000090edc53cb2bd983f
997.266,45,e9071901120103c37dc6794b11c8debbaa4444c94c0000c94c000013ff4f56544b040500001e41c53c23a8983f
997.359,45,e9071901120103c37dc6794b11c8ded4b04444cb4c0000cb4c000013ff4255544e401000005a172d575a172d57
997.7,45,e9071901120103c37dc6794b11c8dee4c64444d24c0000d24c000013ff4255544e601000005a172d575a172d57
997.837,45,e9071901120103c37dc6794b11c8de97cf4444d54c0000d54c000013ff4255544e201000005a172d575a172d57
997.98,45,e9071901120103c37dc6794b11c8de7bd84444d94c0000d94c000013ff4255544e601000005a172d575a172d57
998.151,45,e9071901120103c37dc6794b11c8de47e34444dc4c0000dc4c000013ff4255544e401000005a172d575a172d57
998.298,45,e9071901120103c37dc6794b11c8deb1ec4444df4c0000df4c000013ff4255544e403800005a172d575a172d57
998.345,45,e9071901120103c37dc6794b11c8ded2ef4444e04c0000e04c000013ff4255544e603800005a172d575a172d57
998.416,45,e9071901120103c37dc6794b11c8de6ef44444e24c0000e24c000013ff4255544e200800005a172d575a172d57
998.488,45,e9071901120103c37dc6794b11c8defdf84444e44c0000e44c000013ff4255544e202800005a172d575a172d57
998.629,45,e9071901120103c37dc6794b11c8de1f024544e74c0000e74c000013ff4255544e200800005a172d575a172d57
998.794,45,e9071901120103c37dc6794b11c8dea60c4544ea4c0000ea4c000013ff4255544e200000005a172d575a172d57
999.124,45,e9071901120103c37dc6794b11c8de25214544f14c0000f14c000013ff4255544e201000005a172d575a172d57
999.68,45,e9071901120103c37dc6794b11c8de4c454544fe4c0000fe4c000013ff4255544e601000005a172d575a172d57
1000.966,45,e9071901120103c37dc6794b11c8de709745441a4d00001a4d000013ff4255544e401000005a172d575a172d57
1001.256,45,e9071901120103c37dc6794b11c8de18aa4544204d0000204d000013ff4255544e601000005a172d575a172d57
1002.192,45,e9071901120103c37dc6794b11c8dee2e54544344d0000344d000013ff4255544e605000005a172d575a172d57
1002.292,45,e9071901120103c37dc6794b11c8de2eec4544364d0000364d000013ff4255544e601000005a172d575a172d57
1002.369,45,e9071901120103c37dc6794b11c8def2f04544384d0000384d000013ff4255544e001000005a172d575a172d57
1002.525,45,e9071901120103c37dc6794b11c8ded8fa45443b4d00003b4d000013ff4255544e401000005a172d575a172d57
1002.551,45,e9071901120103c37dc6794b11c8de85fc45443c4d00003c4d000013ff4255544e403800005a172d575a172d57
1002.651,45,e9071901120103c37dc6794b11c8de240346443e4d00003e4d000013ff4255544e401800005a172d575a172d57
1002.676,45,e9071901120103c37dc6794b11c8dec20446443f4d00003f4d000013ff4255544e400800005a172d575a172d57
1002.749,45,e9071901120103c37dc6794b11c8de90094644404d0000404d000013ff4255544e402800005a172d575a172d57
1002.847,45,e9071901120103c37dc6794b11c8ded50f4644424d0000424d000013ff4255544e400800005a172d575a172d57
1002.92,45,e9071901120103c37dc6794b11c8de80144644444d0000444d000013ff4255544e402800005a172d575a172d57
1003.018,45,e9071901120103c37dc6794b11c8dec31a4644464d0000464d000013ff4255544e400800005a172d575a172d57
1003.093,45,e9071901120103c37dc6794b11c8de7b1f4644484d0000484d000013ff4255544e600800005a172d575a172d57
1003.118,45,e9071901120103c37dc6794b11c8de0f214644484d0000484d000013ff4255544e602800005a172d575a172d57
1003.195,45,e9071901120103c37dc6794b11c8ded72546444a4d00004a4d000013ff4255544e600800005a172d575a172d57
1003.297,45,e9071901120103c37dc6794b11c8de5a2c46444c4d00004c4d000013ff4255544e200800005a172d575a172d57
1003.517,45,e9071901120103c37dc6794b11c8debf3a4644514d0000514d000013ff4255544e202800005a172d575a172d57
1003.634,45,e9071901120103c37dc6794b11c8de67424644544d0000544d000013ff4255544e200800005a172d575a172d57
1004.583,45,e9071901120103c37dc6794b11c8defe7e4644694d0000694d000013ff4255544e200000005a172d575a172d57
1004.821,45,e9071901120103c37dc6794b11c8de6f8e46446d4d00006d4d000013ff4255544e204000005a172d575a172d57
1004.933,45,e9071901120103c37dc6794b11c8decc954644714d0000714d000013ff4255544e200000005a172d575a172d57
1005.089,45,e9071901120103c37dc6794b11c8dedb9f4644744d0000744d000013ff4255544e600000005a172d575a172d57
1005.289,45,e9071901120103c37dc6794b11c8deaaac4644784d0000784d000013ff4255544e601000005a172d575a172d57
1006.117,45,e9071901120103c37dc6794b11c8de5de146448b4d00008b4d000013ff434f4c4c0902da40010000002019c724
1006.184,45,e9071901120103c37dc6794b11c8dec8e546448c4d00008c4d000013ff4255544e401000005a172d575a172d57
1006.389,45,e9071901120103c37dc6794b11c8def2f24644914d0000914d000013ff4255544e001000005a172d575a172d57
1006.635,45,e9071901120103c37dc6794b11c8dec5024744964d0000964d000013ff4255544e401000005a172d575a172d57
1007.236,45,e9071901120103c37dc6794b11c8de1e294744a34d0000a34d000013ff4255544e501000005a172d575a172d57
1007.282,45,e9071901120103c37dc6794b11c8de112c4744a44d0000a44d000013ff4255544e101000005a172d575a172d57
1007.35,45,e9071901120103c37dc6794b11c8de6e304744a54d0000a54d000013ff4255544e101800005a172d575a172d57
1007.372,45,e9071901120103c37dc6794b11c8dee6314744a64d0000a64d000013ff4255544e103800005a172d575a172d57
1007.395,45,e9071901120103c37dc6794b11c8de58334744a74d0000a74d000013ff4255544e102800005a172d575a172d57
1007.508,45,e9071901120103c37dc6794b11c8de963a4744a94d0000a94d000013ff4255544e100800005a172d575a172d57
1007.555,45,e9071901120103c37dc6794b11c8de7a3d4744aa4d0000aa4d000013ff4255544e100000005a172d575a172d57
1008.564,45,e9071901120103c37dc6794b11c8de227e4744c14d0000c14d000013ff4255544e101000005a172d575a172d57
1008.611,45,e9071901120103c37dc6794b11c8de12814744c24d0000c24d000013ff4255544e100000005a172d575a172d57
1008.906,45,e9071901120103c37dc6794b11c8de15944744ca4d0000ca4d000013ff4f56544b02090000bbd6b73cd7fa963f
1009.153,45,e9071901120103c37dc6794b11c8debaa34744ce4d0000ce4d000013ff4255544e101000005a172d575a172d57
1009.471,45,e9071901120103c37dc6794b11c8de9fb74744d64d0000d64d000013ff4255544e105000005a172d575a172d57
1009.567,45,e9071901120103c37dc6794b11c8deedbd4744d84d0000d84d000013ff4255544e101000005a172d575a172d57
1009.753,45,e9071901120103c37dc6794b11c8de15ca4744dc4d0000dc4d000013ff4255544e501000005a172d575a172d57
1010.304,45,e9071901120103c37dc6794b11c8de30ed4744e94d0000e94d000013ff4f56544b0b0900009558bc3c128b973f
1010.373,45,e9071901120103c37dc6794b11c8deacf14744ea4d0000ea4d000013ff4255544e401000005a172d575a172d57
1010.422,45,e9071901120103c37dc6794b11c8deaff44744eb4d0000eb4d000013ff4255544e501000005a172d575a172d57
1010.542,45,e9071901120103c37dc6794b11c8de58fc4744ee4d0000ee4d000013ff4255544e401000005a172d575a172d57
1010.638,45,e9071901120103c37dc6794b11c8de7e024844f04d0000f04d000013ff4f56544b0b020000e9c9c53c3db9983f
1010.708,45,e9071901120103c37dc6794b11c8de16074844f14d0000f14d000013ff4255544e501000005a172d575a172d57
1010.961,45,e9071901120103c37dc6794b11c8de82174844f74d0000f74d000013ff4255544e401000005a172d575a172d57
1011.1,45,e9071901120103c37dc6794b11c8de54204844fa4d0000fa4d000013ff4255544e405000005a172d575a172d57
1011.222,45,e9071901120103c37dc6794b11c8ded1274844fd4d0000fd4d000013ff4255544e401000005a172d575a172d57
1011.247,45,e9071901120103c37dc6794b11c8de5d294844fe4d0000fe4d000013ff4f56544b0902000088e5c53cb1bc983f
1011.401,45,e9071901120103c37dc6794b11c8dee1324844024e0000024e000013ff4255544e501000005a172d575a172d57
1011.478,45,e9071901120103c37dc6794b11c8ded5374844054e0000054e000013ff4255544e401000005a172d575a172d57
1011.505,45,e9071901120103c37dc6794b11c8de7e394844054e0000054e000013ff4255544e001000005a172d575a172d57
1011.687,45,e9071901120103c37dc6794b11c8de2d454844094e0000094e000013ff4255544e101000005a172d575a172d57
1011.763,45,e9071901120103c37dc6794b11c8de284a48440a4e00000a4e000013ff4255544e001000005a172d575a172d57
1011.986,45,e9071901120103c37dc6794b11c8dea5584844104e0000104e000013ff4255544e401000005a172d575a172d57
1012.01,45,e9071901120103c37dc6794b11c8de385a4844104e0000104e000013ff4255544e405000005a172d575a172d57
1012.13,45,e9071901120103c37dc6794b11c8de01624844134e0000134e000013ff4255544e401000005a172d575a172d57
1012.203,45,e9071901120103c37dc6794b11c8de9c664844154e0000154e000013ff4f56544b0209000028d9c33c257b983f
1012.997,45,e9071901120103c37dc6794b11c8de1b994844264e0000264e000013ff4255544e601000005a172d575a172d57
1013.048,45,e9071901120103c37dc6794b11c8de669c4844274e0000274e000013ff4255544e401000005a172d575a172d57
1013.149,45,e9071901120103c37dc6794b11c8dee9a24844294e0000294e000013ff4255544e405000005a172d575a172d57
1013.276,45,e9071901120103c37dc6794b11c8defeaa48442c4e00002c4e000013ff4255544e601000005a172d575a172d57
1013.33,45,e9071901120103c37dc6794b11c8de3dae48442d4e00002d4e000013ff4255544e603800005a172d575a172d57
1013.411,45,e9071901120103c37dc6794b11c8de42b348442e4e00002e4e000013ff4255544e602800005a172d575a172d57
1013.439,45,e9071901120103c37dc6794b11c8def7b448442f4e00002f4e000013ff4255544e400800005a172d575a172d57
1013.495,45,e9071901120103c37dc6794b11c8de6db84844304e0000304e000013ff4255544e402800005a172d575a172d57
1013.578,45,e9071901120103c37dc6794b11c8debdbd4844324e0000324e000013ff4255544e602800005a172d575a172d57
1013.606,45,e9071901120103c37dc6794b11c8de86bf4844324e0000324e000013ff4255544e600800005a172d575a172d57
1013.686,45,e9071901120103c37dc6794b11c8ded6c44844344e0000344e000013ff4255544e602800005a172d575a172d57
1013.766,45,e9071901120103c37dc6794b11c8de05ca4844354e0000354e000013ff4255544e600800005a172d575a172d57
1013.818,45,e9071901120103c37dc6794b11c8de6fcd4844364e0000364e000013ff4255544e200800005a172d575a172d57
1013.872,45,e9071901120103c37dc6794b11c8ded2d04844384e0000384e000013ff4255544e202800005a172d575a172d57
1013.987,45,e9071901120103c37dc6794b11c8deb3d748443b4e00003b4e000013ff4255544e200800005a172d575a172d57
1014.137,45,e9071901120103c37dc6794b11c8deeae048443e4e00003e4e000013ff4255544e202800005a172d575a172d57
1014.254,45,e9071901120103c37dc6794b11c8de95e84844404e0000404e000013ff4255544e200800005a172d575a172d57
1015.044,45,e9071901120103c37dc6794b11c8de6b1c4944524e0000524e000013ff4255544e200000005a172d575a172d57
1015.165,45,e9071901120103c37dc6794b11c8de44244944544e0000544e000013ff4255544e600000005a172d575a172d57
1015.19,45,e9071901120103c37dc6794b11c8ded1254944554e0000554e000013ff4255544e604000005a172d575a172d57
1015.284,45,e9071901120103c37dc6794b11c8def52b4944574e0000574e000013ff4255544e600000005a172d575a172d57
1015.354,45,e9071901120103c37dc6794b11c8de84304944584e0000584e000013ff4255544e200000005a172d575a172d57
1016.123,45,e9071901120103c37dc6794b11c8de0a6249446a4e00006a4e000013ff4255544e600000005a172d575a172d57
1016.533,45,e9071901120103c37dc6794b11c8de297c4944724e0000724e000013ff4255544e601000005a172d575a172d57
1017.152,45,e9071901120103c37dc6794b11c8de9fa349447e4e00007e4e000013ff4255544e401000005a172d575a172d57
1017.667,45,e9071901120103c37dc6794b11c8de6ec44944894e0000894e000013ff4255544e001000005a172d575a172d57
1017.874,45,e9071901120103c37dc6794b11c8deeed149448e4e00008e4e000013ff4255544e401000005a172d575a172d57
1018.103,45,e9071901120103c37dc6794b11c8de94e04944924e0000924e000013ff4255544e405000005a172d575a172d57
1018.218,45,e9071901120103c37dc6794b11c8dee8e74944944e0000944e000013ff4255544e401000005a172d575a172d57
1019.01,45,e9071901120103c37dc6794b11c8de931a4a44a64e0000a64e000013ff4255544e501000005a172d575a172d57
1019.486,45,e9071901120103c37dc6794b11c8dec6384a44b14e0000b14e000013ff4255544e505000005a172d575a172d57
1019.629,45,e9071901120103c37dc6794b11c8defd414a44b44e0000b44e000013ff4255544e501000005a172d575a172d57
1019.654,45,e9071901120103c37dc6794b11c8de83434a44b54e0000b54e000013ff4f56544b09020000ab1dc33cb563983f
1020.075,45,e9071901120103c37dc6794b11c8de7f5e4a44be4e0000be4e000013ff4255544e101000005a172d575a172d57
1020.195,45,e9071901120103c37dc6794b11c8de2c664a44c04e0000c04e000013ff4255544e501000005a172d575a172d57
1021.279,45,e9071901120103c37dc6794b11c8ded4ab4a44d84e0000d84e000013ff4255544e401000005a172d575a172d57
1021.458,45,e9071901120103c37dc6794b11c8de73b74a44dc4e0000dc4e000013ff4255544e501000005a172d575a172d57
1021.745,45,e9071901120103c37dc6794b11c8dedfc94a44e24e0000e24e000013ff4255544e505000005a172d575a172d57
1021.855,45,e9071901120103c37dc6794b11c8dee6d04a44e54e0000e54e000013ff4255544e501000005a172d575a172d57
1022.384,45,e9071901120103c37dc6794b11c8dee2f24a44f14e0000f14e000013ff4255544e401000005a172d575a172d57
1022.698,45,e9071901120103c37dc6794b11c8de1a074b44f74e0000f74e000013ff4255544e001000005a172d575a172d57
1022.886,45,e9071901120103c37dc6794b11c8de40134b44fc4e0000fc4e000013ff4255544e401000005a172d575a172d57
1023.53,45,e9071901120103c37dc6794b11c8de6c3c4b440a4f00000a4f000013ff4255544e401800005a172d575a172d57
1023.594,45,e9071901120103c37dc6794b11c8de6f404b440b4f00000b4f000013ff4255544e403800005a172d575a172d57
1023.679,45,e9071901120103c37dc6794b11c8ded8454b440d4f00000d4f000013ff4255544e400800005a172d575a172d57
1023.805,45,e9071901120103c37dc6794b11c8defd4d4b440f4f00000f4f000013ff4255544e402800005a172d575a172d57
1023.868,45,e9071901120103c37dc6794b11c8de00524b44114f0000114f000013ff4255544e400800005a172d575a172d57
1024.012,45,e9071901120103c37dc6794b11c8de4d5b4b44144f0000144f000013ff4255544e402800005a172d575a172d57
1024.14,45,e9071901120103c37dc6794b11c8de48634b44174f0000174f000013ff4255544e400800005a172d575a172d57
1024.162,45,e9071901120103c37dc6794b11c8dea4644b44174f0000174f000013ff4255544e500800005a172d575a172d57
1024.206,45,e9071901120103c37dc6794b11c8de63674b44184f0000184f000013ff4255544e400800005a172d575a172d57
1024.251,45,e9071901120103c37dc6794b11c8de2a6a4b44194f0000194f000013ff4255544e402800005a172d575a172d57
1024.34,45,e9071901120103c37dc6794b11c8deda6f4b441b4f00001b4f000013ff4255544e500800005a172d575a172d57
1024.498,45,e9071901120103c37dc6794b11c8deee794b441f4f00001f4f000013ff4255544e502800005a172d575a172d57
1024.611,45,e9071901120103c37dc6794b11c8de2b814b44214f0000214f000013ff4255544e500800005a172d575a172d57
1024.981,45,e9071901120103c37dc6794b11c8de05994b442a4f00002a4f000013ff4255544e100000005a172d575a172d57
1025.252,45,e9071901120103c37dc6794b11c8de0baa4b442f4f00002f4f000013ff4255544e104000005a172d575a172d57
1025.368,45,e9071901120103c37dc6794b11c8de74b14b44324f0000324f000013ff4255544e100000005a172d575a172d57
1025.503,45,e9071901120103c37dc6794b11c8de45ba4b44354f0000354f000013ff4255544e500000005a172d575a172d57
1025.882,45,e9071901120103c37dc6794b11c8de72d24b443e4f00003e4f000013ff4255544e501000005a172d575a172d57
1026.876,45,e9071901120103c37dc6794b11c8de2e124c44534f0000534f000013ff4255544e401000005a172d575a172d57
1027.313,45,e9071901120103c37dc6794b11c8de5f2e4c445b4f00005b4f000013ff4255544e401200005a172d575a172d57
1027.397,45,e9071901120103c37dc6794b11c8decd334c445e4f00005e4f000013ff4255544e401000005a172d575a172d57
1027.417,45,e9071901120103c37dc6794b11c8de2b354c445e4f00005e4f000013ff4255544e405000005a172d575a172d57
1027.524,45,e9071901120103c37dc6794b11c8def03b4c44614f0000614f000013ff4255544e401000005a172d575a172d57
1028.28,45,e9071901120103c37dc6794b11c8de296c4c44704f0000704f000013ff4255544e405000005a172d575a172d57
1028.436,45,e9071901120103c37dc6794b11c8de01764c44744f0000744f000013ff4255544e401000005a172d575a172d57
1029.333,45,e9071901120103c37dc6794b11c8de99af4c44874f0000874f000013ff4255544e405000005a172d575a172d57
1029.443,45,e9071901120103c37dc6794b11c8de83b64c448a4f00008a4f000013ff4255544e401000005a172d575a172d57
1030.128,45,e9071901120103c37dc6794b11c8de11e24c44994f0000994f000013ff4255544e001000005a172d575a172d57
1030.424,45,e9071901120103c37dc6794b11c8de36f54c44a14f0000a14f000013ff4255544e501000005a172d575a172d57
1030.515,45,e9071901120103c37dc6794b11c8def9fa4c44a24f0000a24f000013ff4255544e401000005a172d575a172d57
1030.605,45,e9071901120103c37dc6794b11c8dec3004d44a44f0000a44f000013ff4255544e405000005a172d575a172d57
1030.675,45,e9071901120103c37dc6794b11c8de1f054d44a64f0000a64f000013ff4255544e405200005a172d575a172d57
1030.724,45,e9071901120103c37dc6794b11c8de0f084d44a64f0000a64f000013ff4255544e401200005a172d575a172d57
1030.774,45,e9071901120103c37dc6794b11c8de170b4d44a74f0000a74f000013ff4255544e401000005a172d575a172d57
1032.884,45,e9071901120103c37dc6794b11c8dea0914d44d54f0000d54f000013ff4255544e501000005a172d575a172d57
1032.963,45,e9071901120103c37dc6794b11c8deb2964d44d64f0000d64f000013ff4255544e401000005a172d575a172d57
1034.104,45,e9071901120103c37dc6794b11c8de2cde4d44ee4f0000ee4f000013ff4255544e001000005a172d575a172d57
1034.36,45,e9071901120103c37dc6794b11c8dec6ee4d44f34f0000f34f000013ff4255544e401000005a172d575a172d57
1035.457,45,e9071901120103c37dc6794b11c8de71364e44095000000950000013ff4255544e405000005a172d575a172d57
1035.588,45,e9071901120103c37dc6794b11c8deb63e4e440c5000000c50000013ff4255544e401000005a172d575a172d57
1039.095,45,e9071901120103c37dc6794b11c8de121f4f44555000005550000013ff4255544e001000005a172d575a172d57
1039.37,45,e9071901120103c37dc6794b11c8de80304f445b5000005b50000013ff4255544e401000005a172d575a172d57
1039.424,45,e9071901120103c37dc6794b11c8de03344f445c5000005c50000013ff4255544e001000005a172d575a172d57
1039.787,45,e9071901120103c37dc6794b11c8de854b4f44645000006450000013ff4255544e401000005a172d575a172d57
1039.943,45,e9071901120103c37dc6794b11c8de75554f44685000006850000013ff4255544e001000005a172d575a172d57
1040.182,45,e9071901120103c37dc6794b11c8de96644f446d5000006d50000013ff4255544e401000005a172d575a172d57
1042.389,45,e9071901120103c37dc6794b11c8de51f24f449d5000009d50000013ff535054501314109e43000008213aa843
1042.832,45,e9071901120103c37dc6794b11c8deaa0e5044a6500000a650000013ff4255544e403800005a172d575a172d57
1042.933,45,e9071901120103c37dc6794b11c8de0d155044a9500000a950000013ff4255544e400800005a172d575a172d57
1043.009,45,e9071901120103c37dc6794b11c8dee6195044aa500000aa50000013ff4255544e402800005a172d575a172d57
1043.108,45,e9071901120103c37dc6794b11c8de5a205044ac500000ac50000013ff4255544e400800005a172d575a172d57
1043.206,45,e9071901120103c37dc6794b11c8deab265044ae500000ae50000013ff4255544e402800005a172d575a172d57
1043.328,45,e9071901120103c37dc6794b11c8de7d2e5044b1500000b150000013ff4255544e400800005a172d575a172d57
1043.453,45,e9071901120103c37dc6794b11c8de5f365044b3500000b350000013ff4255544e402800005a172d575a172d57
1043.556,45,e9071901120103c37dc6794b11c8dec63c5044b5500000b550000013ff4255544e400800005a172d575a172d57
1043.632,45,e9071901120103c37dc6794b11c8de0c405044b7500000b750000013ff46544c500c6afc9042000000212b9353
1043.713,45,e9071901120103c37dc6794b11c8deb9465044b8500000b850000013ff4255544e402800005a172d575a172d57
1043.815,45,e9071901120103c37dc6794b11c8de6d4d5044ba500000ba50000013ff4255544e500800005a172d575a172d57
1043.865,45,e9071901120103c37dc6794b11c8deb6505044bc500000bc50000013ff4255544e100800005a172d575a172d57
1043.937,45,e9071901120103c37dc6794b11c8de8e555044be500000be50000013ff4255544e102800005a172d575a172d57
1044.035,45,e9071901120103c37dc6794b11c8ded15b5044c0500000c050000013ff4255544e100800005a172d575a172d57
1044.154,45,e9071901120103c37dc6794b11c8de92635044c2500000c250000013ff4255544e102800005a172d575a172d57
1044.273,45,e9071901120103c37dc6794b11c8de346b5044c4500000c450000013ff4255544e100800005a172d575a172d57
1044.392,45,e9071901120103c37dc6794b11c8dec7725044c8500000c850000013ff4255544e102800005a172d575a172d57
1044.538,45,e9071901120103c37dc6794b11c8defc7b5044cb500000cb50000013ff4255544e100800005a172d575a172d57
1044.766,45,e9071901120103c37dc6794b11c8de2f8a5044d0500000d050000013ff4f56544b0c0100008624cd3c90a4993f
1045.166,45,e9071901120103c37dc6794b11c8de26a45044d8500000d850000013ff4255544e100000005a172d575a172d57
1045.265,45,e9071901120103c37dc6794b11c8dedda85044da500000da50000013ff46544c500798ee8f42000000212b9353
1045.344,45,e9071901120103c37dc6794b11c8de41af5044dc500000dc50000013ff4255544e104000005a172d575a172d57
1045.45,45,e9071901120103c37dc6794b11c8ded2b55044df500000df50000013ff4255544e100000005a172d575a172d57
1045.633,45,e9071901120103c37dc6794b11c8de9ec15044e3500000e350000013ff4255544e500000005a172d575a172d57
1045.735,45,e9071901120103c37dc6794b11c8de48c85044e5500000e550000013ff4255544e501000005a172d575a172d57
1045.811,45,e9071901120103c37dc6794b11c8de2ecd5044e7500000e750000013ff535054500cb3d0a643000008213aa843
1045.884,45,e9071901120103c37dc6794b11c8defcd15044e9500000e950000013ff5350545001fe029c43000008213aa843
1046.332,45,e9071901120103c37dc6794b11c8de78ee5044f2500000f250000013ff4255544e401000005a172d575a172d57
1046.459,45,e9071901120103c37dc6794b11c8de9bf65044f4500000f450000013ff4255544e501000005a172d575a172d57
1046.688,45,e9071901120103c37dc6794b11c8de5c055144f9500000f950000013ff4255544e401000005a172d575a172d57
1046.737,45,e9071901120103c37dc6794b11c8de9c085144fa500000fa50000013ff4255544e001000005a172d575a172d57
1046.958,45,e9071901120103c37dc6794b11c8dece165144ff500000ff50000013ff4255544e401000005a172d575a172d57
1046.983,45,e9071901120103c37dc6794b11c8de63185144005100000051000013ff4255544e405000005a172d575a172d57
1047.105,45,e9071901120103c37dc6794b11c8de3a205144025100000251000013ff4255544e401000005a172d575a172d57
1047.153,45,e9071901120103c37dc6794b11c8de5d235144035100000351000013ff4255544e601000005a172d575a172d57
1047.227,45,e9071901120103c37dc6794b11c8de0d285144055100000551000013ff4255544e201000005a172d575a172d57
1047.348,45,e9071901120103c37dc6794b11c8ded42f5144075100000751000013ff4255544e601000005a172d575a172d57
1047.447,45,e9071901120103c37dc6794b11c8de133651440a5100000a51000013ff4255544e201000005a172d575a172d57
1047.647,45,e9071901120103c37dc6794b11c8decc4251440e5100000e51000013ff5350545007ca859a43000008213aa843
1047.917,45,e9071901120103c37dc6794b11c8de1e545144155100001551000013ff535054500ad05aa643000008213aa843
1048.559,45,e9071901120103c37dc6794b11c8de367d5144225100002251000013ff4255544e601000005a172d575a172d57
1048.948,45,e9071901120103c37dc6794b11c8de519651442b5100002b51000013ff4255544e401000005a172d575a172d57
1049.565,45,e9071901120103c37dc6794b11c8dec3bd5144385100003851000013ff4255544e501000005a172d575a172d57
1050.14,45,e9071901120103c37dc6794b11c8de79e25144445100004451000013ff4255544e401000005a172d575a172d57
1050.215,45,e9071901120103c37dc6794b11c8de2ae75144455100004551000013ff4255544e505000005a172d575a172d57
1050.366,45,e9071901120103c37dc6794b11c8dec2f05144495100004951000013ff4255544e501000005a172d575a172d57
1050.679,45,e9071901120103c37dc6794b11c8def8045244505100005051000013ff5350545011a4259e43000008213aa843
1050.775,45,e9071901120103c37dc6794b11c8de260b5244525100005251000013ff4255544e501200005a172d575a172d57
1050.849,45,e9071901120103c37dc6794b11c8ded30f5244545100005451000013ff4255544e501000005a172d575a172d57
1051.457,45,e9071901120103c37dc6794b11c8de8b365244625100006251000013ff4255544e505000005a172d575a172d57
1051.555,45,e9071901120103c37dc6794b11c8defd3c5244645100006451000013ff4255544e501000005a172d575a172d57
1051.807,45,e9071901120103c37dc6794b11c8dedc4c5244695100006951000013ff4255544e401000005a172d575a172d57
1051.993,45,e9071901120103c37dc6794b11c8de7d5852446e5100006e51000013ff4255544e401200005a172d575a172d57
1052.074,45,e9071901120103c37dc6794b11c8de995d52446f5100006f51000013ff4255544e401000005a172d575a172d57
1053.445,45,e9071901120103c37dc6794b11c8de9ab552448e5100008e51000013ff4255544e405200005a172d575a172d57
1053.525,45,e9071901120103c37dc6794b11c8de96ba52448f5100008f51000013ff4255544e405000005a172d575a172d57
1053.553,45,e9071901120103c37dc6794b11c8de47bc5244905100009051000013ff4255544e401000005a172d575a172d57
1053.924,45,e9071901120103c37dc6794b11c8de80d35244985100009851000013ff4255544e001000005a172d575a172d57
1054.463,45,e9071901120103c37dc6794b11c8dea2f65244a3510000a351000013ff4255544e101000005a172d575a172d57
1054.515,45,e9071901120103c37dc6794b11c8de01fa5244a4510000a451000013ff4255544e001000005a172d575a172d57
1055.404,45,e9071901120103c37dc6794b11c8de00335344b8510000b851000013ff4f56544b120300006057d23cec4a9a3f
1055.502,45,e9071901120103c37dc6794b11c8de81395344b9510000b951000013ff4255544e005000005a172d575a172d57
1055.576,45,e9071901120103c37dc6794b11c8de453e5344bb510000bb51000013ff5350545003e4719c43000008213aa843
1055.576,45,e9071901120103c37dc6794b11c8de453e5344bb510000bb51000013ff5350545012279da443000008213aa843
1055.649,45,e9071901120103c37dc6794b11c8defc425344bc510000bc51000013ff4255544e001000005a172d575a172d57
1055.746,45,e9071901120103c37dc6794b11c8de44495344be510000be51000013ff4255544e101000005a172d575a172d57
1055.796,45,e9071901120103c37dc6794b11c8de694c5344bf510000bf51000013ff535054500f38c5a043000008213aa843
1055.82,45,e9071901120103c37dc6794b11c8def84d5344bf510000bf51000013ff4255544e001000005a172d575a172d57
1055.97,45,e9071901120103c37dc6794b11c8de6a575344c3510000c351000013ff4255544e001200005a172d575a172d57
1056.074,45,e9071901120103c37dc6794b11c8dedd5d5344c5510000c551000013ff4255544e001000005a172d575a172d57
1056.185,45,e9071901120103c37dc6794b11c8de98645344c8510000c851000013ff4255544e401000005a172d575a172d57
1056.242,45,e9071901120103c37dc6794b11c8de15685344c9510000c951000013ff4255544e001000005a172d575a172d57
1056.97,45,e9071901120103c37dc6794b11c8de00975344d9510000d951000013ff434f4c4c0312e024e90e00002019c724
1057.203,45,e9071901120103c37dc6794b11c8de1aa65344dd510000dd51000013ff4255544e401000005a172d575a172d57
1057.255,45,e9071901120103c37dc6794b11c8de6da95344de510000de51000013ff4255544e001000005a172d575a172d57
1058.188,45,e9071901120103c37dc6794b11c8ded1e45344f3510000f351000013ff4255544e401000005a172d575a172d57
1058.189,45,e9071901120103c37dc6794b11c8ded1e45344f3510000f351000013ff4f56544b06080000c24add3c58a99b3f
1058.272,45,e9071901120103c37dc6794b11c8de10ea5344f4510000f451000013ff4255544e001000005a172d575a172d57
1058.502,45,e9071901120103c37dc6794b11c8de83f85344f9510000f951000013ff4255544e401000005a172d575a172d57
1058.787,45,e9071901120103c37dc6794b11c8dec60a5444ff510000ff51000013ff53505450065e74a543000008213aa843
1058.815,45,e9071901120103c37dc6794b11c8de940c5444005200000052000013ff5350545008311d9d43000008213aa843
1059.776,45,e9071901120103c37dc6794b11c8deca4a5444145200001452000013ff4255544e403800005a172d575a172d57
1059.831,45,e9071901120103c37dc6794b11c8de184e5444165200001652000013ff535054500dc52da443000008213aa843
1059.884,45,e9071901120103c37dc6794b11c8de75515444175200001752000013ff4255544e400800005a172d575a172d57
1059.99,45,e9071901120103c37dc6794b11c8de4e585444195200001952000013ff4255544e402800005a172d575a172d57
1060.065,45,e9071901120103c37dc6794b11c8de635d54441a5200001a52000013ff4255544e400800005a172d575a172d57
1060.163,45,e9071901120103c37dc6794b11c8dee86354441c5200001c52000013ff4255544e402800005a172d575a172d57
1060.26,45,e9071901120103c37dc6794b11c8de2f6a54441e5200001e52000013ff4255544e400800005a172d575a172d57
1060.333,45,e9071901120103c37dc6794b11c8ded96e5444205200002052000013ff4255544e402800005a172d575a172d57
1060.406,45,e9071901120103c37dc6794b11c8de84735444225200002252000013ff4255544e502800005a172d575a172d57
1060.43,45,e9071901120103c37dc6794b11c8de13755444235200002352000013ff4255544e500800005a172d575a172d57
1060.454,45,e9071901120103c37dc6794b11c8dea1765444235200002352000013ff4255544e100800005a172d575a172d57
1060.55,45,e9071901120103c37dc6794b11c8ded17c5444255200002552000013ff4255544e102800005a172d575a172d57
1060.646,45,e9071901120103c37dc6794b11c8def5825444275200002752000013ff4255544e100800005a172d575a172d57
1060.766,45,e9071901120103c37dc6794b11c8dea18a5444295200002952000013ff4255544e102800005a172d575a172d57
1060.886,45,e9071901120103c37dc6794b11c8de519254442d5200002d52000013ff4255544e100800005a172d575a172d57
1061.367,45,e9071901120103c37dc6794b11c8de93b05444375200003752000013ff4255544e100000005a172d575a172d57
1061.472,45,e9071901120103c37dc6794b11c8de42b75444395200003952000013ff4255544e104000005a172d575a172d57
1061.578,45,e9071901120103c37dc6794b11c8def9bd54443c5200003c52000013ff4255544e100000005a172d575a172d57
1061.656,45,e9071901120103c37dc6794b11c8de09c354443d5200003d52000013ff4255544e101000005a172d575a172d57
1062.037,45,e9071901120103c37dc6794b11c8dea8db5444465200004652000013ff4f56544b08060000bb2ad03c57059a3f
1062.335,45,e9071901120103c37dc6794b11c8debfee54444d5200004d52000013ff5350545010cbff9b43000008213aa843
1062.568,45,e9071901120103c37dc6794b11c8de71fd5444515200005152000013ff4255544e501000005a172d575a172d57
1063.034,45,e9071901120103c37dc6794b11c8de631b55445b5200005b52000013ff4255544e401000005a172d575a172d57
1063.165,45,e9071901120103c37dc6794b11c8de9c2355445e5200005e52000013ff4f56544b06080000e80ed33cdd619a3f
1063.243,45,e9071901120103c37dc6794b11c8de962855445f5200005f52000013ff4255544e601000005a172d575a172d57
1063.297,45,e9071901120103c37dc6794b11c8def22b5544605200006052000013ff4255544e405000005a172d575a172d57
1063.408,45,e9071901120103c37dc6794b11c8decc325544625200006252000013ff4255544e505000005a172d575a172d57
1063.435,45,e9071901120103c37dc6794b11c8de8d345544635200006352000013ff4255544e501000005a172d575a172d57
1063.521,45,e9071901120103c37dc6794b11c8dedd395544645200006452000013ff4255544e001000005a172d575a172d57
1063.688,45,e9071901120103c37dc6794b11c8dea9445544685200006852000013ff4255544e401000005a172d575a172d57
1064.008,45,e9071901120103c37dc6794b11c8de8b5955446f5200006f52000013ff4255544e001000005a172d575a172d57
1064.137,45,e9071901120103c37dc6794b11c8dedf615544725200007252000013ff535054500b454c9b43000008213aa843
1064.162,45,e9071901120103c37dc6794b11c8de85635544725200007252000013ff4255544e501000005a172d575a172d57
1064.263,45,e9071901120103c37dc6794b11c8de1c6a5544745200007452000013ff4255544e401000005a172d575a172d57
1064.389,45,e9071901120103c37dc6794b11c8de32725544785200007852000013ff4f56544b080600009213ce3c72c2993f
1064.536,45,e9071901120103c37dc6794b11c8deb27b55447b5200007b52000013ff4f56544b0a0700000cccc93c8139993f
1064.707,45,e9071901120103c37dc6794b11c8deb98655447e5200007e52000013ff4255544e501000005a172d575a172d57
1064.976,45,e9071901120103c37dc6794b11c8dee8975544845200008452000013ff4255544e405000005a172d575a172d57
1065.079,45,e9071901120103c37dc6794b11c8de479e5544865200008652000013ff4255544e401000005a172d575a172d57
1065.131,45,e9071901120103c37dc6794b11c8de88a15544875200008752000013ff4f56544b06080000df16d13cdb229a3f
1065.158,45,e9071901120103c37dc6794b11c8de2ba35544885200008852000013ff5350545009ef529e43000008213aa843
1065.338,45,e9071901120103c37dc6794b11c8debcae55448c5200008c52000013ff5350545002c4ef9d43000008213aa843
1065.586,45,e9071901120103c37dc6794b11c8deeebe5544915200009152000013ff53505450043abfa343000008213aa843
1066.368,45,e9071901120103c37dc6794b11c8de8ff05544a2520000a252000013ff535054500544c6a84301010544c6a843
1067.055,45,e9071901120103c37dc6794b11c8de251d5644b1520000b152000013ff535054500e1336a84300000544c6a843
1067.102,45,e9071901120103c37dc6794b11c8de27205644b2520000b252000013ff4f56544b08060000ed13c03c7d02983f
1067.339,45,e9071901120103c37dc6794b11c8de3b2f5644b6520000b652000013ff4255544e001000005a172d575a172d57
1067.364,45,e9071901120103c37dc6794b11c8dec6305644b7520000b752000013ff4255544e005000005a172d575a172d57
1067.492,45,e9071901120103c37dc6794b11c8dea8385644ba520000ba52000013ff4255544e001000005a172d575a172d57
1067.544,45,e9071901120103c37dc6794b11c8deec3b5644bb520000bb52000013ff4255544e101000005a172d575a172d57
1067.716,45,e9071901120103c37dc6794b11c8de61475644be520000be52000013ff4255544e501000005a172d575a172d57
1067.741,45,e9071901120103c37dc6794b11c8def1485644bf520000bf52000013ff4255544e001000005a172d575a172d57
1067.958,45,e9071901120103c37dc6794b11c8ded7565644c4520000c452000013ff4255544e401000005a172d575a172d57
1068.052,45,e9071901120103c37dc6794b11c8defc5c5644c6520000c652000013ff4255544e001000005a172d575a172d57
1068.311,45,e9071901120103c37dc6794b11c8dea76d5644cb520000cb52000013ff4255544e401000005a172d575a172d57
1068.406,45,e9071901120103c37dc6794b11c8deab735644ce520000ce52000013ff4255544e001000005a172d575a172d57
1068.647,45,e9071901120103c37dc6794b11c8deef825644d3520000d352000013ff4255544e401000005a172d575a172d57
1068.818,45,e9071901120103c37dc6794b11c8dee18d5644d6520000d652000013ff4255544e001000005a172d575a172d57
1068.962,45,e9071901120103c37dc6794b11c8de2e975644da520000da52000013ff4255544e401000005a172d575a172d57
1069.124,45,e9071901120103c37dc6794b11c8deb8a15644de520000de52000013ff4255544e001000005a172d575a172d57
1069.316,45,e9071901120103c37dc6794b11c8dec5ad5644e2520000e252000013ff535054500099709d4300000544c6a843
1069.388,45,e9071901120103c37dc6794b11c8de5db25644e4520000e452000013ff4255544e401000005a172d575a172d57
1070.295,45,e9071901120103c37dc6794b11c8de8fec5644f7520000f752000013ff4255544e603800005a172d575a172d57
1070.367,45,e9071901120103c37dc6794b11c8de16f15644f9520000f952000013ff4255544e203800005a172d575a172d57
1070.392,45,e9071901120103c37dc6794b11c8de9df25644fa520000fa52000013ff4255544e200800005a172d575a172d57
1070.464,45,e9071901120103c37dc6794b11c8de3ff75644fb520000fb52000013ff4255544e202800005a172d575a172d57
1070.586,45,e9071901120103c37dc6794b11c8de04ff5644fe520000fe52000013ff4255544e200800005a172d575a172d57
1070.998,45,e9071901120103c37dc6794b11c8de7e195744065300000653000013ff4255544e200000005a172d575a172d57
1071.259,45,e9071901120103c37dc6794b11c8de362a57440b5300000b53000013ff4255544e201000005a172d575a172d57
1071.949,45,e9071901120103c37dc6794b11c8de665657441a5300001a53000013ff4255544e601000005a172d575a172d57
1073.52,45,e9071901120103c37dc6794b11c8dedaba57443a5300003a53000013ff4255544e401000005a172d575a172d57
1073.666,45,e9071901120103c37dc6794b11c8de11c457443e5300003e53000013ff4f56544b060800004570c43c088e983f
1073.713,45,e9071901120103c37dc6794b11c8de29c757443e5300003e53000013ff4255544e601000005a172d575a172d57
1073.96,45,e9071901120103c37dc6794b11c8ded6d65744445300004453000013ff4255544e605000005a172d575a172d57
1074.083,45,e9071901120103c37dc6794b11c8dec0de5744475300004753000013ff4255544e601000005a172d575a172d57
1074.653,45,e9071901120103c37dc6794b11c8dedd025844535300005353000013ff4255544e401000005a172d575a172d57
1074.808,45,e9071901120103c37dc6794b11c8ded60c5844565300005653000013ff4255544e403800005a172d575a172d57
1074.885,45,e9071901120103c37dc6794b11c8dece115844595300005953000013ff4255544e402800005a172d575a172d57
1074.909,45,e9071901120103c37dc6794b11c8de74135844595300005953000013ff4255544e400800005a172d575a172d57
1075.007,45,e9071901120103c37dc6794b11c8dee81958445b5300005b53000013ff4255544e402800005a172d575a172d57
1075.08,45,e9071901120103c37dc6794b11c8de9f1e58445d5300005d53000013ff4255544e400800005a172d575a172d57
1075.2,45,e9071901120103c37dc6794b11c8de622658445f5300005f53000013ff4255544e402800005a172d575a172d57
1075.297,45,e9071901120103c37dc6794b11c8de8a2c5844615300006153000013ff4255544e600800005a172d575a172d57
1075.394,45,e9071901120103c37dc6794b11c8debf325844645300006453000013ff4255544e402800005a172d575a172d57
1075.493,45,e9071901120103c37dc6794b11c8def8385844665300006653000013ff4255544e400800005a172d575a172d57
1075.517,45,e9071901120103c37dc6794b11c8de8c3a5844665300006653000013ff4255544e600800005a172d575a172d57
1075.566,45,e9071901120103c37dc6794b11c8deb13d5844675300006753000013ff4255544e200800005a172d575a172d57
1075.615,45,e9071901120103c37dc6794b11c8ded4405844685300006853000013ff4255544e202800005a172d575a172d57
1075.758,45,e9071901120103c37dc6794b11c8de284a58446b5300006b53000013ff4255544e200800005a172d575a172d57
1076.784,45,e9071901120103c37dc6794b11c8dea78b5844805300008053000013ff4255544e200000005a172d575a172d57
1076.905,45,e9071901120103c37dc6794b11c8de7d935844835300008353000013ff4255544e204000005a172d575a172d57
1077.045,45,e9071901120103c37dc6794b11c8dea79c5844865300008653000013ff4255544e200000005a172d575a172d57
1077.44,45,e9071901120103c37dc6794b11c8de52b658448e5300008e53000013ff4255544e201000005a172d575a172d57
1077.619,45,e9071901120103c37dc6794b11c8de94c15844915300009153000013ff4255544e601000005a172d575a172d57
1078.718,45,e9071901120103c37dc6794b11c8deb7075944a8530000a853000013ff4255544e401000005a172d575a172d57
1078.813,45,e9071901120103c37dc6794b11c8dead0d5944aa530000aa53000013ff4255544e501000005a172d575a172d57
1078.957,45,e9071901120103c37dc6794b11c8ded5165944ae530000ae53000013ff4255544e101000005a172d575a172d57
1079.145,45,e9071901120103c37dc6794b11c8deff225944b2530000b253000013ff4255544e501000005a172d575a172d57
1079.329,45,e9071901120103c37dc6794b11c8dee32e5944b6530000b653000013ff4255544e503800005a172d575a172d57
1079.374,45,e9071901120103c37dc6794b11c8ded4315944b7530000b753000013ff4255544e102800005a172d575a172d57
1079.488,45,e9071901120103c37dc6794b11c8de20395944b9530000b953000013ff4255544e100800005a172d575a172d57
1079.627,45,e9071901120103c37dc6794b11c8dee9415944bc530000bc53000013ff4255544e100000005a172d575a172d57
1080.279,45,e9071901120103c37dc6794b11c8dea56b5944ca530000ca53000013ff4255544e101000005a172d575a172d57
1080.805,45,e9071901120103c37dc6794b11c8de478d5944d5530000d553000013ff4255544e105000005a172d575a172d57
1080.919,45,e9071901120103c37dc6794b11c8deaf945944d7530000d753000013ff4255544e101000005a172d575a172d57
1082.117,45,e9071901120103c37dc6794b11c8de72e15944f1530000f153000013ff4255544e501000005a172d575a172d57
1082.58,45,e9071901120103c37dc6794b11c8debafe5944fc530000fc53000013ff4255544e401000005a172d575a172d57
1082.725,45,e9071901120103c37dc6794b11c8deec075a44ff530000ff53000013ff4255544e501000005a172d575a172d57
1083.031,45,e9071901120103c37dc6794b11c8dec51b5a44075400000754000013ff4255544e401000005a172d575a172d57
1083.359,45,e9071901120103c37dc6794b11c8de9b305a440e5400000e54000013ff4255544e001000005a172d575a172d57
1083.407,45,e9071901120103c37dc6794b11c8dea4335a440f5400000f54000013ff4255544e101000005a172d575a172d57
1083.481,45,e9071901120103c37dc6794b11c8de45385a44115400001154000013ff4255544e001000005a172d575a172d57
1083.663,45,e9071901120103c37dc6794b11c8de72435a44145400001454000013ff4255544e005000005a172d575a172d57
1083.715,45,e9071901120103c37dc6794b11c8dec7465a44155400001554000013ff4255544e105000005a172d575a172d57
1083.742,45,e9071901120103c37dc6794b11c8de75485a44165400001654000013ff4255544e505000005a172d575a172d57
1083.768,45,e9071901120103c37dc6794b11c8de244a5a44165400001654000013ff4255544e501000005a172d575a172d57
1083.795,45,e9071901120103c37dc6794b11c8ded14b5a44175400001754000013ff4255544e401000005a172d575a172d57
1083.821,45,e9071901120103c37dc6794b11c8de824d5a44175400001754000013ff4255544e001000005a172d575a172d57
1083.999,45,e9071901120103c37dc6794b11c8de2e595a441c5400001c54000013ff4255544e101000005a172d575a172d57
1084.099,45,e9071901120103c37dc6794b11c8dea55f5a441e5400001e54000013ff4255544e001000005a172d575a172d57
1084.244,45,e9071901120103c37dc6794b11c8de21695a44215400002154000013ff4255544e401000005a172d575a172d57
1084.535,45,e9071901120103c37dc6794b11c8deaf7b5a44285400002854000013ff4255544e405000005a172d575a172d57
1084.665,45,e9071901120103c37dc6794b11c8dea1835a442a5400002a54000013ff4255544e401000005a172d575a172d57
1085.043,45,e9071901120103c37dc6794b11c8de9a9b5a44325400003254000013ff4f56544b02090000cf7adb3c596f9b3f
1085.432,45,e9071901120103c37dc6794b11c8deb0b45a443a5400003a54000013ff4255544e403800005a172d575a172d57
1085.569,45,e9071901120103c37dc6794b11c8de25bd5a443c5400003c54000013ff4255544e400800005a172d575a172d57
1085.626,45,e9071901120103c37dc6794b11c8dea0c05a443d5400003d54000013ff4255544e602800005a172d575a172d57
1085.737,45,e9071901120103c37dc6794b11c8dec2c75a44405400004054000013ff4255544e600800005a172d575a172d57
1085.793,45,e9071901120103c37dc6794b11c8de56cb5a44415400004154000013ff4255544e402800005a172d575a172d57
1085.872,45,e9071901120103c37dc6794b11c8dea3d05a44435400004354000013ff4255544e602800005a172d575a172d57
1085.899,45,e9071901120103c37dc6794b11c8de60d25a44445400004454000013ff4255544e600800005a172d575a172d57
1086.031,45,e9071901120103c37dc6794b11c8deedda5a44475400004754000013ff4255544e602800005a172d575a172d57
1086.143,45,e9071901120103c37dc6794b11c8dec2e15a44495400004954000013ff4255544e200800005a172d575a172d57
1086.384,45,e9071901120103c37dc6794b11c8de96f05a444e5400004e54000013ff4255544e202800005a172d575a172d57
1086.501,45,e9071901120103c37dc6794b11c8de3df85a44505400005054000013ff4255544e200800005a172d575a172d57
1087.092,45,e9071901120103c37dc6794b11c8de021f5b445d5400005d54000013ff4255544e200000005a172d575a172d57
1087.315,45,e9071901120103c37dc6794b11c8de922d5b44615400006154000013ff4255544e600000005a172d575a172d57
1087.339,45,e9071901120103c37dc6794b11c8de272f5b44625400006254000013ff4255544e604000005a172d575a172d57
1087.46,45,e9071901120103c37dc6794b11c8def9365b44655400006554000013ff4255544e600000005a172d575a172d57
1087.484,45,e9071901120103c37dc6794b11c8de88385b44665400006654000013ff4255544e200000005a172d575a172d57
1088.178,45,e9071901120103c37dc6794b11c8de8c655b44745400007454000013ff4255544e201000005a172d575a172d57
1088.576,45,e9071901120103c37dc6794b11c8deeb7e5b447d5400007d54000013ff4255544e601000005a172d575a172d57
1088.823,45,e9071901120103c37dc6794b11c8de868e5b44815400008154000013ff4255544e600000005a172d575a172d57
1088.916,45,e9071901120103c37dc6794b11c8de61945b44845400008454000013ff4255544e601000005a172d575a172d57
1089.365,45,e9071901120103c37dc6794b11c8de15b15b448e5400008e54000013ff4255544e401000005a172d575a172d57
1089.952,45,e9071901120103c37dc6794b11c8de76d65b449a5400009a54000013ff4255544e001000005a172d575a172d57
1090.142,45,e9071901120103c37dc6794b11c8dec1e25b449f5400009f54000013ff4255544e401000005a172d575a172d57
1090.165,45,e9071901120103c37dc6794b11c8de43e45b449f5400009f54000013ff4255544e405000005a172d575a172d57
1090.281,45,e9071901120103c37dc6794b11c8dec5eb5b44a2540000a254000013ff4255544e401000005a172d575a172d57
1091.14,45,e9071901120103c37dc6794b11c8deb2225c44b5540000b554000013ff4255544e501000005a172d575a172d57
1091.446,45,e9071901120103c37dc6794b11c8de32365c44bb540000bb54000013ff4255544e401000005a172d575a172d57
1091.494,45,e9071901120103c37dc6794b11c8de3b395c44bc540000bc54000013ff4255544e501000005a172d575a172d57
1091.756,45,e9071901120103c37dc6794b11c8de024a5c44c1540000c154000013ff4255544e505000005a172d575a172d57
1091.873,45,e9071901120103c37dc6794b11c8de9c515c44c4540000c454000013ff4255544e501000005a172d575a172d57
1092.178,45,e9071901120103c37dc6794b11c8de00655c44cb540000cb54000013ff4255544e501200005a172d575a172d57
1092.3,45,e9071901120103c37dc6794b11c8dea96c5c44cd540000cd54000013ff4255544e501000005a172d575a172d57
1092.613,45,e9071901120103c37dc6794b11c8dee0805c44d4540000d454000013ff4255544e401000005a172d575a172d57
1092.867,45,e9071901120103c37dc6794b11c8de52915c44da540000da54000013ff4255544e501000005a172d575a172d57
1092.936,45,e9071901120103c37dc6794b11c8debd955c44dc540000dc54000013ff4255544e101000005a172d575a172d57
1093.231,45,e9071901120103c37dc6794b11c8deafa85c44e2540000e254000013ff4255544e501000005a172d575a172d57
1093.253,45,e9071901120103c37dc6794b11c8de22aa5c44e2540000e254000013ff4255544e505000005a172d575a172d57
1093.365,45,e9071901120103c37dc6794b11c8de56b15c44e5540000e554000013ff4255544e501000005a172d575a172d57
1094.482,45,e9071901120103c37dc6794b11c8def2f85c44fe540000fe54000013ff4255544e401000005a172d575a172d57
1094.823,45,e9071901120103c37dc6794b11c8def90e5d44055500000555000013ff4255544e001000005a172d575a172d57
1094.953,45,e9071901120103c37dc6794b11c8de27175d44085500000855000013ff4255544e001200005a172d575a172d57
1094.996,45,e9071901120103c37dc6794b11c8deec195d44095500000955000013ff4255544e401200005a172d575a172d57
1095.059,45,e9071901120103c37dc6794b11c8de0d1e5d440a5500000a55000013ff4255544e401000005a172d575a172d57
1095.14,45,e9071901120103c37dc6794b11c8de6f235d440c5500000c55000013ff4255544e001000005a172d575a172d57
1095.301,45,e9071901120103c37dc6794b11c8ded52d5d440f5500000f55000013ff4255544e401000005a172d575a172d57
1095.321,45,e9071901120103c37dc6794b11c8de1f2f5d44105500001055000013ff4255544e405000005a172d575a172d57
1095.44,45,e9071901120103c37dc6794b11c8ded1365d44135500001355000013ff4255544e401000005a172d575a172d57
1095.872,45,e9071901120103c37dc6794b11c8de0d525d441c5500001c55000013ff4255544e403800005a172d575a172d57
1095.936,45,e9071901120103c37dc6794b11c8de23565d441e5500001e55000013ff4255544e402800005a172d575a172d57
1095.978,45,e9071901120103c37dc6794b11c8deda585d441f5500001f55000013ff4255544e400800005a172d575a172d57
1096.062,45,e9071901120103c37dc6794b11c8de4a5e5d44205500002055000013ff4255544e402800005a172d575a172d57
1096.145,45,e9071901120103c37dc6794b11c8dea6635d44225500002255000013ff4255544e400800005a172d575a172d57
1096.227,45,e9071901120103c37dc6794b11c8def1685d44245500002455000013ff4255544e402800005a172d575a172d57
1096.332,45,e9071901120103c37dc6794b11c8de946f5d44265500002655000013ff4255544e400800005a172d575a172d57
1096.417,45,e9071901120103c37dc6794b11c8deef745d44275500002755000013ff4255544e402800005a172d575a172d57
1096.527,45,e9071901120103c37dc6794b11c8decd7b5d442a5500002a55000013ff4255544e500800005a172d575a172d57
1096.663,45,e9071901120103c37dc6794b11c8de4d845d442c5500002c55000013ff4255544e502800005a172d575a172d57
1096.755,45,e9071901120103c37dc6794b11c8de208a5d442e5500002e55000013ff4255544e100800005a172d575a172d57
1096.934,45,e9071901120103c37dc6794b11c8dec2955d44335500003355000013ff4255544e102800005a172d575a172d57
1097.046,45,e9071901120103c37dc6794b11c8deea9c5d44355500003555000013ff4255544e100800005a172d575a172d57
1097.675,45,e9071901120103c37dc6794b11c8de23c55d44425500004255000013ff4255544e100000005a172d575a172d57
1097.785,45,e9071901120103c37dc6794b11c8de50cc5d44445500004455000013ff4255544e104000005a172d575a172d57
1097.894,45,e9071901120103c37dc6794b11c8de4ed35d44475500004755000013ff4255544e100000005a172d575a172d57
1097.937,45,e9071901120103c37dc6794b11c8de15d65d44485500004855000013ff4255544e101000005a172d575a172d57
1098.21,45,e9071901120103c37dc6794b11c8de25e75d444d5500004d55000013ff4255544e501000005a172d575a172d57
1099.119,45,e9071901120103c37dc6794b11c8dea1215e44615500006155000013ff4255544e401000005a172d575a172d57
1099.323,45,e9071901120103c37dc6794b11c8de982e5e44665500006655000013ff4255544e001000005a172d575a172d57
1099.498,45,e9071901120103c37dc6794b11c8deff395e446a5500006a55000013ff4255544e401000005a172d575a172d57
1099.519,45,e9071901120103c37dc6794b11c8de663b5e446a5500006a55000013ff4255544e405000005a172d575a172d57
1099.562,45,e9071901120103c37dc6794b11c8de2b3e5e446b5500006b55000013ff4255544e605000005a172d575a172d57
1099.604,45,e9071901120103c37dc6794b11c8dee7405e446c5500006c55000013ff4255544e601000005a172d575a172d57
1099.624,45,e9071901120103c37dc6794b11c8de41425e446d5500006d55000013ff4255544e401000005a172d575a172d57
1100.561,45,e9071901120103c37dc6794b11c8dee07d5e44815500008155000013ff4255544e401200005a172d575a172d57
1100.65,45,e9071901120103c37dc6794b11c8de95835e44835500008355000013ff4255544e401000005a172d575a172d57
1100.715,45,e9071901120103c37dc6794b11c8ded1875e44845500008455000013ff4255544e405000005a172d575a172d57
1100.825,45,e9071901120103c37dc6794b11c8ded98e5e44875500008755000013ff4255544e401000005a172d575a172d57
1102.029,45,e9071901120103c37dc6794b11c8dec1db5e44a3550000a355000013ff4255544e405000005a172d575a172d57
1102.124,45,e9071901120103c37dc6794b11c8de99e15e44a4550000a455000013ff4255544e401000005a172d575a172d57
1103.509,45,e9071901120103c37dc6794b11c8debd395f44c3550000c355000013ff4255544e405000005a172d575a172d57
1103.608,45,e9071901120103c37dc6794b11c8de41405f44c5550000c555000013ff4255544e401000005a172d575a172d57
1105.826,45,e9071901120103c37dc6794b11c8ded3cd5f44f3550000f355000013ff4255544e401200005a172d575a172d57
1105.908,45,e9071901120103c37dc6794b11c8dedfd25f44f5550000f555000013ff4255544e401000005a172d575a172d57
1106.172,45,e9071901120103c37dc6794b11c8de01e35f44fa550000fa55000013ff4255544e405000005a172d575a172d57
1106.297,45,e9071901120103c37dc6794b11c8deb2ea5f44fd550000fd55000013ff4255544e401000005a172d575a172d57
1106.744,45,e9071901120103c37dc6794b11c8de1d076044065600000656000013ff4255544e001000005a172d575a172d57
1107.016,45,e9071901120103c37dc6794b11c8defd1860440c5600000c56000013ff4255544e401000005a172d575a172d57
1109.003,45,e9071901120103c37dc6794b11c8dec6986044375600003756000013ff4255544e401200005a172d575a172d57
1109.086,45,e9071901120103c37dc6794b11c8de139e6044395600003956000013ff4255544e401000005a172d575a172d57
1110.208,45,e9071901120103c37dc6794b11c8de1ae66044515600005156000013ff4255544e401200005a172d575a172d57
1110.288,45,e9071901120103c37dc6794b11c8de46eb6044535600005356000013ff4255544e401000005a172d575a172d57
1110.441,45,e9071901120103c37dc6794b11c8de61f56044575600005756000013ff4255544e001000005a172d575a172d57
1110.717,45,e9071901120103c37dc6794b11c8de100761445c5600005c56000013ff4255544e401000005a172d575a172d57
1113.303,45,e9071901120103c37dc6794b11c8debcab6144955600009556000013ff4255544e001000005a172d575a172d57
1113.515,45,e9071901120103c37dc6794b11c8dec8b861449a5600009a56000013ff4255544e401000005a172d575a172d57
1114.643,45,e9071901120103c37dc6794b11c8de84026244b3560000b356000013ff5350545013ddac9e4300000544c6a843
1114.987,45,e9071901120103c37dc6794b11c8de89186244bb560000bb56000013ff4255544e403800005a172d575a172d57
1115.06,45,e9071901120103c37dc6794b11c8de3f1d6244bc560000bc56000013ff4255544e402800005a172d575a172d57
1115.085,45,e9071901120103c37dc6794b11c8ded21e6244bd560000bd56000013ff4255544e400800005a172d575a172d57
1115.159,45,e9071901120103c37dc6794b11c8de84236244be560000be56000013ff4255544e402800005a172d575a172d57
1115.259,45,e9071901120103c37dc6794b11c8dedd296244c0560000c056000013ff4255544e400800005a172d575a172d57
1115.361,45,e9071901120103c37dc6794b11c8de4a306244c3560000c356000013ff4255544e402800005a172d575a172d57
1115.46,45,e9071901120103c37dc6794b11c8debf366244c5560000c556000013ff4255544e400800005a172d575a172d57
1115.557,45,e9071901120103c37dc6794b11c8de173d6244c7560000c756000013ff4255544e402800005a172d575a172d57
1115.653,45,e9071901120103c37dc6794b11c8de49436244c9560000c956000013ff4255544e400800005a172d575a172d57
1115.776,45,e9071901120103c37dc6794b11c8de064b6244cc560000cc56000013ff4255544e402800005a172d575a172d57
1115.878,45,e9071901120103c37dc6794b11c8de5d516244ce560000ce56000013ff4255544e400800005a172d575a172d57
1116.011,45,e9071901120103c37dc6794b11c8de9b596244d0560000d056000013ff4255544e402800005a172d575a172d57
1116.139,45,e9071901120103c37dc6794b11c8defd616244d3560000d356000013ff4255544e500800005a172d575a172d57
1116.263,45,e9071901120103c37dc6794b11c8de236a6244d5560000d556000013ff4255544e502800005a172d575a172d57
1116.363,45,e9071901120103c37dc6794b11c8de7c706244d8560000d856000013ff4255544e500800005a172d575a172d57
1116.412,45,e9071901120103c37dc6794b11c8deab736244d9560000d956000013ff4255544e100800005a172d575a172d57
1116.7,45,e9071901120103c37dc6794b11c8de4f866244df560000df56000013ff4255544e102800005a172d575a172d57
1116.724,45,e9071901120103c37dc6794b11c8ded8876244df560000df56000013ff4255544e502800005a172d575a172d57
1116.819,45,e9071901120103c37dc6794b11c8def18d6244e1560000e156000013ff4255544e500800005a172d575a172d57
1116.866,45,e9071901120103c37dc6794b11c8de00916244e3560000e356000013ff4255544e500000005a172d575a172d57
1117.036,45,e9071901120103c37dc6794b11c8dead9b6244e7560000e756000013ff4255544e100000005a172d575a172d57
1117.368,45,e9071901120103c37dc6794b11c8de98b06244ee560000ee56000013ff4255544e104000005a172d575a172d57
1117.42,45,e9071901120103c37dc6794b11c8de41b26244ef560000ef56000013ff46544c500a235b8f42000000212b9353
1117.447,45,e9071901120103c37dc6794b11c8de95b56244f0560000f056000013ff4255544e100000005a172d575a172d57
1117.706,45,e9071901120103c37dc6794b11c8de36c66244f6560000f656000013ff4255544e500000005a172d575a172d57
1117.833,45,e9071901120103c37dc6794b11c8de68ce6244f9560000f956000013ff4255544e100000005a172d575a172d57
1118.185,45,e9071901120103c37dc6794b11c8de1ae56244015700000157000013ff4255544e500000005a172d575a172d57
1118.385,45,e9071901120103c37dc6794b11c8ded2f16244065700000657000013ff535054500c26c39b4300000544c6a843
1118.512,45,e9071901120103c37dc6794b11c8ded2f96244085700000857000013ff4255544e501000005a172d575a172d57
1118.769,45,e9071901120103c37dc6794b11c8de3e0a63440d5700000d57000013ff4255544e401000005a172d575a172d57
1118.948,45,e9071901120103c37dc6794b11c8decf156344125700001257000013ff4255544e501000005a172d575a172d57
1118.95,45,e9071901120103c37dc6794b11c8decf156344125700001257000013ff5350545001f811a54300000544c6a843
1119.023,45,e9071901120103c37dc6794b11c8deb31a6344135700001357000013ff4255544e401000005a172d575a172d57
1119.318,45,e9071901120103c37dc6794b11c8deb32d6344195700001957000013ff4255544e601000005a172d575a172d57
1119.367,45,e9071901120103c37dc6794b11c8ded63063441b5700001b57000013ff4255544e201000005a172d575a172d57
1119.614,45,e9071901120103c37dc6794b11c8de97406344205700002057000013ff4255544e205000005a172d575a172d57
1119.665,45,e9071901120103c37dc6794b11c8dec6436344225700002257000013ff535054500addf6a44300000544c6a843
1119.716,45,e9071901120103c37dc6794b11c8defa466344225700002257000013ff4255544e201000005a172d575a172d57
1119.916,45,e9071901120103c37dc6794b11c8deea536344275700002757000013ff4255544e601000005a172d575a172d57
1120.231,45,e9071901120103c37dc6794b11c8de326863442e5700002e57000013ff4255544e201000005a172d575a172d57
1120.254,45,e9071901120103c37dc6794b11c8debf6963442e5700002e57000013ff4255544e601000005a172d575a172d57
1120.87,45,e9071901120103c37dc6794b11c8ded29063443c5700003c57000013ff4255544e401000005a172d575a172d57
1120.971,45,e9071901120103c37dc6794b11c8de509763443f5700003f57000013ff53505450074e4a9b4300000544c6a843
1121.281,45,e9071901120103c37dc6794b11c8de86ab6344455700004557000013ff4255544e001000005a172d575a172d57
1121.471,45,e9071901120103c37dc6794b11c8deafb76344485700004857000013ff4255544e401000005a172d575a172d57
1121.518,45,e9071901120103c37dc6794b11c8deb6ba6344495700004957000013ff4255544e405000005a172d575a172d57
1121.638,45,e9071901120103c37dc6794b11c8de4ec263444c5700004c57000013ff4255544e401000005a172d575a172d57
1121.734,45,e9071901120103c37dc6794b11c8de70c863444e5700004e57000013ff4255544e501000005a172d575a172d57
1123.13,45,e9071901120103c37dc6794b11c8de962164446c5700006c57000013ff4255544e505000005a172d575a172d57
1123.155,45,e9071901120103c37dc6794b11c8de2e2364446d5700006d57000013ff53505450112eb3954300000544c6a843
1123.227,45,e9071901120103c37dc6794b11c8deea2764446e5700006e57000013ff4255544e501000005a172d575a172d57
1123.813,45,e9071901120103c37dc6794b11c8dedf4c64447a5700007a57000013ff4255544e401200005a172d575a172d57
1123.917,45,e9071901120103c37dc6794b11c8dea45364447d5700007d57000013ff4255544e401000005a172d575a172d57
1124.413,45,e9071901120103c37dc6794b11c8de3d736444885700008857000013ff4255544e501000005a172d575a172d57
1124.577,45,e9071901120103c37dc6794b11c8de8b7d64448b5700008b57000013ff4255544e401000005a172d575a172d57
1125.326,45,e9071901120103c37dc6794b11c8dedcad64449a5700009a57000013ff4255544e405000005a172d575a172d57
1125.428,45,e9071901120103c37dc6794b11c8de76b464449d5700009d57000013ff4255544e401000005a172d575a172d57
1125.558,45,e9071901120103c37dc6794b11c8deb0bc64449f5700009f57000013ff4255544e401200005a172d575a172d57
1125.696,45,e9071901120103c37dc6794b11c8de22c56444a2570000a257000013ff4255544e401000005a172d575a172d57
1126.288,45,e9071901120103c37dc6794b11c8de0eeb6444af570000af57000013ff4255544e001000005a172d575a172d57
1126.756,45,e9071901120103c37dc6794b11c8decf086544ba570000ba57000013ff4255544e601000005a172d575a172d57
1126.784,45,e9071901120103c37dc6794b11c8de990a6544bb570000bb57000013ff4255544e201000005a172d575a172d57
1126.811,45,e9071901120103c37dc6794b11c8de650c6544bb570000bb57000013ff4255544e001000005a172d575a172d57
1128.098,45,e9071901120103c37dc6794b11c8de1f5f6544d8570000d857000013ff53505450125ded9a4300000544c6a843
1128.321,45,e9071901120103c37dc6794b11c8dee46c6544dc570000dc57000013ff4255544e005000005a172d575a172d57
1128.437,45,e9071901120103c37dc6794b11c8de33746544e0570000e057000013ff4255544e001000005a172d575a172d57
1128.467,45,e9071901120103c37dc6794b11c8de0d766544e1570000e157000013ff4f56544b0f0300001a8fec3ce3919d3f
1129.99,45,e9071901120103c37dc6794b11c8dee5d76544ff570000ff57000013ff535054500fa478a64300000544c6a843
1130.097,45,e9071901120103c37dc6794b11c8dee4de6544015800000158000013ff53505450034f319b4300000544c6a843
1130.595,45,e9071901120103c37dc6794b11c8de72fe65440c5800000c58000013ff4255544e401000005a172d575a172d57
1130.653,45,e9071901120103c37dc6794b11c8de130266440d5800000d58000013ff4255544e001000005a172d575a172d57
1130.876,45,e9071901120103c37dc6794b11c8de66106644125800001258000013ff4255544e401000005a172d575a172d57
1131.789,45,e9071901120103c37dc6794b11c8de984b6644265800002658000013ff4255544e403800005a172d575a172d57
1131.867,45,e9071901120103c37dc6794b11c8de7d506644285800002858000013ff4255544e402800005a172d575a172d57
1131.894,45,e9071901120103c37dc6794b11c8de23526644295800002958000013ff4255544e400800005a172d575a172d57
1131.949,45,e9071901120103c37dc6794b11c8de7a5566442a5800002a58000013ff5350545006df8a9a4300000544c6a843
1131.974,45,e9071901120103c37dc6794b11c8de2a5766442a5800002a58000013ff4255544e402800005a172d575a172d57
1132.08,45,e9071901120103c37dc6794b11c8defc5d66442d5800002d58000013ff4255544e400800005a172d575a172d57
1132.181,45,e9071901120103c37dc6794b11c8deb76466442f5800002f58000013ff4255544e402800005a172d575a172d57
1132.182,45,e9071901120103c37dc6794b11c8deb76466442f5800002f58000013ff535054500809eaa34300000544c6a843
1132.277,45,e9071901120103c37dc6794b11c8de2d6b6644315800003158000013ff4255544e400800005a172d575a172d57
1132.397,45,e9071901120103c37dc6794b11c8dee9726644345800003458000013ff4255544e402800005a172d575a172d57
1132.495,45,e9071901120103c37dc6794b11c8de10796644365800003658000013ff4255544e400800005a172d575a172d57
1132.519,45,e9071901120103c37dc6794b11c8de9b7a6644365800003658000013ff4255544e500800005a172d575a172d57
1132.666,45,e9071901120103c37dc6794b11c8defd836644395800003958000013ff4255544e502800005a172d575a172d57
1132.715,45,e9071901120103c37dc6794b11c8de1f8766443a5800003a58000013ff4255544e402800005a172d575a172d57
1132.763,45,e9071901120103c37dc6794b11c8de418a66443b5800003b58000013ff4255544e400800005a172d575a172d57
1132.788,45,e9071901120103c37dc6794b11c8ded08b66443c5800003c58000013ff4255544e500800005a172d575a172d57
1132.86,45,e9071901120103c37dc6794b11c8de799066443e5800003e58000013ff4255544e102800005a172d575a172d57
1132.861,45,e9071901120103c37dc6794b11c8de799066443f5800003f58000013ff535054500d1ccaa34300000544c6a843
1132.978,45,e9071901120103c37dc6794b11c8de26986644415800004158000013ff4255544e100800005a172d575a172d57
1133.273,45,e9071901120103c37dc6794b11c8deb2aa6644465800004658000013ff4255544e100000005a172d575a172d57
1133.508,45,e9071901120103c37dc6794b11c8de6cb966444b5800004b58000013ff4255544e104000005a172d575a172d57
1133.614,45,e9071901120103c37dc6794b11c8de25c066444d5800004d58000013ff4255544e100000005a172d575a172d57
1133.694,45,e9071901120103c37dc6794b11c8de3ac566444f5800004f58000013ff4255544e101000005a172d575a172d57
1134.408,45,e9071901120103c37dc6794b11c8de66f366445e5800005e58000013ff4255544e501000005a172d575a172d57
1135.075,45,e9071901120103c37dc6794b11c8dead1d67446c5800006c58000013ff4255544e401000005a172d575a172d57
1135.414,45,e9071901120103c37dc6794b11c8de76336744745800007458000013ff4255544e405000005a172d575a172d57
1135.465,45,e9071901120103c37dc6794b11c8dec7366744755800007558000013ff4255544e505000005a172d575a172d57
1135.543,45,e9071901120103c37dc6794b11c8debe3b6744775800007758000013ff4255544e501000005a172d575a172d57
1135.724,45,e9071901120103c37dc6794b11c8de4e4767447a5800007a58000013ff4255544e401000005a172d575a172d57
1135.887,45,e9071901120103c37dc6794b11c8de6a5167447e5800007e58000013ff535054501007949a4300000544c6a843
1136.332,45,e9071901120103c37dc6794b11c8de566e6744875800008758000013ff4255544e501000005a172d575a172d57
1136.975,45,e9071901120103c37dc6794b11c8dead976744955800009558000013ff535054500b5bc29b4300000544c6a843
1137.022,45,e9071901120103c37dc6794b11c8decc9a6744955800009558000013ff4255544e401000005a172d575a172d57
1137.224,45,e9071901120103c37dc6794b11c8de6fa76744995800009958000013ff4255544e405000005a172d575a172d57
1137.353,45,e9071901120103c37dc6794b11c8de97af67449c5800009c58000013ff4255544e401000005a172d575a172d57
1138.808,45,e9071901120103c37dc6794b11c8dee00c6844bb580000bb58000013ff53505450024ab99b4300000544c6a843
1138.831,45,e9071901120103c37dc6794b11c8de770e6844bb580000bb58000013ff4255544e001000005a172d575a172d57
1138.906,45,e9071901120103c37dc6794b11c8de36136844bd580000bd58000013ff5350545009f605994300000544c6a843
1139.048,45,e9071901120103c37dc6794b11c8de961c6844c0580000c058000013ff4255544e401000005a172d575a172d57
1139.12,45,e9071901120103c37dc6794b11c8de25216844c2580000c258000013ff53505450041f679e4300000544c6a843
1139.535,45,e9071901120103c37dc6794b11c8de303b6844ca580000ca58000013ff4255544e405000005a172d575a172d57
1139.639,45,e9071901120103c37dc6794b11c8ded5416844cc580000cc58000013ff4255544e401000005a172d575a172d57
1139.954,45,e9071901120103c37dc6794b11c8de8f566844d4580000d458000013ff53505450058b9ea54300000544c6a843
1140.214,45,e9071901120103c37dc6794b11c8de24676844d9580000d958000013ff535054500e9acfa34300000544c6a843
1142.327,45,e9071901120103c37dc6794b11c8de77ee6844075900000759000013ff4255544e601000005a172d575a172d57
1142.375,45,e9071901120103c37dc6794b11c8de82f16844085900000859000013ff4255544e601800005a172d575a172d57
1142.4,45,e9071901120103c37dc6794b11c8de08f36844085900000859000013ff4255544e603800005a172d575a172d57
1142.472,45,e9071901120103c37dc6794b11c8dea2f76844095900000959000013ff4255544e601800005a172d575a172d57
1142.519,45,e9071901120103c37dc6794b11c8deb3fa68440a5900000a59000013ff4255544e201800005a172d575a172d57
1142.544,45,e9071901120103c37dc6794b11c8de3cfc68440b5900000b59000013ff4255544e203800005a172d575a172d57
1142.615,45,e9071901120103c37dc6794b11c8ded90069440c5900000c59000013ff4255544e202800005a172d575a172d57
1142.688,45,e9071901120103c37dc6794b11c8de780569440e5900000e59000013ff4255544e200800005a172d575a172d57
1142.811,45,e9071901120103c37dc6794b11c8de2a0d6944115900001159000013ff5350545000eefb9a4300000544c6a843
1142.954,45,e9071901120103c37dc6794b11c8de7a166944145900001459000013ff4255544e200000005a172d575a172d57
1143.028,45,e9071901120103c37dc6794b11c8de211b6944165900001659000013ff4255544e200800005a172d575a172d57
1143.102,45,e9071901120103c37dc6794b11c8ded61f6944175900001759000013ff4255544e200000005a172d575a172d57
1143.352,45,e9071901120103c37dc6794b11c8deae2f69441c5900001c59000013ff4255544e201000005a172d575a172d57
1144.247,45,e9071901120103c37dc6794b11c8de686969442f5900002f59000013ff4255544e601000005a172d575a172d57
1145.492,45,e9071901120103c37dc6794b11c8def0b869444b5900004b59000013ff4255544e401000005a172d575a172d57
1145.641,45,e9071901120103c37dc6794b11c8de48c269444e5900004e59000013ff4255544e601000005a172d575a172d57
1146.381,45,e9071901120103c37dc6794b11c8deadf169445e5900005e59000013ff4255544e605000005a172d575a172d57
1146.504,45,e9071901120103c37dc6794b11c8de8df96944605900006059000013ff4255544e601000005a172d575a172d57
1146.555,45,e9071901120103c37dc6794b11c8deb6fc6944615900006159000013ff4255544e401000005a172d575a172d57
1146.834,45,e9071901120103c37dc6794b11c8de8d0e6a44675900006759000013ff4255544e403800005a172d575a172d57
1146.93,45,e9071901120103c37dc6794b11c8deeb146a446a5900006a59000013ff4255544e400800005a172d575a172d57
1147.027,45,e9071901120103c37dc6794b11c8de261b6a446c5900006c59000013ff4255544e402800005a172d575a172d57
1147.1,45,e9071901120103c37dc6794b11c8decc1f6a446d5900006d59000013ff4255544e400800005a172d575a172d57
1147.197,45,e9071901120103c37dc6794b11c8de05266a44705900007059000013ff4255544e402800005a172d575a172d57
1147.221,45,e9071901120103c37dc6794b11c8de92276a44705900007059000013ff4255544e602800005a172d575a172d57
1147.27,45,e9071901120103c37dc6794b11c8deaa2a6a44715900007159000013ff4255544e600800005a172d575a172d57
1147.294,45,e9071901120103c37dc6794b11c8de372c6a44725900007259000013ff4255544e200800005a172d575a172d57
1147.368,45,e9071901120103c37dc6794b11c8dedb306a44745900007459000013ff4255544e202800005a172d575a172d57
1147.467,45,e9071901120103c37dc6794b11c8de28376a44765900007659000013ff4255544e200800005a172d575a172d57
1147.619,45,e9071901120103c37dc6794b11c8debe406a44795900007959000013ff4255544e202800005a172d575a172d57
1147.741,45,e9071901120103c37dc6794b11c8decd486a447c5900007c59000013ff4255544e200800005a172d575a172d57
1148.454,45,e9071901120103c37dc6794b11c8dec6766a448d5900008d59000013ff4f56544b0806000043d0b93c083a973f
1148.908,45,e9071901120103c37dc6794b11c8de7f936a44965900009659000013ff4255544e200000005a172d575a172d57
1149.069,45,e9071901120103c37dc6794b11c8de2b9e6a44995900009959000013ff4255544e204000005a172d575a172d57
1149.203,45,e9071901120103c37dc6794b11c8dee6a66a449c5900009c59000013ff4255544e200000005a172d575a172d57
1149.424,45,e9071901120103c37dc6794b11c8de1eb56a44a2590000a259000013ff4255544e201000005a172d575a172d57
1149.558,45,e9071901120103c37dc6794b11c8de93bd6a44a4590000a459000013ff4255544e601000005a172d575a172d57
1150.635,45,e9071901120103c37dc6794b11c8de34026b44bc590000bc59000013ff4255544e401000005a172d575a172d57
1150.706,45,e9071901120103c37dc6794b11c8deb7066b44be590000be59000013ff4f56544b0608000053d9bf3c2afb973f
1151.161,45,e9071901120103c37dc6794b11c8de16246b44c7590000c759000013ff4255544e501000005a172d575a172d57
1151.206,45,e9071901120103c37dc6794b11c8def8266b44c8590000c859000013ff4255544e101000005a172d575a172d57
1151.275,45,e9071901120103c37dc6794b11c8de572b6b44ca590000ca59000013ff4255544e103000005a172d575a172d57
1151.298,45,e9071901120103c37dc6794b11c8decc2c6b44ca590000ca59000013ff4255544e103800005a172d575a172d57
1151.369,45,e9071901120103c37dc6794b11c8de39316b44cc590000cc59000013ff4255544e102800005a172d575a172d57
1151.392,45,e9071901120103c37dc6794b11c8deb9326b44cd590000cd59000013ff4255544e102000005a172d575a172d57
1151.488,45,e9071901120103c37dc6794b11c8dec0386b44cf590000cf59000013ff4255544e100000005a172d575a172d57
1153.008,45,e9071901120103c37dc6794b11c8de4a9a6b44f0590000f059000013ff4255544e101000005a172d575a172d57
1153.364,45,e9071901120103c37dc6794b11c8de22b16b44f8590000f859000013ff4255544e105000005a172d575a172d57
1153.459,45,e9071901120103c37dc6794b11c8def6b66b44fa590000fa59000013ff4255544e101000005a172d575a172d57
1154.117,45,e9071901120103c37dc6794b11c8de40e16b44085a0000085a000013ff4255544e501000005a172d575a172d57
1154.594,45,e9071901120103c37dc6794b11c8deb8ff6b44135a0000135a000013ff4255544e401000005a172d575a172d57
1154.858,45,e9071901120103c37dc6794b11c8de52106c44195a0000195a000013ff4255544e501000005a172d575a172d57
1155.189,45,e9071901120103c37dc6794b11c8deb6256c44205a0000205a000013ff4255544e401000005a172d575a172d57
1155.352,45,e9071901120103c37dc6794b11c8de1b306c44235a0000235a000013ff4255544e405000005a172d575a172d57
1155.473,45,e9071901120103c37dc6794b11c8dea0376c44255a0000255a000013ff4255544e401000005a172d575a172d57
1155.551,45,e9071901120103c37dc6794b11c8de523c6c44275a0000275a000013ff4255544e001000005a172d575a172d57
1155.735,45,e9071901120103c37dc6794b11c8deea476c442b5a00002b5a000013ff4255544e401000005a172d575a172d57
1155.997,45,e9071901120103c37dc6794b11c8ded0586c44315a0000315a000013ff4255544e001000005a172d575a172d57
1156.173,45,e9071901120103c37dc6794b11c8de40646c44345a0000345a000013ff4255544e401000005a172d575a172d57
1156.462,45,e9071901120103c37dc6794b11c8def6766c443b5a00003b5a000013ff4255544e405000005a172d575a172d57
1156.559,45,e9071901120103c37dc6794b11c8de267d6c443d5a00003d5a000013ff4255544e401000005a172d575a172d57
1156.56,45,e9071901120103c37dc6794b11c8de267d6c443e5a00003e5a000013ff4f56544b090200009d3dc63cb3c7983f
1157.209,45,e9071901120103c37dc6794b11c8de46a66c444b5a00004b5a000013ff4255544e601000005a172d575a172d57
1157.547,45,e9071901120103c37dc6794b11c8dec5bb6c44535a0000535a000013ff4255544e601800005a172d575a172d57
1157.574,45,e9071901120103c37dc6794b11c8de75bd6c44535a0000535a000013ff4255544e603800005a172d575a172d57
1157.629,45,e9071901120103c37dc6794b11c8dedfc06c44555a0000555a000013ff4255544e602800005a172d575a172d57
1157.686,45,e9071901120103c37dc6794b11c8de59c46c44565a0000565a000013ff4255544e600800005a172d575a172d57
1157.744,45,e9071901120103c37dc6794b11c8dee7c76c44575a0000575a000013ff4255544e602800005a172d575a172d57
1157.826,45,e9071901120103c37dc6794b11c8de4dcd6c44585a0000585a000013ff4255544e600800005a172d575a172d57
1157.961,45,e9071901120103c37dc6794b11c8de2dd66c445b5a00005b5a000013ff4255544e602800005a172d575a172d57
1157.987,45,e9071901120103c37dc6794b11c8dee8d76c445c5a00005c5a000013ff4255544e402800005a172d575a172d57
1158.04,45,e9071901120103c37dc6794b11c8de56db6c445d5a00005d5a000013ff4255544e400800005a172d575a172d57
1158.176,45,e9071901120103c37dc6794b11c8dedbe36c445f5a00005f5a000013ff4255544e600800005a172d575a172d57
1158.204,45,e9071901120103c37dc6794b11c8de95e56c44605a0000605a000013ff4255544e602800005a172d575a172d57
1158.264,45,e9071901120103c37dc6794b11c8de1be96c44615a0000615a000013ff4255544e202800005a172d575a172d57
1158.294,45,e9071901120103c37dc6794b11c8dee7ea6c44625a0000625a000013ff4255544e200800005a172d575a172d57
1159.073,45,e9071901120103c37dc6794b11c8dead1d6d44725a0000725a000013ff4255544e200000005a172d575a172d57
1159.074,45,e9071901120103c37dc6794b11c8dead1d6d44735a0000735a000013ff4f56544b0209000000dfd13ce03b9a3f
1159.558,45,e9071901120103c37dc6794b11c8de333d6d447d5a00007d5a000013ff4255544e204000005a172d575a172d57
1159.674,45,e9071901120103c37dc6794b11c8dec5446d44805a0000805a000013ff4255544e200000005a172d575a172d57
1160.685,45,e9071901120103c37dc6794b11c8de92856d44955a0000955a000013ff4255544e600000005a172d575a172d57
1160.802,45,e9071901120103c37dc6794b11c8dee08c6d44975a0000975a000013ff4255544e601000005a172d575a172d57
1161.421,45,e9071901120103c37dc6794b11c8de95b46d44a45a0000a45a000013ff4255544e401000005a172d575a172d57
1161.593,45,e9071901120103c37dc6794b11c8de29bf6d44a85a0000a85a000013ff4255544e501000005a172d575a172d57
1161.695,45,e9071901120103c37dc6794b11c8de8bc56d44aa5a0000aa5a000013ff4255544e401000005a172d575a172d57
1161.963,45,e9071901120103c37dc6794b11c8de25d76d44b05a0000b05a000013ff4255544e001000005a172d575a172d57
1162.171,45,e9071901120103c37dc6794b11c8de96e46d44b45a0000b45a000013ff4255544e401000005a172d575a172d57
1162.331,45,e9071901120103c37dc6794b11c8dee1ee6d44b85a0000b85a000013ff4255544e405000005a172d575a172d57
1162.492,45,e9071901120103c37dc6794b11c8de2af96d44bb5a0000bb5a000013ff4255544e401000005a172d575a172d57
1163.233,45,e9071901120103c37dc6794b11c8deb2286e44cb5a0000cb5a000013ff4255544e501000005a172d575a172d57
1163.64,45,e9071901120103c37dc6794b11c8de32426e44d45a0000d45a000013ff4255544e401000005a172d575a172d57
1163.763,45,e9071901120103c37dc6794b11c8de1b4a6e44d65a0000d65a000013ff4255544e501000005a172d575a172d57
1163.955,45,e9071901120103c37dc6794b11c8dea2566e44db5a0000db5a000013ff4255544e505000005a172d575a172d57
1164.073,45,e9071901120103c37dc6794b11c8de3b5e6e44dd5a0000dd5a000013ff4255544e501000005a172d575a172d57
1165.844,45,e9071901120103c37dc6794b11c8ded6cf6e44035b0000035b000013ff4255544e505000005a172d575a172d57
1165.98,45,e9071901120103c37dc6794b11c8de7ed86e44075b0000075b000013ff4255544e501000005a172d575a172d57
1166.532,45,e9071901120103c37dc6794b11c8de14fc6e44135b0000135b000013ff4255544e401000005a172d575a172d57
1166.91,45,e9071901120103c37dc6794b11c8de66146f441b5b00001b5b000013ff4255544e001000005a172d575a172d57
1167.096,45,e9071901120103c37dc6794b11c8de75206f441f5b00001f5b000013ff4255544e401000005a172d575a172d57
1167.559,45,e9071901120103c37dc6794b11c8de2d3e6f44295b0000295b000013ff4255544e405000005a172d575a172d57
1167.702,45,e9071901120103c37dc6794b11c8de37476f442c5b00002c5b000013ff4255544e401000005a172d575a172d57
1167.932,45,e9071901120103c37dc6794b11c8dec7556f44325b0000325b000013ff4255544e403800005a172d575a172d57
1168.017,45,e9071901120103c37dc6794b11c8de375b6f44335b0000335b000013ff4255544e402800005a172d575a172d57
1168.037,45,e9071901120103c37dc6794b11c8de935c6f44345b0000345b000013ff4255544e400800005a172d575a172d57
1168.119,45,e9071901120103c37dc6794b11c8deec616f44355b0000355b000013ff4255544e402800005a172d575a172d57
1168.221,45,e9071901120103c37dc6794b11c8de7a686f44385b0000385b000013ff4255544e400800005a172d575a172d57
1168.346,45,e9071901120103c37dc6794b11c8de5e706f443b5b00003b5b000013ff4255544e402800005a172d575a172d57
1168.41,45,e9071901120103c37dc6794b11c8de62746f443d5b00003d5b000013ff4255544e400800005a172d575a172d57
1168.519,45,e9071901120103c37dc6794b11c8de2b7b6f443f5b00003f5b000013ff4255544e402800005a172d575a172d57
1168.631,45,e9071901120103c37dc6794b11c8de2e826f44425b0000425b000013ff4255544e400800005a172d575a172d57
1168.745,45,e9071901120103c37dc6794b11c8de63896f44445b0000445b000013ff4255544e502800005a172d575a172d57
1168.811,45,e9071901120103c37dc6794b11c8debe8d6f44455b0000455b000013ff4255544e102800005a172d575a172d57
1168.855,45,e9071901120103c37dc6794b11c8de9c906f44475b0000475b000013ff4255544e100800005a172d575a172d57
1169.072,45,e9071901120103c37dc6794b11c8de929e6f444b5b00004b5b000013ff4255544e102800005a172d575a172d57
1169.226,45,e9071901120103c37dc6794b11c8de54a86f444f5b00004f5b000013ff4255544e100800005a172d575a172d57
1169.551,45,e9071901120103c37dc6794b11c8ded0bc6f44565b0000565b000013ff4255544e100000005a172d575a172d57
1169.711,45,e9071901120103c37dc6794b11c8de36c76f44595b0000595b000013ff4255544e104000005a172d575a172d57
1169.821,45,e9071901120103c37dc6794b11c8de71ce6f445b5b00005b5b000013ff4255544e100000005a172d575a172d57
1170.24,45,e9071901120103c37dc6794b11c8de24e96f44655b0000655b000013ff4255544e101000005a172d575a172d57
1170.263,45,e9071901120103c37dc6794b11c8de93ea6f44655b0000655b000013ff4255544e501000005a172d575a172d57
1171.371,45,e9071901120103c37dc6794b11c8de6b3170447e5b00007e5b000013ff4255544e505000005a172d575a172d57
1171.484,45,e9071901120103c37dc6794b11c8deb1387044815b0000815b000013ff4255544e501000005a172d575a172d57
1171.507,45,e9071901120103c37dc6794b11c8de273a7044815b0000815b000013ff4255544e401000005a172d575a172d57
1171.916,45,e9071901120103c37dc6794b11c8dec6547044895b0000895b000013ff4255544e001000005a172d575a172d57
1172.083,45,e9071901120103c37dc6794b11c8de845f70448d5b00008d5b000013ff4255544e401000005a172d575a172d57
1172.104,45,e9071901120103c37dc6794b11c8deda6070448d5b00008d5b000013ff4255544e501000005a172d575a172d57
1172.274,45,e9071901120103c37dc6794b11c8de946b7044915b0000915b000013ff4255544e401000005a172d575a172d57
1172.429,45,e9071901120103c37dc6794b11c8de45757044955b0000955b000013ff4255544e401200005a172d575a172d57
1172.52,45,e9071901120103c37dc6794b11c8de017b7044965b0000965b000013ff4255544e401000005a172d575a172d57
1173.011,45,e9071901120103c37dc6794b11c8dea39a7044a15b0000a15b000013ff4255544e405000005a172d575a172d57
1173.14,45,e9071901120103c37dc6794b11c8def9a27044a45b0000a45b000013ff4255544e401000005a172d575a172d57
1174.185,45,e9071901120103c37dc6794b11c8de97e57044bc5b0000bc5b000013ff4255544e405000005a172d575a172d57
1174.328,45,e9071901120103c37dc6794b11c8de6dee7044bf5b0000bf5b000013ff4255544e401000005a172d575a172d57
1175.472,45,e9071901120103c37dc6794b11c8de8d377144d65b0000d65b000013ff4255544e401200005a172d575a172d57
1175.568,45,e9071901120103c37dc6794b11c8dec43d7144d85b0000d85b000013ff4255544e401000005a172d575a172d57
1176.022,45,e9071901120103c37dc6794b11c8de675a7144e25b0000e25b000013ff4255544e405000005a172d575a172d57
1176.154,45,e9071901120103c37dc6794b11c8deae627144e55b0000e55b000013ff4255544e401000005a172d575a172d57
1178.334,45,e9071901120103c37dc6794b11c8dea3ed7144155c0000155c000013ff4255544e401200005a172d575a172d57
1178.487,45,e9071901120103c37dc6794b11c8dee1f67144195c0000195c000013ff4255544e401000005a172d575a172d57
1179.353,45,e9071901120103c37dc6794b11c8de992e72442b5c00002b5c000013ff4255544e405000005a172d575a172d57
1179.493,45,e9071901120103c37dc6794b11c8dee23772442e5c00002e5c000013ff4255544e401000005a172d575a172d57
1179.577,45,e9071901120103c37dc6794b11c8de493d72442f5c00002f5c000013ff4255544e001000005a172d575a172d57
1180.069,45,e9071901120103c37dc6794b11c8de485d7244395c0000395c000013ff4255544e401000005a172d575a172d57
1182.722,45,e9071901120103c37dc6794b11c8def2067344745c0000745c000013ff4255544e401200005a172d575a172d57
1182.824,45,e9071901120103c37dc6794b11c8deab0d7344765c0000765c000013ff4255544e401000005a172d575a172d57
1183.054,45,e9071901120103c37dc6794b11c8de821c73447c5c00007c5c000013ff4255544e001000005a172d575a172d57
1183.234,45,e9071901120103c37dc6794b11c8dee9277344805c0000805c000013ff4255544e401000005a172d575a172d57
1183.366,45,e9071901120103c37dc6794b11c8de36307344835c0000835c000013ff4255544e001000005a172d575a172d57
1184.021,45,e9071901120103c37dc6794b11c8de335a7344915c0000915c000013ff4255544e101000005a172d575a172d57
1184.098,45,e9071901120103c37dc6794b11c8de3d5f7344935c0000935c000013ff4255544e001000005a172d575a172d57
1184.412,45,e9071901120103c37dc6794b11c8de1a737344995c0000995c000013ff4255544e201000005a172d575a172d57
1184.493,45,e9071901120103c37dc6794b11c8de327873449b5c00009b5c000013ff4255544e001000005a172d575a172d57
1185.976,45,e9071901120103c37dc6794b11c8de74d67344bb5c0000bb5c000013ff4255544e101000005a172d575a172d57
1186.033,45,e9071901120103c37dc6794b11c8de3ada7344bd5c0000bd5c000013ff4255544e001000005a172d575a172d57
1186.358,45,e9071901120103c37dc6794b11c8de9aef7344c35c0000c35c000013ff4255544e601000005a172d575a172d57
1186.384,45,e9071901120103c37dc6794b11c8de4ff17344c45c0000c45c000013ff4255544e201000005a172d575a172d57
1186.411,45,e9071901120103c37dc6794b11c8de05f37344c45c0000c45c000013ff4255544e001000005a172d575a172d57
1186.865,45,e9071901120103c37dc6794b11c8de79107444cf5c0000cf5c000013ff5350545013e1c79e4300000544c6a843
1186.913,45,e9071901120103c37dc6794b11c8dea5137444cf5c0000cf5c000013ff4255544e401000005a172d575a172d57
1187.109,45,e9071901120103c37dc6794b11c8de47207444d35c0000d35c000013ff4255544e401800005a172d575a172d57
1187.133,45,e9071901120103c37dc6794b11c8ded7217444d45c0000d45c000013ff4255544e403800005a172d575a172d57
1187.23,45,e9071901120103c37dc6794b11c8de0b287444d65c0000d65c000013ff4255544e400800005a172d575a172d57
1187.353,45,e9071901120103c37dc6794b11c8ded42f7444d85c0000d85c000013ff4255544e402800005a172d575a172d57
1187.452,45,e9071901120103c37dc6794b11c8de1b367444da5c0000da5c000013ff4255544e400800005a172d575a172d57
1187.575,45,e9071901120103c37dc6794b11c8de053e7444dd5c0000dd5c000013ff4255544e402800005a172d575a172d57
1187.673,45,e9071901120103c37dc6794b11c8de55447444df5c0000df5c000013ff4255544e400800005a172d575a172d57
1187.795,45,e9071901120103c37dc6794b11c8de294c7444e25c0000e25c000013ff4255544e402800005a172d575a172d57
1187.893,45,e9071901120103c37dc6794b11c8de66527444e55c0000e55c000013ff4255544e400800005a172d575a172d57
1188.016,45,e9071901120103c37dc6794b11c8de3a5a7444e75c0000e75c000013ff4255544e402800005a172d575a172d57
1188.12,45,e9071901120103c37dc6794b11c8de92607444e95c0000e95c000013ff4255544e400800005a172d575a172d57
1188.172,45,e9071901120103c37dc6794b11c8ded8637444ea5c0000ea5c000013ff4255544e500800005a172d575a172d57
1188.251,45,e9071901120103c37dc6794b11c8ded4687444ec5c0000ec5c000013ff4255544e502800005a172d575a172d57
1188.355,45,e9071901120103c37dc6794b11c8de8e6f7444ee5c0000ee5c000013ff4255544e500800005a172d575a172d57
1188.38,45,e9071901120103c37dc6794b11c8de3a717444ef5c0000ef5c000013ff4255544e100800005a172d575a172d57
1188.48,45,e9071901120103c37dc6794b11c8decf777444f15c0000f15c000013ff4255544e102800005a172d575a172d57
1188.578,45,e9071901120103c37dc6794b11c8de3a7e7444f35c0000f35c000013ff4255544e100800005a172d575a172d57
1188.825,45,e9071901120103c37dc6794b11c8de0c8e7444f75c0000f75c000013ff4255544e100000005a172d575a172d57
1189.261,45,e9071901120103c37dc6794b11c8def1a97444015d0000015d000013ff4255544e500000005a172d575a172d57
1189.363,45,e9071901120103c37dc6794b11c8de42b07444045d0000045d000013ff4255544e100000005a172d575a172d57
1189.568,45,e9071901120103c37dc6794b11c8de58bd7444085d0000085d000013ff4255544e500000005a172d575a172d57
1189.853,45,e9071901120103c37dc6794b11c8de70cf74440e5d00000e5d000013ff4255544e100000005a172d575a172d57
1190.344,45,e9071901120103c37dc6794b11c8de08ef7444185d0000185d000013ff4255544e500000005a172d575a172d57
1190.875,45,e9071901120103c37dc6794b11c8deb3107544255d0000255d000013ff535054500c34ab9b4300000544c6a843
1190.981,45,e9071901120103c37dc6794b11c8de6c177544275d0000275d000013ff4255544e501000005a172d575a172d57
1191.139,45,e9071901120103c37dc6794b11c8dea42175442a5d00002a5d000013ff4255544e505000005a172d575a172d57
1191.266,45,e9071901120103c37dc6794b11c8de062a75442c5d00002c5d000013ff4255544e501000005a172d575a172d57
1191.292,45,e9071901120103c37dc6794b11c8deab2b75442d5d00002d5d000013ff4255544e401000005a172d575a172d57
1191.515,45,e9071901120103c37dc6794b11c8de253a7544325d0000325d000013ff4255544e601000005a172d575a172d57
1191.663,45,e9071901120103c37dc6794b11c8dea0437544365d0000365d000013ff53505450017768a44300000544c6a843
1191.761,45,e9071901120103c37dc6794b11c8dee3497544385d0000385d000013ff535054500a2e889f4300000544c6a843
1192.06,45,e9071901120103c37dc6794b11c8deee5c75443e5d00003e5d000013ff4255544e201000005a172d575a172d57
1192.161,45,e9071901120103c37dc6794b11c8de60637544405d0000405d000013ff4255544e205000005a172d575a172d57
1192.233,45,e9071901120103c37dc6794b11c8de26687544425d0000425d000013ff4255544e605000005a172d575a172d57
1192.281,45,e9071901120103c37dc6794b11c8de4d6b7544435d0000435d000013ff4255544e601000005a172d575a172d57
1193.31,45,e9071901120103c37dc6794b11c8de28ad7544585d0000585d000013ff4255544e401000005a172d575a172d57
1193.572,45,e9071901120103c37dc6794b11c8de04be75445f5d00005f5d000013ff4255544e001000005a172d575a172d57
1193.643,45,e9071901120103c37dc6794b11c8de90c27544615d0000615d000013ff4255544e005000005a172d575a172d57
1193.764,45,e9071901120103c37dc6794b11c8de35ca7544635d0000635d000013ff4255544e405000005a172d575a172d57
1193.789,45,e9071901120103c37dc6794b11c8dec2cb7544645d0000645d000013ff4255544e401000005a172d575a172d57
1193.84,45,e9071901120103c37dc6794b11c8dedace7544665d0000665d000013ff5350545007de1c9c4300000544c6a843
1193.964,45,e9071901120103c37dc6794b11c8dec3d67544685d0000685d000013ff4255544e501000005a172d575a172d57
1194.09,45,e9071901120103c37dc6794b11c8ded5de75446b5d00006b5d000013ff4255544e401000005a172d575a172d57
1194.26,45,e9071901120103c37dc6794b11c8defbe975446e5d00006e5d000013ff4255544e501000005a172d575a172d57
1195.306,45,e9071901120103c37dc6794b11c8dee62c7644855d0000855d000013ff4255544e505000005a172d575a172d57
1195.453,45,e9071901120103c37dc6794b11c8de39367644885d0000885d000013ff4255544e501000005a172d575a172d57
1195.479,45,e9071901120103c37dc6794b11c8dec8377644895d0000895d000013ff5350545011b23c9c4300000544c6a843
1195.552,45,e9071901120103c37dc6794b11c8de7c3c76448a5d00008a5d000013ff4255544e401000005a172d575a172d57
1196.015,45,e9071901120103c37dc6794b11c8ded4597644945d0000945d000013ff4255544e501000005a172d575a172d57
1196.268,45,e9071901120103c37dc6794b11c8de2f6a7644995d0000995d000013ff4255544e401000005a172d575a172d57
1198.023,45,e9071901120103c37dc6794b11c8ded4d97644be5d0000be5d000013ff4255544e405000005a172d575a172d57
1198.137,45,e9071901120103c37dc6794b11c8defee07644c15d0000c15d000013ff4255544e401000005a172d575a172d57
1198.471,45,e9071901120103c37dc6794b11c8deaef67644c85d0000c85d000013ff4255544e001000005a172d575a172d57
1200.825,45,e9071901120103c37dc6794b11c8dedc8c7744fb5d0000fb5d000013ff5350545012439b9a4300000544c6a843
1200.883,45,e9071901120103c37dc6794b11c8de8b907744fc5d0000fc5d000013ff4255544e005000005a172d575a172d57
1201.027,45,e9071901120103c37dc6794b11c8ded8997744fe5d0000fe5d000013ff4255544e001000005a172d575a172d57
1201.664,45,e9071901120103c37dc6794b11c8de41c377440b5e00000b5e000013ff4255544e401000005a172d575a172d57
1201.691,45,e9071901120103c37dc6794b11c8deeec477440c5e00000c5e000013ff4255544e001000005a172d575a172d57
1203.358,45,e9071901120103c37dc6794b11c8def22e7844305e0000305e000013ff535054500f1f919c4300000544c6a843
1203.733,45,e9071901120103c37dc6794b11c8de20477844375e0000375e000013ff4255544e101000005a172d575a172d57
1203.79,45,e9071901120103c37dc6794b11c8dec44a7844385e0000385e000013ff4255544e001000005a172d575a172d57
1203.95,45,e9071901120103c37dc6794b11c8de705578443c5e00003c5e000013ff5350545003eb7da24300000544c6a843
1204.077,45,e9071901120103c37dc6794b11c8ded85d7844405e0000405e000013ff4255544e401000005a172d575a172d57
1204.204,45,e9071901120103c37dc6794b11c8de02667844425e0000425e000013ff4255544e403800005a172d575a172d57
1204.284,45,e9071901120103c37dc6794b11c8def16a7844445e0000445e000013ff4255544e402800005a172d575a172d57
1204.311,45,e9071901120103c37dc6794b11c8de9c6c7844445e0000445e000013ff4255544e400800005a172d575a172d57
1204.393,45,e9071901120103c37dc6794b11c8deb5717844475e0000475e000013ff4255544e402800005a172d575a172d57
1204.473,45,e9071901120103c37dc6794b11c8dee7767844485e0000485e000013ff4255544e400800005a172d575a172d57
1204.575,45,e9071901120103c37dc6794b11c8debb7d78444a5e00004a5e000013ff4255544e402800005a172d575a172d57
1204.648,45,e9071901120103c37dc6794b11c8dea18278444c5e00004c5e000013ff4255544e400800005a172d575a172d57
1204.794,45,e9071901120103c37dc6794b11c8de138c78444f5e00004f5e000013ff4255544e402800005a172d575a172d57
1204.914,45,e9071901120103c37dc6794b11c8dece937844525e0000525e000013ff4255544e500800005a172d575a172d57
1205.034,45,e9071901120103c37dc6794b11c8de849b7844555e0000555e000013ff4255544e402800005a172d575a172d57
1205.036,45,e9071901120103c37dc6794b11c8de849b7844555e0000555e000013ff5350545006239fa24300000544c6a843
1205.131,45,e9071901120103c37dc6794b11c8deafa17844575e0000575e000013ff4255544e400800005a172d575a172d57
1205.203,45,e9071901120103c37dc6794b11c8de4ea67844585e0000585e000013ff4255544e500800005a172d575a172d57
1205.251,45,e9071901120103c37dc6794b11c8de63a97844595e0000595e000013ff4255544e502800005a172d575a172d57
1205.347,45,e9071901120103c37dc6794b11c8de8daf78445b5e00005b5e000013ff4255544e100800005a172d575a172d57
1205.77,45,e9071901120103c37dc6794b11c8de19ca7844655e0000655e000013ff53505450082e34a34300000544c6a843
1205.847,45,e9071901120103c37dc6794b11c8de05cf7844665e0000665e000013ff4255544e100000005a172d575a172d57
1205.9,45,e9071901120103c37dc6794b11c8de55d27844685e0000685e000013ff535054500d2aa0a14300000544c6a843
1205.977,45,e9071901120103c37dc6794b11c8de57d778446a5e00006a5e000013ff4255544e104000005a172d575a172d57
1206.081,45,e9071901120103c37dc6794b11c8de02de78446c5e00006c5e000013ff4255544e100000005a172d575a172d57
1206.133,45,e9071901120103c37dc6794b11c8de57e178446d5e00006d5e000013ff4255544e101000005a172d575a172d57
1206.668,45,e9071901120103c37dc6794b11c8decd037944785e0000785e000013ff4255544e501000005a172d575a172d57
1207.533,45,e9071901120103c37dc6794b11c8deff3a79448b5e00008b5e000013ff4255544e401000005a172d575a172d57
1207.795,45,e9071901120103c37dc6794b11c8de974b7944905e0000905e000013ff4255544e405000005a172d575a172d57
1207.875,45,e9071901120103c37dc6794b11c8dea6507944925e0000925e000013ff4255544e505000005a172d575a172d57
1207.929,45,e9071901120103c37dc6794b11c8de0d547944945e0000945e000013ff4255544e401000005a172d575a172d57
1208.011,45,e9071901120103c37dc6794b11c8de35597944955e0000955e000013ff4255544e001000005a172d575a172d57
1208.175,45,e9071901120103c37dc6794b11c8deb5637944985e0000985e000013ff4255544e101000005a172d575a172d57
1208.203,45,e9071901120103c37dc6794b11c8de76657944995e0000995e000013ff4255544e501000005a172d575a172d57
1208.872,45,e9071901120103c37dc6794b11c8dec6907944a85e0000a85e000013ff4255544e401000005a172d575a172d57
1209.518,45,e9071901120103c37dc6794b11c8de2fba7944b75e0000b75e000013ff53505450107cb39b4300000544c6a843
1209.594,45,e9071901120103c37dc6794b11c8de02bf7944b85e0000b85e000013ff4255544e405000005a172d575a172d57
1209.62,45,e9071901120103c37dc6794b11c8de9dc07944b95e0000b95e000013ff535054500b2633964300000544c6a843
1209.695,45,e9071901120103c37dc6794b11c8de7ac57944ba5e0000ba5e000013ff4255544e401000005a172d575a172d57
1210.461,45,e9071901120103c37dc6794b11c8de87f67944cb5e0000cb5e000013ff4255544e501000005a172d575a172d57
1210.636,45,e9071901120103c37dc6794b11c8debd017a44cf5e0000cf5e000013ff4255544e401000005a172d575a172d57
1210.661,45,e9071901120103c37dc6794b11c8de58037a44cf5e0000cf5e000013ff4255544e501000005a172d575a172d57
1210.686,45,e9071901120103c37dc6794b11c8def3047a44d05e0000d05e000013ff4255544e401000005a172d575a172d57
1211.372,45,e9071901120103c37dc6794b11c8debe307a44df5e0000df5e000013ff4255544e001000005a172d575a172d57
1211.562,45,e9071901120103c37dc6794b11c8de5d3d7a44e35e0000e35e000013ff4255544e401000005a172d575a172d57
1211.585,45,e9071901120103c37dc6794b11c8dee43e7a44e45e0000e45e000013ff4255544e601000005a172d575a172d57
1211.609,45,e9071901120103c37dc6794b11c8de68407a44e45e0000e45e000013ff4255544e001000005a172d575a172d57
1211.895,45,e9071901120103c37dc6794b11c8de84527a44eb5e0000eb5e000013ff4255544e005000005a172d575a172d57
1211.997,45,e9071901120103c37dc6794b11c8deca587a44ed5e0000ed5e000013ff4255544e001000005a172d575a172d57
1212.447,45,e9071901120103c37dc6794b11c8def0757a44f65e0000f65e000013ff53505450024f299d4300000544c6a843
1212.544,45,e9071901120103c37dc6794b11c8de097c7a44f85e0000f85e000013ff535054500965a5964300000544c6a843
1212.756,45,e9071901120103c37dc6794b11c8dec1897a44fd5e0000fd5e000013ff4f56544b0b1000004506c33cc860983f
1212.85,45,e9071901120103c37dc6794b11c8dec98f7a44ff5e0000ff5e000013ff53505450044cfc9d4300000544c6a843
1213.64,45,e9071901120103c37dc6794b11c8de5bc27a44105f0000105f000013ff535054500562c0a54300000544c6a843
1214.438,45,e9071901120103c37dc6794b11c8de87f57a44225f0000225f000013ff535054500ec5eba44300000544c6a843
1214.505,45,e9071901120103c37dc6794b11c8def1f97a44235f0000235f000013ff4255544e401000005a172d575a172d57
1214.735,45,e9071901120103c37dc6794b11c8de9d087b44285f0000285f000013ff4255544e401800005a172d575a172d57
1214.758,45,e9071901120103c37dc6794b11c8de170a7b44285f0000285f000013ff4255544e603800005a172d575a172d57
1214.854,45,e9071901120103c37dc6794b11c8de03107b442a5f00002a5f000013ff4255544e601800005a172d575a172d57
1214.902,45,e9071901120103c37dc6794b11c8de0d137b442b5f00002b5f000013ff4255544e201800005a172d575a172d57
1214.95,45,e9071901120103c37dc6794b11c8de1c167b442c5f00002c5f000013ff4255544e203800005a172d575a172d57
1215.098,45,e9071901120103c37dc6794b11c8de711f7b442f5f00002f5f000013ff4255544e200800005a172d575a172d57
1215.391,45,e9071901120103c37dc6794b11c8de4d327b44365f0000365f000013ff4255544e200000005a172d575a172d57
1215.818,45,e9071901120103c37dc6794b11c8dea84d7b443e5f00003e5f000013ff4255544e201000005a172d575a172d57
1216.416,45,e9071901120103c37dc6794b11c8def1737b444c5f00004c5f000013ff4255544e601000005a172d575a172d57
1216.513,45,e9071901120103c37dc6794b11c8de187a7b444f5f00004f5f000013ff5350545000caba9a4300000544c6a843
1218.794,45,e9071901120103c37dc6794b11c8de290c7c44805f0000805f000013ff4255544e605000005a172d575a172d57
1218.842,45,e9071901120103c37dc6794b11c8de390f7c44815f0000815f000013ff4255544e405000005a172d575a172d57
1218.891,45,e9071901120103c37dc6794b11c8de4b127c44835f0000835f000013ff4255544e401000005a172d575a172d57
1219.317,45,e9071901120103c37dc6794b11c8de322d7c448b5f00008b5f000013ff4255544e403800005a172d575a172d57
1219.393,45,e9071901120103c37dc6794b11c8de23327c448e5f00008e5f000013ff4255544e402800005a172d575a172d57
1219.442,45,e9071901120103c37dc6794b11c8de60357c448f5f00008f5f000013ff4255544e400800005a172d575a172d57
1219.515,45,e9071901120103c37dc6794b11c8de2f3a7c44905f0000905f000013ff4255544e402800005a172d575a172d57
1219.613,45,e9071901120103c37dc6794b11c8de73407c44925f0000925f000013ff4255544e400800005a172d575a172d57
1219.709,45,e9071901120103c37dc6794b11c8deaa467c44945f0000945f000013ff4255544e402800005a172d575a172d57
1219.806,45,e9071901120103c37dc6794b11c8dede4c7c44965f0000965f000013ff4255544e400800005a172d575a172d57
1219.855,45,e9071901120103c37dc6794b11c8def94f7c44975f0000975f000013ff4255544e600800005a172d575a172d57
1219.905,45,e9071901120103c37dc6794b11c8de13537c44985f0000985f000013ff4255544e602800005a172d575a172d57
1219.979,45,e9071901120103c37dc6794b11c8decc577c449a5f00009a5f000013ff4255544e600800005a172d575a172d57
1220.055,45,e9071901120103c37dc6794b11c8de905c7c449b5f00009b5f000013ff4255544e602800005a172d575a172d57
1220.183,45,e9071901120103c37dc6794b11c8dea4647c449e5f00009e5f000013ff4255544e202800005a172d575a172d57
1220.26,45,e9071901120103c37dc6794b11c8de8a697c449f5f00009f5f000013ff4255544e200800005a172d575a172d57
1220.622,45,e9071901120103c37dc6794b11c8de30817c44a75f0000a75f000013ff4255544e200000005a172d575a172d57
1221.106,45,e9071901120103c37dc6794b11c8de43a07c44b15f0000b15f000013ff4255544e200800005a172d575a172d57
1221.198,45,e9071901120103c37dc6794b11c8de33a67c44b35f0000b35f000013ff4255544e200000005a172d575a172d57
1222.294,45,e9071901120103c37dc6794b11c8de71ec7c44cb5f0000cb5f000013ff4255544e201000005a172d575a172d57
1222.362,45,e9071901120103c37dc6794b11c8decbf07c44cd5f0000cd5f000013ff4255544e601000005a172d575a172d57
1223.018,45,e9071901120103c37dc6794b11c8deae1a7d44db5f0000db5f000013ff4255544e401000005a172d575a172d57
1223.611,45,e9071901120103c37dc6794b11c8dec1407d44e85f0000e85f000013ff4255544e501000005a172d575a172d57
1223.657,45,e9071901120103c37dc6794b11c8dea8437d44e95f0000e95f000013ff4255544e101000005a172d575a172d57
1223.932,45,e9071901120103c37dc6794b11c8de2e557d44f05f0000f05f000013ff4255544e100000005a172d575a172d57
1225.692,45,e9071901120103c37dc6794b11c8de13c67d44166000001660000013ff4255544e105000005a172d575a172d57
1225.736,45,e9071901120103c37dc6794b11c8dee7c87d44176000001760000013ff4255544e104000005a172d575a172d57
1225.803,45,e9071901120103c37dc6794b11c8de26cd7d44186000001860000013ff4255544e101000005a172d575a172d57
1226.498,45,e9071901120103c37dc6794b11c8de4bf97d44286000002860000013ff4255544e501000005a172d575a172d57
1227.278,45,e9071901120103c37dc6794b11c8de1f2b7e44396000003960000013ff4255544e401000005a172d575a172d57
1227.447,45,e9071901120103c37dc6794b11c8dedb357e443d6000003d60000013ff4255544e501000005a172d575a172d57
1227.732,45,e9071901120103c37dc6794b11c8de41487e44436000004360000013ff4255544e401000005a172d575a172d57
1227.916,45,e9071901120103c37dc6794b11c8de23547e44476000004760000013ff4255544e405000005a172d575a172d57
1228.034,45,e9071901120103c37dc6794b11c8de925b7e444a6000004a60000013ff4255544e001000005a172d575a172d57
1228.843,45,e9071901120103c37dc6794b11c8de2a8f7e445b6000005b60000013ff4255544e401000005a172d575a172d57
1229.082,45,e9071901120103c37dc6794b11c8de949e7e44616000006160000013ff4255544e405000005a172d575a172d57
1229.228,45,e9071901120103c37dc6794b11c8ded0a77e44646000006460000013ff4255544e401000005a172d575a172d57
1229.984,45,e9071901120103c37dc6794b11c8ded5d77e44736000007360000013ff4255544e601000005a172d575a172d57
1230.192,45,e9071901120103c37dc6794b11c8dee7e47e44776000007760000013ff4255544e603800005a172d575a172d57
1230.247,45,e9071901120103c37dc6794b11c8de4ce87e44786000007860000013ff4255544e602800005a172d575a172d57
1230.304,45,e9071901120103c37dc6794b11c8dec2eb7e44796000007960000013ff4255544e600800005a172d575a172d57
1230.333,45,e9071901120103c37dc6794b11c8de86ed7e447a6000007a60000013ff4255544e400800005a172d575a172d57
1230.389,45,e9071901120103c37dc6794b11c8de1af17e447c6000007c60000013ff4255544e402800005a172d575a172d57
1230.445,45,e9071901120103c37dc6794b11c8deb2f47e447d6000007d60000013ff4f56544b100b00005ea3e53c6bb49c3f
1230.471,45,e9071901120103c37dc6794b11c8de7ff67e447d6000007d60000013ff4255544e400800005a172d575a172d57
1230.55,45,e9071901120103c37dc6794b11c8deccfb7e447f6000007f60000013ff4255544e600800005a172d575a172d57
1230.576,45,e9071901120103c37dc6794b11c8de89fd7e447f6000007f60000013ff4255544e602800005a172d575a172d57
1230.681,45,e9071901120103c37dc6794b11c8de51047f44826000008260000013ff4255544e600800005a172d575a172d57
1230.791,45,e9071901120103c37dc6794b11c8de110b7f44846000008460000013ff4255544e602800005a172d575a172d57
1230.846,45,e9071901120103c37dc6794b11c8de840e7f44856000008560000013ff4255544e202800005a172d575a172d57
1230.906,45,e9071901120103c37dc6794b11c8de0d127f44876000008760000013ff4255544e200800005a172d575a172d57
1231.174,45,e9071901120103c37dc6794b11c8de10237f448c6000008c60000013ff4255544e202800005a172d575a172d57
1231.315,45,e9071901120103c37dc6794b11c8de632c7f448f6000008f60000013ff4255544e200800005a172d575a172d57
1231.914,45,e9071901120103c37dc6794b11c8de84537f449d6000009d60000013ff4255544e200000005a172d575a172d57
1232.06,45,e9071901120103c37dc6794b11c8de085d7f44a0600000a060000013ff4255544e204000005a172d575a172d57
1232.155,45,e9071901120103c37dc6794b11c8de42637f44a2600000a260000013ff4255544e200000005a172d575a172d57
1232.652,45,e9071901120103c37dc6794b11c8de9e837f44ad600000ad60000013ff4255544e201000005a172d575a172d57
1233.102,45,e9071901120103c37dc6794b11c8de68a07f44b7600000b760000013ff4255544e601000005a172d575a172d57
1233.355,45,e9071901120103c37dc6794b11c8de19b07f44bc600000bc60000013ff4255544e600000005a172d575a172d57
1233.45,45,e9071901120103c37dc6794b11c8de18b67f44be600000be60000013ff4255544e601000005a172d575a172d57
1234.302,45,e9071901120103c37dc6794b11c8de99ec7f44d1600000d160000013ff4255544e401000005a172d575a172d57
1234.675,45,e9071901120103c37dc6794b11c8de2d028044d9600000d960000013ff4255544e001000005a172d575a172d57
1234.698,45,e9071901120103c37dc6794b11c8def8028044d9600000d960000013ff4255544e005000005a172d575a172d57
1234.839,45,e9071901120103c37dc6794b11c8de8f078044dc600000dc60000013ff4255544e001000005a172d575a172d57
1234.93,45,e9071901120103c37dc6794b11c8de8b0a8044df600000df60000013ff4255544e401000005a172d575a172d57
1235.045,45,e9071901120103c37dc6794b11c8de370e8044e1600000e160000013ff4255544e001000005a172d575a172d57
1235.228,45,e9071901120103c37dc6794b11c8de12148044e5600000e560000013ff4255544e401000005a172d575a172d57
1236.109,45,e9071901120103c37dc6794b11c8de4c308044f8600000f860000013ff4255544e501000005a172d575a172d57
1236.464,45,e9071901120103c37dc6794b11c8de773b8044006100000061000013ff4255544e505000005a172d575a172d57
1236.586,45,e9071901120103c37dc6794b11c8de573f8044036100000361000013ff4255544e501000005a172d575a172d57
1237.311,45,e9071901120103c37dc6794b11c8deac568044136100001361000013ff4255544e101000005a172d575a172d57
1237.525,45,e9071901120103c37dc6794b11c8de785d8044196100001961000013ff4255544e501000005a172d575a172d57
1238.886,45,e9071901120103c37dc6794b11c8de23898044376100003761000013ff4255544e505000005a172d575a172d57
1238.998,45,e9071901120103c37dc6794b11c8dec48c8044396100003961000013ff4255544e501000005a172d575a172d57
1239.131,45,e9071901120103c37dc6794b11c8de149180443c6100003c61000013ff4255544e401000005a172d575a172d57
1239.793,45,e9071901120103c37dc6794b11c8de66a680444a6100004a61000013ff4255544e001000005a172d575a172d57
1240.018,45,e9071901120103c37dc6794b11c8deb0ad80444f6100004f61000013ff4255544e401000005a172d575a172d57
1240.687,45,e9071901120103c37dc6794b11c8defec280445e6100005e61000013ff4255544e403800005a172d575a172d57
1240.773,45,e9071901120103c37dc6794b11c8deb7c58044606100006061000013ff4255544e402800005a172d575a172d57
1240.794,45,e9071901120103c37dc6794b11c8de67c68044606100006061000013ff4255544e400800005a172d575a172d57
1240.878,45,e9071901120103c37dc6794b11c8de1fc98044636100006361000013ff4255544e402800005a172d575a172d57
1240.961,45,e9071901120103c37dc6794b11c8decccb8044646100006461000013ff4255544e400800005a172d575a172d57
1241.043,45,e9071901120103c37dc6794b11c8de72ce8044666100006661000013ff4255544e402800005a172d575a172d57
1241.167,45,e9071901120103c37dc6794b11c8de68d28044686100006861000013ff4255544e400800005a172d575a172d57
1241.295,45,e9071901120103c37dc6794b11c8de6dd680446b6100006b61000013ff4255544e402800005a172d575a172d57
1241.34,45,e9071901120103c37dc6794b11c8deccd780446c6100006c61000013ff4255544e502800005a172d575a172d57
1241.362,45,e9071901120103c37dc6794b11c8de7ed880446d6100006d61000013ff4255544e500800005a172d575a172d57
1241.497,45,e9071901120103c37dc6794b11c8debbdc8044706100007061000013ff4255544e502800005a172d575a172d57
1241.61,45,e9071901120103c37dc6794b11c8de59e08044726100007261000013ff4255544e102800005a172d575a172d57
1241.632,45,e9071901120103c37dc6794b11c8de12e18044736100007361000013ff4255544e100800005a172d575a172d57
1241.826,45,e9071901120103c37dc6794b11c8de62e78044776100007761000013ff4255544e102800005a172d575a172d57
1241.934,45,e9071901120103c37dc6794b11c8ded5ea80447a6100007a61000013ff4255544e100800005a172d575a172d57
1242.13,45,e9071901120103c37dc6794b11c8de0df180447e6100007e61000013ff4255544e500800005a172d575a172d57
1242.153,45,e9071901120103c37dc6794b11c8dec1f180447e6100007e61000013ff4255544e500000005a172d575a172d57
1242.245,45,e9071901120103c37dc6794b11c8de9df48044806100008061000013ff4255544e100000005a172d575a172d57
1242.434,45,e9071901120103c37dc6794b11c8de92fa8044856100008561000013ff4255544e104000005a172d575a172d57
1242.526,45,e9071901120103c37dc6794b11c8de97fd8044876100008761000013ff4255544e100000005a172d575a172d57
1242.661,45,e9071901120103c37dc6794b11c8defa018144896100008961000013ff4255544e500000005a172d575a172d57
1242.994,45,e9071901120103c37dc6794b11c8dea30c8144916100009161000013ff4255544e501000005a172d575a172d57
1243.017,45,e9071901120103c37dc6794b11c8de5b0d8144916100009161000013ff4255544e101000005a172d575a172d57
1243.176,45,e9071901120103c37dc6794b11c8de6d128144956100009561000013ff4255544e501000005a172d575a172d57
1244.094,45,e9071901120103c37dc6794b11c8dee12f8144a8610000a861000013ff4255544e401000005a172d575a172d57
1244.646,45,e9071901120103c37dc6794b11c8deb8418144b5610000b561000013ff4255544e405000005a172d575a172d57
1244.711,45,e9071901120103c37dc6794b11c8deba438144b6610000b661000013ff4255544e405200005a172d575a172d57
1244.774,45,e9071901120103c37dc6794b11c8dec1458144b8610000b861000013ff4255544e401000005a172d575a172d57
1245.635,45,e9071901120103c37dc6794b11c8de3a618144ca610000ca61000013ff4255544e405000005a172d575a172d57
1245.814,45,e9071901120103c37dc6794b11c8deda668144ce610000ce61000013ff4255544e401000005a172d575a172d57
1246.306,45,e9071901120103c37dc6794b11c8dec2768144d9610000d961000013ff4255544e001000005a172d575a172d57
1246.519,45,e9071901120103c37dc6794b11c8de957d8144de610000de61000013ff4255544e401000005a172d575a172d57
1246.562,45,e9071901120103c37dc6794b11c8def47e8144df610000df61000013ff4255544e401200005a172d575a172d57
1246.692,45,e9071901120103c37dc6794b11c8de10838144e2610000e261000013ff4255544e401000005a172d575a172d57
1246.946,45,e9071901120103c37dc6794b11c8def38a8144e7610000e761000013ff4255544e405000005a172d575a172d57
1247.066,45,e9071901120103c37dc6794b11c8debe8e8144e9610000e961000013ff4255544e401000005a172d575a172d57
1248.909,45,e9071901120103c37dc6794b11c8de83c98144116200001162000013ff4255544e405000005a172d575a172d57
1249.034,45,e9071901120103c37dc6794b11c8de99cd8144146200001462000013ff4255544e401000005a172d575a172d57
1249.486,45,e9071901120103c37dc6794b11c8deeddb81441d6200001d62000013ff4255544e501000005a172d575a172d57
1249.594,45,e9071901120103c37dc6794b11c8de4adf81441f6200001f62000013ff4255544e401000005a172d575a172d57
1249.938,45,e9071901120103c37dc6794b11c8de65ea8144276200002762000013ff4255544e501000005a172d575a172d57
1250.142,45,e9071901120103c37dc6794b11c8de03f181442b6200002b62000013ff4255544e401000005a172d575a172d57
1251.577,45,e9071901120103c37dc6794b11c8de0a1e82444a6200004a62000013ff4255544e001000005a172d575a172d57
1251.788,45,e9071901120103c37dc6794b11c8de142582444f6200004f62000013ff4255544e401000005a172d575a172d57
1251.966,45,e9071901120103c37dc6794b11c8dedb2a8244536200005362000013ff4255544e001000005a172d575a172d57
1252.274,45,e9071901120103c37dc6794b11c8dee6348244596200005962000013ff4255544e401000005a172d575a172d57
1252.358,45,e9071901120103c37dc6794b11c8de953782445b6200005b62000013ff4255544e001000005a172d575a172d57
1253.124,45,e9071901120103c37dc6794b11c8dee64f82446b6200006b62000013ff4255544e401000005a172d575a172d57
1253.154,45,e9071901120103c37dc6794b11c8ded75082446c6200006c62000013ff4255544e501000005a172d575a172d57
1253.183,45,e9071901120103c37dc6794b11c8deca5182446d6200006d62000013ff4255544e401000005a172d575a172d57
1253.468,45,e9071901120103c37dc6794b11c8de055b8244726200007262000013ff4255544e405000005a172d575a172d57
1253.585,45,e9071901120103c37dc6794b11c8deb05e8244756200007562000013ff4255544e401000005a172d575a172d57
1255.426,45,e9071901120103c37dc6794b11c8deed9982449d6200009d62000013ff4255544e001000005a172d575a172d57
1255.907,45,e9071901120103c37dc6794b11c8de8ba98244a7620000a762000013ff4255544e101000005a172d575a172d57
1256.006,45,e9071901120103c37dc6794b11c8deb8ac8244a9620000a962000013ff4255544e001000005a172d575a172d57
1256.377,45,e9071901120103c37dc6794b11c8de4eb88244b1620000b162000013ff4255544e101000005a172d575a172d57
1256.458,45,e9071901120103c37dc6794b11c8dee2ba8244b3620000b362000013ff4255544e001000005a172d575a172d57
1257.736,45,e9071901120103c37dc6794b11c8deb8e38244ce620000ce62000013ff4255544e201000005a172d575a172d57
1257.82,45,e9071901120103c37dc6794b11c8de61e68244cf620000cf62000013ff4255544e001000005a172d575a172d57
1259.063,45,e9071901120103c37dc6794b11c8de370e8344eb620000eb62000013ff4255544e101000005a172d575a172d57
1259.117,45,e9071901120103c37dc6794b11c8def90f8344ec620000ec62000013ff4255544e001000005a172d575a172d57
1259.429,45,e9071901120103c37dc6794b11c8de261a8344f3620000f362000013ff4255544e101000005a172d575a172d57
1259.505,45,e9071901120103c37dc6794b11c8de9b1c8344f4620000f462000013ff4255544e001000005a172d575a172d57
1259.753,45,e9071901120103c37dc6794b11c8de99248344fa620000fa62000013ff5350545013cb069e4300000544c6a843
1259.801,45,e9071901120103c37dc6794b11c8de2d268344fa620000fa62000013ff4255544e401000005a172d575a172d57
1259.876,45,e9071901120103c37dc6794b11c8de8a288344fd620000fd62000013ff4255544e001000005a172d575a172d57
1260.052,45,e9071901120103c37dc6794b11c8de232e8344036300000363000013ff4255544e403800005a172d575a172d57
1260.15,45,e9071901120103c37dc6794b11c8de58318344056300000563000013ff4255544e401800005a172d575a172d57
1260.224,45,e9071901120103c37dc6794b11c8deb6338344066300000663000013ff4255544e403800005a172d575a172d57
1260.272,45,e9071901120103c37dc6794b11c8de49358344076300000763000013ff4255544e402800005a172d575a172d57
1260.394,45,e9071901120103c37dc6794b11c8de2f3983440b6300000b63000013ff4255544e400800005a172d575a172d57
1260.491,45,e9071901120103c37dc6794b11c8de4f3c83440d6300000d63000013ff4255544e402800005a172d575a172d57
1260.589,45,e9071901120103c37dc6794b11c8de6b3f83440f6300000f63000013ff4255544e400800005a172d575a172d57
1260.686,45,e9071901120103c37dc6794b11c8de8a428344116300001163000013ff4255544e402800005a172d575a172d57
1260.785,45,e9071901120103c37dc6794b11c8dea7458344136300001363000013ff4255544e400800005a172d575a172d57
1260.886,45,e9071901120103c37dc6794b11c8ded1488344166300001663000013ff4255544e402800005a172d575a172d57
1261.017,45,e9071901120103c37dc6794b11c8dee44c8344186300001863000013ff4255544e400800005a172d575a172d57
1261.044,45,e9071901120103c37dc6794b11c8deba4d8344196300001963000013ff4255544e500800005a172d575a172d57
1261.122,45,e9071901120103c37dc6794b11c8de405083441a6300001a63000013ff4255544e502800005a172d575a172d57
1261.249,45,e9071901120103c37dc6794b11c8de6c5483441d6300001d63000013ff4255544e500800005a172d575a172d57
1261.325,45,e9071901120103c37dc6794b11c8dedd5683441e6300001e63000013ff4255544e100800005a172d575a172d57
1261.35,45,e9071901120103c37dc6794b11c8deac5783441f6300001f63000013ff4255544e102800005a172d575a172d57
1261.447,45,e9071901120103c37dc6794b11c8dedb5a8344226300002263000013ff4255544e100800005a172d575a172d57
1261.712,45,e9071901120103c37dc6794b11c8de6a638344276300002763000013ff4255544e502800005a172d575a172d57
1261.807,45,e9071901120103c37dc6794b11c8de77668344296300002963000013ff4255544e500800005a172d575a172d57
1261.855,45,e9071901120103c37dc6794b11c8de016883442a6300002a63000013ff4255544e500000005a172d575a172d57
1262.024,45,e9071901120103c37dc6794b11c8de5a6d83442d6300002d63000013ff4255544e100000005a172d575a172d57
1262.591,45,e9071901120103c37dc6794b11c8de447f8344396300003963000013ff4255544e500000005a172d575a172d57
1262.744,45,e9071901120103c37dc6794b11c8de3a8483443c6300003c63000013ff4255544e100000005a172d575a172d57
1263.209,45,e9071901120103c37dc6794b11c8de1a938344466300004663000013ff4255544e500000005a172d575a172d57
1263.385,45,e9071901120103c37dc6794b11c8dec99883444b6300004b63000013ff535054500ceb4b994300000544c6a843
1263.789,45,e9071901120103c37dc6794b11c8de9ca58344536300005363000013ff4255544e401000005a172d575a172d57
1264.074,45,e9071901120103c37dc6794b11c8dec6ae8344596300005963000013ff4255544e405000005a172d575a172d57
1264.175,45,e9071901120103c37dc6794b11c8de0fb283445b6300005b63000013ff4255544e401000005a172d575a172d57
1264.421,45,e9071901120103c37dc6794b11c8de01ba8344616300006163000013ff4255544e601000005a172d575a172d57
1264.447,45,e9071901120103c37dc6794b11c8decaba8344626300006263000013ff5350545001f9489c4300000544c6a843
1264.545,45,e9071901120103c37dc6794b11c8def1bd8344646300006463000013ff535054500a7170994300000544c6a843
1264.845,45,e9071901120103c37dc6794b11c8de79c783446a6300006a63000013ff4255544e201000005a172d575a172d57
1264.946,45,e9071901120103c37dc6794b11c8debaca83446d6300006d63000013ff4255544e601000005a172d575a172d57
1266.077,45,e9071901120103c37dc6794b11c8de00ef8344856300008563000013ff4255544e401000005a172d575a172d57
1266.124,45,e9071901120103c37dc6794b11c8de91f08344866300008663000013ff4255544e405000005a172d575a172d57
1266.221,45,e9071901120103c37dc6794b11c8deaaf38344886300008863000013ff4255544e401000005a172d575a172d57
1266.459,45,e9071901120103c37dc6794b11c8de50fb83448f6300008f63000013ff5350545007958c9a4300000544c6a843
1266.576,45,e9071901120103c37dc6794b11c8de19ff8344916300009163000013ff4255544e601000005a172d575a172d57
1266.6,45,e9071901120103c37dc6794b11c8dedaff8344916300009163000013ff4255544e001000005a172d575a172d57
1266.766,45,e9071901120103c37dc6794b11c8de23058444946300009463000013ff4255544e401000005a172d575a172d57
1266.915,45,e9071901120103c37dc6794b11c8dec9098444986300009863000013ff4255544e501000005a172d575a172d57
1267.015,45,e9071901120103c37dc6794b11c8def70c84449a6300009a63000013ff4255544e405000005a172d575a172d57
1267.041,45,e9071901120103c37dc6794b11c8dec40d84449b6300009b63000013ff4255544e505000005a172d575a172d57
1267.141,45,e9071901120103c37dc6794b11c8defd1084449d6300009d63000013ff4255544e501000005a172d575a172d57
1267.311,45,e9071901120103c37dc6794b11c8de8e168444a0630000a063000013ff4255544e401000005a172d575a172d57
1267.548,45,e9071901120103c37dc6794b11c8de311e8444a6630000a663000013ff4255544e501000005a172d575a172d57
1268.145,45,e9071901120103c37dc6794b11c8de0f318444b3630000b363000013ff4255544e505000005a172d575a172d57
1268.27,45,e9071901120103c37dc6794b11c8de1e358444b5630000b563000013ff4255544e501000005a172d575a172d57
1268.296,45,e9071901120103c37dc6794b11c8deeb358444b6630000b663000013ff53505450116be79b4300000544c6a843
1268.793,45,e9071901120103c37dc6794b11c8deb8458444c1630000c163000013ff4255544e401000005a172d575a172d57
1268.82,45,e9071901120103c37dc6794b11c8de8b468444c1630000c163000013ff4255544e501000005a172d575a172d57
1269.062,45,e9071901120103c37dc6794b11c8de384e8444c7630000c763000013ff4255544e401000005a172d575a172d57
1269.301,45,e9071901120103c37dc6794b11c8def1558444cc630000cc63000013ff4255544e501000005a172d575a172d57
1269.456,45,e9071901120103c37dc6794b11c8def85a8444d0630000d063000013ff4255544e401000005a172d575a172d57
1269.482,45,e9071901120103c37dc6794b11c8decc5b8444d1630000d163000013ff4255544e501000005a172d575a172d57
1269.508,45,e9071901120103c37dc6794b11c8dea05c8444d1630000d163000013ff4255544e401000005a172d575a172d57
1270.819,45,e9071901120103c37dc6794b11c8de84868444ec630000ec63000013ff4255544e405000005a172d575a172d57
1270.93,45,e9071901120103c37dc6794b11c8deed898444f0630000f063000013ff4255544e401000005a172d575a172d57
1271.276,45,e9071901120103c37dc6794b11c8ded7948444f6630000f663000013ff4255544e001000005a172d575a172d57
1271.502,45,e9071901120103c37dc6794b11c8de299c8444fc630000fc63000013ff4255544e401000005a172d575a172d57
1271.531,45,e9071901120103c37dc6794b11c8de109d8444fd630000fd63000013ff4255544e201000005a172d575a172d57
1271.559,45,e9071901120103c37dc6794b11c8def79d8444fd630000fd63000013ff4255544e001000005a172d575a172d57
1273.603,45,e9071901120103c37dc6794b11c8de54df8444296400002964000013ff4255544e005000005a172d575a172d57
1273.688,45,e9071901120103c37dc6794b11c8de09e284442b6400002b64000013ff4255544e001000005a172d575a172d57
1274.002,45,e9071901120103c37dc6794b11c8de20ec8444336400003364000013ff5350545012822f9b4300000544c6a843
1274.185,45,e9071901120103c37dc6794b11c8de3ef28444366400003664000013ff4255544e401000005a172d575a172d57
1274.212,45,e9071901120103c37dc6794b11c8de14f38444366400003664000013ff4255544e201000005a172d575a172d57
1274.264,45,e9071901120103c37dc6794b11c8dec6f48444376400003764000013ff4255544e001000005a172d575a172d57
1274.815,45,e9071901120103c37dc6794b11c8de51068544436400004364000013ff4255544e401000005a172d575a172d57
1274.898,45,e9071901120103c37dc6794b11c8dee8088544466400004664000013ff4255544e001000005a172d575a172d57
1276.75,45,e9071901120103c37dc6794b11c8de214485446d6400006d64000013ff4255544e401000005a172d575a172d57
1276.804,45,e9071901120103c37dc6794b11c8deee4585446e6400006e64000013ff4255544e001000005a172d575a172d57
1276.909,45,e9071901120103c37dc6794b11c8de65498544716400007164000013ff535054500f9ef69b4300000544c6a843
1277.034,45,e9071901120103c37dc6794b11c8de894d8544736400007364000013ff4255544e401000005a172d575a172d57
1277.061,45,e9071901120103c37dc6794b11c8de584e8544736400007364000013ff4255544e403800005a172d575a172d57
1277.191,45,e9071901120103c37dc6794b11c8de6e528544766400007664000013ff4255544e400800005a172d575a172d57
1277.3,45,e9071901120103c37dc6794b11c8decf558544786400007864000013ff4255544e402800005a172d575a172d57
1277.355,45,e9071901120103c37dc6794b11c8de895785447a6400007a64000013ff53505450037bd0a24300000544c6a843
1277.408,45,e9071901120103c37dc6794b11c8de455985447a6400007a64000013ff4255544e400800005a172d575a172d57
1277.485,45,e9071901120103c37dc6794b11c8dedb5b85447c6400007c64000013ff5350545006af7ca24300000544c6a843
1277.51,45,e9071901120103c37dc6794b11c8deb25c85447c6400007c64000013ff4255544e402800005a172d575a172d57
1277.607,45,e9071901120103c37dc6794b11c8def85f85447e6400007e64000013ff4255544e400800005a172d575a172d57
1277.703,45,e9071901120103c37dc6794b11c8de16638544806400008064000013ff4255544e402800005a172d575a172d57
1277.775,45,e9071901120103c37dc6794b11c8de64658544826400008264000013ff4255544e400800005a172d575a172d57
1277.8,45,e9071901120103c37dc6794b11c8de29668544836400008364000013ff4255544e500800005a172d575a172d57
1278.118,45,e9071901120103c37dc6794b11c8de567085448a6400008a64000013ff4255544e502800005a172d575a172d57
1278.239,45,e9071901120103c37dc6794b11c8de3d7485448d6400008d64000013ff4255544e500800005a172d575a172d57
1278.335,45,e9071901120103c37dc6794b11c8de50778544906400009064000013ff535054500886fca44300000544c6a843
1278.431,45,e9071901120103c37dc6794b11c8de607a8544926400009264000013ff4255544e500000005a172d575a172d57
1278.581,45,e9071901120103c37dc6794b11c8de107f8544956400009564000013ff4255544e100000005a172d575a172d57
1278.633,45,e9071901120103c37dc6794b11c8dea9808544966400009664000013ff4255544e500000005a172d575a172d57
1278.923,45,e9071901120103c37dc6794b11c8deca8985449c6400009c64000013ff4255544e100000005a172d575a172d57
1279.112,45,e9071901120103c37dc6794b11c8ded08f8544a0640000a064000013ff4255544e104000005a172d575a172d57
1279.114,45,e9071901120103c37dc6794b11c8ded08f8544a1640000a164000013ff535054500d41c2a24300000544c6a843
1279.218,45,e9071901120103c37dc6794b11c8de43938544a2640000a264000013ff4255544e100000005a172d575a172d57
1279.4,45,e9071901120103c37dc6794b11c8de29998544a7640000a764000013ff4255544e500000005a172d575a172d57
1279.478,45,e9071901120103c37dc6794b11c8dea59b8544a9640000a964000013ff4255544e501000005a172d575a172d57
1280.557,45,e9071901120103c37dc6794b11c8de19be8544bf640000bf64000013ff4255544e401000005a172d575a172d57
1281.139,45,e9071901120103c37dc6794b11c8dec0d08544cc640000cc64000013ff4255544e501000005a172d575a172d57
1281.192,45,e9071901120103c37dc6794b11c8de6fd28544cd640000cd64000013ff4255544e505000005a172d575a172d57
1281.244,45,e9071901120103c37dc6794b11c8de20d48544ce640000ce64000013ff4255544e405000005a172d575a172d57
1281.324,45,e9071901120103c37dc6794b11c8dea6d68544cf640000cf64000013ff4255544e401000005a172d575a172d57
1281.889,45,e9071901120103c37dc6794b11c8dee0e88544dd640000dd64000013ff4f56544b0b100000ef20d03c1d049a3f
1282.133,45,e9071901120103c37dc6794b11c8decdf08544e2640000e264000013ff4255544e501000005a172d575a172d57
1282.526,45,e9071901120103c37dc6794b11c8de47fd8544ea640000ea64000013ff4255544e401000005a172d575a172d57
1282.631,45,e9071901120103c37dc6794b11c8de8a008644ed640000ed64000013ff4255544e405000005a172d575a172d57
1282.734,45,e9071901120103c37dc6794b11c8dedc038644ef640000ef64000013ff4255544e401000005a172d575a172d57
1284.173,45,e9071901120103c37dc6794b11c8de043286440e6500000e65000013ff535054500b92d8a44300000544c6a843
1284.32,45,e9071901120103c37dc6794b11c8debc368644116500001165000013ff5350545010ab869b4300000544c6a843
1284.438,45,e9071901120103c37dc6794b11c8dea13a8644146500001465000013ff4255544e001000005a172d575a172d57
1285.134,45,e9071901120103c37dc6794b11c8dead508644236500002365000013ff4255544e005000005a172d575a172d57
1285.256,45,e9071901120103c37dc6794b11c8debe548644256500002565000013ff4255544e001000005a172d575a172d57
1285.612,45,e9071901120103c37dc6794b11c8de3a6086442c6500002c65000013ff4255544e101000005a172d575a172d57
1285.684,45,e9071901120103c37dc6794b11c8de836286442e6500002e65000013ff4255544e001000005a172d575a172d57
1286.335,45,e9071901120103c37dc6794b11c8de497786443d6500003d65000013ff5350545002bd209d4300000544c6a843
1286.406,45,e9071901120103c37dc6794b11c8de957986443f6500003f65000013ff53505450093b8f984300000544c6a843
1286.546,45,e9071901120103c37dc6794b11c8de1e7e8644416500004165000013ff4255544e401000005a172d575a172d57
1286.687,45,e9071901120103c37dc6794b11c8dea4828644446500004465000013ff4255544e001000005a172d575a172d57
1286.783,45,e9071901120103c37dc6794b11c8dea5858644466500004665000013ff5350545004428a9e4300000544c6a843
1286.924,45,e9071901120103c37dc6794b11c8de328a8644496500004965000013ff4255544e401000005a172d575a172d57
1287.021,45,e9071901120103c37dc6794b11c8de3f8d86444c6500004c65000013ff53505450051db29b4300000544c6a843
1287.528,45,e9071901120103c37dc6794b11c8de9f9d8644576500005765000013ff4255544e601000005a172d575a172d57
1287.738,45,e9071901120103c37dc6794b11c8de42a486445b6500005b65000013ff4255544e201000005a172d575a172d57
1287.786,45,e9071901120103c37dc6794b11c8dec3a586445c6500005c65000013ff4255544e201800005a172d575a172d57
1287.811,45,e9071901120103c37dc6794b11c8de84a686445c6500005c65000013ff4255544e203800005a172d575a172d57
1287.859,45,e9071901120103c37dc6794b11c8de0ea886445e6500005e65000013ff4255544e202800005a172d575a172d57
1287.884,45,e9071901120103c37dc6794b11c8ded4a886445f6500005f65000013ff4255544e200800005a172d575a172d57
1287.958,45,e9071901120103c37dc6794b11c8de2bab8644606500006065000013ff4255544e202800005a172d575a172d57
1287.959,45,e9071901120103c37dc6794b11c8de2bab8644616500006165000013ff535054500ea7a8a54300000544c6a843
1288.057,45,e9071901120103c37dc6794b11c8de53ae8644626500006265000013ff4255544e200800005a172d575a172d57
1288.327,45,e9071901120103c37dc6794b11c8de02b78644686500006865000013ff4255544e200000005a172d575a172d57
1288.911,45,e9071901120103c37dc6794b11c8de8fc98644756500007565000013ff4255544e201000005a172d575a172d57
1289.945,45,e9071901120103c37dc6794b11c8deebea86448a6500008a65000013ff4255544e601000005a172d575a172d57
1290.133,45,e9071901120103c37dc6794b11c8dee7f086448e6500008e65000013ff4255544e201000005a172d575a172d57
1290.279,45,e9071901120103c37dc6794b11c8de76f58644916500009165000013ff53505450009a829a4300000544c6a843
1290.839,45,e9071901120103c37dc6794b11c8de790787449c6500009c65000013ff4255544e601000005a172d575a172d57
1292.033,45,e9071901120103c37dc6794b11c8de702d8744b6650000b665000013ff4255544e401000005a172d575a172d57
1292.085,45,e9071901120103c37dc6794b11c8de152f8744b7650000b765000013ff4255544e001000005a172d575a172d57
1292.261,45,e9071901120103c37dc6794b11c8decb348744ba650000ba65000013ff4255544e401000005a172d575a172d57
1292.309,45,e9071901120103c37dc6794b11c8de65368744bb650000bb65000013ff4255544e401800005a172d575a172d57
1292.358,45,e9071901120103c37dc6794b11c8def8378744bd650000bd65000013ff4255544e403800005a172d575a172d57
1292.43,45,e9071901120103c37dc6794b11c8de523a8744bf650000bf65000013ff4255544e401800005a172d575a172d57
1292.527,45,e9071901120103c37dc6794b11c8de6d3d8744c1650000c165000013ff4255544e403800005a172d575a172d57
1292.551,45,e9071901120103c37dc6794b11c8de333e8744c1650000c165000013ff4255544e402800005a172d575a172d57
1292.648,45,e9071901120103c37dc6794b11c8de4d418744c3650000c365000013ff4255544e400800005a172d575a172d57
1292.722,45,e9071901120103c37dc6794b11c8dea2438744c4650000c465000013ff4255544e402800005a172d575a172d57
1292.796,45,e9071901120103c37dc6794b11c8def9458744c6650000c665000013ff4255544e400800005a172d575a172d57
1292.948,45,e9071901120103c37dc6794b11c8debc4a8744ca650000ca65000013ff4255544e402800005a172d575a172d57
1293.0,45,e9071901120103c37dc6794b11c8de5b4c8744cb650000cb65000013ff4255544e400800005a172d575a172d57
1293.101,45,e9071901120103c37dc6794b11c8dea54f8744cd650000cd65000013ff4255544e402800005a172d575a172d57
1293.223,45,e9071901120103c37dc6794b11c8dead538744d0650000d065000013ff4255544e600800005a172d575a172d57
1293.534,45,e9071901120103c37dc6794b11c8debe5d8744d8650000d865000013ff4255544e600000005a172d575a172d57
1293.721,45,e9071901120103c37dc6794b11c8dec5638744db650000db65000013ff4255544e200000005a172d575a172d57
1293.905,45,e9071901120103c37dc6794b11c8deb0698744e0650000e065000013ff4255544e600000005a172d575a172d57
1294.089,45,e9071901120103c37dc6794b11c8de906f8744e4650000e465000013ff4255544e200000005a172d575a172d57
1295.509,45,e9071901120103c37dc6794b11c8de059d8744036600000366000013ff4255544e600000005a172d575a172d57
1295.555,45,e9071901120103c37dc6794b11c8de7c9e8744046600000466000013ff4255544e601000005a172d575a172d57
1296.003,45,e9071901120103c37dc6794b11c8dec7ac87440e6600000e66000013ff4255544e600000005a172d575a172d57
1296.026,45,e9071901120103c37dc6794b11c8de86ad87440f6600000f66000013ff4255544e601000005a172d575a172d57
1296.347,45,e9071901120103c37dc6794b11c8ded5b78744156600001566000013ff4255544e401000005a172d575a172d57
1296.579,45,e9071901120103c37dc6794b11c8de35bf87441b6600001b66000013ff4255544e501000005a172d575a172d57
1296.862,45,e9071901120103c37dc6794b11c8de3ac88744216600002166000013ff4255544e101000005a172d575a172d57
1297.072,45,e9071901120103c37dc6794b11c8defdce8744256600002566000013ff4255544e100000005a172d575a172d57
1298.429,45,e9071901120103c37dc6794b11c8de65fa8744436600004366000013ff4255544e101000005a172d575a172d57
1298.842,45,e9071901120103c37dc6794b11c8debc0788444b6600004b66000013ff4255544e105000005a172d575a172d57
1298.93,45,e9071901120103c37dc6794b11c8de970a88444e6600004e66000013ff4255544e101000005a172d575a172d57
1299.641,45,e9071901120103c37dc6794b11c8de362188445c6600005c66000013ff4255544e501000005a172d575a172d57
1300.327,45,e9071901120103c37dc6794b11c8de1b3788446b6600006b66000013ff4255544e401000005a172d575a172d57
1301.106,45,e9071901120103c37dc6794b11c8de0f5088447a6600007a66000013ff4255544e405000005a172d575a172d57
1301.23,45,e9071901120103c37dc6794b11c8ded55388447d6600007d66000013ff4255544e401000005a172d575a172d57
1301.465,45,e9071901120103c37dc6794b11c8de215b8844826600008266000013ff4255544e001000005a172d575a172d57
1301.626,45,e9071901120103c37dc6794b11c8de41608844856600008566000013ff4255544e101000005a172d575a172d57
1301.73,45,e9071901120103c37dc6794b11c8dea8638844886600008866000013ff4255544e001000005a172d575a172d57
1301.953,45,e9071901120103c37dc6794b11c8de026b88448c6600008c66000013ff4255544e401000005a172d575a172d57
1302.293,45,e9071901120103c37dc6794b11c8dee7758844946600009466000013ff4255544e405000005a172d575a172d57
1302.417,45,e9071901120103c37dc6794b11c8decf798844976600009766000013ff4255544e401000005a172d575a172d57
1302.443,45,e9071901120103c37dc6794b11c8de9a7a8844986600009866000013ff4255544e601000005a172d575a172d57
1302.63,45,e9071901120103c37dc6794b11c8de618088449c6600009c66000013ff4255544e401000005a172d575a172d57
1303.212,45,e9071901120103c37dc6794b11c8de08938844a8660000a866000013ff4255544e603800005a172d575a172d57
1303.238,45,e9071901120103c37dc6794b11c8dedf938844a9660000a966000013ff4255544e402800005a172d575a172d57
1303.321,45,e9071901120103c37dc6794b11c8de6e968844aa660000aa66000013ff4255544e400800005a172d575a172d57
1303.406,45,e9071901120103c37dc6794b11c8de0f998844ad660000ad66000013ff4255544e402800005a172d575a172d57
1303.491,45,e9071901120103c37dc6794b11c8debf9b8844af660000af66000013ff4255544e400800005a172d575a172d57
1303.598,45,e9071901120103c37dc6794b11c8de549f8844b1660000b166000013ff4255544e402800005a172d575a172d57
1303.625,45,e9071901120103c37dc6794b11c8de36a08844b1660000b166000013ff4255544e602800005a172d575a172d57
1303.704,45,e9071901120103c37dc6794b11c8decba28844b4660000b466000013ff4255544e202800005a172d575a172d57
1303.73,45,e9071901120103c37dc6794b11c8dea5a38844b5660000b566000013ff4255544e200800005a172d575a172d57
1303.863,45,e9071901120103c37dc6794b11c8dedca78844b8660000b866000013ff4255544e202800005a172d575a172d57
1303.981,45,e9071901120103c37dc6794b11c8de53ab8844ba660000ba66000013ff4255544e200800005a172d575a172d57
1304.453,45,e9071901120103c37dc6794b11c8de7aba8844c5660000c566000013ff4255544e600800005a172d575a172d57
1304.775,45,e9071901120103c37dc6794b11c8de1bc58844cb660000cb66000013ff4255544e200000005a172d575a172d57
1304.878,45,e9071901120103c37dc6794b11c8de76c88844ce660000ce66000013ff4255544e600000005a172d575a172d57
1305.03,45,e9071901120103c37dc6794b11c8de5ecd8844d1660000d166000013ff4255544e604000005a172d575a172d57
1305.079,45,e9071901120103c37dc6794b11c8defdce8844d2660000d266000013ff4255544e204000005a172d575a172d57
1305.153,45,e9071901120103c37dc6794b11c8de65d18844d3660000d366000013ff4255544e200000005a172d575a172d57
1306.077,45,e9071901120103c37dc6794b11c8de5fef8844e8660000e866000013ff4255544e201000005a172d575a172d57
1306.099,45,e9071901120103c37dc6794b11c8de0ff08844e8660000e866000013ff4f56544b090200005332af3c4ae6953f
1306.545,45,e9071901120103c37dc6794b11c8de28fe8844f2660000f266000013ff4255544e200000005a172d575a172d57
1306.613,45,e9071901120103c37dc6794b11c8de58008944f3660000f366000013ff4255544e600000005a172d575a172d57
1307.051,45,e9071901120103c37dc6794b11c8de510e8944fd660000fd66000013ff4255544e601000005a172d575a172d57
1307.144,45,e9071901120103c37dc6794b11c8de47118944ff660000ff66000013ff4255544e401000005a172d575a172d57
1307.711,45,e9071901120103c37dc6794b11c8de512389440b6700000b67000013ff4255544e001000005a172d575a172d57
1307.874,45,e9071901120103c37dc6794b11c8dea72889440f6700000f67000013ff4255544e005000005a172d575a172d57
1307.897,45,e9071901120103c37dc6794b11c8de652989440f6700000f67000013ff4255544e405000005a172d575a172d57
1308.013,45,e9071901120103c37dc6794b11c8de182d8944116700001167000013ff4255544e401000005a172d575a172d57
1308.22,45,e9071901120103c37dc6794b11c8deba338944156700001567000013ff4255544e001000005a172d575a172d57
1308.408,45,e9071901120103c37dc6794b11c8deb23989441a6700001a67000013ff4255544e401000005a172d575a172d57
1309.103,45,e9071901120103c37dc6794b11c8de06508944286700002867000013ff4255544e501000005a172d575a172d57
1309.957,45,e9071901120103c37dc6794b11c8de4f6b89443b6700003b67000013ff4255544e505000005a172d575a172d57
1310.098,45,e9071901120103c37dc6794b11c8dec76f89443e6700003e67000013ff4255544e501000005a172d575a172d57
1310.288,45,e9071901120103c37dc6794b11c8decf758944426700004267000013ff4255544e541000005a172d575a172d57
1310.36,45,e9071901120103c37dc6794b11c8de1a788944446700004467000013ff4255544e501000005a172d575a172d57
1310.432,45,e9071901120103c37dc6794b11c8de6a7a8944466700004667000013ff4255544e541000005a172d575a172d57
1310.504,45,e9071901120103c37dc6794b11c8deb87c8944476700004767000013ff4255544e501000005a172d575a172d57
1310.552,45,e9071901120103c37dc6794b11c8de417e8944486700004867000013ff4255544e541000005a172d575a172d57
1310.647,45,e9071901120103c37dc6794b11c8de518189444a6700004a67000013ff4255544e501000005a172d575a172d57
1311.919,45,e9071901120103c37dc6794b11c8de3eaa8944656700006567000013ff4255544e505000005a172d575a172d57
1312.051,45,e9071901120103c37dc6794b11c8de78ae8944686700006867000013ff4255544e501000005a172d575a172d57
1312.364,45,e9071901120103c37dc6794b11c8de68b88944706700007067000013ff4255544e541000005a172d575a172d57
1312.454,45,e9071901120103c37dc6794b11c8de4bbb8944726700007267000013ff4255544e501000005a172d575a172d57
1312.498,45,e9071901120103c37dc6794b11c8debbbc8944736700007367000013ff4255544e401000005a172d575a172d57
1312.565,45,e9071901120103c37dc6794b11c8dee0be8944746700007467000013ff4255544e441000005a172d575a172d57
1312.63,45,e9071901120103c37dc6794b11c8defec08944766700007667000013ff4255544e401000005a172d575a172d57
1313.03,45,e9071901120103c37dc6794b11c8dee9cd89447f6700007f67000013ff4255544e001000005a172d575a172d57
1313.236,45,e9071901120103c37dc6794b11c8de8fd48944836700008367000013ff4255544e401000005a172d575a172d57
1313.336,45,e9071901120103c37dc6794b11c8ded2d78944856700008567000013ff4255544e441000005a172d575a172d57
1313.355,45,e9071901120103c37dc6794b11c8de76d88944866700008667000013ff4255544e041000005a172d575a172d57
1313.434,45,e9071901120103c37dc6794b11c8de01db8944886700008867000013ff4255544e001000005a172d575a172d57
1313.616,45,e9071901120103c37dc6794b11c8deb8e089448b6700008b67000013ff4255544e401000005a172d575a172d57
1313.931,45,e9071901120103c37dc6794b11c8decdea8944946700009467000013ff4255544e403800005a172d575a172d57
1314.033,45,e9071901120103c37dc6794b11c8de17ee8944966700009667000013ff4255544e402800005a172d575a172d57
1314.054,45,e9071901120103c37dc6794b11c8debdee8944966700009667000013ff4255544e400800005a172d575a172d57
1314.134,45,e9071901120103c37dc6794b11c8de57f18944986700009867000013ff4255544e402800005a172d575a172d57
1314.257,45,e9071901120103c37dc6794b11c8de38f589449a6700009a67000013ff4255544e400800005a172d575a172d57
1314.343,45,e9071901120103c37dc6794b11c8dee0f789449c6700009c67000013ff4255544e402800005a172d575a172d57
1314.479,45,e9071901120103c37dc6794b11c8de11fc8944a0670000a067000013ff4255544e400800005a172d575a172d57
1314.593,45,e9071901120103c37dc6794b11c8deb0ff8944a2670000a267000013ff4255544e402800005a172d575a172d57
1314.704,45,e9071901120103c37dc6794b11c8de50038a44a4670000a467000013ff4255544e400800005a172d575a172d57
1314.726,45,e9071901120103c37dc6794b11c8de07048a44a5670000a567000013ff4255544e500800005a172d575a172d57
1314.769,45,e9071901120103c37dc6794b11c8de73058a44a5670000a567000013ff4255544e100800005a172d575a172d57
1314.833,45,e9071901120103c37dc6794b11c8de8b078a44a7670000a767000013ff4255544e102800005a172d575a172d57
1314.939,45,e9071901120103c37dc6794b11c8def90a8a44aa670000aa67000013ff4255544e100800005a172d575a172d57
1315.51,45,e9071901120103c37dc6794b11c8defc1c8a44b6670000b667000013ff4255544e100000005a172d575a172d57
1315.885,45,e9071901120103c37dc6794b11c8de30298a44bf670000bf67000013ff4255544e104000005a172d575a172d57
1315.992,45,e9071901120103c37dc6794b11c8dea32c8a44c1670000c167000013ff4255544e100000005a172d575a172d57
1316.216,45,e9071901120103c37dc6794b11c8dea3338a44c5670000c567000013ff4255544e500000005a172d575a172d57
1316.358,45,e9071901120103c37dc6794b11c8de10388a44c9670000c967000013ff4255544e501000005a172d575a172d57
1317.419,45,e9071901120103c37dc6794b11c8de335a8a44df670000df67000013ff4255544e401000005a172d575a172d57
1317.989,45,e9071901120103c37dc6794b11c8de9e6c8a44ec670000ec67000013ff4255544e005000005a172d575a172d57
1318.115,45,e9071901120103c37dc6794b11c8dea1708a44ee670000ee67000013ff4255544e001000005a172d575a172d57
1318.157,45,e9071901120103c37dc6794b11c8def6718a44ef670000ef67000013ff4255544e001200005a172d575a172d57
1318.178,45,e9071901120103c37dc6794b11c8dea4728a44f0670000f067000013ff4255544e401200005a172d575a172d57
1318.221,45,e9071901120103c37dc6794b11c8defc738a44f0670000f067000013ff4255544e401000005a172d575a172d57
1319.084,45,e9071901120103c37dc6794b11c8de8f8f8a44046800000468000013ff4255544e405000005a172d575a172d57
1319.216,45,e9071901120103c37dc6794b11c8debe938a44066800000668000013ff4255544e401000005a172d575a172d57
1320.02,45,e9071901120103c37dc6794b11c8de7dad8a44186800001868000013ff4255544e405000005a172d575a172d57
1320.153,45,e9071901120103c37dc6794b11c8deaeb18a441b6800001b68000013ff4255544e401000005a172d575a172d57
1321.672,45,e9071901120103c37dc6794b11c8de12e28a443c6800003c68000013ff4255544e405000005a172d575a172d57
1321.79,45,e9071901120103c37dc6794b11c8dee5e58a443f6800003f68000013ff4255544e401000005a172d575a172d57
1322.198,45,e9071901120103c37dc6794b11c8de9df28a44486800004868000013ff4255544e501000005a172d575a172d57
1322.403,45,e9071901120103c37dc6794b11c8de4af98a444c6800004c68000013ff4255544e401000005a172d575a172d57
1322.779,45,e9071901120103c37dc6794b11c8de5a058b44546800005468000013ff4255544e501000005a172d575a172d57
1322.985,45,e9071901120103c37dc6794b11c8decd0b8b44586800005868000013ff4255544e101000005a172d575a172d57
1323.092,45,e9071901120103c37dc6794b11c8de290f8b445a6800005a68000013ff4255544e501000005a172d575a172d57
1323.175,45,e9071901120103c37dc6794b11c8debc118b445b6800005b68000013ff4255544e401000005a172d575a172d57
1323.536,45,e9071901120103c37dc6794b11c8de4b1d8b44646800006468000013ff4255544e501000005a172d575a172d57
1323.67,45,e9071901120103c37dc6794b11c8deaa218b44666800006668000013ff4255544e401000005a172d575a172d57
1324.039,45,e9071901120103c37dc6794b11c8de7c2d8b446e6800006e68000013ff4255544e401200005a172d575a172d57
1324.121,45,e9071901120103c37dc6794b11c8de0a308b446f6800006f68000013ff4255544e401000005a172d575a172d57
1324.807,45,e9071901120103c37dc6794b11c8de4e458b447d6800007d68000013ff4255544e001000005a172d575a172d57
1325.056,45,e9071901120103c37dc6794b11c8de744d8b44846800008468000013ff4255544e401000005a172d575a172d57
1325.115,45,e9071901120103c37dc6794b11c8de6e4f8b44856800008568000013ff4255544e405000005a172d575a172d57
1325.173,45,e9071901120103c37dc6794b11c8de61518b44866800008668000013ff4255544e005000005a172d575a172d57
1325.229,45,e9071901120103c37dc6794b11c8de48538b44886800008868000013ff4255544e001000005a172d575a172d57
1325.886,45,e9071901120103c37dc6794b11c8dea6688b44986800009868000013ff4255544e401000005a172d575a172d57
1328.408,45,e9071901120103c37dc6794b11c8de05b98b44cf680000cf68000013ff4255544e001000005a172d575a172d57
1328.596,45,e9071901120103c37dc6794b11c8de4fbf8b44d3680000d368000013ff4255544e101000005a172d575a172d57
1328.673,45,e9071901120103c37dc6794b11c8dedbc18b44d4680000d468000013ff4255544e001000005a172d575a172d57
1328.952,45,e9071901120103c37dc6794b11c8dee4ca8b44da680000da68000013ff4255544e101000005a172d575a172d57
1329.001,45,e9071901120103c37dc6794b11c8de7ecc8b44db680000db68000013ff4255544e001000005a172d575a172d57
1329.572,45,e9071901120103c37dc6794b11c8de7dde8b44e7680000e768000013ff4255544e401000005a172d575a172d57
1329.6,45,e9071901120103c37dc6794b11c8de59df8b44e8680000e868000013ff4255544e001000005a172d575a172d57
1329.955,45,e9071901120103c37dc6794b11c8dec9ea8b44f0680000f068000013ff4255544e401000005a172d575a172d57
1330.007,45,e9071901120103c37dc6794b11c8de7eec8b44f1680000f168000013ff4255544e001000005a172d575a172d57
1330.318,45,e9071901120103c37dc6794b11c8de7af68b44f7680000f768000013ff4255544e401000005a172d575a172d57
1330.343,45,e9071901120103c37dc6794b11c8de4ff78b44f8680000f868000013ff4255544e001000005a172d575a172d57
1330.661,45,e9071901120103c37dc6794b11c8de58018c44ff680000ff68000013ff4255544e401000005a172d575a172d57
1330.716,45,e9071901120103c37dc6794b11c8de0f038c44006900000069000013ff4255544e001000005a172d575a172d57
1332.274,45,e9071901120103c37dc6794b11c8dee9348c441f6900001f69000013ff4255544e401000005a172d575a172d57
1332.861,45,e9071901120103c37dc6794b11c8defd478c442e6900002e69000013ff5350545013a5589e4300000544c6a843
1333.154,45,e9071901120103c37dc6794b11c8de67518c44336900003369000013ff4255544e401800005a172d575a172d57
1333.204,45,e9071901120103c37dc6794b11c8defd528c44346900003469000013ff4255544e403800005a172d575a172d57
1333.303,45,e9071901120103c37dc6794b11c8de28568c44366900003669000013ff4255544e400800005a172d575a172d57
1333.378,45,e9071901120103c37dc6794b11c8de89588c44386900003869000013ff4255544e402800005a172d575a172d57
1333.477,45,e9071901120103c37dc6794b11c8deba5b8c443a6900003a69000013ff4255544e400800005a172d575a172d57
1333.574,45,e9071901120103c37dc6794b11c8dee15e8c443b6900003b69000013ff4255544e402800005a172d575a172d57
1333.671,45,e9071901120103c37dc6794b11c8deff618c443d6900003d69000013ff4255544e400800005a172d575a172d57
1333.793,45,e9071901120103c37dc6794b11c8dee0658c44406900004069000013ff4255544e402800005a172d575a172d57
1333.891,45,e9071901120103c37dc6794b11c8defc688c44436900004369000013ff4255544e400800005a172d575a172d57
1334.015,45,e9071901120103c37dc6794b11c8dee96c8c44456900004569000013ff4255544e402800005a172d575a172d57
1334.145,45,e9071901120103c37dc6794b11c8deef708c44486900004869000013ff4255544e400800005a172d575a172d57
1334.25,45,e9071901120103c37dc6794b11c8de46748c444a6900004a69000013ff4255544e402800005a172d575a172d57
1334.276,45,e9071901120103c37dc6794b11c8de1f758c444a6900004a69000013ff4255544e502800005a172d575a172d57
1334.353,45,e9071901120103c37dc6794b11c8dea1778c444c6900004c69000013ff4255544e500800005a172d575a172d57
1334.378,45,e9071901120103c37dc6794b11c8de74788c444d6900004d69000013ff4255544e100800005a172d575a172d57
1334.452,45,e9071901120103c37dc6794b11c8dee47a8c444e6900004e69000013ff4255544e102800005a172d575a172d57
1334.552,45,e9071901120103c37dc6794b11c8de157e8c44506900005069000013ff4255544e100800005a172d575a172d57
1334.723,45,e9071901120103c37dc6794b11c8dea5838c44536900005369000013ff4255544e102800005a172d575a172d57
1334.866,45,e9071901120103c37dc6794b11c8de49888c44576900005769000013ff4255544e100800005a172d575a172d57
1335.13,45,e9071901120103c37dc6794b11c8deb7908c445d6900005d69000013ff4255544e100000005a172d575a172d57
1335.708,45,e9071901120103c37dc6794b11c8defba28c44696900006969000013ff4255544e500000005a172d575a172d57
1335.863,45,e9071901120103c37dc6794b11c8def1a78c446d6900006d69000013ff4255544e100000005a172d575a172d57
1335.94,45,e9071901120103c37dc6794b11c8de6baa8c446f6900006f69000013ff4255544e104000005a172d575a172d57
1335.966,45,e9071901120103c37dc6794b11c8de3dab8c44706900007069000013ff4f56544b0a0100005ac8d23c0b599a3f
1336.016,45,e9071901120103c37dc6794b11c8dedfac8c44706900007069000013ff4255544e100000005a172d575a172d57
1336.195,45,e9071901120103c37dc6794b11c8de93b28c44746900007469000013ff535054500c03e59b4300000544c6a843
1336.345,45,e9071901120103c37dc6794b11c8de72b78c44776900007769000013ff4255544e500000005a172d575a172d57
1336.667,45,e9071901120103c37dc6794b11c8dec4c18c447e6900007e69000013ff4255544e501000005a172d575a172d57
1337.256,45,e9071901120103c37dc6794b11c8dea3d48c448b6900008b69000013ff4255544e401000005a172d575a172d57
1337.477,45,e9071901120103c37dc6794b11c8deb9db8c44906900009069000013ff4255544e601000005a172d575a172d57
1337.527,45,e9071901120103c37dc6794b11c8de4fdd8c44916900009169000013ff4255544e201000005a172d575a172d57
1337.554,45,e9071901120103c37dc6794b11c8de1bde8c44926900009269000013ff535054500aa9efa44300000544c6a843
1337.655,45,e9071901120103c37dc6794b11c8de4ce18c44946900009469000013ff53505450018bb59b4300000544c6a843
1337.901,45,e9071901120103c37dc6794b11c8de55e98c44986900009869000013ff4255544e205000005a172d575a172d57
1337.926,45,e9071901120103c37dc6794b11c8de1eea8c44996900009969000013ff4255544e605000005a172d575a172d57
1337.951,45,e9071901120103c37dc6794b11c8dee7ea8c44996900009969000013ff4255544e601000005a172d575a172d57
1338.096,45,e9071901120103c37dc6794b11c8de96ef8c449c6900009c69000013ff4255544e201000005a172d575a172d57
1338.511,45,e9071901120103c37dc6794b11c8decafc8c44a5690000a569000013ff4255544e601000005a172d575a172d57
1339.197,45,e9071901120103c37dc6794b11c8ded5128d44b4690000b469000013ff4255544e401000005a172d575a172d57
1339.464,45,e9071901120103c37dc6794b11c8de4e1b8d44bb690000bb69000013ff53505450070dd79a4300000544c6a843
1339.487,45,e9071901120103c37dc6794b11c8de141c8d44bb690000bb69000013ff4255544e001000005a172d575a172d57
1339.634,45,e9071901120103c37dc6794b11c8dec7208d44be690000be69000013ff4255544e005000005a172d575a172d57
1339.659,45,e9071901120103c37dc6794b11c8de90218d44be690000be69000013ff4255544e405000005a172d575a172d57
1339.761,45,e9071901120103c37dc6794b11c8debc248d44c0690000c069000013ff4255544e401000005a172d575a172d57
1339.886,45,e9071901120103c37dc6794b11c8dec2288d44c4690000c469000013ff4255544e501000005a172d575a172d57
1340.197,45,e9071901120103c37dc6794b11c8dedd328d44ca690000ca69000013ff4255544e401000005a172d575a172d57
1340.339,45,e9071901120103c37dc6794b11c8de6e378d44cd690000cd69000013ff4255544e501000005a172d575a172d57
1341.297,45,e9071901120103c37dc6794b11c8deff558d44e2690000e269000013ff5350545011f1059c4300000544c6a843
1341.32,45,e9071901120103c37dc6794b11c8dec3568d44e2690000e269000013ff4255544e505000005a172d575a172d57
1341.368,45,e9071901120103c37dc6794b11c8de50588d44e4690000e469000013ff4255544e505200005a172d575a172d57
1341.441,45,e9071901120103c37dc6794b11c8dea05a8d44e6690000e669000013ff4255544e505000005a172d575a172d57
1341.465,45,e9071901120103c37dc6794b11c8de675b8d44e6690000e669000013ff4255544e501000005a172d575a172d57
1342.165,45,e9071901120103c37dc6794b11c8de98718d44f4690000f469000013ff4255544e401000005a172d575a172d57
1342.499,45,e9071901120103c37dc6794b11c8de4d7c8d44fc690000fc69000013ff4255544e401200005a172d575a172d57
1342.604,45,e9071901120103c37dc6794b11c8de987f8d44fe690000fe69000013ff4255544e401000005a172d575a172d57
1342.96,45,e9071901120103c37dc6794b11c8dec98a8d44066a0000066a000013ff4255544e501000005a172d575a172d57
1343.341,45,e9071901120103c37dc6794b11c8de19978d440e6a00000e6a000013ff4255544e401000005a172d575a172d57
1343.813,45,e9071901120103c37dc6794b11c8de29a68d44186a0000186a000013ff4255544e005000005a172d575a172d57
1343.925,45,e9071901120103c37dc6794b11c8de9fa98d441b6a00001b6a000013ff4255544e001000005a172d575a172d57
1344.098,45,e9071901120103c37dc6794b11c8de0daf8d441f6a00001f6a000013ff4255544e601000005a172d575a172d57
1344.127,45,e9071901120103c37dc6794b11c8def9af8d441f6a00001f6a000013ff4255544e201000005a172d575a172d57
1344.155,45,e9071901120103c37dc6794b11c8dee5b08d44206a0000206a000013ff4255544e001000005a172d575a172d57
1346.461,45,e9071901120103c37dc6794b11c8deeefa8d44536a0000536a000013ff4255544e005000005a172d575a172d57
1346.603,45,e9071901120103c37dc6794b11c8de46ff8d44566a0000566a000013ff4255544e001000005a172d575a172d57
1347.574,45,e9071901120103c37dc6794b11c8dea51e8e446c6a00006c6a000013ff5350545012640b9b4300000544c6a843
1350.094,45,e9071901120103c37dc6794b11c8de586f8e44a36a0000a36a000013ff4255544e001800005a172d575a172d57
1350.121,45,e9071901120103c37dc6794b11c8de28708e44a36a0000a36a000013ff4255544e003800005a172d575a172d57
1350.146,45,e9071901120103c37dc6794b11c8defb708e44a46a0000a46a000013ff4255544e403800005a172d575a172d57
1350.173,45,e9071901120103c37dc6794b11c8dece718e44a46a0000a46a000013ff4255544e402800005a172d575a172d57
1350.2,45,e9071901120103c37dc6794b11c8dea3728e44a56a0000a56a000013ff4255544e400800005a172d575a172d57
1350.307,45,e9071901120103c37dc6794b11c8de03768e44a76a0000a76a000013ff4255544e402800005a172d575a172d57
1350.386,45,e9071901120103c37dc6794b11c8de94788e44aa6a0000aa6a000013ff4255544e400800005a172d575a172d57
1350.559,45,e9071901120103c37dc6794b11c8de557e8e44ae6a0000ae6a000013ff535054500f67c19b4300000544c6a843
1350.582,45,e9071901120103c37dc6794b11c8de1f7f8e44ae6a0000ae6a000013ff4255544e402800005a172d575a172d57
1350.679,45,e9071901120103c37dc6794b11c8de3d828e44b06a0000b06a000013ff4255544e400800005a172d575a172d57
1350.703,45,e9071901120103c37dc6794b11c8de03838e44b06a0000b06a000013ff4255544e500800005a172d575a172d57
1350.728,45,e9071901120103c37dc6794b11c8dec9838e44b16a0000b16a000013ff535054500319399d4300000544c6a843
1350.775,45,e9071901120103c37dc6794b11c8de57858e44b26a0000b26a000013ff4255544e400800005a172d575a172d57
1350.823,45,e9071901120103c37dc6794b11c8dee0868e44b26a0000b26a000013ff4255544e402800005a172d575a172d57
1350.918,45,e9071901120103c37dc6794b11c8deef898e44b56a0000b56a000013ff4255544e400800005a172d575a172d57
1351.059,45,e9071901120103c37dc6794b11c8de7f8e8e44b86a0000b86a000013ff4255544e402800005a172d575a172d57
1351.13,45,e9071901120103c37dc6794b11c8dec2908e44ba6a0000ba6a000013ff4255544e502800005a172d575a172d57
1351.203,45,e9071901120103c37dc6794b11c8de09938e44bb6a0000bb6a000013ff4255544e100800005a172d575a172d57
1351.303,45,e9071901120103c37dc6794b11c8de1f968e44be6a0000be6a000013ff53505450060417a74300000544c6a843
1351.352,45,e9071901120103c37dc6794b11c8deaf978e44be6a0000be6a000013ff4255544e102800005a172d575a172d57
1351.454,45,e9071901120103c37dc6794b11c8dee09a8e44c06a0000c06a000013ff4255544e100800005a172d575a172d57
1351.506,45,e9071901120103c37dc6794b11c8de7e9c8e44c26a0000c26a000013ff53505450087578a44300000544c6a843
1351.684,45,e9071901120103c37dc6794b11c8de39a28e44c56a0000c56a000013ff4255544e100000005a172d575a172d57
1352.245,45,e9071901120103c37dc6794b11c8de00b48e44d16a0000d16a000013ff4255544e104000005a172d575a172d57
1352.322,45,e9071901120103c37dc6794b11c8de90b68e44d26a0000d26a000013ff4255544e100000005a172d575a172d57
1352.425,45,e9071901120103c37dc6794b11c8deeab98e44d56a0000d56a000013ff4255544e101000005a172d575a172d57
1352.653,45,e9071901120103c37dc6794b11c8de43c18e44db6a0000db6a000013ff535054500d93dca34300000544c6a843
1352.974,45,e9071901120103c37dc6794b11c8de96cb8e44e36a0000e36a000013ff4255544e501000005a172d575a172d57
1353.395,45,e9071901120103c37dc6794b11c8dec5d88e44ed6a0000ed6a000013ff4f56544b010a00004178d83c080f9b3f
1353.475,45,e9071901120103c37dc6794b11c8de59db8e44ee6a0000ee6a000013ff4255544e401000005a172d575a172d57
1353.932,45,e9071901120103c37dc6794b11c8de03ea8e44f86a0000f86a000013ff4255544e501000005a172d575a172d57
1354.012,45,e9071901120103c37dc6794b11c8de93ec8e44f96a0000f96a000013ff4255544e401000005a172d575a172d57
1354.089,45,e9071901120103c37dc6794b11c8de1def8e44fb6a0000fb6a000013ff4255544e001000005a172d575a172d57
1354.271,45,e9071901120103c37dc6794b11c8def4f48e44fe6a0000fe6a000013ff4255544e501000005a172d575a172d57
1354.527,45,e9071901120103c37dc6794b11c8de35fd8e44056b0000056b000013ff4255544e401000005a172d575a172d57
1354.832,45,e9071901120103c37dc6794b11c8def1068f440b6b00000b6b000013ff4255544e505000005a172d575a172d57
1354.958,45,e9071901120103c37dc6794b11c8de020b8f440d6b00000d6b000013ff4255544e501000005a172d575a172d57
1355.057,45,e9071901120103c37dc6794b11c8de3f0e8f440f6b00000f6b000013ff4255544e401000005a172d575a172d57
1355.674,45,e9071901120103c37dc6794b11c8dee5218f441d6b00001d6b000013ff4255544e501000005a172d575a172d57
1355.878,45,e9071901120103c37dc6794b11c8de71288f44226b0000226b000013ff4255544e401000005a172d575a172d57
1356.124,45,e9071901120103c37dc6794b11c8de74308f44276b0000276b000013ff4255544e405000005a172d575a172d57
1356.246,45,e9071901120103c37dc6794b11c8de5d348f442a6b00002a6b000013ff4255544e401000005a172d575a172d57
1357.42,45,e9071901120103c37dc6794b11c8def8598f44436b0000436b000013ff4255544e001000005a172d575a172d57
1357.851,45,e9071901120103c37dc6794b11c8deb1678f444e6b00004e6b000013ff535054500bcaea9a4300000544c6a843
1357.925,45,e9071901120103c37dc6794b11c8de046a8f444f6b00004f6b000013ff4255544e005000005a172d575a172d57
1358.054,45,e9071901120103c37dc6794b11c8de066e8f44526b0000526b000013ff4255544e001000005a172d575a172d57
1358.492,45,e9071901120103c37dc6794b11c8de497c8f445d6b00005d6b000013ff4f56544b0a01000072ecc23c8e5d983f
1358.901,45,e9071901120103c37dc6794b11c8de4d898f44656b0000656b000013ff5350545010271f9b4300000544c6a843
1360.283,45,e9071901120103c37dc6794b11c8deb5b58f44836b0000836b000013ff4255544e401000005a172d575a172d57
1360.353,45,e9071901120103c37dc6794b11c8deedb78f44856b0000856b000013ff5350545009b6c49b4300000544c6a843
1360.535,45,e9071901120103c37dc6794b11c8dec7bd8f44886b0000886b000013ff4255544e601000005a172d575a172d57
1360.819,45,e9071901120103c37dc6794b11c8deb6c68f448e6b00008e6b000013ff5350545002e79da44300000544c6a843
1360.867,45,e9071901120103c37dc6794b11c8de40c88f448f6b00008f6b000013ff4255544e401800005a172d575a172d57
1360.891,45,e9071901120103c37dc6794b11c8de05c98f44906b0000906b000013ff4255544e403800005a172d575a172d57
1360.964,45,e9071901120103c37dc6794b11c8de59cb8f44916b0000916b000013ff4255544e601800005a172d575a172d57
1361.012,45,e9071901120103c37dc6794b11c8dee7cc8f44926b0000926b000013ff4255544e600800005a172d575a172d57
1361.013,45,e9071901120103c37dc6794b11c8dee7cc8f44936b0000936b000013ff53505450048a38a14300000544c6a843
1361.061,45,e9071901120103c37dc6794b11c8de74ce8f44936b0000936b000013ff4255544e602800005a172d575a172d57
1361.133,45,e9071901120103c37dc6794b11c8dec8d08f44956b0000956b000013ff4255544e600800005a172d575a172d57
1361.205,45,e9071901120103c37dc6794b11c8de18d38f44966b0000966b000013ff4255544e602800005a172d575a172d57
1361.253,45,e9071901120103c37dc6794b11c8de9dd48f44976b0000976b000013ff4255544e202800005a172d575a172d57
1361.323,45,e9071901120103c37dc6794b11c8dee7d68f44986b0000986b000013ff4255544e200800005a172d575a172d57
1361.634,45,e9071901120103c37dc6794b11c8dec2e08f44a06b0000a06b000013ff4255544e200000005a172d575a172d57
1361.66,45,e9071901120103c37dc6794b11c8de87e18f44a16b0000a16b000013ff4f56544b010a0000e3fdc43cbc9f983f
1361.838,45,e9071901120103c37dc6794b11c8de1de78f44a46b0000a46b000013ff4255544e201000005a172d575a172d57
1362.019,45,e9071901120103c37dc6794b11c8dee8ec8f44a96b0000a96b000013ff53505450057053a44300000544c6a843
1362.045,45,e9071901120103c37dc6794b11c8debbed8f44a96b0000a96b000013ff535054500ee954a74300000544c6a843
1362.554,45,e9071901120103c37dc6794b11c8de44fe8f44b46b0000b46b000013ff4255544e601000005a172d575a172d57
1362.554,45,e9071901120103c37dc6794b11c8de44fe8f44b56b0000b56b000013ff4f56544b0e050000cb10c53c19a2983f
1362.696,45,e9071901120103c37dc6794b11c8ded3029044b86b0000b86b000013ff4255544e201000005a172d575a172d57
1362.907,45,e9071901120103c37dc6794b11c8de9f099044bd6b0000bd6b000013ff4255544e601000005a172d575a172d57
1363.958,45,e9071901120103c37dc6794b11c8de342b9044d36b0000d36b000013ff4255544e401000005a172d575a172d57
1364.225,45,e9071901120103c37dc6794b11c8dea1339044d96b0000d96b000013ff4255544e601000005a172d575a172d57
1364.227,45,e9071901120103c37dc6794b11c8dea1339044da6b0000da6b000013ff535054500011719a4300000544c6a843
1364.962,45,e9071901120103c37dc6794b11c8de574b9044e96b0000e96b000013ff4255544e401000005a172d575a172d57
1365.034,45,e9071901120103c37dc6794b11c8dea24d9044eb6b0000eb6b000013ff4255544e405000005a172d575a172d57
1365.157,45,e9071901120103c37dc6794b11c8de78519044ed6b0000ed6b000013ff4255544e401000005a172d575a172d57
1365.183,45,e9071901120103c37dc6794b11c8de41529044ee6b0000ee6b000013ff4f56544b050e0000b503c93c7620993f
1365.366,45,e9071901120103c37dc6794b11c8deed579044f26b0000f26b000013ff4255544e001000005a172d575a172d57
1365.445,45,e9071901120103c37dc6794b11c8de785a9044f46b0000f46b000013ff4255544e001800005a172d575a172d57
1365.471,45,e9071901120103c37dc6794b11c8de505b9044f46b0000f46b000013ff4255544e401800005a172d575a172d57
1365.497,45,e9071901120103c37dc6794b11c8de295c9044f56b0000f56b000013ff4255544e400800005a172d575a172d57
1365.548,45,e9071901120103c37dc6794b11c8ded65d9044f66b0000f66b000013ff4255544e600800005a172d575a172d57
1365.624,45,e9071901120103c37dc6794b11c8de50609044f76b0000f76b000013ff4255544e602800005a172d575a172d57
1365.648,45,e9071901120103c37dc6794b11c8de23619044f86b0000f86b000013ff4255544e402800005a172d575a172d57
1365.723,45,e9071901120103c37dc6794b11c8de8e639044f96b0000f96b000013ff4255544e400800005a172d575a172d57
1365.795,45,e9071901120103c37dc6794b11c8deed659044fb6b0000fb6b000013ff4255544e402800005a172d575a172d57
1365.893,45,e9071901120103c37dc6794b11c8de0b699044fe6b0000fe6b000013ff4255544e600800005a172d575a172d57
1365.99,45,e9071901120103c37dc6794b11c8de276c9044006c0000006c000013ff4255544e602800005a172d575a172d57
1366.062,45,e9071901120103c37dc6794b11c8de7a6e9044016c0000016c000013ff4255544e600800005a172d575a172d57
1366.159,45,e9071901120103c37dc6794b11c8de94719044036c0000036c000013ff4255544e602800005a172d575a172d57
1366.258,45,e9071901120103c37dc6794b11c8deb1749044056c0000056c000013ff4255544e600800005a172d575a172d57
1366.282,45,e9071901120103c37dc6794b11c8de7c759044066c0000066c000013ff4255544e200800005a172d575a172d57
1366.356,45,e9071901120103c37dc6794b11c8ded7779044076c0000076c000013ff4255544e600800005a172d575a172d57
1366.498,45,e9071901120103c37dc6794b11c8de847c90440a6c00000a6c000013ff4255544e400800005a172d575a172d57
1366.615,45,e9071901120103c37dc6794b11c8de4b8090440c6c00000c6c000013ff4255544e402800005a172d575a172d57
1366.685,45,e9071901120103c37dc6794b11c8de878290440e6c00000e6c000013ff4255544e602800005a172d575a172d57
1366.754,45,e9071901120103c37dc6794b11c8dec68490440f6c00000f6c000013ff4255544e600800005a172d575a172d57
1366.776,45,e9071901120103c37dc6794b11c8de83859044106c0000106c000013ff4255544e200800005a172d575a172d57
1367.031,45,e9071901120103c37dc6794b11c8de928d9044166c0000166c000013ff4f56544b0e050000fe27be3cffc4973f
1367.359,45,e9071901120103c37dc6794b11c8de089890441e6c00001e6c000013ff4f56544b050e0000f007bf3cfee0973f
1367.453,45,e9071901120103c37dc6794b11c8de0b9b90441f6c00001f6c000013ff4255544e200000005a172d575a172d57
1367.623,45,e9071901120103c37dc6794b11c8de6da09044226c0000226c000013ff4255544e204000005a172d575a172d57
1367.715,45,e9071901120103c37dc6794b11c8de80a39044246c0000246c000013ff4255544e200000005a172d575a172d57
1368.28,45,e9071901120103c37dc6794b11c8dea4b59044316c0000316c000013ff4255544e201000005a172d575a172d57
1368.466,45,e9071901120103c37dc6794b11c8de86bb9044356c0000356c000013ff4255544e601000005a172d575a172d57
1369.145,45,e9071901120103c37dc6794b11c8de3bd19044446c0000446c000013ff4255544e401000005a172d575a172d57
1369.238,45,e9071901120103c37dc6794b11c8de3bd49044466c0000466c000013ff4255544e001000005a172d575a172d57
1369.421,45,e9071901120103c37dc6794b11c8de25da9044496c0000496c000013ff4255544e401000005a172d575a172d57
1369.854,45,e9071901120103c37dc6794b11c8def3e79044526c0000526c000013ff4255544e501000005a172d575a172d57
1369.947,45,e9071901120103c37dc6794b11c8deebea9044546c0000546c000013ff4255544e101000005a172d575a172d57
1370.017,45,e9071901120103c37dc6794b11c8de28ed9044556c0000556c000013ff4255544e103800005a172d575a172d57
1370.111,45,e9071901120103c37dc6794b11c8de24f09044576c0000576c000013ff4255544e102800005a172d575a172d57
1370.181,45,e9071901120103c37dc6794b11c8de64f29044596c0000596c000013ff4255544e100800005a172d575a172d57
1370.321,45,e9071901120103c37dc6794b11c8dedef690445b6c00005b6c000013ff4255544e100000005a172d575a172d57
1371.118,45,e9071901120103c37dc6794b11c8de711091446d6c00006d6c000013ff4255544e101000005a172d575a172d57
1371.164,45,e9071901120103c37dc6794b11c8deea1191446e6c00006e6c000013ff4255544e100000005a172d575a172d57
1371.302,45,e9071901120103c37dc6794b11c8de4d169144716c0000716c000013ff4255544e101000005a172d575a172d57
1371.348,45,e9071901120103c37dc6794b11c8dec6179144726c0000726c000013ff4255544e105000005a172d575a172d57
1371.463,45,e9071901120103c37dc6794b11c8de751b9144756c0000756c000013ff4255544e101000005a172d575a172d57
1371.602,45,e9071901120103c37dc6794b11c8dee81f9144786c0000786c000013ff4255544e100000005a172d575a172d57
1372.417,45,e9071901120103c37dc6794b11c8dece3991448a6c00008a6c000013ff4255544e101000005a172d575a172d57
1372.606,45,e9071901120103c37dc6794b11c8defb3f91448e6c00008e6c000013ff4255544e501000005a172d575a172d57
1372.967,45,e9071901120103c37dc6794b11c8deae4b9144966c0000966c000013ff4255544e101000005a172d575a172d57
1373.102,45,e9071901120103c37dc6794b11c8def84f9144996c0000996c000013ff4255544e501000005a172d575a172d57
1373.291,45,e9071901120103c37dc6794b11c8deda5591449d6c00009d6c000013ff4255544e401000005a172d575a172d57
1373.485,45,e9071901120103c37dc6794b11c8de065c9144a26c0000a26c000013ff4255544e601000005a172d575a172d57
1373.581,45,e9071901120103c37dc6794b11c8de1e5f9144a46c0000a46c000013ff4255544e401000005a172d575a172d57
1373.699,45,e9071901120103c37dc6794b11c8def0629144a66c0000a66c000013ff4255544e501000005a172d575a172d57
1374.04,45,e9071901120103c37dc6794b11c8defc6d9144ae6c0000ae6c000013ff4255544e401000005a172d575a172d57
1374.305,45,e9071901120103c37dc6794b11c8de25769144b36c0000b36c000013ff4255544e405000005a172d575a172d57
1374.33,45,e9071901120103c37dc6794b11c8deef769144b46c0000b46c000013ff4255544e605000005a172d575a172d57
1374.408,45,e9071901120103c37dc6794b11c8de58799144b56c0000b56c000013ff4255544e005000005a172d575a172d57
1374.434,45,e9071901120103c37dc6794b11c8de2b7a9144b66c0000b66c000013ff4255544e001000005a172d575a172d57
1375.209,45,e9071901120103c37dc6794b11c8de42939144c66c0000c66c000013ff4255544e401000005a172d575a172d57
1375.4,45,e9071901120103c37dc6794b11c8de52999144ca6c0000ca6c000013ff4255544e405000005a172d575a172d57
1375.524,45,e9071901120103c37dc6794b11c8de309d9144cc6c0000cc6c000013ff4255544e401000005a172d575a172d57
1376.414,45,e9071901120103c37dc6794b11c8de7eb99144e06c0000e06c000013ff4255544e403800005a172d575a172d57
1376.469,45,e9071901120103c37dc6794b11c8de27bb9144e16c0000e16c000013ff4255544e402800005a172d575a172d57
1376.496,45,e9071901120103c37dc6794b11c8de00bc9144e26c0000e26c000013ff4255544e602800005a172d575a172d57
1376.524,45,e9071901120103c37dc6794b11c8dedabc9144e26c0000e26c000013ff4255544e600800005a172d575a172d57
1376.608,45,e9071901120103c37dc6794b11c8de78bf9144e46c0000e46c000013ff4255544e602800005a172d575a172d57
1376.692,45,e9071901120103c37dc6794b11c8de27c29144e66c0000e66c000013ff4255544e600800005a172d575a172d57
1376.773,45,e9071901120103c37dc6794b11c8ded5c49144e76c0000e76c000013ff4255544e602800005a172d575a172d57
1376.905,45,e9071901120103c37dc6794b11c8de2bc99144ea6c0000ea6c000013ff4255544e200800005a172d575a172d57
1377.066,45,e9071901120103c37dc6794b11c8de42ce9144ed6c0000ed6c000013ff4255544e202800005a172d575a172d57
1377.154,45,e9071901120103c37dc6794b11c8dedcd09144ef6c0000ef6c000013ff4255544e200800005a172d575a172d57
1378.156,45,e9071901120103c37dc6794b11c8de52f19144056d0000056d000013ff4255544e200000005a172d575a172d57
1378.474,45,e9071901120103c37dc6794b11c8deaefb91440b6d00000b6d000013ff4255544e204000005a172d575a172d57
1378.593,45,e9071901120103c37dc6794b11c8de88ff91440e6d00000e6d000013ff4255544e200000005a172d575a172d57
1378.91,45,e9071901120103c37dc6794b11c8deda099244156d0000156d000013ff4255544e201000005a172d575a172d57
1378.954,45,e9071901120103c37dc6794b11c8de470b9244166d0000166d000013ff4255544e200000005a172d575a172d57
1379.085,45,e9071901120103c37dc6794b11c8de820f9244196d0000196d000013ff4255544e201000005a172d575a172d57
1379.107,45,e9071901120103c37dc6794b11c8de351092441a6d00001a6d000013ff4f56544b0e0500004ddbb23c695b963f
1379.194,45,e9071901120103c37dc6794b11c8de001392441c6d00001c6d000013ff4255544e601000005a172d575a172d57
1379.303,45,e9071901120103c37dc6794b11c8de7e1692441e6d00001e6d000013ff4255544e600000005a172d575a172d57
1379.549,45,e9071901120103c37dc6794b11c8de461e9244246d0000246d000013ff4255544e601000005a172d575a172d57
1380.702,45,e9071901120103c37dc6794b11c8de1e4392443d6d00003d6d000013ff4255544e401000005a172d575a172d57
1380.843,45,e9071901120103c37dc6794b11c8de8e479244406d0000406d000013ff4255544e001000005a172d575a172d57
1381.013,45,e9071901120103c37dc6794b11c8dee24c9244456d0000456d000013ff4f56544b050e0000fd3ec53cdfa7983f
1381.036,45,e9071901120103c37dc6794b11c8dea84d9244456d0000456d000013ff4255544e401000005a172d575a172d57
1381.612,45,e9071901120103c37dc6794b11c8de34609244516d0000516d000013ff4255544e405000005a172d575a172d57
1381.752,45,e9071901120103c37dc6794b11c8deab649244546d0000546d000013ff4255544e401000005a172d575a172d57
1382.231,45,e9071901120103c37dc6794b11c8de0d7492445f6d00005f6d000013ff4f56544b0e0500000a3db83ca107973f
1382.368,45,e9071901120103c37dc6794b11c8de68789244626d0000626d000013ff4255544e501000005a172d575a172d57
1382.824,45,e9071901120103c37dc6794b11c8dee28692446c6d00006c6d000013ff4255544e505000005a172d575a172d57
1382.942,45,e9071901120103c37dc6794b11c8deb68a9244706d0000706d000013ff4255544e501000005a172d575a172d57
1383.057,45,e9071901120103c37dc6794b11c8de738e9244726d0000726d000013ff4255544e101000005a172d575a172d57
1383.434,45,e9071901120103c37dc6794b11c8de599a92447b6d00007b6d000013ff4255544e501000005a172d575a172d57
1384.995,45,e9071901120103c37dc6794b11c8de89cc92449d6d00009d6d000013ff4255544e505000005a172d575a172d57
1385.152,45,e9071901120103c37dc6794b11c8de90d19244a06d0000a06d000013ff4255544e501000005a172d575a172d57
1385.353,45,e9071901120103c37dc6794b11c8de03d89244a46d0000a46d000013ff4255544e401000005a172d575a172d57
1386.267,45,e9071901120103c37dc6794b11c8de69f59244b76d0000b76d000013ff4255544e001000005a172d575a172d57
1386.47,45,e9071901120103c37dc6794b11c8de0ffc9244bc6d0000bc6d000013ff4255544e401000005a172d575a172d57
1386.908,45,e9071901120103c37dc6794b11c8de0b0a9344c66d0000c66d000013ff4255544e403800005a172d575a172d57
1386.992,45,e9071901120103c37dc6794b11c8dea80c9344c86d0000c86d000013ff4255544e402800005a172d575a172d57
1387.013,45,e9071901120103c37dc6794b11c8de510d9344c86d0000c86d000013ff4255544e400800005a172d575a172d57
1387.12,45,e9071901120103c37dc6794b11c8dea9109344ca6d0000ca6d000013ff4255544e402800005a172d575a172d57
1387.229,45,e9071901120103c37dc6794b11c8de1b149344cd6d0000cd6d000013ff4255544e400800005a172d575a172d57
1387.317,45,e9071901120103c37dc6794b11c8dee7169344ce6d0000ce6d000013ff4255544e402800005a172d575a172d57
1387.423,45,e9071901120103c37dc6794b11c8de671a9344d26d0000d26d000013ff4255544e400800005a172d575a172d57
1387.549,45,e9071901120103c37dc6794b11c8de731e9344d46d0000d46d000013ff4255544e402800005a172d575a172d57
1387.655,45,e9071901120103c37dc6794b11c8decf219344d66d0000d66d000013ff4255544e400800005a172d575a172d57
1387.763,45,e9071901120103c37dc6794b11c8de36259344d86d0000d86d000013ff4255544e402800005a172d575a172d57
1387.872,45,e9071901120103c37dc6794b11c8dead289344db6d0000db6d000013ff4255544e400800005a172d575a172d57
1387.894,45,e9071901120103c37dc6794b11c8de60299344dc6d0000dc6d000013ff4255544e500800005a172d575a172d57
1388.093,45,e9071901120103c37dc6794b11c8deb82f9344e06d0000e06d000013ff4255544e100800005a172d575a172d57
1388.251,45,e9071901120103c37dc6794b11c8deb8349344e36d0000e36d000013ff4255544e100000005a172d575a172d57
1388.586,45,e9071901120103c37dc6794b11c8de7a3f9344ec6d0000ec6d000013ff4255544e104000005a172d575a172d57
1388.699,45,e9071901120103c37dc6794b11c8de0c439344ee6d0000ee6d000013ff4255544e100000005a172d575a172d57
1389.182,45,e9071901120103c37dc6794b11c8de9d529344f96d0000f96d000013ff4255544e501000005a172d575a172d57
1390.554,45,e9071901120103c37dc6794b11c8de4c7e9344176e0000176e000013ff4255544e401000005a172d575a172d57
1391.051,45,e9071901120103c37dc6794b11c8de8a8e9344226e0000226e000013ff4255544e001000005a172d575a172d57
1391.244,45,e9071901120103c37dc6794b11c8de9e949344276e0000276e000013ff4255544e401000005a172d575a172d57
1391.266,45,e9071901120103c37dc6794b11c8de4f959344276e0000276e000013ff4255544e501000005a172d575a172d57
1391.377,45,e9071901120103c37dc6794b11c8decb9893442b6e00002b6e000013ff4255544e401000005a172d575a172d57
1391.512,45,e9071901120103c37dc6794b11c8de129d93442d6e00002d6e000013ff4255544e405000005a172d575a172d57
1391.622,45,e9071901120103c37dc6794b11c8dea4a093442f6e00002f6e000013ff4255544e401000005a172d575a172d57
1391.71,45,e9071901120103c37dc6794b11c8de78a39344316e0000316e000013ff4255544e401200005a172d575a172d57
1391.799,45,e9071901120103c37dc6794b11c8de4ba69344336e0000336e000013ff4255544e401000005a172d575a172d57
1392.375,45,e9071901120103c37dc6794b11c8dea8b89344406e0000406e000013ff4255544e405000005a172d575a172d57
1392.514,45,e9071901120103c37dc6794b11c8de0cbd9344426e0000426e000013ff4255544e401000005a172d575a172d57
1393.442,45,e9071901120103c37dc6794b11c8deb3da9344586e0000586e000013ff4255544e405000005a172d575a172d57
1393.561,45,e9071901120103c37dc6794b11c8de78de93445a6e00005a6e000013ff4255544e401000005a172d575a172d57
1394.946,45,e9071901120103c37dc6794b11c8dec40a9444796e0000796e000013ff4255544e405000005a172d575a172d57
1395.044,45,e9071901120103c37dc6794b11c8ded60d94447b6e00007b6e000013ff4255544e401000005a172d575a172d57
1397.543,45,e9071901120103c37dc6794b11c8def25c9444b16e0000b16e000013ff4255544e401200005a172d575a172d57
1397.638,45,e9071901120103c37dc6794b11c8deeb5f9444b36e0000b36e000013ff4255544e401000005a172d575a172d57
1397.863,45,e9071901120103c37dc6794b11c8de06679444b86e0000b86e000013ff4255544e405000005a172d575a172d57
1397.993,45,e9071901120103c37dc6794b11c8de2d6b9444bb6e0000bb6e000013ff4255544e401000005a172d575a172d57
1398.116,45,e9071901120103c37dc6794b11c8de4c6f9444bd6e0000bd6e000013ff4255544e001000005a172d575a172d57
1398.326,45,e9071901120103c37dc6794b11c8de33769444c16e0000c16e000013ff4255544e401000005a172d575a172d57
1402.098,45,e9071901120103c37dc6794b11c8de8bef9444146f0000146f000013ff4255544e001000005a172d575a172d57
1405.817,45,e9071901120103c37dc6794b11c8de80669544646f0000646f000013ff4255544e401000005a172d575a172d57
1405.991,45,e9071901120103c37dc6794b11c8de1a6c9544696f0000696f000013ff53505450130ca59e4300000544c6a843
1406.366,45,e9071901120103c37dc6794b11c8de0b789544716f0000716f000013ff4255544e403800005a172d575a172d57
1406.467,45,e9071901120103c37dc6794b11c8de4a7b9544736f0000736f000013ff4255544e402800005a172d575a172d57
1406.492,45,e9071901120103c37dc6794b11c8de177c9544746f0000746f000013ff4255544e400800005a172d575a172d57
1406.568,45,e9071901120103c37dc6794b11c8de857e9544756f0000756f000013ff4255544e402800005a172d575a172d57
1406.667,45,e9071901120103c37dc6794b11c8debc819544776f0000776f000013ff4255544e400800005a172d575a172d57
1406.739,45,e9071901120103c37dc6794b11c8de20849544796f0000796f000013ff4255544e402800005a172d575a172d57
1406.859,45,e9071901120103c37dc6794b11c8defe8795447c6f00007c6f000013ff4255544e400800005a172d575a172d57
1406.956,45,e9071901120103c37dc6794b11c8de0f8b95447e6f00007e6f000013ff4255544e402800005a172d575a172d57
1407.056,45,e9071901120103c37dc6794b11c8de2c8e9544806f0000806f000013ff4255544e400800005a172d575a172d57
1407.186,45,e9071901120103c37dc6794b11c8de32929544836f0000836f000013ff4255544e402800005a172d575a172d57
1407.266,45,e9071901120103c37dc6794b11c8deb1949544846f0000846f000013ff4255544e400800005a172d575a172d57
1407.397,45,e9071901120103c37dc6794b11c8deee989544886f0000886f000013ff4255544e402800005a172d575a172d57
1407.499,45,e9071901120103c37dc6794b11c8de419c95448a6f00008a6f000013ff4255544e502800005a172d575a172d57
1407.524,45,e9071901120103c37dc6794b11c8de149d95448a6f00008a6f000013ff4255544e500800005a172d575a172d57
1407.675,45,e9071901120103c37dc6794b11c8def0a195448d6f00008d6f000013ff4255544e502800005a172d575a172d57
1407.747,45,e9071901120103c37dc6794b11c8de55a495448f6f00008f6f000013ff4255544e102800005a172d575a172d57
1407.771,45,e9071901120103c37dc6794b11c8de1fa595448f6f00008f6f000013ff4255544e100800005a172d575a172d57
1407.893,45,e9071901120103c37dc6794b11c8de05a99544936f0000936f000013ff4255544e102800005a172d575a172d57
1408.038,45,e9071901120103c37dc6794b11c8deacad9544966f0000966f000013ff4255544e100800005a172d575a172d57
1408.757,45,e9071901120103c37dc6794b11c8de6cc49544a56f0000a56f000013ff4255544e100000005a172d575a172d57
1408.938,45,e9071901120103c37dc6794b11c8de49ca9544aa6f0000aa6f000013ff4255544e104000005a172d575a172d57
1409.015,45,e9071901120103c37dc6794b11c8dec3cc9544ab6f0000ab6f000013ff4255544e100000005a172d575a172d57
1409.166,45,e9071901120103c37dc6794b11c8dea2d19544af6f0000af6f000013ff535054500c43cb9b4300000544c6a843
1409.289,45,e9071901120103c37dc6794b11c8de9dd59544b16f0000b16f000013ff4255544e500000005a172d575a172d57
1409.314,45,e9071901120103c37dc6794b11c8de68d69544b16f0000b16f000013ff4255544e501000005a172d575a172d57
1409.441,45,e9071901120103c37dc6794b11c8de69da9544b56f0000b56f000013ff4255544e500000005a172d575a172d57
1409.467,45,e9071901120103c37dc6794b11c8de39db9544b56f0000b56f000013ff4255544e501000005a172d575a172d57
1410.097,45,e9071901120103c37dc6794b11c8de5def9544c36f0000c36f000013ff4255544e401000005a172d575a172d57
1410.776,45,e9071901120103c37dc6794b11c8de38059644d16f0000d16f000013ff4255544e601000005a172d575a172d57
1410.85,45,e9071901120103c37dc6794b11c8de98079644d26f0000d26f000013ff4255544e605000005a172d575a172d57
1410.973,45,e9071901120103c37dc6794b11c8de8a0b9644d56f0000d56f000013ff4255544e601000005a172d575a172d57
1411.225,45,e9071901120103c37dc6794b11c8de79139644db6f0000db6f000013ff535054500110099c4300000544c6a843
1411.301,45,e9071901120103c37dc6794b11c8dee4159644dc6f0000dc6f000013ff535054500a530ca64300000544c6a843
1412.722,45,e9071901120103c37dc6794b11c8de87439644fc6f0000fc6f000013ff5350545007581e9c4300000544c6a843
1412.816,45,e9071901120103c37dc6794b11c8de99469644fd6f0000fd6f000013ff4255544e001000005a172d575a172d57
1412.986,45,e9071901120103c37dc6794b11c8def84b9644027000000270000013ff4255544e501000005a172d575a172d57
1413.39,45,e9071901120103c37dc6794b11c8dee85896440b7000000b70000013ff4255544e505000005a172d575a172d57
1413.536,45,e9071901120103c37dc6794b11c8de995d96440e7000000e70000013ff4255544e501000005a172d575a172d57
1413.703,45,e9071901120103c37dc6794b11c8defe629644117000001170000013ff4255544e401000005a172d575a172d57
1413.893,45,e9071901120103c37dc6794b11c8de16699644167000001670000013ff4255544e501200005a172d575a172d57
1413.991,45,e9071901120103c37dc6794b11c8de276c9644187000001870000013ff4255544e501000005a172d575a172d57
1414.513,45,e9071901120103c37dc6794b11c8decf7c9644237000002370000013ff4255544e505000005a172d575a172d57
1414.538,45,e9071901120103c37dc6794b11c8de9a7d9644247000002470000013ff535054501190f39b4300000544c6a843
1414.609,45,e9071901120103c37dc6794b11c8def47f9644257000002570000013ff4255544e501000005a172d575a172d57
1414.904,45,e9071901120103c37dc6794b11c8de478996442b7000002b70000013ff4255544e401000005a172d575a172d57
1414.929,45,e9071901120103c37dc6794b11c8de128a96442c7000002c70000013ff4255544e501000005a172d575a172d57
1414.955,45,e9071901120103c37dc6794b11c8dede8a96442c7000002c70000013ff4255544e401000005a172d575a172d57
1416.304,45,e9071901120103c37dc6794b11c8deb6b59644497000004970000013ff4255544e405000005a172d575a172d57
1416.44,45,e9071901120103c37dc6794b11c8de23ba96444c7000004c70000013ff4255544e401000005a172d575a172d57
1416.859,45,e9071901120103c37dc6794b11c8debbc79644557000005570000013ff4255544e401200005a172d575a172d57
1416.987,45,e9071901120103c37dc6794b11c8dedbcb9644587000005870000013ff4255544e401000005a172d575a172d57
1417.738,45,e9071901120103c37dc6794b11c8de81e39644687000006870000013ff4255544e001000005a172d575a172d57
1418.257,45,e9071901120103c37dc6794b11c8de41f49644737000007370000013ff4255544e401000005a172d575a172d57
1418.369,45,e9071901120103c37dc6794b11c8dec9f79644767000007670000013ff4255544e001000005a172d575a172d57
1418.481,45,e9071901120103c37dc6794b11c8de5bfb9644797000007970000013ff4f56544b0a01000093f5e53cb2be9c3f
1419.304,45,e9071901120103c37dc6794b11c8de1d1697448a7000008a70000013ff4255544e005000005a172d575a172d57
1419.427,45,e9071901120103c37dc6794b11c8de0f1a97448d7000008d70000013ff4255544e001000005a172d575a172d57
1421.458,45,e9071901120103c37dc6794b11c8de875a9744ba700000ba70000013ff535054501275db9a4300000544c6a843
1421.622,45,e9071901120103c37dc6794b11c8def25f9744bc700000bc70000013ff4255544e101000005a172d575a172d57
1421.703,45,e9071901120103c37dc6794b11c8de91629744be700000be70000013ff4255544e001000005a172d575a172d57
1422.211,45,e9071901120103c37dc6794b11c8de9c729744c9700000c970000013ff4255544e401000005a172d575a172d57
1423.402,45,e9071901120103c37dc6794b11c8de20999744e3700000e370000013ff4255544e401800005a172d575a172d57
1423.427,45,e9071901120103c37dc6794b11c8deef999744e4700000e470000013ff4255544e403800005a172d575a172d57
1423.481,45,e9071901120103c37dc6794b11c8de949b9744e5700000e570000013ff4255544e402800005a172d575a172d57
1423.536,45,e9071901120103c37dc6794b11c8de3f9d9744e6700000e670000013ff4255544e400800005a172d575a172d57
1423.616,45,e9071901120103c37dc6794b11c8ded19f9744e7700000e770000013ff4255544e402800005a172d575a172d57
1423.696,45,e9071901120103c37dc6794b11c8de69a29744e9700000e970000013ff4255544e400800005a172d575a172d57
1423.796,45,e9071901120103c37dc6794b11c8dec8a59744eb700000eb70000013ff4255544e402800005a172d575a172d57
1423.941,45,e9071901120103c37dc6794b11c8de90aa9744ef700000ef70000013ff4255544e500800005a172d575a172d57
1424.014,45,e9071901120103c37dc6794b11c8dee3ac9744f0700000f070000013ff4255544e100800005a172d575a172d57
1424.039,45,e9071901120103c37dc6794b11c8dea9ad9744f1700000f170000013ff4255544e102800005a172d575a172d57
1424.063,45,e9071901120103c37dc6794b11c8de70ae9744f1700000f170000013ff4255544e502800005a172d575a172d57
1424.161,45,e9071901120103c37dc6794b11c8de8fb19744f3700000f370000013ff4255544e500800005a172d575a172d57
1424.211,45,e9071901120103c37dc6794b11c8de20b39744f5700000f570000013ff535054500f22999b4300000544c6a843
1424.283,45,e9071901120103c37dc6794b11c8de78b59744f6700000f670000013ff4255544e502800005a172d575a172d57
1424.408,45,e9071901120103c37dc6794b11c8de65b99744f9700000f970000013ff4255544e500800005a172d575a172d57
1424.532,45,e9071901120103c37dc6794b11c8de62bd9744fc700000fc70000013ff4255544e502800005a172d575a172d57
1424.653,45,e9071901120103c37dc6794b11c8de52c19744fe700000fe70000013ff4255544e100800005a172d575a172d57
1424.847,45,e9071901120103c37dc6794b11c8de81c79744047100000471000013ff5350545003e445a24300000544c6a843
1424.972,45,e9071901120103c37dc6794b11c8de68cb9744077100000771000013ff53505450067ca19f4300000544c6a843
1425.076,45,e9071901120103c37dc6794b11c8de9ace9744087100000871000013ff4255544e100000005a172d575a172d57
1425.154,45,e9071901120103c37dc6794b11c8de19d197440a7100000a71000013ff4255544e104000005a172d575a172d57
1425.29,45,e9071901120103c37dc6794b11c8de59d597440d7100000d71000013ff4255544e100000005a172d575a172d57
1425.373,45,e9071901120103c37dc6794b11c8def1d79744107100001071000013ff53505450083d46a04300000544c6a843
1425.398,45,e9071901120103c37dc6794b11c8ded0d89744107100001071000013ff4255544e101000005a172d575a172d57
1425.452,45,e9071901120103c37dc6794b11c8de8bda9744117100001171000013ff4255544e100000005a172d575a172d57
1425.582,45,e9071901120103c37dc6794b11c8decfde9744147100001471000013ff4255544e101000005a172d575a172d57
1426.336,45,e9071901120103c37dc6794b11c8de09f79744247100002471000013ff4255544e501000005a172d575a172d57
1426.441,45,e9071901120103c37dc6794b11c8de51fa9744277100002771000013ff535054500decf9a34300000544c6a843
1426.757,45,e9071901120103c37dc6794b11c8de5a0498442d7100002d71000013ff4255544e401000005a172d575a172d57
1427.13,45,e9071901120103c37dc6794b11c8de4c109844377100003771000013ff4255544e501000005a172d575a172d57
1427.288,45,e9071901120103c37dc6794b11c8de681598443a7100003a71000013ff4255544e001000005a172d575a172d57
1427.472,45,e9071901120103c37dc6794b11c8de431b98443e7100003e71000013ff4255544e401000005a172d575a172d57
1427.758,45,e9071901120103c37dc6794b11c8de7c249844447100004471000013ff4255544e405000005a172d575a172d57
1427.887,45,e9071901120103c37dc6794b11c8dea1289844487100004871000013ff4255544e401000005a172d575a172d57
1428.507,45,e9071901120103c37dc6794b11c8deae3c9844557100005571000013ff4255544e501000005a172d575a172d57
1429.028,45,e9071901120103c37dc6794b11c8de2d4d9844627100006271000013ff4255544e401000005a172d575a172d57
1429.105,45,e9071901120103c37dc6794b11c8dea24f9844637100006371000013ff4255544e405000005a172d575a172d57
1429.232,45,e9071901120103c37dc6794b11c8deb7539844667100006671000013ff4255544e401000005a172d575a172d57
1430.482,45,e9071901120103c37dc6794b11c8ded17b9844817100008171000013ff4255544e001000005a172d575a172d57
1431.71,45,e9071901120103c37dc6794b11c8de25a398449c7100009c71000013ff535054500b95e39a4300000544c6a843
1432.26,45,e9071901120103c37dc6794b11c8dec6b49844a6710000a671000013ff4255544e005000005a172d575a172d57
1432.381,45,e9071901120103c37dc6794b11c8dea1b89844aa710000aa71000013ff4255544e001000005a172d575a172d57
1432.526,45,e9071901120103c37dc6794b11c8de43bd9844ad710000ad71000013ff4255544e101000005a172d575a172d57
1432.622,45,e9071901120103c37dc6794b11c8de59c09844ae710000ae71000013ff4255544e001000005a172d575a172d57
1433.14,45,e9071901120103c37dc6794b11c8defdd09844ba710000ba71000013ff4255544e401000005a172d575a172d57
1433.164,45,e9071901120103c37dc6794b11c8debfd19844ba710000ba71000013ff4255544e001000005a172d575a172d57
1433.356,45,e9071901120103c37dc6794b11c8dedad79844be710000be71000013ff4255544e401000005a172d575a172d57
1433.452,45,e9071901120103c37dc6794b11c8deecda9844c0710000c071000013ff4255544e001000005a172d575a172d57
1433.453,45,e9071901120103c37dc6794b11c8deecda9844c1710000c171000013ff5350545010eb689a4300000544c6a843
1433.546,45,e9071901120103c37dc6794b11c8def8dd9844c2710000c271000013ff5350545009ed29a74300000544c6a843
1433.636,45,e9071901120103c37dc6794b11c8def2e09844c4710000c471000013ff4255544e401000005a172d575a172d57
1433.659,45,e9071901120103c37dc6794b11c8deb1e19844c4710000c471000013ff4255544e601000005a172d575a172d57
1433.75,45,e9071901120103c37dc6794b11c8de9ee49844c6710000c671000013ff4255544e401000005a172d575a172d57
1433.983,45,e9071901120103c37dc6794b11c8defeeb9844cc710000cc71000013ff4255544e401800005a172d575a172d57
1434.056,45,e9071901120103c37dc6794b11c8de41ee9844cd710000cd71000013ff4255544e403800005a172d575a172d57
1434.151,45,e9071901120103c37dc6794b11c8de4ff19844cf710000cf71000013ff4255544e401800005a172d575a172d57
1434.199,45,e9071901120103c37dc6794b11c8ded7f29844d0710000d071000013ff4255544e601800005a172d575a172d57
1434.247,45,e9071901120103c37dc6794b11c8de5df49844d1710000d171000013ff4255544e603800005a172d575a172d57
1434.295,45,e9071901120103c37dc6794b11c8dee9f59844d2710000d271000013ff4255544e602800005a172d575a172d57
1434.367,45,e9071901120103c37dc6794b11c8de39f89844d4710000d471000013ff4255544e200800005a172d575a172d57
1434.656,45,e9071901120103c37dc6794b11c8de6c019944da710000da71000013ff4255544e200000005a172d575a172d57
1435.025,45,e9071901120103c37dc6794b11c8de1e0d9944e3710000e371000013ff4f56544b010a000047ffc93ce83f993f
1435.099,45,e9071901120103c37dc6794b11c8de7e0f9944e4710000e471000013ff535054500217619c4300000544c6a843
1435.175,45,e9071901120103c37dc6794b11c8dee2119944e6710000e671000013ff5350545004822fa44300000544c6a843
1435.298,45,e9071901120103c37dc6794b11c8dee5159944e8710000e871000013ff4255544e201000005a172d575a172d57
1435.422,45,e9071901120103c37dc6794b11c8dee1199944ec710000ec71000013ff4f56544b050e000082b3c93c7036993f
1435.636,45,e9071901120103c37dc6794b11c8ded6209944f0710000f071000013ff4255544e601000005a172d575a172d57
1436.25,45,e9071901120103c37dc6794b11c8de8c349944fd710000fd71000013ff4f56544b09100000e06ebe3cdccd973f
1436.965,45,e9071901120103c37dc6794b11c8de4e4b99440e7200000e72000013ff5350545005193da54300000544c6a843
1437.086,45,e9071901120103c37dc6794b11c8de284f9944107200001072000013ff535054500e05ed9b4300000544c6a843
1437.882,45,e9071901120103c37dc6794b11c8de9e689944217200002172000013ff5350545000c9c5a44300000544c6a843
1438.026,45,e9071901120103c37dc6794b11c8de3f6d9944247200002472000013ff4f56544b040200005864c43c8b8c983f
1438.392,45,e9071901120103c37dc6794b11c8dedc7899442c7200002c72000013ff4255544e401000005a172d575a172d57
1438.419,45,e9071901120103c37dc6794b11c8dea97999442c7200002c72000013ff4255544e001000005a172d575a172d57
1438.648,45,e9071901120103c37dc6794b11c8de03819944317200003172000013ff4255544e401000005a172d575a172d57
1438.673,45,e9071901120103c37dc6794b11c8ded3819944317200003172000013ff4255544e501000005a172d575a172d57
1438.747,45,e9071901120103c37dc6794b11c8de3e849944337200003372000013ff4255544e401000005a172d575a172d57
1438.818,45,e9071901120103c37dc6794b11c8de9f869944347200003472000013ff4255544e401800005a172d575a172d57
1438.842,45,e9071901120103c37dc6794b11c8de67879944357200003572000013ff4255544e403800005a172d575a172d57
1438.94,45,e9071901120103c37dc6794b11c8de7c8a9944387200003872000013ff4255544e400800005a172d575a172d57
1439.037,45,e9071901120103c37dc6794b11c8de978d99443a7200003a72000013ff4255544e602800005a172d575a172d57
1439.136,45,e9071901120103c37dc6794b11c8deb79099443c7200003c72000013ff4255544e600800005a172d575a172d57
1439.16,45,e9071901120103c37dc6794b11c8de819199443c7200003c72000013ff4255544e200800005a172d575a172d57
1439.185,45,e9071901120103c37dc6794b11c8de4a9299443d7200003d72000013ff4255544e600800005a172d575a172d57
1439.235,45,e9071901120103c37dc6794b11c8dedf9399443e7200003e72000013ff4255544e602800005a172d575a172d57
1439.311,45,e9071901120103c37dc6794b11c8de429699443f7200003f72000013ff4255544e600800005a172d575a172d57
1439.415,45,e9071901120103c37dc6794b11c8de82999944427200004272000013ff4255544e602800005a172d575a172d57
1439.518,45,e9071901120103c37dc6794b11c8ded09c9944447200004472000013ff4255544e600800005a172d575a172d57
1439.667,45,e9071901120103c37dc6794b11c8deb8a19944477200004772000013ff4255544e602800005a172d575a172d57
1439.787,45,e9071901120103c37dc6794b11c8dea2a599444a7200004a72000013ff4255544e600800005a172d575a172d57
1439.811,45,e9071901120103c37dc6794b11c8de67a699444a7200004a72000013ff4255544e200800005a172d575a172d57
1440.836,45,e9071901120103c37dc6794b11c8de30c79944627200006272000013ff4255544e200000005a172d575a172d57
1441.189,45,e9071901120103c37dc6794b11c8dea9d299446a7200006a72000013ff4255544e204000005a172d575a172d57
1441.302,45,e9071901120103c37dc6794b11c8de4ed699446c7200006c72000013ff4255544e200000005a172d575a172d57
1441.392,45,e9071901120103c37dc6794b11c8de2ed999446f7200006f72000013ff4255544e600000005a172d575a172d57
1441.707,45,e9071901120103c37dc6794b11c8de36e39944757200007572000013ff4255544e601000005a172d575a172d57
1442.364,45,e9071901120103c37dc6794b11c8de3ff89944847200008472000013ff4255544e401000005a172d575a172d57
1442.614,45,e9071901120103c37dc6794b11c8de48009a448a7200008a72000013ff4255544e001000005a172d575a172d57
1442.683,45,e9071901120103c37dc6794b11c8de78029a448c7200008c72000013ff4255544e401000005a172d575a172d57
1442.798,45,e9071901120103c37dc6794b11c8de20069a448e7200008e72000013ff4255544e001000005a172d575a172d57
1442.958,45,e9071901120103c37dc6794b11c8de450b9a44927200009272000013ff4255544e401000005a172d575a172d57
1443.39,45,e9071901120103c37dc6794b11c8de17199a449c7200009c72000013ff4255544e501000005a172d575a172d57
1443.458,45,e9071901120103c37dc6794b11c8de441b9a449d7200009d72000013ff4255544e101000005a172d575a172d57
1443.481,45,e9071901120103c37dc6794b11c8de001c9a449e7200009e72000013ff4255544e101800005a172d575a172d57
1443.504,45,e9071901120103c37dc6794b11c8debb1c9a449e7200009e72000013ff4255544e103800005a172d575a172d57
1443.621,45,e9071901120103c37dc6794b11c8de68209a44a0720000a072000013ff4255544e102800005a172d575a172d57
1443.644,45,e9071901120103c37dc6794b11c8de24219a44a1720000a172000013ff4255544e100800005a172d575a172d57
1443.715,45,e9071901120103c37dc6794b11c8de65239a44a2720000a272000013ff4255544e100000005a172d575a172d57
1443.952,45,e9071901120103c37dc6794b11c8def52a9a44a8720000a872000013ff4255544e100800005a172d575a172d57
1444.024,45,e9071901120103c37dc6794b11c8de3d2d9a44aa720000aa72000013ff4255544e100000005a172d575a172d57
1445.313,45,e9071901120103c37dc6794b11c8deb0569a44c6720000c672000013ff4255544e101000005a172d575a172d57
1446.024,45,e9071901120103c37dc6794b11c8de466d9a44d7720000d772000013ff4255544e501000005a172d575a172d57
1446.506,45,e9071901120103c37dc6794b11c8dec77c9a44e3720000e372000013ff4255544e505000005a172d575a172d57
1446.644,45,e9071901120103c37dc6794b11c8de31819a44e6720000e672000013ff4255544e401000005a172d575a172d57
1446.898,45,e9071901120103c37dc6794b11c8de51899a44eb720000eb72000013ff4255544e501000005a172d575a172d57
1447.273,45,e9071901120103c37dc6794b11c8de3e959a44f2720000f272000013ff4255544e401000005a172d575a172d57
1447.679,45,e9071901120103c37dc6794b11c8de25a29a44fc720000fc72000013ff4255544e405000005a172d575a172d57
1447.805,45,e9071901120103c37dc6794b11c8de12a69a44fe720000fe72000013ff4255544e401000005a172d575a172d57
1448.068,45,e9071901120103c37dc6794b11c8de50ae9a44037300000373000013ff4255544e001000005a172d575a172d57
1448.298,45,e9071901120103c37dc6794b11c8ded3b59a44087300000873000013ff4255544e101000005a172d575a172d57
1448.347,45,e9071901120103c37dc6794b11c8de71b79a44097300000973000013ff4255544e001000005a172d575a172d57
1448.564,45,e9071901120103c37dc6794b11c8de7cbe9a440e7300000e73000013ff4255544e401000005a172d575a172d57
1448.857,45,e9071901120103c37dc6794b11c8dec0c79a44147300001473000013ff4255544e405000005a172d575a172d57
1448.964,45,e9071901120103c37dc6794b11c8def8ca9a44167300001673000013ff4255544e401000005a172d575a172d57
1449.703,45,e9071901120103c37dc6794b11c8deb4e29a44267300002673000013ff4255544e401800005a172d575a172d57
1449.729,45,e9071901120103c37dc6794b11c8de87e39a44277300002773000013ff4255544e403800005a172d575a172d57
1449.756,45,e9071901120103c37dc6794b11c8de5ce49a44277300002773000013ff4255544e402800005a172d575a172d57
1449.81,45,e9071901120103c37dc6794b11c8de07e69a44287300002873000013ff4255544e400800005a172d575a172d57
1449.865,45,e9071901120103c37dc6794b11c8debce79a442a7300002a73000013ff4255544e600800005a172d575a172d57
1449.894,45,e9071901120103c37dc6794b11c8de98e89a442b7300002b73000013ff4255544e602800005a172d575a172d57
1449.951,45,e9071901120103c37dc6794b11c8de59ea9a442c7300002c73000013ff4255544e600800005a172d575a172d57
1450.117,45,e9071901120103c37dc6794b11c8dec2ef9a442f7300002f73000013ff4255544e400800005a172d575a172d57
1450.277,45,e9071901120103c37dc6794b11c8def9f49a44327300003273000013ff4255544e402800005a172d575a172d57
1450.331,45,e9071901120103c37dc6794b11c8deaef69a44347300003473000013ff4255544e602800005a172d575a172d57
1450.358,45,e9071901120103c37dc6794b11c8de88f79a44347300003473000013ff4255544e600800005a172d575a172d57
1450.444,45,e9071901120103c37dc6794b11c8de1ffa9a44367300003673000013ff4255544e200800005a172d575a172d57
1450.565,45,e9071901120103c37dc6794b11c8dec0fd9a44387300003873000013ff4255544e202800005a172d575a172d57
1450.686,45,e9071901120103c37dc6794b11c8de97019b443b7300003b73000013ff4255544e200800005a172d575a172d57
1450.834,45,e9071901120103c37dc6794b11c8de69069b443e7300003e73000013ff4255544e600800005a172d575a172d57
1451.139,45,e9071901120103c37dc6794b11c8de77109b44457300004573000013ff4255544e200800005a172d575a172d57
1451.35,45,e9071901120103c37dc6794b11c8de5e179b44497300004973000013ff4255544e200000005a172d575a172d57
1451.91,45,e9071901120103c37dc6794b11c8de9f299b44587300005873000013ff4255544e205000005a172d575a172d57
1452.047,45,e9071901120103c37dc6794b11c8de202e9b445b7300005b73000013ff4255544e201000005a172d575a172d57
1452.069,45,e9071901120103c37dc6794b11c8dedd2e9b445b7300005b73000013ff4255544e200000005a172d575a172d57
1452.484,45,e9071901120103c37dc6794b11c8de3e3c9b44657300006573000013ff4255544e201000005a172d575a172d57
1452.591,45,e9071901120103c37dc6794b11c8deb13f9b44677300006773000013ff4255544e200000005a172d575a172d57
1452.745,45,e9071901120103c37dc6794b11c8de88449b446b7300006b73000013ff4255544e600000005a172d575a172d57
1453.223,45,e9071901120103c37dc6794b11c8debc539b44767300007673000013ff4255544e601000005a172d575a172d57
1453.783,45,e9071901120103c37dc6794b11c8de8a659b44827300008273000013ff4255544e401000005a172d575a172d57
1454.259,45,e9071901120103c37dc6794b11c8dec5749b448b7300008b73000013ff4255544e001000005a172d575a172d57
1454.491,45,e9071901120103c37dc6794b11c8de417c9b44907300009073000013ff4255544e401000005a172d575a172d57
1454.652,45,e9071901120103c37dc6794b11c8de68819b44937300009373000013ff4255544e405000005a172d575a172d57
1454.768,45,e9071901120103c37dc6794b11c8de1b859b44957300009573000013ff4255544e401000005a172d575a172d57
1454.839,45,e9071901120103c37dc6794b11c8de58879b44977300009773000013ff4255544e001000005a172d575a172d57
1455.003,45,e9071901120103c37dc6794b11c8de9b8c9b449b7300009b73000013ff4255544e401000005a172d575a172d57
1455.697,45,e9071901120103c37dc6794b11c8dec6a29b44ab730000ab73000013ff4255544e501000005a172d575a172d57
1456.101,45,e9071901120103c37dc6794b11c8deb4af9b44b4730000b473000013ff4255544e505000005a172d575a172d57
1456.216,45,e9071901120103c37dc6794b11c8de74b39b44b7730000b773000013ff4255544e501000005a172d575a172d57
1456.332,45,e9071901120103c37dc6794b11c8de28b79b44ba730000ba73000013ff4255544e101000005a172d575a172d57
1456.643,45,e9071901120103c37dc6794b11c8defbc09b44c0730000c073000013ff4255544e501000005a172d575a172d57
1458.361,45,e9071901120103c37dc6794b11c8de3af89b44e7730000e773000013ff4255544e505000005a172d575a172d57
1458.497,45,e9071901120103c37dc6794b11c8de83fc9b44eb730000eb73000013ff4255544e501000005a172d575a172d57
1458.679,45,e9071901120103c37dc6794b11c8de55029c44ef730000ef73000013ff4255544e401000005a172d575a172d57
1459.445,45,e9071901120103c37dc6794b11c8de191b9c44007400000074000013ff4255544e001000005a172d575a172d57
1459.669,45,e9071901120103c37dc6794b11c8de54229c44047400000474000013ff4255544e401000005a172d575a172d57
1459.989,45,e9071901120103c37dc6794b11c8de982c9c440c7400000c74000013ff4255544e405000005a172d575a172d57
1460.111,45,e9071901120103c37dc6794b11c8de74309c440e7400000e74000013ff4255544e401000005a172d575a172d57
1460.275,45,e9071901120103c37dc6794b11c8dead359c44127400001274000013ff4255544e401800005a172d575a172d57
1460.296,45,e9071901120103c37dc6794b11c8de55369c44127400001274000013ff4255544e403800005a172d575a172d57
1460.337,45,e9071901120103c37dc6794b11c8dea8379c44137400001374000013ff4255544e402800005a172d575a172d57
1460.379,45,e9071901120103c37dc6794b11c8defb389c44157400001574000013ff4255544e400800005a172d575a172d57
1460.506,45,e9071901120103c37dc6794b11c8defb3c9c44177400001774000013ff4255544e402800005a172d575a172d57
1460.614,45,e9071901120103c37dc6794b11c8de5f409c44197400001974000013ff4255544e400800005a172d575a172d57
1460.701,45,e9071901120103c37dc6794b11c8de23439c441b7400001b74000013ff4255544e402800005a172d575a172d57
1460.811,45,e9071901120103c37dc6794b11c8dea3469c441d7400001d74000013ff4255544e400800005a172d575a172d57
1460.92,45,e9071901120103c37dc6794b11c8de204a9c44207400002074000013ff4255544e402800005a172d575a172d57
1461.029,45,e9071901120103c37dc6794b11c8de9e4d9c44237400002374000013ff4255544e502800005a172d575a172d57
1461.051,45,e9071901120103c37dc6794b11c8de534e9c44237400002374000013ff4255544e500800005a172d575a172d57
1461.072,45,e9071901120103c37dc6794b11c8de074f9c44237400002374000013ff4255544e100800005a172d575a172d57
1461.137,45,e9071901120103c37dc6794b11c8de1e519c44257400002574000013ff4255544e102800005a172d575a172d57
1461.266,45,e9071901120103c37dc6794b11c8de46559c44277400002774000013ff4255544e100800005a172d575a172d57
1461.877,45,e9071901120103c37dc6794b11c8dea7689c44357400003574000013ff4255544e100000005a172d575a172d57
1462.103,45,e9071901120103c37dc6794b11c8def26f9c44397400003974000013ff4255544e104000005a172d575a172d57
1462.213,45,e9071901120103c37dc6794b11c8de81739c443b7400003b74000013ff4255544e100000005a172d575a172d57
1462.633,45,e9071901120103c37dc6794b11c8ded1809c44457400004574000013ff4255544e101000005a172d575a172d57
1462.68,45,e9071901120103c37dc6794b11c8de47829c44467400004674000013ff4255544e501000005a172d575a172d57
1463.703,45,e9071901120103c37dc6794b11c8de30a39c445b7400005b74000013ff4255544e401000005a172d575a172d57
1464.296,45,e9071901120103c37dc6794b11c8de4eb69c44687400006874000013ff4255544e405000005a172d575a172d57
1464.442,45,e9071901120103c37dc6794b11c8defcba9c446d7400006d74000013ff4255544e401000005a172d575a172d57
1465.635,45,e9071901120103c37dc6794b11c8def6e09c44877400008774000013ff4255544e405000005a172d575a172d57
1465.793,45,e9071901120103c37dc6794b11c8def4e59c448a7400008a74000013ff4255544e401000005a172d575a172d57
1466.863,45,e9071901120103c37dc6794b11c8de25089d44a2740000a274000013ff4255544e001000005a172d575a172d57
1467.028,45,e9071901120103c37dc6794b11c8de640d9d44a6740000a674000013ff4255544e401000005a172d575a172d57
1467.099,45,e9071901120103c37dc6794b11c8dea80f9d44a7740000a774000013ff4255544e405000005a172d575a172d57
1467.241,45,e9071901120103c37dc6794b11c8de2d149d44aa740000aa74000013ff4255544e401000005a172d575a172d57
1468.9,45,e9071901120103c37dc6794b11c8de02499d44cd740000cd74000013ff4255544e405000005a172d575a172d57
1469.05,45,e9071901120103c37dc6794b11c8dee44d9d44d1740000d174000013ff4255544e401000005a172d575a172d57
1471.585,45,e9071901120103c37dc6794b11c8de3b9e9d44067500000675000013ff4255544e001000005a172d575a172d57
1471.736,45,e9071901120103c37dc6794b11c8de2da39d44097500000975000013ff4255544e001200005a172d575a172d57
1471.824,45,e9071901120103c37dc6794b11c8de0ea69d440a7500000a75000013ff4255544e001000005a172d575a172d57
1472.047,45,e9071901120103c37dc6794b11c8de79ad9d440f7500000f75000013ff4255544e401000005a172d575a172d57
1472.074,45,e9071901120103c37dc6794b11c8de5cae9d440f7500000f75000013ff4255544e405000005a172d575a172d57
1472.159,45,e9071901120103c37dc6794b11c8de05b19d44117500001175000013ff4255544e401000005a172d575a172d57
1474.364,45,e9071901120103c37dc6794b11c8de7df79d44417500004175000013ff4255544e401200005a172d575a172d57
1474.475,45,e9071901120103c37dc6794b11c8de1efb9d44437500004375000013ff4255544e401000005a172d575a172d57
1475.317,45,e9071901120103c37dc6794b11c8de4e169e44557500005575000013ff4255544e001000005a172d575a172d57
1475.693,45,e9071901120103c37dc6794b11c8de85229e445e7500005e75000013ff4255544e101000005a172d575a172d57
1475.767,45,e9071901120103c37dc6794b11c8dee2249e445f7500005f75000013ff4255544e001000005a172d575a172d57
1479.496,45,e9071901120103c37dc6794b11c8de259c9e44af750000af75000013ff535054501377289f4300000544c6a843
1479.618,45,e9071901120103c37dc6794b11c8de17a09e44b1750000b175000013ff4255544e401000005a172d575a172d57
1479.767,45,e9071901120103c37dc6794b11c8ded9a49e44b4750000b475000013ff4255544e401800005a172d575a172d57
1479.793,45,e9071901120103c37dc6794b11c8dea6a59e44b5750000b575000013ff4255544e403800005a172d575a172d57
1479.869,45,e9071901120103c37dc6794b11c8de0da89e44b7750000b775000013ff4255544e401800005a172d575a172d57
1479.894,45,e9071901120103c37dc6794b11c8dedca89e44b8750000b875000013ff4255544e400800005a172d575a172d57
1479.97,45,e9071901120103c37dc6794b11c8de4eab9e44b9750000b975000013ff4255544e402800005a172d575a172d57
1480.071,45,e9071901120103c37dc6794b11c8de8aae9e44bb750000bb75000013ff4255544e400800005a172d575a172d57
1480.168,45,e9071901120103c37dc6794b11c8debcb19e44bd750000bd75000013ff4255544e402800005a172d575a172d57
1480.291,45,e9071901120103c37dc6794b11c8deabb59e44c0750000c075000013ff4255544e400800005a172d575a172d57
1480.387,45,e9071901120103c37dc6794b11c8dec9b89e44c3750000c375000013ff4255544e402800005a172d575a172d57
1480.46,45,e9071901120103c37dc6794b11c8de1abb9e44c4750000c475000013ff4255544e400800005a172d575a172d57
1480.604,45,e9071901120103c37dc6794b11c8debcbf9e44c7750000c775000013ff4255544e402800005a172d575a172d57
1480.705,45,e9071901120103c37dc6794b11c8ded8c29e44c9750000c975000013ff4255544e400800005a172d575a172d57
1480.758,45,e9071901120103c37dc6794b11c8de71c49e44ca750000ca75000013ff4255544e500800005a172d575a172d57
1480.865,45,e9071901120103c37dc6794b11c8dec0c79e44cd750000cd75000013ff4255544e502800005a172d575a172d57
1480.944,45,e9071901120103c37dc6794b11c8de4eca9e44cf750000cf75000013ff4255544e402800005a172d575a172d57
1480.996,45,e9071901120103c37dc6794b11c8de02cc9e44d0750000d075000013ff4255544e400800005a172d575a172d57
1481.124,45,e9071901120103c37dc6794b11c8de2dd09e44d2750000d275000013ff4255544e402800005a172d575a172d57
1481.149,45,e9071901120103c37dc6794b11c8deffd09e44d3750000d375000013ff4255544e502800005a172d575a172d57
1481.198,45,e9071901120103c37dc6794b11c8dea0d29e44d4750000d475000013ff4255544e500800005a172d575a172d57
1481.418,45,e9071901120103c37dc6794b11c8dec5d99e44d9750000d975000013ff4255544e502800005a172d575a172d57
1481.539,45,e9071901120103c37dc6794b11c8dea1dd9e44dc750000dc75000013ff4255544e500800005a172d575a172d57
1481.563,45,e9071901120103c37dc6794b11c8de69de9e44dc750000dc75000013ff4255544e100800005a172d575a172d57
1481.611,45,e9071901120103c37dc6794b11c8def6df9e44dd750000dd75000013ff4255544e500800005a172d575a172d57
1481.826,45,e9071901120103c37dc6794b11c8dedbe69e44e2750000e275000013ff4255544e500000005a172d575a172d57
1481.924,45,e9071901120103c37dc6794b11c8deece99e44e4750000e475000013ff4255544e100000005a172d575a172d57
1482.104,45,e9071901120103c37dc6794b11c8de7bef9e44e9750000e975000013ff535054500c533a9c4300000544c6a843
1482.205,45,e9071901120103c37dc6794b11c8dec7f29e44ea750000ea75000013ff4255544e104000005a172d575a172d57
1482.309,45,e9071901120103c37dc6794b11c8de15f69e44ec750000ec75000013ff4255544e500000005a172d575a172d57
1482.492,45,e9071901120103c37dc6794b11c8dee3fb9e44f1750000f175000013ff4255544e100000005a172d575a172d57
1482.929,45,e9071901120103c37dc6794b11c8def0099f44fa750000fa75000013ff4f56544b0a0100003407d13ce6209a3f
1483.434,45,e9071901120103c37dc6794b11c8deff199f44067600000676000013ff4255544e500000005a172d575a172d57
1483.64,45,e9071901120103c37dc6794b11c8dea7209f440a7600000a76000013ff4255544e501000005a172d575a172d57
1484.016,45,e9071901120103c37dc6794b11c8ded92c9f44127600001276000013ff4255544e401000005a172d575a172d57
1484.139,45,e9071901120103c37dc6794b11c8deca309f44157600001576000013ff4255544e601000005a172d575a172d57
1484.691,45,e9071901120103c37dc6794b11c8de5c429f44217600002176000013ff4255544e201000005a172d575a172d57
1484.74,45,e9071901120103c37dc6794b11c8def9439f44227600002276000013ff4255544e205000005a172d575a172d57
1484.788,45,e9071901120103c37dc6794b11c8de92459f44237600002376000013ff4255544e605000005a172d575a172d57
1484.861,45,e9071901120103c37dc6794b11c8deee479f44257600002576000013ff4255544e601000005a172d575a172d57
1485.175,45,e9071901120103c37dc6794b11c8def8519f442c7600002c76000013ff535054500ac656a54300000544c6a843
1485.198,45,e9071901120103c37dc6794b11c8debb529f442c7600002c76000013ff4255544e201000005a172d575a172d57
1485.321,45,e9071901120103c37dc6794b11c8de95569f442f7600002f76000013ff5350545001e1689c4300000544c6a843
1485.67,45,e9071901120103c37dc6794b11c8debf619f44367600003676000013ff4255544e601000005a172d575a172d57
1485.911,45,e9071901120103c37dc6794b11c8de90699f443c7600003c76000013ff4255544e401000005a172d575a172d57
1485.912,45,e9071901120103c37dc6794b11c8de90699f443d7600003d76000013ff53505450077cbea54300000544c6a843
1486.22,45,e9071901120103c37dc6794b11c8de77739f44437600004376000013ff4255544e601000005a172d575a172d57
1486.245,45,e9071901120103c37dc6794b11c8de3b749f44447600004476000013ff4255544e201000005a172d575a172d57
1486.268,45,e9071901120103c37dc6794b11c8de00759f44447600004476000013ff4255544e001000005a172d575a172d57
1486.443,45,e9071901120103c37dc6794b11c8de737a9f44497600004976000013ff4255544e401000005a172d575a172d57
1486.599,45,e9071901120103c37dc6794b11c8de577f9f444c7600004c76000013ff4255544e501000005a172d575a172d57
1486.724,45,e9071901120103c37dc6794b11c8de70839f444e7600004e76000013ff4255544e505000005a172d575a172d57
1486.845,45,e9071901120103c37dc6794b11c8de6b879f44517600005176000013ff4255544e401000005a172d575a172d57
1487.202,45,e9071901120103c37dc6794b11c8deed929f44597600005976000013ff4255544e501000005a172d575a172d57
1488.037,45,e9071901120103c37dc6794b11c8de90ad9f446c7600006c76000013ff53505450112b9f9b4300000544c6a843
1488.181,45,e9071901120103c37dc6794b11c8de2eb29f446f7600006f76000013ff4255544e505000005a172d575a172d57
1488.28,45,e9071901120103c37dc6794b11c8de49b59f44717600007176000013ff4255544e501000005a172d575a172d57
1488.749,45,e9071901120103c37dc6794b11c8de17c49f447a7600007a76000013ff4255544e401000005a172d575a172d57
1489.235,45,e9071901120103c37dc6794b11c8deb8d39f44847600008476000013ff4255544e501000005a172d575a172d57
1489.367,45,e9071901120103c37dc6794b11c8dedad79f44877600008776000013ff4255544e401000005a172d575a172d57
1489.421,45,e9071901120103c37dc6794b11c8de89d99f44887600008876000013ff4255544e401200005a172d575a172d57
1489.531,45,e9071901120103c37dc6794b11c8def7dc9f448b7600008b76000013ff4255544e401000005a172d575a172d57
1490.335,45,e9071901120103c37dc6794b11c8def1f69f449c7600009c76000013ff4255544e405000005a172d575a172d57
1490.488,45,e9071901120103c37dc6794b11c8ded3fb9f44a0760000a076000013ff4255544e401000005a172d575a172d57
1491.216,45,e9071901120103c37dc6794b11c8dec212a044b1760000b176000013ff4255544e001000005a172d575a172d57
1493.126,45,e9071901120103c37dc6794b11c8de4e50a044d9760000d976000013ff4255544e005000005a172d575a172d57
1493.285,45,e9071901120103c37dc6794b11c8de2f55a044dd760000dd76000013ff4255544e001000005a172d575a172d57
1493.371,45,e9071901120103c37dc6794b11c8dec457a044df760000df76000013ff4255544e001200005a172d575a172d57
1493.456,45,e9071901120103c37dc6794b11c8de725aa044e1760000e176000013ff4255544e001000005a172d575a172d57
1494.74,45,e9071901120103c37dc6794b11c8de8983a044fb760000fb76000013ff4255544e401000005a172d575a172d57
1494.826,45,e9071901120103c37dc6794b11c8de3f86a044fc760000fc76000013ff4255544e001000005a172d575a172d57
1495.239,45,e9071901120103c37dc6794b11c8de9893a044057700000577000013ff53505450121c9b9a4300000544c6a843
1495.828,45,e9071901120103c37dc6794b11c8de73a6a044127700001277000013ff4255544e401000005a172d575a172d57
1496.771,45,e9071901120103c37dc6794b11c8deefc4a044257700002577000013ff4255544e403800005a172d575a172d57
1496.874,45,e9071901120103c37dc6794b11c8de2bc8a044287700002877000013ff4255544e401800005a172d575a172d57
1496.901,45,e9071901120103c37dc6794b11c8defcc8a044297700002977000013ff4255544e400800005a172d575a172d57
1496.981,45,e9071901120103c37dc6794b11c8de79cba0442c7700002c77000013ff4255544e402800005a172d575a172d57
1497.062,45,e9071901120103c37dc6794b11c8de05cea0442d7700002d77000013ff4255544e400800005a172d575a172d57
1497.165,45,e9071901120103c37dc6794b11c8de71d1a0442f7700002f77000013ff4255544e402800005a172d575a172d57
1497.264,45,e9071901120103c37dc6794b11c8debcd4a044317700003177000013ff4255544e400800005a172d575a172d57
1497.384,45,e9071901120103c37dc6794b11c8dea7d8a044357700003577000013ff4255544e402800005a172d575a172d57
1497.481,45,e9071901120103c37dc6794b11c8dec0dba044377700003777000013ff4255544e500800005a172d575a172d57
1497.605,45,e9071901120103c37dc6794b11c8dea9dfa044397700003977000013ff4255544e502800005a172d575a172d57
1497.679,45,e9071901120103c37dc6794b11c8de07e2a0443b7700003b77000013ff4255544e102800005a172d575a172d57
1497.704,45,e9071901120103c37dc6794b11c8ded2e2a0443b7700003b77000013ff4255544e100800005a172d575a172d57
1497.922,45,e9071901120103c37dc6794b11c8dee2e9a044407700004077000013ff4255544e102800005a172d575a172d57
1498.019,45,e9071901120103c37dc6794b11c8def6eca044437700004377000013ff535054500f403f9c4300000544c6a843
1498.041,45,e9071901120103c37dc6794b11c8debbeda044437700004377000013ff4255544e100800005a172d575a172d57
1498.042,45,e9071901120103c37dc6794b11c8debbeda044437700004377000013ff53505450038a9ea34300000544c6a843
1498.411,45,e9071901120103c37dc6794b11c8de5ef9a0444b7700004b77000013ff4255544e100000005a172d575a172d57
1498.622,45,e9071901120103c37dc6794b11c8defaffa0444f7700004f77000013ff4255544e104000005a172d575a172d57
1498.727,45,e9071901120103c37dc6794b11c8de5c03a144517700005177000013ff4255544e100000005a172d575a172d57
1498.754,45,e9071901120103c37dc6794b11c8de3404a144537700005377000013ff5350545006a2bfa34300000544c6a843
1498.832,45,e9071901120103c37dc6794b11c8deb906a144547700005477000013ff4255544e101000005a172d575a172d57
1499.087,45,e9071901120103c37dc6794b11c8defa0ea1445a7700005a77000013ff53505450080ac1a74300000544c6a843
1499.868,45,e9071901120103c37dc6794b11c8def827a1446b7700006b77000013ff4255544e501000005a172d575a172d57
1500.025,45,e9071901120103c37dc6794b11c8deea2ca1446f7700006f77000013ff535054500d6392a44300000544c6a843
1500.128,45,e9071901120103c37dc6794b11c8de3b30a144717700007177000013ff4255544e401000005a172d575a172d57
1500.684,45,e9071901120103c37dc6794b11c8deec41a1447d7700007d77000013ff4255544e501000005a172d575a172d57
1500.737,45,e9071901120103c37dc6794b11c8dea143a1447e7700007e77000013ff4255544e405000005a172d575a172d57
1500.842,45,e9071901120103c37dc6794b11c8de0847a144807700008077000013ff4255544e505000005a172d575a172d57
1500.894,45,e9071901120103c37dc6794b11c8deba48a144827700008277000013ff4255544e501000005a172d575a172d57
1500.999,45,e9071901120103c37dc6794b11c8de144ca144847700008477000013ff4255544e401000005a172d575a172d57
1501.024,45,e9071901120103c37dc6794b11c8deeb4ca144847700008477000013ff4255544e001000005a172d575a172d57
1501.208,45,e9071901120103c37dc6794b11c8dec252a144887700008877000013ff4255544e501000005a172d575a172d57
1501.467,45,e9071901120103c37dc6794b11c8de205ba1448e7700008e77000013ff4255544e401000005a172d575a172d57
1502.513,45,e9071901120103c37dc6794b11c8de927ca144a5770000a577000013ff4255544e405000005a172d575a172d57
1502.64,45,e9071901120103c37dc6794b11c8deb280a144a8770000a877000013ff4255544e401000005a172d575a172d57
1503.011,45,e9071901120103c37dc6794b11c8de9f8ca144b1770000b177000013ff4f56544b030f000090dec93cd23b993f
1503.333,45,e9071901120103c37dc6794b11c8deec96a144b7770000b777000013ff4255544e501000005a172d575a172d57
1503.461,45,e9071901120103c37dc6794b11c8def89aa144ba770000ba77000013ff4255544e401000005a172d575a172d57
1503.512,45,e9071901120103c37dc6794b11c8de999ca144bc770000bc77000013ff4f56544b0f0300001830cf3c03e6993f
1503.785,45,e9071901120103c37dc6794b11c8de65a5a144c1770000c177000013ff4255544e501000005a172d575a172d57
1503.99,45,e9071901120103c37dc6794b11c8dedbaba144c6770000c677000013ff4255544e401000005a172d575a172d57
1504.356,45,e9071901120103c37dc6794b11c8dec9b7a144ce770000ce77000013ff4255544e001000005a172d575a172d57
1504.592,45,e9071901120103c37dc6794b11c8de5cbfa144d3770000d377000013ff4255544e005000005a172d575a172d57
1504.616,45,e9071901120103c37dc6794b11c8de21c0a144d3770000d377000013ff4255544e105000005a172d575a172d57
1504.714,45,e9071901120103c37dc6794b11c8de30c3a144d5770000d577000013ff4255544e005000005a172d575a172d57
1504.738,45,e9071901120103c37dc6794b11c8def6c3a144d6770000d677000013ff4255544e001000005a172d575a172d57
1505.681,45,e9071901120103c37dc6794b11c8de14e2a144ec770000ec77000013ff535054500b4dac9a4300000544c6a843
1506.158,45,e9071901120103c37dc6794b11c8de84f1a144f5770000f577000013ff4255544e401000005a172d575a172d57
1506.392,45,e9071901120103c37dc6794b11c8defef8a144fb770000fb77000013ff4255544e001000005a172d575a172d57
1506.605,45,e9071901120103c37dc6794b11c8dec9ffa144ff770000ff77000013ff4255544e401000005a172d575a172d57
1507.352,45,e9071901120103c37dc6794b11c8decc17a244107800001078000013ff4255544e601000005a172d575a172d57
1507.54,45,e9071901120103c37dc6794b11c8deb41da244147800001478000013ff4255544e201000005a172d575a172d57
1507.662,45,e9071901120103c37dc6794b11c8de8821a244167800001678000013ff4255544e201800005a172d575a172d57
1507.687,45,e9071901120103c37dc6794b11c8de5022a244177800001778000013ff4255544e203800005a172d575a172d57
1507.736,45,e9071901120103c37dc6794b11c8dedf23a244187800001878000013ff4255544e202800005a172d575a172d57
1507.785,45,e9071901120103c37dc6794b11c8de7125a244197800001978000013ff4255544e200800005a172d575a172d57
1507.834,45,e9071901120103c37dc6794b11c8de0027a2441a7800001a78000013ff4255544e202800005a172d575a172d57
1507.953,45,e9071901120103c37dc6794b11c8dee42aa2441d7800001d78000013ff4255544e200800005a172d575a172d57
1507.955,45,e9071901120103c37dc6794b11c8dee42aa2441e7800001e78000013ff5350545009bfa19b4300000544c6a843
1508.191,45,e9071901120103c37dc6794b11c8de8832a244227800002278000013ff4255544e202800005a172d575a172d57
1508.356,45,e9071901120103c37dc6794b11c8ded237a244257800002578000013ff4255544e200800005a172d575a172d57
1508.429,45,e9071901120103c37dc6794b11c8de163aa244277800002778000013ff53505450103530a44300000544c6a843
1508.476,45,e9071901120103c37dc6794b11c8de9f3ba244287800002878000013ff4255544e200000005a172d575a172d57
1508.954,45,e9071901120103c37dc6794b11c8ded74aa244327800003278000013ff4255544e204000005a172d575a172d57
1509.076,45,e9071901120103c37dc6794b11c8dec64ea244357800003578000013ff4255544e200000005a172d575a172d57
1509.1,45,e9071901120103c37dc6794b11c8de8d4fa244357800003578000013ff4255544e201000005a172d575a172d57
1509.294,45,e9071901120103c37dc6794b11c8debd55a244397800003978000013ff535054500433bba44300000544c6a843
1509.484,45,e9071901120103c37dc6794b11c8dee25ba2443e7800003e78000013ff4255544e601000005a172d575a172d57
1509.746,45,e9071901120103c37dc6794b11c8de3e64a244437800004378000013ff4f56544b0e0500006c06c33ccd60983f
1510.076,45,e9071901120103c37dc6794b11c8dedd6ea2444c7800004c78000013ff535054500244f9a34300000544c6a843
1510.481,45,e9071901120103c37dc6794b11c8deba7ba244557800005578000013ff4255544e401000005a172d575a172d57
1510.699,45,e9071901120103c37dc6794b11c8debc82a244597800005978000013ff4255544e601000005a172d575a172d57
1511.088,45,e9071901120103c37dc6794b11c8de258fa244627800006278000013ff4255544e401000005a172d575a172d57
1511.212,45,e9071901120103c37dc6794b11c8de1393a244647800006478000013ff4255544e601000005a172d575a172d57
1511.361,45,e9071901120103c37dc6794b11c8ded497a244697800006978000013ff535054500e410ca64300000544c6a843
1511.483,45,e9071901120103c37dc6794b11c8dec59ba2446b7800006b78000013ff53505450051f699c4300000544c6a843
1511.776,45,e9071901120103c37dc6794b11c8de1aa5a244727800007278000013ff5350545000aeb19e4300000544c6a843
1511.901,45,e9071901120103c37dc6794b11c8de0fa9a244757800007578000013ff4255544e605000005a172d575a172d57
1512.002,45,e9071901120103c37dc6794b11c8de47aca244797800007978000013ff4255544e405000005a172d575a172d57
1512.027,45,e9071901120103c37dc6794b11c8de16ada2447a7800007a78000013ff4255544e401000005a172d575a172d57
1512.373,45,e9071901120103c37dc6794b11c8de44b8a244817800008178000013ff4255544e403800005a172d575a172d57
1512.446,45,e9071901120103c37dc6794b11c8de9abaa244837800008378000013ff4255544e402800005a172d575a172d57
1512.471,45,e9071901120103c37dc6794b11c8de62bba244837800008378000013ff4255544e400800005a172d575a172d57
1512.595,45,e9071901120103c37dc6794b11c8de54bfa244867800008678000013ff4255544e402800005a172d575a172d57
1512.67,45,e9071901120103c37dc6794b11c8deb6c1a244877800008778000013ff4255544e400800005a172d575a172d57
1512.771,45,e9071901120103c37dc6794b11c8deeac4a244897800008978000013ff4255544e402800005a172d575a172d57
1512.869,45,e9071901120103c37dc6794b11c8de1ec8a2448c7800008c78000013ff4255544e400800005a172d575a172d57
1512.992,45,e9071901120103c37dc6794b11c8de0fcca2448f7800008f78000013ff4255544e402800005a172d575a172d57
1513.017,45,e9071901120103c37dc6794b11c8ded9cca2448f7800008f78000013ff4255544e602800005a172d575a172d57
1513.067,45,e9071901120103c37dc6794b11c8de6dcea244907800009078000013ff4255544e600800005a172d575a172d57
1513.093,45,e9071901120103c37dc6794b11c8de38cfa244917800009178000013ff4255544e200800005a172d575a172d57
1513.291,45,e9071901120103c37dc6794b11c8de9bd5a244957800009578000013ff4255544e202800005a172d575a172d57
1513.387,45,e9071901120103c37dc6794b11c8dec2d8a244987800009878000013ff4255544e200800005a172d575a172d57
1514.199,45,e9071901120103c37dc6794b11c8decbf2a244a9780000a978000013ff4255544e200000005a172d575a172d57
1514.44,45,e9071901120103c37dc6794b11c8de70faa244af780000af78000013ff4255544e204000005a172d575a172d57
1514.559,45,e9071901120103c37dc6794b11c8de4bfea244b1780000b178000013ff4255544e200000005a172d575a172d57
1515.008,45,e9071901120103c37dc6794b11c8dee80ca344bb780000bb78000013ff4255544e201000005a172d575a172d57
1515.031,45,e9071901120103c37dc6794b11c8de9c0da344bc780000bc78000013ff4255544e200000005a172d575a172d57
1515.164,45,e9071901120103c37dc6794b11c8ded811a344be780000be78000013ff4255544e201000005a172d575a172d57
1515.438,45,e9071901120103c37dc6794b11c8de7f1aa344c5780000c578000013ff4255544e601000005a172d575a172d57
1516.228,45,e9071901120103c37dc6794b11c8decb33a344d6780000d678000013ff4255544e401000005a172d575a172d57
1516.624,45,e9071901120103c37dc6794b11c8de7340a344e0780000e078000013ff4255544e501000005a172d575a172d57
1516.648,45,e9071901120103c37dc6794b11c8de3241a344e1780000e178000013ff4255544e101000005a172d575a172d57
1516.969,45,e9071901120103c37dc6794b11c8de8c4ba344e7780000e778000013ff4255544e101800005a172d575a172d57
1516.992,45,e9071901120103c37dc6794b11c8de454ca344e8780000e878000013ff4255544e103800005a172d575a172d57
1517.015,45,e9071901120103c37dc6794b11c8de014da344e8780000e878000013ff4255544e102800005a172d575a172d57
1517.106,45,e9071901120103c37dc6794b11c8deef4fa344ea780000ea78000013ff4255544e100000005a172d575a172d57
1518.158,45,e9071901120103c37dc6794b11c8de9f71a344017900000179000013ff4255544e101000005a172d575a172d57
1518.738,45,e9071901120103c37dc6794b11c8de3284a3440e7900000e79000013ff4255544e100000005a172d575a172d57
1519.405,45,e9071901120103c37dc6794b11c8de4899a3441c7900001c79000013ff4255544e101000005a172d575a172d57
1519.736,45,e9071901120103c37dc6794b11c8de0aa4a344237900002379000013ff4255544e501000005a172d575a172d57
1519.961,45,e9071901120103c37dc6794b11c8de50aba344287900002879000013ff4255544e101000005a172d575a172d57
1520.05,45,e9071901120103c37dc6794b11c8de32aea3442a7900002a79000013ff4255544e501000005a172d575a172d57
1520.14,45,e9071901120103c37dc6794b11c8de0fb1a3442c7900002c79000013ff4255544e505000005a172d575a172d57
1520.232,45,e9071901120103c37dc6794b11c8def4b3a3442e7900002e79000013ff4255544e501000005a172d575a172d57
1520.495,45,e9071901120103c37dc6794b11c8de37bca344347900003479000013ff4255544e401000005a172d575a172d57
1520.593,45,e9071901120103c37dc6794b11c8de4bbfa344367900003679000013ff4255544e501000005a172d575a172d57
1520.991,45,e9071901120103c37dc6794b11c8de30cca3443e7900003e79000013ff4255544e401000005a172d575a172d57
1521.379,45,e9071901120103c37dc6794b11c8de55d8a344467900004679000013ff4255544e001000005a172d575a172d57
1521.616,45,e9071901120103c37dc6794b11c8decadfa3444a7900004a79000013ff4255544e401000005a172d575a172d57
1521.641,45,e9071901120103c37dc6794b11c8dea2e0a3444b7900004b79000013ff4255544e405000005a172d575a172d57
1521.768,45,e9071901120103c37dc6794b11c8dec8e4a3444d7900004d79000013ff4255544e401000005a172d575a172d57
1522.576,45,e9071901120103c37dc6794b11c8dea9fea3445f7900005f79000013ff4255544e405000005a172d575a172d57
1522.71,45,e9071901120103c37dc6794b11c8dec102a444627900006279000013ff4255544e401000005a172d575a172d57
1523.367,45,e9071901120103c37dc6794b11c8dee817a444717900007179000013ff4255544e401800005a172d575a172d57
1523.393,45,e9071901120103c37dc6794b11c8deba18a444727900007279000013ff4255544e403800005a172d575a172d57
1523.42,45,e9071901120103c37dc6794b11c8de8d19a444727900007279000013ff4255544e402800005a172d575a172d57
1523.474,45,e9071901120103c37dc6794b11c8de351ba444737900007379000013ff4255544e600800005a172d575a172d57
1523.587,45,e9071901120103c37dc6794b11c8dea51ea444767900007679000013ff4255544e602800005a172d575a172d57
1523.673,45,e9071901120103c37dc6794b11c8de5521a444777900007779000013ff4255544e600800005a172d575a172d57
1523.731,45,e9071901120103c37dc6794b11c8de2923a444797900007979000013ff4255544e400800005a172d575a172d57
1523.814,45,e9071901120103c37dc6794b11c8dee725a4447a7900007a79000013ff4255544e402800005a172d575a172d57
1523.92,45,e9071901120103c37dc6794b11c8de7729a4447d7900007d79000013ff4255544e400800005a172d575a172d57
1524.053,45,e9071901120103c37dc6794b11c8dec12da444807900008079000013ff4255544e402800005a172d575a172d57
1524.19,45,e9071901120103c37dc6794b11c8de0332a444837900008379000013ff4255544e600800005a172d575a172d57
1524.4,45,e9071901120103c37dc6794b11c8de6438a444887900008879000013ff4255544e200800005a172d575a172d57
1524.609,45,e9071901120103c37dc6794b11c8de263fa4448c7900008c79000013ff4255544e600800005a172d575a172d57
1524.666,45,e9071901120103c37dc6794b11c8de0d41a4448d7900008d79000013ff4255544e600000005a172d575a172d57
1524.75,45,e9071901120103c37dc6794b11c8ded843a4448f7900008f79000013ff4255544e200000005a172d575a172d57
1525.076,45,e9071901120103c37dc6794b11c8de784ea444967900009679000013ff4255544e600000005a172d575a172d57
1525.282,45,e9071901120103c37dc6794b11c8de3055a4449b7900009b79000013ff4255544e200000005a172d575a172d57
1526.76,45,e9071901120103c37dc6794b11c8dedf84a444bb790000bb79000013ff4255544e600000005a172d575a172d57
1526.853,45,e9071901120103c37dc6794b11c8dec587a444bd790000bd79000013ff4255544e601000005a172d575a172d57
1527.209,45,e9071901120103c37dc6794b11c8de2393a444c4790000c479000013ff4255544e401000005a172d575a172d57
1527.661,45,e9071901120103c37dc6794b11c8deb8a1a444ce790000ce79000013ff4255544e601000005a172d575a172d57
1527.728,45,e9071901120103c37dc6794b11c8dee0a3a444d0790000d079000013ff4255544e605000005a172d575a172d57
1527.797,45,e9071901120103c37dc6794b11c8de07a6a444d1790000d179000013ff4255544e405000005a172d575a172d57
1527.82,45,e9071901120103c37dc6794b11c8dec1a6a444d1790000d179000013ff4255544e401000005a172d575a172d57
1528.138,45,e9071901120103c37dc6794b11c8deacb0a444d9790000d979000013ff4255544e501000005a172d575a172d57
1528.212,45,e9071901120103c37dc6794b11c8de0fb3a444da790000da79000013ff4255544e401000005a172d575a172d57
1528.261,45,e9071901120103c37dc6794b11c8dea6b4a444db790000db79000013ff4255544e001000005a172d575a172d57
1528.496,45,e9071901120103c37dc6794b11c8de53bca444e1790000e179000013ff4255544e401000005a172d575a172d57
1528.702,45,e9071901120103c37dc6794b11c8def7c2a444e5790000e579000013ff4255544e405000005a172d575a172d57
1528.817,45,e9071901120103c37dc6794b11c8dea6c6a444e7790000e779000013ff4255544e401000005a172d575a172d57
1529.611,45,e9071901120103c37dc6794b11c8dee7dfa444fa790000fa79000013ff4255544e501000005a172d575a172d57
1529.916,45,e9071901120103c37dc6794b11c8dec3e9a444017a0000017a000013ff4255544e505000005a172d575a172d57
1530.031,45,e9071901120103c37dc6794b11c8de7beda444047a0000047a000013ff4255544e501000005a172d575a172d57
1530.512,45,e9071901120103c37dc6794b11c8dea8fca4440e7a00000e7a000013ff4255544e101000005a172d575a172d57
1530.681,45,e9071901120103c37dc6794b11c8de2a02a544127a0000127a000013ff4255544e501000005a172d575a172d57
1532.021,45,e9071901120103c37dc6794b11c8de4c2da5442f7a00002f7a000013ff4255544e505000005a172d575a172d57
1532.134,45,e9071901120103c37dc6794b11c8ded630a544327a0000327a000013ff4255544e501000005a172d575a172d57
1532.821,45,e9071901120103c37dc6794b11c8defd46a544407a0000407a000013ff4255544e401000005a172d575a172d57
1533.312,45,e9071901120103c37dc6794b11c8deaf56a5444b7a00004b7a000013ff4255544e601000005a172d575a172d57
1533.374,45,e9071901120103c37dc6794b11c8debc58a5444e7a00004e7a000013ff4255544e001000005a172d575a172d57
1533.619,45,e9071901120103c37dc6794b11c8dea260a544527a0000527a000013ff4255544e401000005a172d575a172d57
1533.839,45,e9071901120103c37dc6794b11c8deba67a544577a0000577a000013ff4255544e405000005a172d575a172d57
1533.962,45,e9071901120103c37dc6794b11c8de996ba5445a7a00005a7a000013ff4255544e401000005a172d575a172d57
1534.086,45,e9071901120103c37dc6794b11c8de886fa5445d7a00005d7a000013ff4255544e401800005a172d575a172d57
1534.106,45,e9071901120103c37dc6794b11c8de3170a5445d7a00005d7a000013ff4255544e403800005a172d575a172d57
1534.168,45,e9071901120103c37dc6794b11c8de2d72a5445e7a00005e7a000013ff4255544e402800005a172d575a172d57
1534.21,45,e9071901120103c37dc6794b11c8de7f73a5445f7a00005f7a000013ff4255544e400800005a172d575a172d57
1534.293,45,e9071901120103c37dc6794b11c8de2776a544617a0000617a000013ff4255544e402800005a172d575a172d57
1534.42,45,e9071901120103c37dc6794b11c8de277aa544647a0000647a000013ff4255544e400800005a172d575a172d57
1534.506,45,e9071901120103c37dc6794b11c8dee17ca544667a0000667a000013ff4255544e402800005a172d575a172d57
1534.615,45,e9071901120103c37dc6794b11c8de5480a544687a0000687a000013ff4255544e400800005a172d575a172d57
1534.726,45,e9071901120103c37dc6794b11c8ded483a5446b7a00006b7a000013ff4255544e402800005a172d575a172d57
1534.838,45,e9071901120103c37dc6794b11c8de6287a5446d7a00006d7a000013ff4255544e500800005a172d575a172d57
1534.883,45,e9071901120103c37dc6794b11c8ded388a5446f7a00006f7a000013ff4255544e100800005a172d575a172d57
1534.95,45,e9071901120103c37dc6794b11c8def98aa544707a0000707a000013ff4255544e102800005a172d575a172d57
1535.061,45,e9071901120103c37dc6794b11c8de8b8ea544727a0000727a000013ff4255544e100800005a172d575a172d57
1535.691,45,e9071901120103c37dc6794b11c8de99a2a544817a0000817a000013ff4255544e100000005a172d575a172d57
1535.893,45,e9071901120103c37dc6794b11c8de25a9a544867a0000867a000013ff4255544e104000005a172d575a172d57
1536.047,45,e9071901120103c37dc6794b11c8de23aea544897a0000897a000013ff4255544e100000005a172d575a172d57
1536.543,45,e9071901120103c37dc6794b11c8debdbda544937a0000937a000013ff4255544e500000005a172d575a172d57
1536.907,45,e9071901120103c37dc6794b11c8dea3c9a5449b7a00009b7a000013ff4255544e501000005a172d575a172d57
1536.929,45,e9071901120103c37dc6794b11c8de59caa5449c7a00009c7a000013ff4255544e500000005a172d575a172d57
1536.95,45,e9071901120103c37dc6794b11c8de0fcba5449c7a00009c7a000013ff4255544e501000005a172d575a172d57
1537.571,45,e9071901120103c37dc6794b11c8decfdea544a97a0000a97a000013ff4255544e401000005a172d575a172d57
1537.772,45,e9071901120103c37dc6794b11c8de4de5a544ad7a0000ad7a000013ff4255544e405000005a172d575a172d57
1537.88,45,e9071901120103c37dc6794b11c8ded9e8a544b17a0000b17a000013ff4255544e005000005a172d575a172d57
1537.902,45,e9071901120103c37dc6794b11c8de8be9a544b17a0000b17a000013ff4255544e001000005a172d575a172d57
1538.07,45,e9071901120103c37dc6794b11c8de02efa544b47a0000b47a000013ff4255544e401000005a172d575a172d57
1538.091,45,e9071901120103c37dc6794b11c8deafefa544b57a0000b57a000013ff4255544e501000005a172d575a172d57
1538.111,45,e9071901120103c37dc6794b11c8de5af0a544b57a0000b57a000013ff4255544e401000005a172d575a172d57
1539.317,45,e9071901120103c37dc6794b11c8dec216a644d07a0000d07a000013ff4255544e405000005a172d575a172d57
1539.431,45,e9071901120103c37dc6794b11c8de4e1aa644d47a0000d47a000013ff4255544e401000005a172d575a172d57
1540.687,45,e9071901120103c37dc6794b11c8de6b42a644f07a0000f07a000013ff4255544e401200005a172d575a172d57
1540.782,45,e9071901120103c37dc6794b11c8de7245a644f27a0000f27a000013ff4255544e401000005a172d575a172d57
1541.038,45,e9071901120103c37dc6794b11c8deb54da644f77a0000f77a000013ff4255544e405000005a172d575a172d57
1541.128,45,e9071901120103c37dc6794b11c8dea250a644f97a0000f97a000013ff4255544e401000005a172d575a172d57
1542.705,45,e9071901120103c37dc6794b11c8de9782a6441a7b00001a7b000013ff4255544e405000005a172d575a172d57
1542.833,45,e9071901120103c37dc6794b11c8dece86a6441d7b00001d7b000013ff4255544e401000005a172d575a172d57
1545.653,45,e9071901120103c37dc6794b11c8de8ae0a6445b7b00005b7b000013ff4255544e405000005a172d575a172d57
1545.763,45,e9071901120103c37dc6794b11c8de47e4a6445d7b00005d7b000013ff4255544e401000005a172d575a172d57
1545.82,45,e9071901120103c37dc6794b11c8de15e6a6445e7b00005e7b000013ff4255544e001000005a172d575a172d57
1546.069,45,e9071901120103c37dc6794b11c8de12eea644647b0000647b000013ff4255544e401000005a172d575a172d57
1548.105,45,e9071901120103c37dc6794b11c8de232fa744927b0000927b000013ff4348514630a354ea0200000000000000
1550.628,45,e9071901120103c37dc6794b11c8de2b80a744c87b0000c87b000013ff4255544e401200005a172d575a172d57
1550.733,45,e9071901120103c37dc6794b11c8de8083a744ca7b0000ca7b000013ff4255544e401000005a172d575a172d57
1550.866,45,e9071901120103c37dc6794b11c8deb687a744cd7b0000cd7b000013ff4255544e001000005a172d575a172d57
1550.926,45,e9071901120103c37dc6794b11c8de6f89a744000000000000000013ff53454e4428f144450100000000000000
1551.348,45,e907190112010300000000000000006f89a744000000000000000013ff4255544e000000005a172d575a172d57
1552.445,45,e907190112010300000000000000006f89a744000000000000000013ff4255544e000100005a172d575a172d57
1552.581,45,e907190112010300000000000000006f89a744000000000000000013ff4255544e000000005a172d575a172d57
